fid,bezirk,brw,nutzung,stichtag,anwert,verfahrensart,gfz,beitragszustand,lumnum,brwid,area_m2
0,Treptow-Köpenick,0.6,LF-F - Flächen der Land-o. Forstwirtschaft - forstwirtschaftliche Fläche,2026-01-01,,,,Beitragsfrei nach BauGB,,41034,25903144
1,Treptow-Köpenick,0.6,LF-F - Flächen der Land-o. Forstwirtschaft - forstwirtschaftliche Fläche,2026-01-01,,,,Beitragsfrei nach BauGB,,41015,19117945
2,Charlottenburg-Wilmersdorf,0.6,LF-F - Flächen der Land-o. Forstwirtschaft - forstwirtschaftliche Fläche,2026-01-01,,,,Beitragsfrei nach BauGB,,40952,18008455
3,Reinickendorf,0.6,LF-F - Flächen der Land-o. Forstwirtschaft - forstwirtschaftliche Fläche,2026-01-01,,,,Beitragsfrei nach BauGB,,40980,14482584
4,Steglitz-Zehlendorf,0.6,LF-F - Flächen der Land-o. Forstwirtschaft - forstwirtschaftliche Fläche,2026-01-01,,,,Beitragsfrei nach BauGB,,40947,14178081
5,Spandau,0.6,LF-F - Flächen der Land-o. Forstwirtschaft - forstwirtschaftliche Fläche,2026-01-01,,,,Beitragsfrei nach BauGB,,40960,11956557
6,Treptow-Köpenick,0.6,LF-F - Flächen der Land-o. Forstwirtschaft - forstwirtschaftliche Fläche,2026-01-01,,,,Beitragsfrei nach BauGB,,41047,8599143
7,Neukölln,570,W - Wohngebiet,2026-01-01,,,0.4,Beitragsfrei nach BauGB,,1951,7947813
8,Pankow,0.6,LF-F - Flächen der Land-o. Forstwirtschaft - forstwirtschaftliche Fläche,2026-01-01,,,,Beitragsfrei nach BauGB,,40995,7619300
9,Marzahn-Hellersdorf,500,W - Wohngebiet,2026-01-01,,,1,Beitragsfrei nach BauGB,https://www.berlin.de/gutachterausschuss/marktinformationen/daten-zur-wertermittlung/artikel.174898.php,1360,7422942
10,Steglitz-Zehlendorf,0.6,LF-F - Flächen der Land-o. Forstwirtschaft - forstwirtschaftliche Fläche,2026-01-01,,,,Beitragsfrei nach BauGB,,40923,7156359
11,Treptow-Köpenick,0.6,LF-F - Flächen der Land-o. Forstwirtschaft - forstwirtschaftliche Fläche,2026-01-01,,,,Beitragsfrei nach BauGB,,41056,6652439
12,Reinickendorf,20,SF-SN - Sonstige Flächen - Sondernutzungsfläche,2026-01-01,,,,Beitragsfrei nach BauGB,,40409,5974774
13,Reinickendorf,300,W-EFH - Wohnbaufläche - Ein- und Zweifamilienhäuser,2026-01-01,,,,Beitragsfrei nach BauGB,,40415,5974774
14,Tempelhof-Schöneberg,15,SF-KGA - Sonstige Flächen - Kleingartenfläche,2026-01-01,,,,Beitragsfrei nach BauGB,,40003,5779636
15,Tempelhof-Schöneberg,20,SF-SN - Sonstige Flächen - Sondernutzungsfläche,2026-01-01,,,,Beitragsfrei nach BauGB,,40005,5779636
16,Tempelhof-Schöneberg,40,SF-SPO - Sonstige Flächen - Sportfläche,2026-01-01,,,,Beitragsfrei nach BauGB,,40006,5779636
17,Marzahn-Hellersdorf,490,W - Wohngebiet,2026-01-01,,,0.4,Beitragsfrei nach BauGB,,1824,5615108
18,Marzahn-Hellersdorf,500,W - Wohngebiet,2026-01-01,,,0.8,Beitragsfrei nach BauGB,https://www.berlin.de/gutachterausschuss/marktinformationen/daten-zur-wertermittlung/artikel.174898.php,2529,5615108
19,Pankow,3.8,LF-A - Flächen der Land-o. Forstwirtschaft - Acker,2026-01-01,,,,Beitragsfrei nach BauGB,,40872,5339547
20,Marzahn-Hellersdorf,20,SF-SN - Sonstige Flächen - Sondernutzungsfläche,2026-01-01,,,,Beitragsfrei nach BauGB,,40571,5275650
21,Marzahn-Hellersdorf,440,W - Wohngebiet,2026-01-01,,,0.4,Beitragsfrei nach BauGB,,1819,5266028
22,Marzahn-Hellersdorf,500,W - Wohngebiet,2026-01-01,,,0.8,Beitragsfrei nach BauGB,https://www.berlin.de/gutachterausschuss/marktinformationen/daten-zur-wertermittlung/artikel.174898.php,2528,5266028
23,Marzahn-Hellersdorf,500,W - Wohngebiet,2026-01-01,,,1,Beitragsfrei nach BauGB,https://www.berlin.de/gutachterausschuss/marktinformationen/daten-zur-wertermittlung/artikel.174898.php,1334,5130154
24,Pankow,3.8,LF-A - Flächen der Land-o. Forstwirtschaft - Acker,2026-01-01,,,,Beitragsfrei nach BauGB,,40889,4754946
25,Reinickendorf,710,W - Wohngebiet,2026-01-01,,,0.3,Beitragsfrei nach BauGB,,1967,4678760
26,Reinickendorf,630,W - Wohngebiet,2026-01-01,,,0.4,Beitragsfrei nach BauGB,,1972,4462964
27,Treptow-Köpenick,470,W - Wohngebiet,2026-01-01,,,0.4,Beitragsfrei nach BauGB,,1049,4346873
28,Reinickendorf,640,W - Wohngebiet,2026-01-01,,,0.4,Beitragsfrei nach BauGB,,1981,4319821
29,Tempelhof-Schöneberg,610,W - Wohngebiet,2026-01-01,,,0.4,Beitragsfrei nach BauGB,,2384,4319171
30,Reinickendorf,650,W - Wohngebiet,2026-01-01,,,1,Beitragsfrei nach BauGB,https://www.berlin.de/gutachterausschuss/marktinformationen/daten-zur-wertermittlung/artikel.174898.php,1465,4125921
31,Steglitz-Zehlendorf,0.6,LF-F - Flächen der Land-o. Forstwirtschaft - forstwirtschaftliche Fläche,2026-01-01,,,,Beitragsfrei nach BauGB,,40929,4079700
32,Pankow,480,W - Wohngebiet,2026-01-01,,,0.3,Beitragsfrei nach BauGB,,1548,4019188
33,Treptow-Köpenick,0.6,LF-F - Flächen der Land-o. Forstwirtschaft - forstwirtschaftliche Fläche,2026-01-01,,,,Beitragsfrei nach BauGB,,41011,3865562
34,Lichtenberg,500,W - Wohngebiet,2026-01-01,,,1,Beitragsfrei nach BauGB,https://www.berlin.de/gutachterausschuss/marktinformationen/daten-zur-wertermittlung/artikel.174898.php,1350,3849402
35,Treptow-Köpenick,390,W - Wohngebiet,2026-01-01,,,0.3,Beitragsfrei nach BauGB,,1174,3672094
36,Reinickendorf,0.6,LF-F - Flächen der Land-o. Forstwirtschaft - forstwirtschaftliche Fläche,2026-01-01,,,,Beitragsfrei nach BauGB,,40988,3604422
37,Marzahn-Hellersdorf,480,W - Wohngebiet,2026-01-01,,,0.4,Beitragsfrei nach BauGB,,2381,3573904
38,Neukölln,2200,W - Wohngebiet,2026-01-01,,,2.5,Beitragsfrei nach BauGB,https://www.berlin.de/gutachterausschuss/marktinformationen/daten-zur-wertermittlung/artikel.174898.php,1828,3464965
39,Steglitz-Zehlendorf,1500,W - Wohngebiet,2026-01-01,,,0.4,Beitragsfrei nach BauGB,,1628,3299157
40,Pankow,40,S-WO - Sonderbaufläche - Wochenendhäuser,2026-01-01,,,,Beitragsfrei nach BauGB,,40450,3291349
41,Pankow,220,W-EFH - Wohnbaufläche - Ein- und Zweifamilienhäuser,2026-01-01,,,,Beitragsfrei nach BauGB,,40451,3291349
42,Pankow,0.6,LF-F - Flächen der Land-o. Forstwirtschaft - forstwirtschaftliche Fläche,2026-01-01,,,,Beitragsfrei nach BauGB,,40993,3277481
43,Treptow-Köpenick,15,SF-KGA - Sonstige Flächen - Kleingartenfläche,2026-01-01,,,,Beitragsfrei nach BauGB,,40629,3263421
44,Treptow-Köpenick,40,S-WO - Sonderbaufläche - Wochenendhäuser,2026-01-01,,,,Beitragsfrei nach BauGB,,40632,3263421
45,Spandau,550,W - Wohngebiet,2026-01-01,,,0.3,Beitragsfrei nach BauGB,,1311,3236454
46,Marzahn-Hellersdorf,490,W - Wohngebiet,2026-01-01,,,0.4,Beitragsfrei nach BauGB,,2382,3139096
47,Pankow,1000,W - Wohngebiet,2026-01-01,,,1,Beitragsfrei nach BauGB,https://www.berlin.de/gutachterausschuss/marktinformationen/daten-zur-wertermittlung/artikel.174898.php,1547,3074756
48,Pankow,710,W - Wohngebiet,2026-01-01,,,0.4,Beitragsfrei nach BauGB,,1627,3074756
49,Spandau,0.6,LF-F - Flächen der Land-o. Forstwirtschaft - forstwirtschaftliche Fläche,2026-01-01,,,,Beitragsfrei nach BauGB,,40970,3061103
50,Spandau,3.8,LF-A - Flächen der Land-o. Forstwirtschaft - Acker,2026-01-01,,,,Beitragsfrei nach BauGB,,40857,3056801
51,Marzahn-Hellersdorf,530,W - Wohngebiet,2026-01-01,,,0.4,Beitragsfrei nach BauGB,,1764,3026811
52,Mitte,15,SF-FH - Sonstige Flächen - Friedhof,2026-01-01,,,,Beitragsfrei nach BauGB,,40851,3003921
53,Mitte,20,SF-SN - Sonstige Flächen - Sondernutzungsfläche,2026-01-01,,,,Beitragsfrei nach BauGB,,40852,3003921
54,Steglitz-Zehlendorf,1100,W - Wohngebiet,2026-01-01,,,0.6,Beitragsfrei nach BauGB,,1778,2995698
55,Treptow-Köpenick,20,SF-SN - Sonstige Flächen - Sondernutzungsfläche,2026-01-01,,,,Beitragsfrei nach BauGB,,40603,2984233
56,Treptow-Köpenick,400,S-FZT - Sonderbaufläche - Freizeit und Touristik,2026-01-01,,,,Beitragsfrei nach BauGB,,40606,2984233
57,Lichtenberg,3.8,LF-A - Flächen der Land-o. Forstwirtschaft - Acker,2026-01-01,,,,Beitragsfrei nach BauGB,,40528,2969609
58,Lichtenberg,15,SF-KGA - Sonstige Flächen - Kleingartenfläche,2026-01-01,,,,Beitragsfrei nach BauGB,,40529,2969607
59,Steglitz-Zehlendorf,2000,W - Wohngebiet,2026-01-01,,,2,Beitragsfrei nach BauGB,https://www.berlin.de/gutachterausschuss/marktinformationen/daten-zur-wertermittlung/artikel.174898.php,2399,2958159
60,Charlottenburg-Wilmersdorf,20,SF-SN - Sonstige Flächen - Sondernutzungsfläche,2026-01-01,,,,Beitragsfrei nach BauGB,,40131,2923264
61,Charlottenburg-Wilmersdorf,40,SF-SPO - Sonstige Flächen - Sportfläche,2026-01-01,,,,Beitragsfrei nach BauGB,,40132,2923264
62,Charlottenburg-Wilmersdorf,420,S-FZT - Sonderbaufläche - Freizeit und Touristik,2026-01-01,,,,Beitragsfrei nach BauGB,,40134,2923264
63,Spandau,450,G - Gewerbe,2026-01-01,,,,Beitragsfrei nach BauGB,,1476,2820418
64,Spandau,900,G - Gewerbe,2026-01-01,,,2,Beitragsfrei nach BauGB,https://www.berlin.de/gutachterausschuss/marktinformationen/daten-zur-wertermittlung/artikel.174898.php,2480,2820418
65,Neukölln,15,SF-KGA - Sonstige Flächen - Kleingartenfläche,2026-01-01,,,,Beitragsfrei nach BauGB,,40769,2803528
66,Neukölln,20,SF-SN - Sonstige Flächen - Sondernutzungsfläche,2026-01-01,,,,Beitragsfrei nach BauGB,,40771,2803528
67,Tempelhof-Schöneberg,600,W - Wohngebiet,2026-01-01,,,1,Beitragsfrei nach BauGB,https://www.berlin.de/gutachterausschuss/marktinformationen/daten-zur-wertermittlung/artikel.174898.php,1489,2785713
68,Treptow-Köpenick,360,W - Wohngebiet,2026-01-01,,,0.2,Beitragsfrei nach BauGB,,1375,2728557
69,Lichtenberg,850,W - Wohngebiet,2026-01-01,,,1,Beitragsfrei nach BauGB,https://www.berlin.de/gutachterausschuss/marktinformationen/daten-zur-wertermittlung/artikel.174898.php,1451,2662584
70,Lichtenberg,550,W - Wohngebiet,2026-01-01,,,0.4,Beitragsfrei nach BauGB,,2555,2662584
71,Mitte,40,SF-SN - Sonstige Flächen - Sondernutzungsfläche,2026-01-01,,,,Beitragsfrei nach BauGB,,40844,2621117
72,Mitte,20,SF-SN - Sonstige Flächen - Sondernutzungsfläche,2026-01-01,,,,Beitragsfrei nach BauGB,,40843,2621117
73,Neukölln,550,W - Wohngebiet,2026-01-01,,,1,Beitragsfrei nach BauGB,https://www.berlin.de/gutachterausschuss/marktinformationen/daten-zur-wertermittlung/artikel.174898.php,1202,2608355
74,Neukölln,570,W - Wohngebiet,2026-01-01,,,0.4,Beitragsfrei nach BauGB,,2539,2608355
75,Pankow,15,SF-KGA - Sonstige Flächen - Kleingartenfläche,2026-01-01,,,,Beitragsfrei nach BauGB,,41092,2604349
76,Pankow,20,SF-SN - Sonstige Flächen - Sondernutzungsfläche,2026-01-01,,,,Beitragsfrei nach BauGB,,41093,2604349
77,Mitte,1700,W - Wohngebiet,2026-01-01,,,2.5,Beitragsfrei nach BauGB,https://www.berlin.de/gutachterausschuss/marktinformationen/daten-zur-wertermittlung/artikel.174898.php,1832,2551763
78,Pankow,480,W - Wohngebiet,2026-01-01,,,0.3,Beitragsfrei nach BauGB,,1557,2480455
79,Pankow,3.8,LF-A - Flächen der Land-o. Forstwirtschaft - Acker,2026-01-01,,,,Beitragsfrei nach BauGB,,40874,2443522
80,Marzahn-Hellersdorf,530,W - Wohngebiet,2026-01-01,,,0.4,Beitragsfrei nach BauGB,,1726,2420163
81,Charlottenburg-Wilmersdorf,4000,W - Wohngebiet,2026-01-01,,,2.5,Beitragsfrei nach BauGB,https://www.berlin.de/gutachterausschuss/marktinformationen/daten-zur-wertermittlung/artikel.174898.php,1872,2420123
82,Marzahn-Hellersdorf,20,SF-SN - Sonstige Flächen - Sondernutzungsfläche,2026-01-01,,,,Beitragsfrei nach BauGB,,40590,2416977
83,Spandau,3.8,LF-A - Flächen der Land-o. Forstwirtschaft - Acker,2026-01-01,,,,Beitragsfrei nach BauGB,,40296,2311714
84,Spandau,20,SF-SN - Sonstige Flächen - Sondernutzungsfläche,2026-01-01,,,,Beitragsfrei nach BauGB,,40297,2311714
85,Spandau,15,LF-EGA - Flächen der Land-o. Forstwirtschaft - Erwerbsgartenbaufläche,2026-01-01,,,,Beitragsfrei nach BauGB,,40298,2311714
86,Steglitz-Zehlendorf,950,W - Wohngebiet,2026-01-01,,,0.6,Beitragsfrei nach BauGB,,1790,2305527
87,Treptow-Köpenick,0.6,LF-F - Flächen der Land-o. Forstwirtschaft - forstwirtschaftliche Fläche,2026-01-01,,,,Beitragsfrei nach BauGB,,40624,2303271
88,Lichtenberg,300,G - Gewerbe,2026-01-01,,,,Beitragsfrei nach BauGB,,2147,2289457
89,Tempelhof-Schöneberg,350,G - Gewerbe,2026-01-01,,,,Beitragsfrei nach BauGB,,1616,2284196
90,Spandau,3,LF-GR - Flächen der Land-o. Forstwirtschaft - Grünland,2026-01-01,,,,Beitragsfrei nach BauGB,,40906,2246985
91,Reinickendorf,550,W - Wohngebiet,2026-01-01,,,1,Beitragsfrei nach BauGB,https://www.berlin.de/gutachterausschuss/marktinformationen/daten-zur-wertermittlung/artikel.174898.php,1210,2229870
92,Steglitz-Zehlendorf,1000,W - Wohngebiet,2026-01-01,,,1,Beitragsfrei nach BauGB,https://www.berlin.de/gutachterausschuss/marktinformationen/daten-zur-wertermittlung/artikel.174898.php,1544,2214595
93,Steglitz-Zehlendorf,1200,W - Wohngebiet,2026-01-01,,,0.4,Beitragsfrei nach BauGB,,1653,2187462
94,Reinickendorf,15,SF-KGA - Sonstige Flächen - Kleingartenfläche,2026-01-01,,,,Beitragsfrei nach BauGB,,40355,2186726
95,Reinickendorf,20,SF-SN - Sonstige Flächen - Sondernutzungsfläche,2026-01-01,,,,Beitragsfrei nach BauGB,,40357,2186720
96,Tempelhof-Schöneberg,640,W - Wohngebiet,2026-01-01,,,0.4,Beitragsfrei nach BauGB,,1884,2165980
97,Steglitz-Zehlendorf,750,W - Wohngebiet,2026-01-01,,,0.4,Beitragsfrei nach BauGB,,1833,2141775
98,Treptow-Köpenick,0.6,LF-F - Flächen der Land-o. Forstwirtschaft - forstwirtschaftliche Fläche,2026-01-01,,,,Beitragsfrei nach BauGB,,41008,2104139
99,Reinickendorf,3.8,LF-A - Flächen der Land-o. Forstwirtschaft - Acker,2026-01-01,,,,Beitragsfrei nach BauGB,,40867,2093099
100,Steglitz-Zehlendorf,950,W - Wohngebiet,2026-01-01,,,0.6,Beitragsfrei nach BauGB,,1686,2073505
101,Marzahn-Hellersdorf,15,SF-KGA - Sonstige Flächen - Kleingartenfläche,2026-01-01,,,,Beitragsfrei nach BauGB,,40579,2042921
102,Marzahn-Hellersdorf,0.6,LF-F - Flächen der Land-o. Forstwirtschaft - forstwirtschaftliche Fläche,2026-01-01,,,,Beitragsfrei nach BauGB,,40581,2042921
103,Steglitz-Zehlendorf,1300,W - Wohngebiet,2026-01-01,,,0.4,Beitragsfrei nach BauGB,,2373,2038116
104,Reinickendorf,0.6,LF-F - Flächen der Land-o. Forstwirtschaft - forstwirtschaftliche Fläche,2026-01-01,,,,Beitragsfrei nach BauGB,,40976,2034433
105,Pankow,20,SF-SN - Sonstige Flächen - Sondernutzungsfläche,2026-01-01,,,,Beitragsfrei nach BauGB,,41097,2034261
106,Spandau,15,SF-KGA - Sonstige Flächen - Kleingartenfläche,2026-01-01,,,,Beitragsfrei nach BauGB,,40204,2017638
107,Spandau,15,SF-FH - Sonstige Flächen - Friedhof,2026-01-01,,,,Beitragsfrei nach BauGB,,40205,2017638
108,Steglitz-Zehlendorf,1400,W - Wohngebiet,2026-01-01,,,0.4,Beitragsfrei nach BauGB,,1613,2012339
109,Neukölln,15,SF-KGA - Sonstige Flächen - Kleingartenfläche,2026-01-01,,,,Beitragsfrei nach BauGB,,40749,1998170
110,Neukölln,20,SF-SN - Sonstige Flächen - Sondernutzungsfläche,2026-01-01,,,,Beitragsfrei nach BauGB,,40751,1998170
111,Steglitz-Zehlendorf,950,W - Wohngebiet,2026-01-01,,,0.4,Beitragsfrei nach BauGB,,1706,1997949
112,Tempelhof-Schöneberg,15,SF-KGA - Sonstige Flächen - Kleingartenfläche,2026-01-01,,,,Beitragsfrei nach BauGB,,40035,1984215
113,Tempelhof-Schöneberg,20,SF-SN - Sonstige Flächen - Sondernutzungsfläche,2026-01-01,,,,Beitragsfrei nach BauGB,,40036,1984215
114,Tempelhof-Schöneberg,300,G - Gewerbe,2026-01-01,,,,Beitragsfrei nach BauGB,,1634,1961647
115,Spandau,170,GB - Gemeinbedarf,2026-01-01,,,,Beitragsfrei nach BauGB,,2265,1951210
116,Spandau,3.8,LF-A - Flächen der Land-o. Forstwirtschaft - Acker,2026-01-01,,,,Beitragsfrei nach BauGB,,40252,1946349
117,Spandau,15,SF-KGA - Sonstige Flächen - Kleingartenfläche,2026-01-01,,,,Beitragsfrei nach BauGB,,40253,1946349
118,Spandau,20,SF-SN - Sonstige Flächen - Sondernutzungsfläche,2026-01-01,,,,Beitragsfrei nach BauGB,,40254,1946349
119,Marzahn-Hellersdorf,200,G - Gewerbe,2026-01-01,,,,Beitragsfrei nach BauGB,,2150,1931725
120,Tempelhof-Schöneberg,3400,W - Wohngebiet,2026-01-01,,,2,Beitragsfrei nach BauGB,https://www.berlin.de/gutachterausschuss/marktinformationen/daten-zur-wertermittlung/artikel.174898.php,1825,1922816
121,Lichtenberg,600,W - Wohngebiet,2026-01-01,,,1,Beitragsfrei nach BauGB,https://www.berlin.de/gutachterausschuss/marktinformationen/daten-zur-wertermittlung/artikel.174898.php,1461,1920904
122,Tempelhof-Schöneberg,640,W - Wohngebiet,2026-01-01,,,0.4,Beitragsfrei nach BauGB,,2511,1916125
123,Neukölln,20,SF-SN - Sonstige Flächen - Sondernutzungsfläche,2026-01-01,,,,Beitragsfrei nach BauGB,,40745,1884810
124,Neukölln,40,SF-SPO - Sonstige Flächen - Sportfläche,2026-01-01,,,,Beitragsfrei nach BauGB,,40746,1884810
125,Tempelhof-Schöneberg,1400,W - Wohngebiet,2026-01-01,,,2,Beitragsfrei nach BauGB,https://www.berlin.de/gutachterausschuss/marktinformationen/daten-zur-wertermittlung/artikel.174898.php,1767,1883038
126,Treptow-Köpenick,15,SF-KGA - Sonstige Flächen - Kleingartenfläche,2026-01-01,,,,Beitragsfrei nach BauGB,,40641,1807388
127,Treptow-Köpenick,40,S-WO - Sonderbaufläche - Wochenendhäuser,2026-01-01,,,,Beitragsfrei nach BauGB,,40644,1807388
128,Treptow-Köpenick,15,SF-KGA - Sonstige Flächen - Kleingartenfläche,2026-01-01,,,,Beitragsfrei nach BauGB,,40597,1802588
129,Treptow-Köpenick,20,SF-SN - Sonstige Flächen - Sondernutzungsfläche,2026-01-01,,,,Beitragsfrei nach BauGB,,40598,1802588
130,Pankow,600,W - Wohngebiet,2026-01-01,,,1,Beitragsfrei nach BauGB,https://www.berlin.de/gutachterausschuss/marktinformationen/daten-zur-wertermittlung/artikel.174898.php,1407,1798917
131,Pankow,480,W - Wohngebiet,2026-01-01,,,0.4,Beitragsfrei nach BauGB,,1674,1798917
132,Tempelhof-Schöneberg,640,W - Wohngebiet,2026-01-01,,,0.4,Beitragsfrei nach BauGB,,2512,1790375
133,Friedrichshain-Kreuzberg,2400,W - Wohngebiet,2026-01-01,,,2,Beitragsfrei nach BauGB,https://www.berlin.de/gutachterausschuss/marktinformationen/daten-zur-wertermittlung/artikel.174898.php,1596,1757005
134,Lichtenberg,15,SF-KGA - Sonstige Flächen - Kleingartenfläche,2026-01-01,,,,Beitragsfrei nach BauGB,,40538,1744701
135,Lichtenberg,20,SF-SN - Sonstige Flächen - Sondernutzungsfläche,2026-01-01,,,,Beitragsfrei nach BauGB,,40539,1744701
136,Friedrichshain-Kreuzberg,3000,W - Wohngebiet,2026-01-01,,,2.5,Beitragsfrei nach BauGB,https://www.berlin.de/gutachterausschuss/marktinformationen/daten-zur-wertermittlung/artikel.174898.php,1840,1733497
137,Friedrichshain-Kreuzberg,3000,M2 - Mischgebiet,2026-01-01,,,2.5,Beitragsfrei nach BauGB,https://www.berlin.de/gutachterausschuss/marktinformationen/daten-zur-wertermittlung/artikel.174898.php,2522,1733497
138,Steglitz-Zehlendorf,850,W - Wohngebiet,2026-01-01,,,0.6,Beitragsfrei nach BauGB,,1804,1729997
139,Friedrichshain-Kreuzberg,4500,W - Wohngebiet,2026-01-01,,,2.5,Beitragsfrei nach BauGB,https://www.berlin.de/gutachterausschuss/marktinformationen/daten-zur-wertermittlung/artikel.174898.php,2294,1724988
140,Steglitz-Zehlendorf,0.6,LF-F - Flächen der Land-o. Forstwirtschaft - forstwirtschaftliche Fläche,2026-01-01,,,,Beitragsfrei nach BauGB,,40050,1719717
141,Steglitz-Zehlendorf,20,SF-SN - Sonstige Flächen - Sondernutzungsfläche,2026-01-01,,,,Beitragsfrei nach BauGB,,40051,1719717
142,Pankow,550,W - Wohngebiet,2026-01-01,,,0.8,Beitragsfrei nach BauGB,https://www.berlin.de/gutachterausschuss/marktinformationen/daten-zur-wertermittlung/artikel.174898.php,1234,1719293
143,Pankow,480,W - Wohngebiet,2026-01-01,,,0.4,Beitragsfrei nach BauGB,,1659,1719293
144,Charlottenburg-Wilmersdorf,1600,W - Wohngebiet,2026-01-01,,,0.4,Beitragsfrei nach BauGB,,2558,1692946
145,Charlottenburg-Wilmersdorf,1500,W - Wohngebiet,2026-01-01,,,1,Beitragsfrei nach BauGB,https://www.berlin.de/gutachterausschuss/marktinformationen/daten-zur-wertermittlung/artikel.174898.php,1588,1692943
146,Reinickendorf,300,G - Gewerbe,2026-01-01,,,,Beitragsfrei nach BauGB,,1430,1682556
147,Treptow-Köpenick,490,W - Wohngebiet,2026-01-01,,,0.3,Beitragsfrei nach BauGB,,1250,1672436
148,Steglitz-Zehlendorf,1700,W - Wohngebiet,2026-01-01,,,0.4,Beitragsfrei nach BauGB,,1615,1660931
149,Neukölln,15,SF-KGA - Sonstige Flächen - Kleingartenfläche,2026-01-01,,,,Beitragsfrei nach BauGB,,40759,1651648
150,Neukölln,40,S-WO - Sonderbaufläche - Wochenendhäuser,2026-01-01,,,,Beitragsfrei nach BauGB,,40763,1651643
151,Reinickendorf,620,W - Wohngebiet,2026-01-01,,,0.4,Beitragsfrei nach BauGB,,1985,1649518
152,Charlottenburg-Wilmersdorf,20,SF-SN - Sonstige Flächen - Sondernutzungsfläche,2026-01-01,,,,Beitragsfrei nach BauGB,,40110,1621674
153,Charlottenburg-Wilmersdorf,20,SF-SN - Sonstige Flächen - Sondernutzungsfläche,2026-01-01,,,,Beitragsfrei nach BauGB,,40161,1619666
154,Charlottenburg-Wilmersdorf,40,SF-SPO - Sonstige Flächen - Sportfläche,2026-01-01,,,,Beitragsfrei nach BauGB,,40162,1619666
155,Pankow,2000,W - Wohngebiet,2026-01-01,,,2,Beitragsfrei nach BauGB,https://www.berlin.de/gutachterausschuss/marktinformationen/daten-zur-wertermittlung/artikel.174898.php,1739,1618033
156,Pankow,490,W - Wohngebiet,2026-01-01,,,0.4,Beitragsfrei nach BauGB,,2564,1618033
157,Charlottenburg-Wilmersdorf,15,SF-KGA - Sonstige Flächen - Kleingartenfläche,2026-01-01,,,,Beitragsfrei nach BauGB,,40157,1607236
158,Charlottenburg-Wilmersdorf,80,S-WO - Sonderbaufläche - Wochenendhäuser,2026-01-01,,,,Beitragsfrei nach BauGB,,40160,1607236
159,Charlottenburg-Wilmersdorf,2700,W - Wohngebiet,2026-01-01,,,0.4,Beitragsfrei nach BauGB,,2072,1599024
160,Reinickendorf,490,W - Wohngebiet,2026-01-01,,,0.4,Beitragsfrei nach BauGB,,2008,1574519
161,Lichtenberg,800,W - Wohngebiet,2026-01-01,,,1.3,Beitragsfrei nach BauGB,https://www.berlin.de/gutachterausschuss/marktinformationen/daten-zur-wertermittlung/artikel.174898.php,1035,1570300
162,Treptow-Köpenick,0.6,LF-F - Flächen der Land-o. Forstwirtschaft - forstwirtschaftliche Fläche,2026-01-01,,,,Beitragsfrei nach BauGB,,40678,1543098
163,Treptow-Köpenick,80,S-WO - Sonderbaufläche - Wochenendhäuser,2026-01-01,,,,Beitragsfrei nach BauGB,,40680,1543098
164,Pankow,630,W - Wohngebiet,2026-01-01,,,0.6,Beitragsfrei nach BauGB,,1599,1457938
165,Treptow-Köpenick,490,W - Wohngebiet,2026-01-01,,,0.4,Beitragsfrei nach BauGB,,1293,1456130
166,Charlottenburg-Wilmersdorf,5000,W - Wohngebiet,2026-01-01,,,2.5,Beitragsfrei nach BauGB,https://www.berlin.de/gutachterausschuss/marktinformationen/daten-zur-wertermittlung/artikel.174898.php,1883,1442124
167,Spandau,440,W - Wohngebiet,2026-01-01,,,0.4,Beitragsfrei nach BauGB,,1539,1438182
168,Lichtenberg,40,SF-SN - Sonstige Flächen - Sondernutzungsfläche,2026-01-01,,,,Beitragsfrei nach BauGB,,40513,1431650
169,Reinickendorf,700,W - Wohngebiet,2026-01-01,,,1,Beitragsfrei nach BauGB,https://www.berlin.de/gutachterausschuss/marktinformationen/daten-zur-wertermittlung/artikel.174898.php,1428,1419789
170,Reinickendorf,380,W - Wohngebiet,2026-01-01,,,0.4,Beitragsfrei nach BauGB,,2544,1419788
171,Pankow,3.8,LF-A - Flächen der Land-o. Forstwirtschaft - Acker,2026-01-01,,,,Beitragsfrei nach BauGB,,40438,1415421
172,Pankow,0.6,LF-F - Flächen der Land-o. Forstwirtschaft - forstwirtschaftliche Fläche,2026-01-01,,,,Beitragsfrei nach BauGB,,40442,1415421
173,Pankow,160,G - Gewerbliche Baufläche,2026-01-01,,,,Beitragsfrei nach BauGB,,40443,1415421
174,Pankow,15,SF-KGA - Sonstige Flächen - Kleingartenfläche,2026-01-01,,,,Beitragsfrei nach BauGB,,41087,1413256
175,Pankow,40,S-WO - Sonderbaufläche - Wochenendhäuser,2026-01-01,,,,Beitragsfrei nach BauGB,,41088,1413256
176,Charlottenburg-Wilmersdorf,15,SF-KGA - Sonstige Flächen - Kleingartenfläche,2026-01-01,,,,Beitragsfrei nach BauGB,,40144,1376086
177,Charlottenburg-Wilmersdorf,15,SF-FH - Sonstige Flächen - Friedhof,2026-01-01,,,,Beitragsfrei nach BauGB,,40145,1376086
178,Charlottenburg-Wilmersdorf,20,SF-SN - Sonstige Flächen - Sondernutzungsfläche,2026-01-01,,,,Beitragsfrei nach BauGB,,40146,1376086
179,Spandau,0.6,LF-F - Flächen der Land-o. Forstwirtschaft - forstwirtschaftliche Fläche,2026-01-01,,,,Beitragsfrei nach BauGB,,40168,1375578
180,Spandau,80,S-WO - Sonderbaufläche - Wochenendhäuser,2026-01-01,,,,Beitragsfrei nach BauGB,,40170,1375578
181,Charlottenburg-Wilmersdorf,650,W - Wohngebiet,2026-01-01,,,1,Beitragsfrei nach BauGB,https://www.berlin.de/gutachterausschuss/marktinformationen/daten-zur-wertermittlung/artikel.174898.php,1499,1347960
182,Treptow-Köpenick,460,W - Wohngebiet,2026-01-01,,,0.3,Beitragsfrei nach BauGB,,2440,1325913
183,Lichtenberg,3,LF-GR - Flächen der Land-o. Forstwirtschaft - Grünland,2026-01-01,,,,Beitragsfrei nach BauGB,,40916,1322095
184,Steglitz-Zehlendorf,600,GB - Gemeinbedarf,2026-01-01,,,,Beitragsfrei nach BauGB,,2267,1321012
185,Treptow-Köpenick,440,W - Wohngebiet,2026-01-01,,,0.3,Beitragsfrei nach BauGB,,2441,1320577
186,Steglitz-Zehlendorf,20,SF-SN - Sonstige Flächen - Sondernutzungsfläche,2026-01-01,,,,Beitragsfrei nach BauGB,,40105,1319304
187,Pankow,3.8,LF-A - Flächen der Land-o. Forstwirtschaft - Acker,2026-01-01,,,,Beitragsfrei nach BauGB,,40871,1304607
188,Mitte,5000,W - Wohngebiet,2026-01-01,,,2.5,Beitragsfrei nach BauGB,https://www.berlin.de/gutachterausschuss/marktinformationen/daten-zur-wertermittlung/artikel.174898.php,2235,1303974
189,Pankow,20,SF-SN - Sonstige Flächen - Sondernutzungsfläche,2026-01-01,,,,Beitragsfrei nach BauGB,,40463,1303386
190,Marzahn-Hellersdorf,350,G - Gewerbe,2026-01-01,,,,Beitragsfrei nach BauGB,,2425,1300764
191,Charlottenburg-Wilmersdorf,15,SF-KGA - Sonstige Flächen - Kleingartenfläche,2026-01-01,,,,Beitragsfrei nach BauGB,,40150,1291047
192,Charlottenburg-Wilmersdorf,20,SF-SN - Sonstige Flächen - Sondernutzungsfläche,2026-01-01,,,,Beitragsfrei nach BauGB,,40151,1291047
193,Charlottenburg-Wilmersdorf,450,G - Gewerbliche Baufläche,2026-01-01,,,,Beitragsfrei nach BauGB,,40152,1291047
194,Steglitz-Zehlendorf,20,SF-SN - Sonstige Flächen - Sondernutzungsfläche,2026-01-01,,,,Beitragsfrei nach BauGB,,40047,1269400
195,Steglitz-Zehlendorf,15,SF-KGA - Sonstige Flächen - Kleingartenfläche,2026-01-01,,,,Beitragsfrei nach BauGB,,40059,1264465
196,Steglitz-Zehlendorf,15,SF-FH - Sonstige Flächen - Friedhof,2026-01-01,,,,Beitragsfrei nach BauGB,,40060,1264465
197,Marzahn-Hellersdorf,500,W - Wohngebiet,2026-01-01,,,1,Beitragsfrei nach BauGB,https://www.berlin.de/gutachterausschuss/marktinformationen/daten-zur-wertermittlung/artikel.174898.php,1349,1253578
198,Pankow,3.8,LF-A - Flächen der Land-o. Forstwirtschaft - Acker,2026-01-01,,,,Beitragsfrei nach BauGB,,40877,1250402
199,Pankow,1900,W - Wohngebiet,2026-01-01,,,1.5,Beitragsfrei nach BauGB,https://www.berlin.de/gutachterausschuss/marktinformationen/daten-zur-wertermittlung/artikel.174898.php,1688,1237643
200,Mitte,9500,M1 - Kerngebiet,2026-01-01,,,4.5,Beitragsfrei nach BauGB,https://www.berlin.de/gutachterausschuss/marktinformationen/daten-zur-wertermittlung/artikel.174898.php,1132,1227357
201,Mitte,600,W - Wohngebiet,2026-01-01,,,1,Beitragsfrei nach BauGB,https://www.berlin.de/gutachterausschuss/marktinformationen/daten-zur-wertermittlung/artikel.174898.php,2278,1215126
202,Mitte,450,W - Wohngebiet,2026-01-01,,,0.6,Beitragsfrei nach BauGB,,2545,1215126
203,Lichtenberg,450,G - Gewerbe,2026-01-01,,,,Beitragsfrei nach BauGB,,2194,1211936
204,Lichtenberg,800,G - Gewerbe,2026-01-01,,,2,Beitragsfrei nach BauGB,https://www.berlin.de/gutachterausschuss/marktinformationen/daten-zur-wertermittlung/artikel.174898.php,2479,1211936
205,Treptow-Köpenick,0.6,LF-F - Flächen der Land-o. Forstwirtschaft - forstwirtschaftliche Fläche,2026-01-01,,,,Beitragsfrei nach BauGB,,41021,1204303
206,Lichtenberg,850,W - Wohngebiet,2026-01-01,,,1.5,Beitragsfrei nach BauGB,https://www.berlin.de/gutachterausschuss/marktinformationen/daten-zur-wertermittlung/artikel.174898.php,2288,1202969
207,Lichtenberg,15,SF-KGA - Sonstige Flächen - Kleingartenfläche,2026-01-01,,,,Beitragsfrei nach BauGB,,40515,1178629
208,Pankow,5000,W - Wohngebiet,2026-01-01,,,2.5,Beitragsfrei nach BauGB,https://www.berlin.de/gutachterausschuss/marktinformationen/daten-zur-wertermittlung/artikel.174898.php,1787,1171293
209,Neukölln,1400,W - Wohngebiet,2026-01-01,,,2,Beitragsfrei nach BauGB,https://www.berlin.de/gutachterausschuss/marktinformationen/daten-zur-wertermittlung/artikel.174898.php,1703,1163182
210,Treptow-Köpenick,600,W - Wohngebiet,2026-01-01,,,1,Beitragsfrei nach BauGB,https://www.berlin.de/gutachterausschuss/marktinformationen/daten-zur-wertermittlung/artikel.174898.php,1399,1162865
211,Treptow-Köpenick,680,W - Wohngebiet,2026-01-01,,,0.6,Beitragsfrei nach BauGB,,2303,1162865
212,Spandau,500,W - Wohngebiet,2026-01-01,,,1,Beitragsfrei nach BauGB,https://www.berlin.de/gutachterausschuss/marktinformationen/daten-zur-wertermittlung/artikel.174898.php,1160,1143737
213,Lichtenberg,350,G - Gewerbe,2026-01-01,,,,Beitragsfrei nach BauGB,,1468,1137354
214,Spandau,1000,W - Wohngebiet,2026-01-01,,,2,Beitragsfrei nach BauGB,https://www.berlin.de/gutachterausschuss/marktinformationen/daten-zur-wertermittlung/artikel.174898.php,1713,1133115
215,Mitte,2400,W - Wohngebiet,2026-01-01,,,2,Beitragsfrei nach BauGB,https://www.berlin.de/gutachterausschuss/marktinformationen/daten-zur-wertermittlung/artikel.174898.php,1782,1131641
216,Tempelhof-Schöneberg,15,SF-KGA - Sonstige Flächen - Kleingartenfläche,2026-01-01,,,,Beitragsfrei nach BauGB,,40028,1129252
217,Tempelhof-Schöneberg,15,SF-FH - Sonstige Flächen - Friedhof,2026-01-01,,,,Beitragsfrei nach BauGB,,40029,1129252
218,Friedrichshain-Kreuzberg,4000,M1 - Kerngebiet,2026-01-01,,,3,Beitragsfrei nach BauGB,https://www.berlin.de/gutachterausschuss/marktinformationen/daten-zur-wertermittlung/artikel.174898.php,1376,1128684
219,Friedrichshain-Kreuzberg,2700,W - Wohngebiet,2026-01-01,,,2,Beitragsfrei nach BauGB,https://www.berlin.de/gutachterausschuss/marktinformationen/daten-zur-wertermittlung/artikel.174898.php,1776,1128684
220,Tempelhof-Schöneberg,350,G - Gewerbe,2026-01-01,,,,Beitragsfrei nach BauGB,,1667,1124555
221,Treptow-Köpenick,900,W - Wohngebiet,2026-01-01,,,1.5,Beitragsfrei nach BauGB,https://www.berlin.de/gutachterausschuss/marktinformationen/daten-zur-wertermittlung/artikel.174898.php,1644,1117671
222,Treptow-Köpenick,460,W - Wohngebiet,2026-01-01,,,0.4,Beitragsfrei nach BauGB,,2561,1117671
223,Spandau,20,SF-SN - Sonstige Flächen - Sondernutzungsfläche,2026-01-01,,,,Beitragsfrei nach BauGB,,40198,1114041
224,Treptow-Köpenick,900,G - Gewerbe,2026-01-01,N,Entw,1.6,Beitragsfrei nach BauGB,,2115,1112211
225,Treptow-Köpenick,600,G - Gewerbe,2026-01-01,N,Entw,,Beitragsfrei nach BauGB,,2116,1112211
226,Neukölln,550,W - Wohngebiet,2026-01-01,,,0.4,Beitragsfrei nach BauGB,,2301,1096165
227,Neukölln,350,G - Gewerbe,2026-01-01,,,,Beitragsfrei nach BauGB,,1567,1095029
228,Charlottenburg-Wilmersdorf,4500,W - Wohngebiet,2026-01-01,,,2.5,Beitragsfrei nach BauGB,https://www.berlin.de/gutachterausschuss/marktinformationen/daten-zur-wertermittlung/artikel.174898.php,2499,1089170
229,Treptow-Köpenick,15,SF-KGA - Sonstige Flächen - Kleingartenfläche,2026-01-01,,,,Beitragsfrei nach BauGB,,40714,1088287
230,Treptow-Köpenick,20,SF-SN - Sonstige Flächen - Sondernutzungsfläche,2026-01-01,,,,Beitragsfrei nach BauGB,,40715,1088287
231,Tempelhof-Schöneberg,3800,W - Wohngebiet,2026-01-01,,,2.5,Beitragsfrei nach BauGB,https://www.berlin.de/gutachterausschuss/marktinformationen/daten-zur-wertermittlung/artikel.174898.php,2508,1078740
232,Reinickendorf,430,W - Wohngebiet,2026-01-01,,,0.4,Beitragsfrei nach BauGB,,1997,1075939
233,Friedrichshain-Kreuzberg,2400,W - Wohngebiet,2026-01-01,,,2,Beitragsfrei nach BauGB,https://www.berlin.de/gutachterausschuss/marktinformationen/daten-zur-wertermittlung/artikel.174898.php,2293,1069246
234,Pankow,350,G - Gewerbe,2026-01-01,,,,Beitragsfrei nach BauGB,,1896,1065908
235,Steglitz-Zehlendorf,2700,W - Wohngebiet,2026-01-01,,,0.4,Beitragsfrei nach BauGB,,2078,1060214
236,Spandau,370,W - Wohngebiet,2026-01-01,,,0.4,Beitragsfrei nach BauGB,,1453,1060153
237,Mitte,1400,W - Wohngebiet,2026-01-01,,,2,Beitragsfrei nach BauGB,https://www.berlin.de/gutachterausschuss/marktinformationen/daten-zur-wertermittlung/artikel.174898.php,2521,1040511
238,Pankow,650,W - Wohngebiet,2026-01-01,,,1,Beitragsfrei nach BauGB,https://www.berlin.de/gutachterausschuss/marktinformationen/daten-zur-wertermittlung/artikel.174898.php,1541,1037398
239,Pankow,590,W - Wohngebiet,2026-01-01,,,0.4,Beitragsfrei nach BauGB,,1618,1037398
240,Treptow-Köpenick,850,W - Wohngebiet,2026-01-01,,,1.5,Beitragsfrei nach BauGB,https://www.berlin.de/gutachterausschuss/marktinformationen/daten-zur-wertermittlung/artikel.174898.php,1638,1034398
241,Treptow-Köpenick,470,W - Wohngebiet,2026-01-01,,,0.4,Beitragsfrei nach BauGB,,2560,1034398
242,Treptow-Köpenick,500,W - Wohngebiet,2026-01-01,,,0.7,Beitragsfrei nach BauGB,,1086,1032598
243,Treptow-Köpenick,490,W - Wohngebiet,2026-01-01,,,0.4,Beitragsfrei nach BauGB,,2532,1032598
244,Mitte,2100,W - Wohngebiet,2026-01-01,,,2.5,Beitragsfrei nach BauGB,https://www.berlin.de/gutachterausschuss/marktinformationen/daten-zur-wertermittlung/artikel.174898.php,1849,1032316
245,Lichtenberg,3.8,LF-A - Flächen der Land-o. Forstwirtschaft - Acker,2026-01-01,,,,Beitragsfrei nach BauGB,,40892,1030132
246,Reinickendorf,650,W - Wohngebiet,2026-01-01,,,1,Beitragsfrei nach BauGB,https://www.berlin.de/gutachterausschuss/marktinformationen/daten-zur-wertermittlung/artikel.174898.php,1464,1018978
247,Treptow-Köpenick,500,W - Wohngebiet,2026-01-01,,,0.8,Beitragsfrei nach BauGB,https://www.berlin.de/gutachterausschuss/marktinformationen/daten-zur-wertermittlung/artikel.174898.php,1196,1017569
248,Treptow-Köpenick,410,W - Wohngebiet,2026-01-01,,,0.3,Beitragsfrei nach BauGB,,2534,1017569
249,Spandau,600,W - Wohngebiet,2026-01-01,,,0.4,Beitragsfrei nach BauGB,,1265,1004887
250,Reinickendorf,300,G - Gewerbe,2026-01-01,,,,Beitragsfrei nach BauGB,,1439,1000622
251,Spandau,1200,W - Wohngebiet,2026-01-01,,,2,Beitragsfrei nach BauGB,https://www.berlin.de/gutachterausschuss/marktinformationen/daten-zur-wertermittlung/artikel.174898.php,1714,997370
252,Tempelhof-Schöneberg,3000,W - Wohngebiet,2026-01-01,,,2.5,Beitragsfrei nach BauGB,https://www.berlin.de/gutachterausschuss/marktinformationen/daten-zur-wertermittlung/artikel.174898.php,2510,988448
253,Neukölln,450,G - Gewerbe,2026-01-01,,,,Beitragsfrei nach BauGB,,2164,979470
254,Neukölln,1000,G - Gewerbe,2026-01-01,,,2,Beitragsfrei nach BauGB,https://www.berlin.de/gutachterausschuss/marktinformationen/daten-zur-wertermittlung/artikel.174898.php,2478,979470
255,Mitte,5000,M1 - Kerngebiet,2026-01-01,,,4.5,Beitragsfrei nach BauGB,https://www.berlin.de/gutachterausschuss/marktinformationen/daten-zur-wertermittlung/artikel.174898.php,1053,972948
256,Mitte,3500,W - Wohngebiet,2026-01-01,,,2.5,Beitragsfrei nach BauGB,https://www.berlin.de/gutachterausschuss/marktinformationen/daten-zur-wertermittlung/artikel.174898.php,1867,972948
257,Pankow,15,SF-KGA - Sonstige Flächen - Kleingartenfläche,2026-01-01,,,,Beitragsfrei nach BauGB,,40496,968853
258,Pankow,15,SF-FH - Sonstige Flächen - Friedhof,2026-01-01,,,,Beitragsfrei nach BauGB,,40497,968853
259,Pankow,20,SF-SN - Sonstige Flächen - Sondernutzungsfläche,2026-01-01,,,,Beitragsfrei nach BauGB,,40498,968853
260,Spandau,300,G - Gewerbe,2026-01-01,,,,Beitragsfrei nach BauGB,,1484,966920
261,Treptow-Köpenick,0.6,LF-F - Flächen der Land-o. Forstwirtschaft - forstwirtschaftliche Fläche,2026-01-01,,,,Beitragsfrei nach BauGB,,40999,963949
262,Pankow,20,SF-SN - Sonstige Flächen - Sondernutzungsfläche,2026-01-01,,,,Beitragsfrei nach BauGB,,41096,954651
263,Mitte,7000,W - Wohngebiet,2026-01-01,,,2.5,Beitragsfrei nach BauGB,https://www.berlin.de/gutachterausschuss/marktinformationen/daten-zur-wertermittlung/artikel.174898.php,2222,952942
264,Reinickendorf,15,SF-KGA - Sonstige Flächen - Kleingartenfläche,2026-01-01,,,,Beitragsfrei nach BauGB,,40365,943720
265,Reinickendorf,20,SF-SN - Sonstige Flächen - Sondernutzungsfläche,2026-01-01,,,,Beitragsfrei nach BauGB,,40366,943720
266,Tempelhof-Schöneberg,700,W - Wohngebiet,2026-01-01,,,1,Beitragsfrei nach BauGB,https://www.berlin.de/gutachterausschuss/marktinformationen/daten-zur-wertermittlung/artikel.174898.php,1483,942711
267,Tempelhof-Schöneberg,680,W - Wohngebiet,2026-01-01,,,0.4,Beitragsfrei nach BauGB,,2546,942711
268,Charlottenburg-Wilmersdorf,15,SF-KGA - Sonstige Flächen - Kleingartenfläche,2026-01-01,,,,Beitragsfrei nach BauGB,,40116,941700
269,Charlottenburg-Wilmersdorf,15,SF-FH - Sonstige Flächen - Friedhof,2026-01-01,,,,Beitragsfrei nach BauGB,,40117,941700
270,Marzahn-Hellersdorf,250,G - Gewerbe,2026-01-01,,,,Beitragsfrei nach BauGB,,2149,932386
271,Mitte,170,GB - Gemeinbedarf,2026-01-01,,,,Beitragsfrei nach BauGB,,2250,925755
272,Pankow,700,W - Wohngebiet,2026-01-01,,,1,Beitragsfrei nach BauGB,https://www.berlin.de/gutachterausschuss/marktinformationen/daten-zur-wertermittlung/artikel.174898.php,1505,920133
273,Pankow,20,SF-SN - Sonstige Flächen - Sondernutzungsfläche,2026-01-01,,,,Beitragsfrei nach BauGB,,40433,919915
274,Pankow,40,SF-SPO - Sonstige Flächen - Sportfläche,2026-01-01,,,,Beitragsfrei nach BauGB,,40471,913943
275,Spandau,40,S-WO - Sonderbaufläche - Wochenendhäuser,2026-01-01,,,,Beitragsfrei nach BauGB,,40217,912656
276,Spandau,20,SF-SN - Sonstige Flächen - Sondernutzungsfläche,2026-01-01,,,,Beitragsfrei nach BauGB,,41074,912656
277,Pankow,500,W - Wohngebiet,2026-01-01,,,1,Beitragsfrei nach BauGB,https://www.berlin.de/gutachterausschuss/marktinformationen/daten-zur-wertermittlung/artikel.174898.php,1309,905405
278,Steglitz-Zehlendorf,900,W - Wohngebiet,2026-01-01,,,0.4,Beitragsfrei nach BauGB,,2091,897085
279,Steglitz-Zehlendorf,1300,W - Wohngebiet,2026-01-01,,,0.6,Beitragsfrei nach BauGB,,1658,896770
280,Neukölln,15,SF-KGA - Sonstige Flächen - Kleingartenfläche,2026-01-01,,,,Beitragsfrei nach BauGB,,40789,894348
281,Lichtenberg,3.8,LF-A - Flächen der Land-o. Forstwirtschaft - Acker,2026-01-01,,,,Beitragsfrei nach BauGB,,40880,893699
282,Pankow,5000,W - Wohngebiet,2026-01-01,,,2.5,Beitragsfrei nach BauGB,https://www.berlin.de/gutachterausschuss/marktinformationen/daten-zur-wertermittlung/artikel.174898.php,2392,884899
283,Spandau,250,G - Gewerbe,2026-01-01,,,,Beitragsfrei nach BauGB,,1488,880624
284,Steglitz-Zehlendorf,2700,W - Wohngebiet,2026-01-01,,,2,Beitragsfrei nach BauGB,https://www.berlin.de/gutachterausschuss/marktinformationen/daten-zur-wertermittlung/artikel.174898.php,2398,876257
285,Treptow-Köpenick,0.6,LF-F - Flächen der Land-o. Forstwirtschaft - forstwirtschaftliche Fläche,2026-01-01,,,,Beitragsfrei nach BauGB,,41044,869742
286,Pankow,20,SF-SN - Sonstige Flächen - Sondernutzungsfläche,2026-01-01,,,,Beitragsfrei nach BauGB,,41091,865558
287,Friedrichshain-Kreuzberg,3500,W - Wohngebiet,2026-01-01,,,2.5,Beitragsfrei nach BauGB,https://www.berlin.de/gutachterausschuss/marktinformationen/daten-zur-wertermittlung/artikel.174898.php,2489,864376
288,Lichtenberg,15,SF-KGA - Sonstige Flächen - Kleingartenfläche,2026-01-01,,,,Beitragsfrei nach BauGB,,40558,859904
289,Lichtenberg,20,SF-SN - Sonstige Flächen - Sondernutzungsfläche,2026-01-01,,,,Beitragsfrei nach BauGB,,40559,859904
290,Charlottenburg-Wilmersdorf,2500,W - Wohngebiet,2026-01-01,,,2.5,Beitragsfrei nach BauGB,https://www.berlin.de/gutachterausschuss/marktinformationen/daten-zur-wertermittlung/artikel.174898.php,1862,855913
291,Charlottenburg-Wilmersdorf,3400,W - Wohngebiet,2026-01-01,,,2,Beitragsfrei nach BauGB,https://www.berlin.de/gutachterausschuss/marktinformationen/daten-zur-wertermittlung/artikel.174898.php,1813,854544
292,Lichtenberg,600,W - Wohngebiet,2026-01-01,,,1,Beitragsfrei nach BauGB,https://www.berlin.de/gutachterausschuss/marktinformationen/daten-zur-wertermittlung/artikel.174898.php,1478,849304
293,Tempelhof-Schöneberg,630,W - Wohngebiet,2026-01-01,,,0.4,Beitragsfrei nach BauGB,,1890,844363
294,Charlottenburg-Wilmersdorf,690,GB - Gemeinbedarf,2026-01-01,,,,Beitragsfrei nach BauGB,,2256,844136
295,Reinickendorf,520,W - Wohngebiet,2026-01-01,,,0.4,Beitragsfrei nach BauGB,,1989,843636
296,Pankow,500,W - Wohngebiet,2026-01-01,,,1,Beitragsfrei nach BauGB,https://www.berlin.de/gutachterausschuss/marktinformationen/daten-zur-wertermittlung/artikel.174898.php,2598,843402
297,Pankow,180,GB - Gemeinbedarf,2026-01-01,,,,Beitragsfrei nach BauGB,,2243,843402
298,Marzahn-Hellersdorf,300,G - Gewerbe,2026-01-01,,,,Beitragsfrei nach BauGB,,2151,843131
299,Treptow-Köpenick,350,G - Gewerbe,2026-01-01,,,,Beitragsfrei nach BauGB,,2284,840222
300,Mitte,1200,W - Wohngebiet,2026-01-01,,,2,Beitragsfrei nach BauGB,https://www.berlin.de/gutachterausschuss/marktinformationen/daten-zur-wertermittlung/artikel.174898.php,1756,838733
301,Reinickendorf,440,W - Wohngebiet,2026-01-01,,,0.6,Beitragsfrei nach BauGB,,1977,838255
302,Reinickendorf,600,W - Wohngebiet,2026-01-01,,,1,Beitragsfrei nach BauGB,https://www.berlin.de/gutachterausschuss/marktinformationen/daten-zur-wertermittlung/artikel.174898.php,2527,838255
303,Treptow-Köpenick,410,W - Wohngebiet,2026-01-01,,,0.3,Beitragsfrei nach BauGB,,2185,834109
304,Neukölln,600,W - Wohngebiet,2026-01-01,,,1,Beitragsfrei nach BauGB,https://www.berlin.de/gutachterausschuss/marktinformationen/daten-zur-wertermittlung/artikel.174898.php,1353,832689
305,Charlottenburg-Wilmersdorf,15,SF-KGA - Sonstige Flächen - Kleingartenfläche,2026-01-01,,,,Beitragsfrei nach BauGB,,40153,831329
306,Tempelhof-Schöneberg,1800,W - Wohngebiet,2026-01-01,,,2,Beitragsfrei nach BauGB,https://www.berlin.de/gutachterausschuss/marktinformationen/daten-zur-wertermittlung/artikel.174898.php,1795,829341
307,Pankow,1900,W - Wohngebiet,2026-01-01,,,1.5,Beitragsfrei nach BauGB,https://www.berlin.de/gutachterausschuss/marktinformationen/daten-zur-wertermittlung/artikel.174898.php,1675,828210
308,Steglitz-Zehlendorf,950,W - Wohngebiet,2026-01-01,,,0.6,Beitragsfrei nach BauGB,,1784,828096
309,Reinickendorf,450,W - Wohngebiet,2026-01-01,,,0.4,Beitragsfrei nach BauGB,,2011,823862
310,Treptow-Köpenick,600,W - Wohngebiet,2026-01-01,,,1,Beitragsfrei nach BauGB,https://www.berlin.de/gutachterausschuss/marktinformationen/daten-zur-wertermittlung/artikel.174898.php,1454,823342
311,Tempelhof-Schöneberg,4000,W - Wohngebiet,2026-01-01,,,2.5,Beitragsfrei nach BauGB,https://www.berlin.de/gutachterausschuss/marktinformationen/daten-zur-wertermittlung/artikel.174898.php,2506,821004
312,Steglitz-Zehlendorf,350,G - Gewerbe,2026-01-01,,,,Beitragsfrei nach BauGB,,1609,818918
313,Pankow,80,S-WO - Sonderbaufläche - Wochenendhäuser,2026-01-01,,,,Beitragsfrei nach BauGB,,40430,816900
314,Treptow-Köpenick,250,G - Gewerbe,2026-01-01,,,,Beitragsfrei nach BauGB,,1277,815580
315,Mitte,7500,M1 - Kerngebiet,2026-01-01,,,4.5,Beitragsfrei nach BauGB,https://www.berlin.de/gutachterausschuss/marktinformationen/daten-zur-wertermittlung/artikel.174898.php,1095,813673
316,Tempelhof-Schöneberg,15,SF-KGA - Sonstige Flächen - Kleingartenfläche,2026-01-01,,,,Beitragsfrei nach BauGB,,41075,811824
317,Spandau,600,W - Wohngebiet,2026-01-01,,,1,Beitragsfrei nach BauGB,https://www.berlin.de/gutachterausschuss/marktinformationen/daten-zur-wertermittlung/artikel.174898.php,1325,806389
318,Spandau,460,W - Wohngebiet,2026-01-01,,,0.6,Beitragsfrei nach BauGB,,2485,806389
319,Spandau,350,G - Gewerbe,2026-01-01,,,,Beitragsfrei nach BauGB,,1474,799073
320,Reinickendorf,15,SF-KGA - Sonstige Flächen - Kleingartenfläche,2026-01-01,,,,Beitragsfrei nach BauGB,,40333,788789
321,Reinickendorf,20,SF-SN - Sonstige Flächen - Sondernutzungsfläche,2026-01-01,,,,Beitragsfrei nach BauGB,,40334,788789
322,Reinickendorf,40,S-WO - Sonderbaufläche - Wochenendhäuser,2026-01-01,,,,Beitragsfrei nach BauGB,,40335,788789
323,Tempelhof-Schöneberg,350,G - Gewerbe,2026-01-01,,,,Beitragsfrei nach BauGB,,1677,781416
324,Steglitz-Zehlendorf,1400,W - Wohngebiet,2026-01-01,,,1,Beitragsfrei nach BauGB,https://www.berlin.de/gutachterausschuss/marktinformationen/daten-zur-wertermittlung/artikel.174898.php,1559,780739
325,Steglitz-Zehlendorf,1200,W - Wohngebiet,2026-01-01,,,0.4,Beitragsfrei nach BauGB,,2557,780739
326,Treptow-Köpenick,1200,G - Gewerbe,2026-01-01,,,1.6,Beitragsfrei nach BauGB,,2117,780236
327,Mitte,2100,W - Wohngebiet,2026-01-01,SU,San,2.5,Beitragsfrei nach BauGB,https://www.berlin.de/gutachterausschuss/marktinformationen/daten-zur-wertermittlung/artikel.174898.php,2323,779696
328,Spandau,650,W - Wohngebiet,2026-01-01,,,1.3,Beitragsfrei nach BauGB,https://www.berlin.de/gutachterausschuss/marktinformationen/daten-zur-wertermittlung/artikel.174898.php,1665,774300
329,Lichtenberg,1600,W - Wohngebiet,2026-01-01,,,2,Beitragsfrei nach BauGB,https://www.berlin.de/gutachterausschuss/marktinformationen/daten-zur-wertermittlung/artikel.174898.php,1740,770511
330,Lichtenberg,950,W - Wohngebiet,2026-01-01,,,1.5,Beitragsfrei nach BauGB,https://www.berlin.de/gutachterausschuss/marktinformationen/daten-zur-wertermittlung/artikel.174898.php,1661,770196
331,Reinickendorf,490,W - Wohngebiet,2026-01-01,,,0.4,Beitragsfrei nach BauGB,,1973,769162
332,Treptow-Köpenick,20,SF-SN - Sonstige Flächen - Sondernutzungsfläche,2026-01-01,,,,Beitragsfrei nach BauGB,,40636,768118
333,Treptow-Köpenick,280,G - Gewerbliche Baufläche,2026-01-01,,,,Beitragsfrei nach BauGB,,40639,768118
334,Friedrichshain-Kreuzberg,4000,W - Wohngebiet,2026-01-01,,,2.5,Beitragsfrei nach BauGB,https://www.berlin.de/gutachterausschuss/marktinformationen/daten-zur-wertermittlung/artikel.174898.php,2494,765168
335,Friedrichshain-Kreuzberg,3000,W - Wohngebiet,2026-01-01,,,2.5,Beitragsfrei nach BauGB,https://www.berlin.de/gutachterausschuss/marktinformationen/daten-zur-wertermittlung/artikel.174898.php,2492,764567
336,Charlottenburg-Wilmersdorf,4000,W - Wohngebiet,2026-01-01,,,2.5,Beitragsfrei nach BauGB,https://www.berlin.de/gutachterausschuss/marktinformationen/daten-zur-wertermittlung/artikel.174898.php,2501,760731
337,Spandau,160,GB - Gemeinbedarf,2026-01-01,,,,Beitragsfrei nach BauGB,,2246,760377
338,Steglitz-Zehlendorf,2400,W - Wohngebiet,2026-01-01,,,0.4,Beitragsfrei nach BauGB,,2438,756317
339,Pankow,3800,W - Wohngebiet,2026-01-01,,,2.5,Beitragsfrei nach BauGB,https://www.berlin.de/gutachterausschuss/marktinformationen/daten-zur-wertermittlung/artikel.174898.php,2310,755522
340,Friedrichshain-Kreuzberg,15,SF-FH - Sonstige Flächen - Friedhof,2026-01-01,,,,Beitragsfrei nach BauGB,,40800,754017
341,Friedrichshain-Kreuzberg,20,SF-SN - Sonstige Flächen - Sondernutzungsfläche,2026-01-01,,,,Beitragsfrei nach BauGB,,40801,754017
342,Charlottenburg-Wilmersdorf,3800,W - Wohngebiet,2026-01-01,,,2.5,Beitragsfrei nach BauGB,https://www.berlin.de/gutachterausschuss/marktinformationen/daten-zur-wertermittlung/artikel.174898.php,2502,753863
343,Pankow,1900,W - Wohngebiet,2026-01-01,SU,San,1.5,Beitragsfrei nach BauGB,https://www.berlin.de/gutachterausschuss/marktinformationen/daten-zur-wertermittlung/artikel.174898.php,2551,751248
344,Pankow,5500,W - Wohngebiet,2026-01-01,,,2.5,Beitragsfrei nach BauGB,https://www.berlin.de/gutachterausschuss/marktinformationen/daten-zur-wertermittlung/artikel.174898.php,1783,748359
345,Tempelhof-Schöneberg,15,SF-FH - Sonstige Flächen - Friedhof,2026-01-01,,,,Beitragsfrei nach BauGB,,40023,744748
346,Tempelhof-Schöneberg,20,SF-SN - Sonstige Flächen - Sondernutzungsfläche,2026-01-01,,,,Beitragsfrei nach BauGB,,40024,744748
347,Tempelhof-Schöneberg,40,SF-SPO - Sonstige Flächen - Sportfläche,2026-01-01,,,,Beitragsfrei nach BauGB,,40025,744748
348,Mitte,1700,W - Wohngebiet,2026-01-01,SU,San,2.5,Beitragsfrei nach BauGB,https://www.berlin.de/gutachterausschuss/marktinformationen/daten-zur-wertermittlung/artikel.174898.php,2320,744280
349,Neukölln,360,W - Wohngebiet,2026-01-01,,,0.1,Beitragsfrei nach BauGB,,1955,741194
350,Treptow-Köpenick,210,GB - Gemeinbedarf,2026-01-01,,,,Beitragsfrei nach BauGB,,2274,739922
351,Pankow,15,SF-KGA - Sonstige Flächen - Kleingartenfläche,2026-01-01,,,,Beitragsfrei nach BauGB,,41089,734732
352,Pankow,40,S-WO - Sonderbaufläche - Wochenendhäuser,2026-01-01,,,,Beitragsfrei nach BauGB,,41090,734732
353,Lichtenberg,850,W - Wohngebiet,2026-01-01,,,0.4,Beitragsfrei nach BauGB,,1429,731415
354,Treptow-Köpenick,440,W - Wohngebiet,2026-01-01,,,0.3,Beitragsfrei nach BauGB,,2439,724394
355,Reinickendorf,15,SF-KGA - Sonstige Flächen - Kleingartenfläche,2026-01-01,,,,Beitragsfrei nach BauGB,,40347,723368
356,Reinickendorf,15,SF-FH - Sonstige Flächen - Friedhof,2026-01-01,,,,Beitragsfrei nach BauGB,,40348,723368
357,Reinickendorf,40,SF-SPO - Sonstige Flächen - Sportfläche,2026-01-01,,,,Beitragsfrei nach BauGB,,40352,723368
358,Neukölln,550,W - Wohngebiet,2026-01-01,,,0.4,Beitragsfrei nach BauGB,,2300,722896
359,Marzahn-Hellersdorf,420,W - Wohngebiet,2026-01-01,,,0.4,Beitragsfrei nach BauGB,,1757,719822
360,Reinickendorf,15,SF-KGA - Sonstige Flächen - Kleingartenfläche,2026-01-01,,,,Beitragsfrei nach BauGB,,40338,718138
361,Reinickendorf,20,SF-SN - Sonstige Flächen - Sondernutzungsfläche,2026-01-01,,,,Beitragsfrei nach BauGB,,40339,718138
362,Neukölln,550,W - Wohngebiet,2026-01-01,,,1,Beitragsfrei nach BauGB,https://www.berlin.de/gutachterausschuss/marktinformationen/daten-zur-wertermittlung/artikel.174898.php,1456,713823
363,Neukölln,470,W - Wohngebiet,2026-01-01,,,0.4,Beitragsfrei nach BauGB,,2542,713823
364,Treptow-Köpenick,500,W - Wohngebiet,2026-01-01,,,0.8,Beitragsfrei nach BauGB,https://www.berlin.de/gutachterausschuss/marktinformationen/daten-zur-wertermittlung/artikel.174898.php,1206,708750
365,Treptow-Köpenick,540,W - Wohngebiet,2026-01-01,,,0.4,Beitragsfrei nach BauGB,,2533,708750
366,Pankow,1500,W - Wohngebiet,2026-01-01,,,1.5,Beitragsfrei nach BauGB,https://www.berlin.de/gutachterausschuss/marktinformationen/daten-zur-wertermittlung/artikel.174898.php,1683,707146
367,Neukölln,2800,W - Wohngebiet,2026-01-01,,,2.5,Beitragsfrei nach BauGB,https://www.berlin.de/gutachterausschuss/marktinformationen/daten-zur-wertermittlung/artikel.174898.php,2445,704317
368,Neukölln,20,SF-SN - Sonstige Flächen - Sondernutzungsfläche,2026-01-01,,,,Beitragsfrei nach BauGB,,40782,703720
369,Steglitz-Zehlendorf,15,SF-KGA - Sonstige Flächen - Kleingartenfläche,2026-01-01,,,,Beitragsfrei nach BauGB,,40076,698853
370,Steglitz-Zehlendorf,15,SF-FH - Sonstige Flächen - Friedhof,2026-01-01,,,,Beitragsfrei nach BauGB,,40077,698853
371,Reinickendorf,560,W - Wohngebiet,2026-01-01,,,0.4,Beitragsfrei nach BauGB,,2003,695681
372,Charlottenburg-Wilmersdorf,1600,W - Wohngebiet,2026-01-01,,,0.4,Beitragsfrei nach BauGB,,1052,693570
373,Friedrichshain-Kreuzberg,8000,M1 - Kerngebiet,2026-01-01,,,4.5,Beitragsfrei nach BauGB,https://www.berlin.de/gutachterausschuss/marktinformationen/daten-zur-wertermittlung/artikel.174898.php,2346,689887
374,Charlottenburg-Wilmersdorf,1800,W - Wohngebiet,2026-01-01,,,0.4,Beitragsfrei nach BauGB,,1062,686859
375,Treptow-Köpenick,600,W - Wohngebiet,2026-01-01,,,1,Beitragsfrei nach BauGB,https://www.berlin.de/gutachterausschuss/marktinformationen/daten-zur-wertermittlung/artikel.174898.php,2304,686159
376,Friedrichshain-Kreuzberg,3800,W - Wohngebiet,2026-01-01,,,2.5,Beitragsfrei nach BauGB,https://www.berlin.de/gutachterausschuss/marktinformationen/daten-zur-wertermittlung/artikel.174898.php,2495,685654
377,Pankow,700,W - Wohngebiet,2026-01-01,,,1,Beitragsfrei nach BauGB,https://www.berlin.de/gutachterausschuss/marktinformationen/daten-zur-wertermittlung/artikel.174898.php,1511,682885
378,Treptow-Köpenick,0.6,LF-F - Flächen der Land-o. Forstwirtschaft - forstwirtschaftliche Fläche,2026-01-01,,,,Beitragsfrei nach BauGB,,41024,676370
379,Lichtenberg,750,W - Wohngebiet,2026-01-01,,,1.2,Beitragsfrei nach BauGB,https://www.berlin.de/gutachterausschuss/marktinformationen/daten-zur-wertermittlung/artikel.174898.php,1144,672532
380,Treptow-Köpenick,15,SF-KGA - Sonstige Flächen - Kleingartenfläche,2026-01-01,,,,Beitragsfrei nach BauGB,,40647,671800
381,Treptow-Köpenick,40,S-WO - Sonderbaufläche - Wochenendhäuser,2026-01-01,,,,Beitragsfrei nach BauGB,,40649,671800
382,Spandau,600,W - Wohngebiet,2026-01-01,,,1,Beitragsfrei nach BauGB,https://www.berlin.de/gutachterausschuss/marktinformationen/daten-zur-wertermittlung/artikel.174898.php,1339,671720
383,Spandau,450,W - Wohngebiet,2026-01-01,,,0.4,Beitragsfrei nach BauGB,,2543,671720
384,Treptow-Köpenick,700,W - Wohngebiet,2026-01-01,,,1.2,Beitragsfrei nach BauGB,https://www.berlin.de/gutachterausschuss/marktinformationen/daten-zur-wertermittlung/artikel.174898.php,1574,670921
385,Treptow-Köpenick,490,W - Wohngebiet,2026-01-01,,,0.4,Beitragsfrei nach BauGB,,2559,670921
386,Spandau,500,W - Wohngebiet,2026-01-01,,,1,Beitragsfrei nach BauGB,https://www.berlin.de/gutachterausschuss/marktinformationen/daten-zur-wertermittlung/artikel.174898.php,1257,669702
387,Treptow-Köpenick,460,W - Wohngebiet,2026-01-01,,,0.3,Beitragsfrei nach BauGB,,2442,669662
388,Treptow-Köpenick,500,G - Gewerbe,2026-01-01,,,,Beitragsfrei nach BauGB,,1954,663853
389,Pankow,800,W - Wohngebiet,2026-01-01,,,1.2,Beitragsfrei nach BauGB,https://www.berlin.de/gutachterausschuss/marktinformationen/daten-zur-wertermittlung/artikel.174898.php,1560,660257
390,Pankow,340,W - Wohngebiet,2026-01-01,,,0.4,Beitragsfrei nach BauGB,,1664,656683
391,Lichtenberg,550,W - Wohngebiet,2026-01-01,,,0.8,Beitragsfrei nach BauGB,https://www.berlin.de/gutachterausschuss/marktinformationen/daten-zur-wertermittlung/artikel.174898.php,1152,656061
392,Lichtenberg,470,W - Wohngebiet,2026-01-01,,,0.4,Beitragsfrei nach BauGB,,2536,656061
393,Tempelhof-Schöneberg,3000,W - Wohngebiet,2026-01-01,,,2.5,Beitragsfrei nach BauGB,https://www.berlin.de/gutachterausschuss/marktinformationen/daten-zur-wertermittlung/artikel.174898.php,2509,654775
394,Spandau,0.6,LF-F - Flächen der Land-o. Forstwirtschaft - forstwirtschaftliche Fläche,2026-01-01,,,,Beitragsfrei nach BauGB,,40181,654172
395,Charlottenburg-Wilmersdorf,3800,W - Wohngebiet,2026-01-01,,,2.5,Beitragsfrei nach BauGB,https://www.berlin.de/gutachterausschuss/marktinformationen/daten-zur-wertermittlung/artikel.174898.php,2503,653595
396,Reinickendorf,600,W - Wohngebiet,2026-01-01,,,1,Beitragsfrei nach BauGB,https://www.berlin.de/gutachterausschuss/marktinformationen/daten-zur-wertermittlung/artikel.174898.php,1473,652594
397,Tempelhof-Schöneberg,2800,W - Wohngebiet,2026-01-01,,,3,Beitragsfrei nach BauGB,https://www.berlin.de/gutachterausschuss/marktinformationen/daten-zur-wertermittlung/artikel.174898.php,1895,652108
398,Friedrichshain-Kreuzberg,20,SF-SN - Sonstige Flächen - Sondernutzungsfläche,2026-01-01,,,,Beitragsfrei nach BauGB,,40794,650626
399,Friedrichshain-Kreuzberg,600,S-FZT - Sonderbaufläche - Freizeit und Touristik,2026-01-01,,,,Beitragsfrei nach BauGB,,40796,650626
400,Mitte,4000,W - Wohngebiet,2026-01-01,,,2.5,Beitragsfrei nach BauGB,https://www.berlin.de/gutachterausschuss/marktinformationen/daten-zur-wertermittlung/artikel.174898.php,2065,650345
401,Pankow,15,SF-KGA - Sonstige Flächen - Kleingartenfläche,2026-01-01,,,,Beitragsfrei nach BauGB,,40453,647282
402,Pankow,40,S-WO - Sonderbaufläche - Wochenendhäuser,2026-01-01,,,,Beitragsfrei nach BauGB,,40454,647282
403,Pankow,220,W-EFH - Wohnbaufläche - Ein- und Zweifamilienhäuser,2026-01-01,,,,Beitragsfrei nach BauGB,,40455,647282
404,Lichtenberg,640,W - Wohngebiet,2026-01-01,,,0.4,Beitragsfrei nach BauGB,,1436,643947
405,Marzahn-Hellersdorf,530,W - Wohngebiet,2026-01-01,,,0.4,Beitragsfrei nach BauGB,,1779,640848
406,Neukölln,350,G - Gewerbe,2026-01-01,,,,Beitragsfrei nach BauGB,,1622,635340
407,Friedrichshain-Kreuzberg,3500,W - Wohngebiet,2026-01-01,,,2.5,Beitragsfrei nach BauGB,https://www.berlin.de/gutachterausschuss/marktinformationen/daten-zur-wertermittlung/artikel.174898.php,2490,633517
408,Pankow,430,W - Wohngebiet,2026-01-01,,,0.3,Beitragsfrei nach BauGB,,1580,629344
409,Mitte,1500,W - Wohngebiet,2026-01-01,,,1.2,Beitragsfrei nach BauGB,https://www.berlin.de/gutachterausschuss/marktinformationen/daten-zur-wertermittlung/artikel.174898.php,1614,626566
410,Lichtenberg,15,SF-KGA - Sonstige Flächen - Kleingartenfläche,2026-01-01,,,,Beitragsfrei nach BauGB,,40506,625246
411,Lichtenberg,15,SF-FH - Sonstige Flächen - Friedhof,2026-01-01,,,,Beitragsfrei nach BauGB,,40507,625246
412,Neukölln,570,W - Wohngebiet,2026-01-01,,,0.6,Beitragsfrei nach BauGB,,2297,624978
413,Pankow,260,W - Wohngebiet,2026-01-01,,,0.2,Beitragsfrei nach BauGB,,1572,624491
414,Pankow,710,W - Wohngebiet,2026-01-01,,,0.4,Beitragsfrei nach BauGB,,1595,622830
415,Spandau,20,SF-SN - Sonstige Flächen - Sondernutzungsfläche,2026-01-01,,,,Beitragsfrei nach BauGB,,40325,622786
416,Spandau,120,S-WO - Sonderbaufläche - Wochenendhäuser,2026-01-01,,,,Beitragsfrei nach BauGB,,40327,622786
417,Marzahn-Hellersdorf,460,W - Wohngebiet,2026-01-01,,,0.4,Beitragsfrei nach BauGB,,2427,618628
418,Reinickendorf,490,W - Wohngebiet,2026-01-01,,,0.4,Beitragsfrei nach BauGB,,2022,618576
419,Marzahn-Hellersdorf,400,G - Gewerbe,2026-01-01,,,,Beitragsfrei nach BauGB,,1754,617594
420,Friedrichshain-Kreuzberg,4000,W - Wohngebiet,2026-01-01,,,2.5,Beitragsfrei nach BauGB,https://www.berlin.de/gutachterausschuss/marktinformationen/daten-zur-wertermittlung/artikel.174898.php,2491,615205
421,Steglitz-Zehlendorf,20,SF-SN - Sonstige Flächen - Sondernutzungsfläche,2026-01-01,,,,Beitragsfrei nach BauGB,,40044,614185
422,Steglitz-Zehlendorf,350,S-FZT - Sonderbaufläche - Freizeit und Touristik,2026-01-01,,,,Beitragsfrei nach BauGB,,40045,614185
423,Neukölln,600,W - Wohngebiet,2026-01-01,,,1,Beitragsfrei nach BauGB,https://www.berlin.de/gutachterausschuss/marktinformationen/daten-zur-wertermittlung/artikel.174898.php,1370,612640
424,Charlottenburg-Wilmersdorf,1300,W - Wohngebiet,2026-01-01,,,0.6,Beitragsfrei nach BauGB,,1109,608231
425,Spandau,450,W - Wohngebiet,2026-01-01,,,0.4,Beitragsfrei nach BauGB,,1427,607171
426,Lichtenberg,3.8,LF-A - Flächen der Land-o. Forstwirtschaft - Acker,2026-01-01,,,,Beitragsfrei nach BauGB,,40882,605400
427,Spandau,550,W - Wohngebiet,2026-01-01,,,1,Beitragsfrei nach BauGB,https://www.berlin.de/gutachterausschuss/marktinformationen/daten-zur-wertermittlung/artikel.174898.php,1266,605146
428,Treptow-Köpenick,500,G - Gewerbe,2026-01-01,,,,Beitragsfrei nach BauGB,,2379,604708
429,Treptow-Köpenick,1000,G - Gewerbe,2026-01-01,,,2,Beitragsfrei nach BauGB,https://www.berlin.de/gutachterausschuss/marktinformationen/daten-zur-wertermittlung/artikel.174898.php,2482,604708
430,Treptow-Köpenick,450,W - Wohngebiet,2026-01-01,,,0.4,Beitragsfrei nach BauGB,,1019,599918
431,Mitte,4500,W - Wohngebiet,2026-01-01,,,2.5,Beitragsfrei nach BauGB,https://www.berlin.de/gutachterausschuss/marktinformationen/daten-zur-wertermittlung/artikel.174898.php,2419,598537
432,Steglitz-Zehlendorf,15,SF-KGA - Sonstige Flächen - Kleingartenfläche,2026-01-01,,,,Beitragsfrei nach BauGB,,40099,598370
433,Steglitz-Zehlendorf,20,SF-SN - Sonstige Flächen - Sondernutzungsfläche,2026-01-01,,,,Beitragsfrei nach BauGB,,40100,598370
434,Pankow,15,SF-KGA - Sonstige Flächen - Kleingartenfläche,2026-01-01,,,,Beitragsfrei nach BauGB,,40482,597860
435,Pankow,480,W - Wohngebiet,2026-01-01,,,0.3,Beitragsfrei nach BauGB,,1565,595129
436,Spandau,20,SF-SN - Sonstige Flächen - Sondernutzungsfläche,2026-01-01,,,,Beitragsfrei nach BauGB,,40290,592845
437,Spandau,500,S-WO - Sonderbaufläche - Wochenendhäuser,2026-01-01,,,,Beitragsfrei nach BauGB,,40291,592845
438,Treptow-Köpenick,200,G - Gewerbe,2026-01-01,,,,Beitragsfrei nach BauGB,,1143,592757
439,Tempelhof-Schöneberg,1600,W - Wohngebiet,2026-01-01,,,0.6,Beitragsfrei nach BauGB,,1865,591918
440,Neukölln,350,G - Gewerbe,2026-01-01,,,,Beitragsfrei nach BauGB,,1273,591857
441,Treptow-Köpenick,710,W - Wohngebiet,2026-01-01,,,0.3,Beitragsfrei nach BauGB,,1185,590013
442,Charlottenburg-Wilmersdorf,3500,W - Wohngebiet,2026-01-01,,,2.5,Beitragsfrei nach BauGB,https://www.berlin.de/gutachterausschuss/marktinformationen/daten-zur-wertermittlung/artikel.174898.php,2493,588127
443,Spandau,250,G - Gewerbe,2026-01-01,,,,Beitragsfrei nach BauGB,,2483,583839
444,Neukölln,1000,W - Wohngebiet,2026-01-01,,,0.6,Beitragsfrei nach BauGB,,2146,582512
445,Charlottenburg-Wilmersdorf,4000,W - Wohngebiet,2026-01-01,,,2.5,Beitragsfrei nach BauGB,https://www.berlin.de/gutachterausschuss/marktinformationen/daten-zur-wertermittlung/artikel.174898.php,2504,580962
446,Steglitz-Zehlendorf,40,SF-SPO - Sonstige Flächen - Sportfläche,2026-01-01,,,,Beitragsfrei nach BauGB,,40096,580356
447,Pankow,1300,W - Wohngebiet,2026-01-01,,,1.5,Beitragsfrei nach BauGB,https://www.berlin.de/gutachterausschuss/marktinformationen/daten-zur-wertermittlung/artikel.174898.php,1695,577498
448,Pankow,15,SF-KGA - Sonstige Flächen - Kleingartenfläche,2026-01-01,,,,Beitragsfrei nach BauGB,,41094,575740
449,Pankow,40,S-WO - Sonderbaufläche - Wochenendhäuser,2026-01-01,,,,Beitragsfrei nach BauGB,,41095,575740
450,Pankow,1900,W - Wohngebiet,2026-01-01,,,1.5,Beitragsfrei nach BauGB,https://www.berlin.de/gutachterausschuss/marktinformationen/daten-zur-wertermittlung/artikel.174898.php,2292,573888
451,Steglitz-Zehlendorf,950,W - Wohngebiet,2026-01-01,,,0.4,Beitragsfrei nach BauGB,,1798,571748
452,Neukölln,15,SF-KGA - Sonstige Flächen - Kleingartenfläche,2026-01-01,,,,Beitragsfrei nach BauGB,,40756,569958
453,Treptow-Köpenick,20,SF-SN - Sonstige Flächen - Sondernutzungsfläche,2026-01-01,,,,Beitragsfrei nach BauGB,,40699,565743
454,Treptow-Köpenick,15,SF-KGA - Sonstige Flächen - Kleingartenfläche,2026-01-01,,,,Beitragsfrei nach BauGB,,40614,563560
455,Treptow-Köpenick,200,S-FZT - Sonderbaufläche - Freizeit und Touristik,2026-01-01,,,,Beitragsfrei nach BauGB,,40617,563560
456,Pankow,5000,W - Wohngebiet,2026-01-01,,,2.5,Beitragsfrei nach BauGB,https://www.berlin.de/gutachterausschuss/marktinformationen/daten-zur-wertermittlung/artikel.174898.php,2367,560657
457,Tempelhof-Schöneberg,640,W - Wohngebiet,2026-01-01,,,0.6,Beitragsfrei nach BauGB,,1853,559529
458,Charlottenburg-Wilmersdorf,1900,GB - Gemeinbedarf,2026-01-01,,,,Beitragsfrei nach BauGB,,2257,559511
459,Spandau,520,W - Wohngebiet,2026-01-01,,,0.5,Beitragsfrei nach BauGB,,1292,559262
460,Charlottenburg-Wilmersdorf,2500,W - Wohngebiet,2026-01-01,,,2,Beitragsfrei nach BauGB,https://www.berlin.de/gutachterausschuss/marktinformationen/daten-zur-wertermittlung/artikel.174898.php,1822,559130
461,Pankow,15,SF-KGA - Sonstige Flächen - Kleingartenfläche,2026-01-01,,,,Beitragsfrei nach BauGB,,40479,557252
462,Pankow,15,SF-KGA - Sonstige Flächen - Kleingartenfläche,2026-01-01,,,,Beitragsfrei nach BauGB,,41083,555402
463,Pankow,40,S-WO - Sonderbaufläche - Wochenendhäuser,2026-01-01,,,,Beitragsfrei nach BauGB,,41084,555402
464,Treptow-Köpenick,0.6,LF-F - Flächen der Land-o. Forstwirtschaft - forstwirtschaftliche Fläche,2026-01-01,,,,Beitragsfrei nach BauGB,,41028,553904
465,Pankow,500,W - Wohngebiet,2026-01-01,,,1,Beitragsfrei nach BauGB,https://www.berlin.de/gutachterausschuss/marktinformationen/daten-zur-wertermittlung/artikel.174898.php,2134,552591
466,Lichtenberg,550,W - Wohngebiet,2026-01-01,,,1,Beitragsfrei nach BauGB,https://www.berlin.de/gutachterausschuss/marktinformationen/daten-zur-wertermittlung/artikel.174898.php,1447,551184
467,Charlottenburg-Wilmersdorf,1400,W - Wohngebiet,2026-01-01,,,1.2,Beitragsfrei nach BauGB,https://www.berlin.de/gutachterausschuss/marktinformationen/daten-zur-wertermittlung/artikel.174898.php,1641,549252
468,Pankow,800,W - Wohngebiet,2026-01-01,,,1,Beitragsfrei nach BauGB,https://www.berlin.de/gutachterausschuss/marktinformationen/daten-zur-wertermittlung/artikel.174898.php,1525,545456
469,Spandau,15,SF-KGA - Sonstige Flächen - Kleingartenfläche,2026-01-01,,,,Beitragsfrei nach BauGB,,40223,543839
470,Spandau,20,SF-SN - Sonstige Flächen - Sondernutzungsfläche,2026-01-01,,,,Beitragsfrei nach BauGB,,40224,543838
471,Spandau,120,S-WO - Sonderbaufläche - Wochenendhäuser,2026-01-01,,,,Beitragsfrei nach BauGB,,40225,543838
472,Mitte,2500,GB - Gemeinbedarf,2026-01-01,,,,Beitragsfrei nach BauGB,,2259,542268
473,Lichtenberg,20,SF-SN - Sonstige Flächen - Sondernutzungsfläche,2026-01-01,,,,Beitragsfrei nach BauGB,,40526,541209
474,Charlottenburg-Wilmersdorf,6500,W - Wohngebiet,2026-01-01,,,2.5,Beitragsfrei nach BauGB,https://www.berlin.de/gutachterausschuss/marktinformationen/daten-zur-wertermittlung/artikel.174898.php,2500,539149
475,Mitte,450,G - Gewerbe,2026-01-01,,,,Beitragsfrei nach BauGB,,2154,536919
476,Charlottenburg-Wilmersdorf,2700,W - Wohngebiet,2026-01-01,,,0.4,Beitragsfrei nach BauGB,,2073,527696
477,Neukölln,600,W - Wohngebiet,2026-01-01,,,1,Beitragsfrei nach BauGB,https://www.berlin.de/gutachterausschuss/marktinformationen/daten-zur-wertermittlung/artikel.174898.php,1387,527387
478,Charlottenburg-Wilmersdorf,6500,M2 - Mischgebiet,2026-01-01,,,3,Beitragsfrei nach BauGB,https://www.berlin.de/gutachterausschuss/marktinformationen/daten-zur-wertermittlung/artikel.174898.php,2600,527196
479,Spandau,180,GB - Gemeinbedarf,2026-01-01,,,,Beitragsfrei nach BauGB,,2245,527186
480,Treptow-Köpenick,410,W - Wohngebiet,2026-01-01,,,0.3,Beitragsfrei nach BauGB,,1282,526984
481,Tempelhof-Schöneberg,650,W - Wohngebiet,2026-01-01,,,1.2,Beitragsfrei nach BauGB,https://www.berlin.de/gutachterausschuss/marktinformationen/daten-zur-wertermittlung/artikel.174898.php,1603,523847
482,Lichtenberg,490,W - Wohngebiet,2026-01-01,,,0.4,Beitragsfrei nach BauGB,,1497,523536
483,Treptow-Köpenick,1900,W - Wohngebiet,2026-01-01,,,2,Beitragsfrei nach BauGB,https://www.berlin.de/gutachterausschuss/marktinformationen/daten-zur-wertermittlung/artikel.174898.php,1712,521128
484,Pankow,580,W - Wohngebiet,2026-01-01,,,0.4,Beitragsfrei nach BauGB,,1527,516429
485,Spandau,3,LF-GR - Flächen der Land-o. Forstwirtschaft - Grünland,2026-01-01,,,,Beitragsfrei nach BauGB,,40901,512326
486,Treptow-Köpenick,450,W - Wohngebiet,2026-01-01,,,0.7,Beitragsfrei nach BauGB,,1067,512295
487,Reinickendorf,400,G - Gewerbe,2026-01-01,,,,Beitragsfrei nach BauGB,,1422,512179
488,Reinickendorf,1000,G - Gewerbe,2026-01-01,,,2,Beitragsfrei nach BauGB,https://www.berlin.de/gutachterausschuss/marktinformationen/daten-zur-wertermittlung/artikel.174898.php,2018,512179
489,Reinickendorf,15,SF-FH - Sonstige Flächen - Friedhof,2026-01-01,,,,Beitragsfrei nach BauGB,,40407,510972
490,Pankow,1600,W - Wohngebiet,2026-01-01,,,2,Beitragsfrei nach BauGB,https://www.berlin.de/gutachterausschuss/marktinformationen/daten-zur-wertermittlung/artikel.174898.php,1728,510518
491,Neukölln,600,W - Wohngebiet,2026-01-01,,,1,Beitragsfrei nach BauGB,https://www.berlin.de/gutachterausschuss/marktinformationen/daten-zur-wertermittlung/artikel.174898.php,2289,509375
492,Pankow,40,SF-SPO - Sonstige Flächen - Sportfläche,2026-01-01,,,,Beitragsfrei nach BauGB,,41078,508437
493,Pankow,20,SF-SN - Sonstige Flächen - Sondernutzungsfläche,2026-01-01,,,,Beitragsfrei nach BauGB,,41079,508437
494,Steglitz-Zehlendorf,850,W - Wohngebiet,2026-01-01,,,0.4,Beitragsfrei nach BauGB,,1709,507127
495,Pankow,280,W - Wohngebiet,2026-01-01,,,0.2,Beitragsfrei nach BauGB,,1697,505294
496,Spandau,450,W - Wohngebiet,2026-01-01,,,0.3,Beitragsfrei nach BauGB,,1512,504840
497,Steglitz-Zehlendorf,15,SF-KGA - Sonstige Flächen - Kleingartenfläche,2026-01-01,,,,Beitragsfrei nach BauGB,,40040,501383
498,Steglitz-Zehlendorf,15,SF-FH - Sonstige Flächen - Friedhof,2026-01-01,,,,Beitragsfrei nach BauGB,,40041,501359
499,Pankow,3,LF-GR - Flächen der Land-o. Forstwirtschaft - Grünland,2026-01-01,,,,Beitragsfrei nach BauGB,,40915,500333
500,Pankow,300,G - Gewerbe,2026-01-01,,,,Beitragsfrei nach BauGB,,1736,498871
501,Friedrichshain-Kreuzberg,3000,W - Wohngebiet,2026-01-01,,,2.5,Beitragsfrei nach BauGB,https://www.berlin.de/gutachterausschuss/marktinformationen/daten-zur-wertermittlung/artikel.174898.php,1289,496901
502,Lichtenberg,600,W - Wohngebiet,2026-01-01,,,1,Beitragsfrei nach BauGB,https://www.berlin.de/gutachterausschuss/marktinformationen/daten-zur-wertermittlung/artikel.174898.php,1501,491428
503,Mitte,530,GB - Gemeinbedarf,2026-01-01,,,,Beitragsfrei nach BauGB,,2338,486842
504,Neukölln,610,W - Wohngebiet,2026-01-01,,,0.4,Beitragsfrei nach BauGB,,1938,486303
505,Spandau,0.6,LF-F - Flächen der Land-o. Forstwirtschaft - forstwirtschaftliche Fläche,2026-01-01,,,,Beitragsfrei nach BauGB,,40968,486300
506,Treptow-Köpenick,410,W - Wohngebiet,2026-01-01,,,0.3,Beitragsfrei nach BauGB,,1157,485178
507,Lichtenberg,800,W - Wohngebiet,2026-01-01,,,1.3,Beitragsfrei nach BauGB,https://www.berlin.de/gutachterausschuss/marktinformationen/daten-zur-wertermittlung/artikel.174898.php,1268,484259
508,Steglitz-Zehlendorf,850,W - Wohngebiet,2026-01-01,,,0.6,Beitragsfrei nach BauGB,,1811,480517
509,Marzahn-Hellersdorf,500,W - Wohngebiet,2026-01-01,,,1,Beitragsfrei nach BauGB,https://www.berlin.de/gutachterausschuss/marktinformationen/daten-zur-wertermittlung/artikel.174898.php,1342,476953
510,Pankow,800,W - Wohngebiet,2026-01-01,,,1,Beitragsfrei nach BauGB,https://www.berlin.de/gutachterausschuss/marktinformationen/daten-zur-wertermittlung/artikel.174898.php,1523,476947
511,Pankow,500,W - Wohngebiet,2026-01-01,,,0.4,Beitragsfrei nach BauGB,,2556,476947
512,Marzahn-Hellersdorf,530,W - Wohngebiet,2026-01-01,,,0.4,Beitragsfrei nach BauGB,,1735,475596
513,Pankow,330,W - Wohngebiet,2026-01-01,,,0.2,Beitragsfrei nach BauGB,,1577,474504
514,Lichtenberg,300,G - Gewerbe,2026-01-01,,,,Beitragsfrei nach BauGB,,1797,469984
515,Spandau,340,W - Wohngebiet,2026-01-01,,,0.4,Beitragsfrei nach BauGB,,1545,465028
516,Reinickendorf,170,GB - Gemeinbedarf,2026-01-01,,,,Beitragsfrei nach BauGB,,2249,463012
517,Mitte,20,SF-SN - Sonstige Flächen - Sondernutzungsfläche,2026-01-01,,,,Beitragsfrei nach BauGB,,40825,462692
518,Reinickendorf,1400,W - Wohngebiet,2026-01-01,,,2,Beitragsfrei nach BauGB,https://www.berlin.de/gutachterausschuss/marktinformationen/daten-zur-wertermittlung/artikel.174898.php,1773,462514
519,Spandau,610,W - Wohngebiet,2026-01-01,,,0.3,Beitragsfrei nach BauGB,,1329,462080
520,Steglitz-Zehlendorf,1100,W - Wohngebiet,2026-01-01,,,1,Beitragsfrei nach BauGB,https://www.berlin.de/gutachterausschuss/marktinformationen/daten-zur-wertermittlung/artikel.174898.php,1538,460715
521,Mitte,1400,W - Wohngebiet,2026-01-01,,,2,Beitragsfrei nach BauGB,https://www.berlin.de/gutachterausschuss/marktinformationen/daten-zur-wertermittlung/artikel.174898.php,2520,460475
522,Neukölln,2800,W - Wohngebiet,2026-01-01,,,2.5,Frei nach BauGB u. StrABG,https://www.berlin.de/gutachterausschuss/marktinformationen/daten-zur-wertermittlung/artikel.174898.php,2570,460161
523,Pankow,200,G - Gewerbe,2026-01-01,,,,Beitragsfrei nach BauGB,,1013,455642
524,Spandau,370,W - Wohngebiet,2026-01-01,,,0.3,Beitragsfrei nach BauGB,,1485,452630
525,Treptow-Köpenick,500,W - Wohngebiet,2026-01-01,,,1,Beitragsfrei nach BauGB,https://www.berlin.de/gutachterausschuss/marktinformationen/daten-zur-wertermittlung/artikel.174898.php,1290,452177
526,Marzahn-Hellersdorf,40,S-WO - Sonderbaufläche - Wochenendhäuser,2026-01-01,,,,Beitragsfrei nach BauGB,,40587,450720
527,Steglitz-Zehlendorf,1200,W - Wohngebiet,2026-01-01,,,0.6,Beitragsfrei nach BauGB,,1640,449106
528,Spandau,190,GB - Gemeinbedarf,2026-01-01,,,,Beitragsfrei nach BauGB,,2305,448121
529,Reinickendorf,400,G - Gewerbe,2026-01-01,,,,Beitragsfrei nach BauGB,,1326,444638
530,Reinickendorf,1200,W - Wohngebiet,2026-01-01,,,2,Beitragsfrei nach BauGB,https://www.berlin.de/gutachterausschuss/marktinformationen/daten-zur-wertermittlung/artikel.174898.php,2525,444638
531,Mitte,15,SF-FH - Sonstige Flächen - Friedhof,2026-01-01,,,,Beitragsfrei nach BauGB,,40835,444356
532,Mitte,20,SF-SN - Sonstige Flächen - Sondernutzungsfläche,2026-01-01,,,,Beitragsfrei nach BauGB,,40836,444356
533,Steglitz-Zehlendorf,0.6,LF-F - Flächen der Land-o. Forstwirtschaft - forstwirtschaftliche Fläche,2026-01-01,,,,Beitragsfrei nach BauGB,,40941,440146
534,Mitte,4000,M2 - Mischgebiet,2026-01-01,,,2.5,Beitragsfrei nach BauGB,https://www.berlin.de/gutachterausschuss/marktinformationen/daten-zur-wertermittlung/artikel.174898.php,2403,439898
535,Lichtenberg,280,GB - Gemeinbedarf,2026-01-01,,,,Beitragsfrei nach BauGB,,2262,438996
536,Lichtenberg,20,SF-SN - Sonstige Flächen - Sondernutzungsfläche,2026-01-01,,,,Beitragsfrei nach BauGB,,40503,438654
537,Lichtenberg,350,G - Gewerbliche Baufläche,2026-01-01,,,,Beitragsfrei nach BauGB,,40504,438654
538,Spandau,610,W - Wohngebiet,2026-01-01,,,0.4,Beitragsfrei nach BauGB,,1340,437458
539,Lichtenberg,15,SF-FH - Sonstige Flächen - Friedhof,2026-01-01,,,,Beitragsfrei nach BauGB,,40545,436466
540,Treptow-Köpenick,1000,G - Gewerbe,2026-01-01,,,2,Beitragsfrei nach BauGB,https://www.berlin.de/gutachterausschuss/marktinformationen/daten-zur-wertermittlung/artikel.174898.php,2437,433873
541,Pankow,200,G - Gewerbe,2026-01-01,,,,Beitragsfrei nach BauGB,,1061,433795
542,Treptow-Köpenick,900,G - Gewerbe,2026-01-01,N,Entw,1.6,Beitragsfrei nach BauGB,https://www.berlin.de/gutachterausschuss/marktinformationen/daten-zur-wertermittlung/artikel.174898.php,2186,432678
543,Steglitz-Zehlendorf,950,W - Wohngebiet,2026-01-01,,,0.6,Beitragsfrei nach BauGB,,1666,431955
544,Pankow,20,SF-SN - Sonstige Flächen - Sondernutzungsfläche,2026-01-01,,,,Beitragsfrei nach BauGB,,40490,430248
545,Pankow,40,SF-SPO - Sonstige Flächen - Sportfläche,2026-01-01,,,,Beitragsfrei nach BauGB,,40491,430248
546,Steglitz-Zehlendorf,1400,W - Wohngebiet,2026-01-01,,,0.4,Beitragsfrei nach BauGB,,1751,425203
547,Neukölln,400,G - Gewerbe,2026-01-01,,,,Beitragsfrei nach BauGB,,2481,424827
548,Charlottenburg-Wilmersdorf,4500,W - Wohngebiet,2026-01-01,,,2.5,Beitragsfrei nach BauGB,https://www.berlin.de/gutachterausschuss/marktinformationen/daten-zur-wertermittlung/artikel.174898.php,2066,423284
549,Tempelhof-Schöneberg,640,W - Wohngebiet,2026-01-01,,,0.6,Beitragsfrei nach BauGB,,1855,423262
550,Treptow-Köpenick,480,W - Wohngebiet,2026-01-01,,,0.3,Beitragsfrei nach BauGB,,1330,423227
551,Pankow,15,SF-KGA - Sonstige Flächen - Kleingartenfläche,2026-01-01,,,,Beitragsfrei nach BauGB,,41080,422541
552,Pankow,20,SF-SN - Sonstige Flächen - Sondernutzungsfläche,2026-01-01,,,,Beitragsfrei nach BauGB,,41081,422541
553,Steglitz-Zehlendorf,1500,W - Wohngebiet,2026-01-01,,,1,Beitragsfrei nach BauGB,https://www.berlin.de/gutachterausschuss/marktinformationen/daten-zur-wertermittlung/artikel.174898.php,1571,421129
554,Steglitz-Zehlendorf,1000,W - Wohngebiet,2026-01-01,,,0.6,Beitragsfrei nach BauGB,,1762,421129
555,Tempelhof-Schöneberg,2500,W - Wohngebiet,2026-01-01,,,2.5,Beitragsfrei nach BauGB,https://www.berlin.de/gutachterausschuss/marktinformationen/daten-zur-wertermittlung/artikel.174898.php,1866,420584
556,Reinickendorf,15,SF-KGA - Sonstige Flächen - Kleingartenfläche,2026-01-01,,,,Beitragsfrei nach BauGB,,40400,419391
557,Reinickendorf,20,SF-SN - Sonstige Flächen - Sondernutzungsfläche,2026-01-01,,,,Beitragsfrei nach BauGB,,40402,419388
558,Lichtenberg,160,GB - Gemeinbedarf,2026-01-01,,,,Beitragsfrei nach BauGB,,2263,417790
559,Steglitz-Zehlendorf,300,GB - Gemeinbedarf,2026-01-01,,,,Beitragsfrei nach BauGB,,2272,413614
560,Charlottenburg-Wilmersdorf,4000,G - Gewerbe,2026-01-01,,,2.5,Beitragsfrei nach BauGB,https://www.berlin.de/gutachterausschuss/marktinformationen/daten-zur-wertermittlung/artikel.174898.php,2044,411638
561,Spandau,0.6,LF-F - Flächen der Land-o. Forstwirtschaft - forstwirtschaftliche Fläche,2026-01-01,,,,Beitragsfrei nach BauGB,,40175,411072
562,Treptow-Köpenick,900,W - Wohngebiet,2026-01-01,,,1.5,Beitragsfrei nach BauGB,https://www.berlin.de/gutachterausschuss/marktinformationen/daten-zur-wertermittlung/artikel.174898.php,1626,410941
563,Steglitz-Zehlendorf,850,W - Wohngebiet,2026-01-01,,,0.6,Beitragsfrei nach BauGB,,1808,408592
564,Treptow-Köpenick,900,W - Wohngebiet,2026-01-01,,,1.5,Beitragsfrei nach BauGB,https://www.berlin.de/gutachterausschuss/marktinformationen/daten-zur-wertermittlung/artikel.174898.php,2291,408540
565,Treptow-Köpenick,540,W - Wohngebiet,2026-01-01,,,0.4,Beitragsfrei nach BauGB,,1010,408271
566,Mitte,7500,M1 - Kerngebiet,2026-01-01,,,4.5,Beitragsfrei nach BauGB,https://www.berlin.de/gutachterausschuss/marktinformationen/daten-zur-wertermittlung/artikel.174898.php,1073,407758
567,Pankow,480,W - Wohngebiet,2026-01-01,,,0.4,Beitragsfrei nach BauGB,,1651,407005
568,Lichtenberg,340,W - Wohngebiet,2026-01-01,,,0.4,Beitragsfrei nach BauGB,,2220,406803
569,Treptow-Köpenick,0.6,LF-F - Flächen der Land-o. Forstwirtschaft - forstwirtschaftliche Fläche,2026-01-01,,,,Beitragsfrei nach BauGB,,40674,405977
570,Treptow-Köpenick,40,SF-SPO - Sonstige Flächen - Sportfläche,2026-01-01,,,,Beitragsfrei nach BauGB,,40675,405977
571,Friedrichshain-Kreuzberg,7000,M1 - Kerngebiet,2026-01-01,,,4.5,Beitragsfrei nach BauGB,https://www.berlin.de/gutachterausschuss/marktinformationen/daten-zur-wertermittlung/artikel.174898.php,1033,404130
572,Treptow-Köpenick,280,W - Wohngebiet,2026-01-01,,,0.2,Beitragsfrei nach BauGB,,1369,403505
573,Treptow-Köpenick,500,W - Wohngebiet,2026-01-01,,,1,Beitragsfrei nach BauGB,https://www.berlin.de/gutachterausschuss/marktinformationen/daten-zur-wertermittlung/artikel.174898.php,1283,401968
574,Pankow,850,W - Wohngebiet,2026-01-01,,,1,Beitragsfrei nach BauGB,https://www.berlin.de/gutachterausschuss/marktinformationen/daten-zur-wertermittlung/artikel.174898.php,1534,401559
575,Charlottenburg-Wilmersdorf,2100,W - Wohngebiet,2026-01-01,,,1.2,Beitragsfrei nach BauGB,https://www.berlin.de/gutachterausschuss/marktinformationen/daten-zur-wertermittlung/artikel.174898.php,1648,401194
576,Lichtenberg,20,SF-SN - Sonstige Flächen - Sondernutzungsfläche,2026-01-01,,,,Beitragsfrei nach BauGB,,40535,401051
577,Steglitz-Zehlendorf,1800,W - Wohngebiet,2026-01-01,,,0.4,Beitragsfrei nach BauGB,,1585,400672
578,Spandau,480,W - Wohngebiet,2026-01-01,,,0.2,Beitragsfrei nach BauGB,,1368,400596
579,Lichtenberg,400,W - Wohngebiet,2026-01-01,,,0.7,Beitragsfrei nach BauGB,,1032,397853
580,Spandau,400,W - Wohngebiet,2026-01-01,,,0.4,Beitragsfrei nach BauGB,,1442,397790
581,Steglitz-Zehlendorf,0.6,LF-F - Flächen der Land-o. Forstwirtschaft - forstwirtschaftliche Fläche,2026-01-01,,,,Beitragsfrei nach BauGB,,40937,397331
582,Reinickendorf,540,W - Wohngebiet,2026-01-01,,,0.3,Beitragsfrei nach BauGB,,2111,393761
583,Tempelhof-Schöneberg,1000,W - Wohngebiet,2026-01-01,,,1,Beitragsfrei nach BauGB,https://www.berlin.de/gutachterausschuss/marktinformationen/daten-zur-wertermittlung/artikel.174898.php,1477,392500
584,Spandau,760,W - Wohngebiet,2026-01-01,,,0.4,Beitragsfrei nach BauGB,,1249,389694
585,Treptow-Köpenick,660,W - Wohngebiet,2026-01-01,,,0.4,Beitragsfrei nach BauGB,,1204,387916
586,Tempelhof-Schöneberg,300,G - Gewerbe,2026-01-01,,,,Beitragsfrei nach BauGB,,1894,387273
587,Treptow-Köpenick,0.6,LF-F - Flächen der Land-o. Forstwirtschaft - forstwirtschaftliche Fläche,2026-01-01,,,,Beitragsfrei nach BauGB,,41030,386180
588,Mitte,10000,M1 - Kerngebiet,2026-01-01,,,4.5,Beitragsfrei nach BauGB,https://www.berlin.de/gutachterausschuss/marktinformationen/daten-zur-wertermittlung/artikel.174898.php,1256,385326
589,Lichtenberg,410,W - Wohngebiet,2026-01-01,,,0.4,Beitragsfrei nach BauGB,,1481,383884
590,Neukölln,2200,W - Wohngebiet,2026-01-01,SU,San,2.5,Beitragsfrei nach BauGB,https://www.berlin.de/gutachterausschuss/marktinformationen/daten-zur-wertermittlung/artikel.174898.php,2325,383277
591,Spandau,250,G - Gewerbe,2026-01-01,,,,Beitragsfrei nach BauGB,,2213,382060
592,Tempelhof-Schöneberg,3800,W - Wohngebiet,2026-01-01,,,2.5,Beitragsfrei nach BauGB,https://www.berlin.de/gutachterausschuss/marktinformationen/daten-zur-wertermittlung/artikel.174898.php,2507,380891
593,Tempelhof-Schöneberg,700,G - Gewerbe,2026-01-01,,,,Beitragsfrei nach BauGB,,1965,378820
594,Lichtenberg,630,W - Wohngebiet,2026-01-01,,,0.6,Beitragsfrei nach BauGB,,2170,378293
595,Spandau,200,G - Gewerbe,2026-01-01,,,,Beitragsfrei nach BauGB,,1379,377734
596,Spandau,270,W - Wohngebiet,2026-01-01,,,0.2,Beitragsfrei nach BauGB,,1550,377096
597,Pankow,480,W - Wohngebiet,2026-01-01,,,0.4,Beitragsfrei nach BauGB,,1687,373815
598,Reinickendorf,430,W - Wohngebiet,2026-01-01,,,0.6,Beitragsfrei nach BauGB,,1992,373212
599,Spandau,20,SF-SN - Sonstige Flächen - Sondernutzungsfläche,2026-01-01,,,,Beitragsfrei nach BauGB,,40261,371808
600,Spandau,800,G-GD - Gewerbliche Baufläche - Handel und dienstleistungsorientiertes Gewerbe,2026-01-01,,,,Beitragsfrei nach BauGB,,40262,371808
601,Charlottenburg-Wilmersdorf,6000,W - Wohngebiet,2026-01-01,,,2.5,Beitragsfrei nach BauGB,https://www.berlin.de/gutachterausschuss/marktinformationen/daten-zur-wertermittlung/artikel.174898.php,1892,370901
602,Pankow,15,SF-KGA - Sonstige Flächen - Kleingartenfläche,2026-01-01,,,,Beitragsfrei nach BauGB,,40473,370823
603,Pankow,20,SF-SN - Sonstige Flächen - Sondernutzungsfläche,2026-01-01,,,,Beitragsfrei nach BauGB,,40474,370823
604,Mitte,1100,W - Wohngebiet,2026-01-01,,,1,Beitragsfrei nach BauGB,https://www.berlin.de/gutachterausschuss/marktinformationen/daten-zur-wertermittlung/artikel.174898.php,2530,370618
605,Mitte,20,SF-SN - Sonstige Flächen - Sondernutzungsfläche,2026-01-01,,,,Beitragsfrei nach BauGB,,41065,370618
606,Mitte,40,SF-SPO - Sonstige Flächen - Sportfläche,2026-01-01,,,,Beitragsfrei nach BauGB,,41066,370618
607,Mitte,2800,W - Wohngebiet,2026-01-01,,,2.5,Beitragsfrei nach BauGB,https://www.berlin.de/gutachterausschuss/marktinformationen/daten-zur-wertermittlung/artikel.174898.php,1858,369515
608,Lichtenberg,15,LF-EGA - Flächen der Land-o. Forstwirtschaft - Erwerbsgartenbaufläche,2026-01-01,,,,Beitragsfrei nach BauGB,,40894,367317
609,Steglitz-Zehlendorf,710,W - Wohngebiet,2026-01-01,,,0.6,Beitragsfrei nach BauGB,,1829,363377
610,Steglitz-Zehlendorf,650,W - Wohngebiet,2026-01-01,,,1,Beitragsfrei nach BauGB,https://www.berlin.de/gutachterausschuss/marktinformationen/daten-zur-wertermittlung/artikel.174898.php,2580,363377
611,Neukölln,640,W - Wohngebiet,2026-01-01,,,0.6,Beitragsfrei nach BauGB,,1928,363098
612,Neukölln,580,W - Wohngebiet,2026-01-01,,,0.4,Beitragsfrei nach BauGB,,1934,362548
613,Reinickendorf,450,W - Wohngebiet,2026-01-01,,,0.4,Beitragsfrei nach BauGB,,2013,361913
614,Spandau,370,W - Wohngebiet,2026-01-01,,,0.3,Beitragsfrei nach BauGB,,1494,361838
615,Neukölln,350,G - Gewerbe,2026-01-01,,,,Beitragsfrei nach BauGB,,2156,360945
616,Charlottenburg-Wilmersdorf,2000,W - Wohngebiet,2026-01-01,,,0.4,Beitragsfrei nach BauGB,,2074,360299
617,Reinickendorf,1000,G - Gewerbe,2026-01-01,,,2,Beitragsfrei nach BauGB,https://www.berlin.de/gutachterausschuss/marktinformationen/daten-zur-wertermittlung/artikel.174898.php,2004,360279
618,Reinickendorf,1300,W - Wohngebiet,2026-01-01,,,2,Beitragsfrei nach BauGB,https://www.berlin.de/gutachterausschuss/marktinformationen/daten-zur-wertermittlung/artikel.174898.php,2524,360279
619,Treptow-Köpenick,590,W - Wohngebiet,2026-01-01,,,0.4,Beitragsfrei nach BauGB,,1126,359937
620,Tempelhof-Schöneberg,1200,G - Gewerbe,2026-01-01,,,2.4,Beitragsfrei nach BauGB,https://www.berlin.de/gutachterausschuss/marktinformationen/daten-zur-wertermittlung/artikel.174898.php,2576,359504
621,Tempelhof-Schöneberg,2100,W - Wohngebiet,2026-01-01,,,2.5,Beitragsfrei nach BauGB,https://www.berlin.de/gutachterausschuss/marktinformationen/daten-zur-wertermittlung/artikel.174898.php,2583,359504
622,Tempelhof-Schöneberg,9000,M1 - Kerngebiet,2026-01-01,,,4.5,Beitragsfrei nach BauGB,https://www.berlin.de/gutachterausschuss/marktinformationen/daten-zur-wertermittlung/artikel.174898.php,1193,358162
623,Spandau,340,W - Wohngebiet,2026-01-01,,,0.2,Beitragsfrei nach BauGB,,1570,355672
624,Spandau,200,GB - Gemeinbedarf,2026-01-01,,,,Beitragsfrei nach BauGB,,2450,354969
625,Treptow-Köpenick,450,W - Wohngebiet,2026-01-01,,,0.8,Beitragsfrei nach BauGB,https://www.berlin.de/gutachterausschuss/marktinformationen/daten-zur-wertermittlung/artikel.174898.php,2287,354850
626,Reinickendorf,170,GB - Gemeinbedarf,2026-01-01,,,,Beitragsfrei nach BauGB,,2244,354578
627,Pankow,550,W - Wohngebiet,2026-01-01,,,0.8,Beitragsfrei nach BauGB,https://www.berlin.de/gutachterausschuss/marktinformationen/daten-zur-wertermittlung/artikel.174898.php,2375,353333
628,Steglitz-Zehlendorf,950,W - Wohngebiet,2026-01-01,,,0.4,Beitragsfrei nach BauGB,,1679,353136
629,Pankow,480,W - Wohngebiet,2026-01-01,,,0.3,Beitragsfrei nach BauGB,,2590,351934
630,Reinickendorf,300,G - Gewerbe,2026-01-01,,,,Beitragsfrei nach BauGB,,2152,351386
631,Steglitz-Zehlendorf,1000,W - Wohngebiet,2026-01-01,,,0.6,Beitragsfrei nach BauGB,,1663,350919
632,Treptow-Köpenick,400,W - Wohngebiet,2026-01-01,,,0.7,Beitragsfrei nach BauGB,,1051,350415
633,Lichtenberg,750,G - Gewerbe,2026-01-01,,,,Beitragsfrei nach BauGB,,2148,349120
634,Steglitz-Zehlendorf,1000,W - Wohngebiet,2026-01-01,,,0.4,Beitragsfrei nach BauGB,,1643,348428
635,Spandau,300,G - Gewerbe,2026-01-01,,,,Beitragsfrei nach BauGB,,1385,346055
636,Spandau,350,G - Gewerbe,2026-01-01,,,,Beitragsfrei nach BauGB,,1902,345923
637,Friedrichshain-Kreuzberg,20,SF-SN - Sonstige Flächen - Sondernutzungsfläche,2026-01-01,,,,Beitragsfrei nach BauGB,,40805,345731
638,Charlottenburg-Wilmersdorf,2500,W - Wohngebiet,2026-01-01,,,2,Beitragsfrei nach BauGB,https://www.berlin.de/gutachterausschuss/marktinformationen/daten-zur-wertermittlung/artikel.174898.php,1803,345190
639,Treptow-Köpenick,550,W - Wohngebiet,2026-01-01,,,1,Beitragsfrei nach BauGB,https://www.berlin.de/gutachterausschuss/marktinformationen/daten-zur-wertermittlung/artikel.174898.php,1397,344167
640,Charlottenburg-Wilmersdorf,950,W - Wohngebiet,2026-01-01,,,0.4,Beitragsfrei nach BauGB,,1154,344022
641,Spandau,20,SF-SN - Sonstige Flächen - Sondernutzungsfläche,2026-01-01,,,,Beitragsfrei nach BauGB,,40313,342576
642,Spandau,250,S-WO - Sonderbaufläche - Wochenendhäuser,2026-01-01,,,,Beitragsfrei nach BauGB,,40314,342576
643,Friedrichshain-Kreuzberg,2700,W - Wohngebiet,2026-01-01,,,2.5,Beitragsfrei nach BauGB,https://www.berlin.de/gutachterausschuss/marktinformationen/daten-zur-wertermittlung/artikel.174898.php,1749,342477
644,Mitte,2000,G - Gewerbe,2026-01-01,,,2.5,Beitragsfrei nach BauGB,https://www.berlin.de/gutachterausschuss/marktinformationen/daten-zur-wertermittlung/artikel.174898.php,2277,341646
645,Spandau,340,W - Wohngebiet,2026-01-01,,,0.4,Beitragsfrei nach BauGB,,1470,341020
646,Pankow,1500,G - Gewerbe,2026-01-01,,,2,Beitragsfrei nach BauGB,https://www.berlin.de/gutachterausschuss/marktinformationen/daten-zur-wertermittlung/artikel.174898.php,1979,340677
647,Steglitz-Zehlendorf,850,W - Wohngebiet,2026-01-01,,,0.4,Beitragsfrei nach BauGB,,1718,340261
648,Tempelhof-Schöneberg,550,W - Wohngebiet,2026-01-01,,,1,Beitragsfrei nach BauGB,https://www.berlin.de/gutachterausschuss/marktinformationen/daten-zur-wertermittlung/artikel.174898.php,1190,336218
649,Lichtenberg,200,G - Gewerbe,2026-01-01,,,,Beitragsfrei nach BauGB,,1462,336022
650,Reinickendorf,270,W - Wohngebiet,2026-01-01,,,0.2,Beitragsfrei nach BauGB,,2054,335554
651,Treptow-Köpenick,250,G - Gewerbe,2026-01-01,,,,Beitragsfrei nach BauGB,,1780,334394
652,Treptow-Köpenick,500,W - Wohngebiet,2026-01-01,,,1,Beitragsfrei nach BauGB,https://www.berlin.de/gutachterausschuss/marktinformationen/daten-zur-wertermittlung/artikel.174898.php,1390,334283
653,Tempelhof-Schöneberg,630,W - Wohngebiet,2026-01-01,,,0.4,Beitragsfrei nach BauGB,,1893,333433
654,Lichtenberg,350,G - Gewerbe,2026-01-01,,,,Beitragsfrei nach BauGB,,2380,331653
655,Pankow,580,W - Wohngebiet,2026-01-01,,,0.4,Beitragsfrei nach BauGB,,1537,331190
656,Mitte,600,G - Gewerbe,2026-01-01,,,,Beitragsfrei nach BauGB,,1637,329980
657,Spandau,700,W - Wohngebiet,2026-01-01,,,1.2,Beitragsfrei nach BauGB,https://www.berlin.de/gutachterausschuss/marktinformationen/daten-zur-wertermittlung/artikel.174898.php,1635,328989
658,Treptow-Köpenick,0.6,LF-F - Flächen der Land-o. Forstwirtschaft - forstwirtschaftliche Fläche,2026-01-01,,,,Beitragsfrei nach BauGB,,41006,328945
659,Treptow-Köpenick,20,SF-SN - Sonstige Flächen - Sondernutzungsfläche,2026-01-01,,,,Beitragsfrei nach BauGB,,40653,328644
660,Treptow-Köpenick,1000,W - Wohngebiet,2026-01-01,,,1.5,Beitragsfrei nach BauGB,https://www.berlin.de/gutachterausschuss/marktinformationen/daten-zur-wertermittlung/artikel.174898.php,1670,328311
661,Spandau,300,G - Gewerbe,2026-01-01,,,,Beitragsfrei nach BauGB,,1766,326962
662,Friedrichshain-Kreuzberg,15,SF-FH - Sonstige Flächen - Friedhof,2026-01-01,,,,Beitragsfrei nach BauGB,,40816,325712
663,Friedrichshain-Kreuzberg,40,SF-SPO - Sonstige Flächen - Sportfläche,2026-01-01,,,,Beitragsfrei nach BauGB,,40817,325712
664,Mitte,3000,GB - Gemeinbedarf,2026-01-01,,,,Beitragsfrei nach BauGB,,2607,324959
665,Mitte,20,SF-SN - Sonstige Flächen - Sondernutzungsfläche,2026-01-01,,,,Beitragsfrei nach BauGB,,41100,324959
666,Steglitz-Zehlendorf,20,SF-SN - Sonstige Flächen - Sondernutzungsfläche,2026-01-01,,,,Beitragsfrei nach BauGB,,40074,324956
667,Charlottenburg-Wilmersdorf,2100,W - Wohngebiet,2026-01-01,,,0.4,Beitragsfrei nach BauGB,,2075,324644
668,Treptow-Köpenick,500,W - Wohngebiet,2026-01-01,,,1,Beitragsfrei nach BauGB,https://www.berlin.de/gutachterausschuss/marktinformationen/daten-zur-wertermittlung/artikel.174898.php,1366,323963
669,Spandau,550,W - Wohngebiet,2026-01-01,,,1,Beitragsfrei nach BauGB,https://www.berlin.de/gutachterausschuss/marktinformationen/daten-zur-wertermittlung/artikel.174898.php,1284,323861
670,Steglitz-Zehlendorf,600,W - Wohngebiet,2026-01-01,,,1.2,Beitragsfrei nach BauGB,https://www.berlin.de/gutachterausschuss/marktinformationen/daten-zur-wertermittlung/artikel.174898.php,1629,323073
671,Marzahn-Hellersdorf,500,W - Wohngebiet,2026-01-01,,,1,Beitragsfrei nach BauGB,https://www.berlin.de/gutachterausschuss/marktinformationen/daten-zur-wertermittlung/artikel.174898.php,1322,322362
672,Treptow-Köpenick,3.8,LF-A - Flächen der Land-o. Forstwirtschaft - Acker,2026-01-01,,,,Beitragsfrei nach BauGB,,40707,320139
673,Treptow-Köpenick,20,SF-SN - Sonstige Flächen - Sondernutzungsfläche,2026-01-01,,,,Beitragsfrei nach BauGB,,40708,320139
674,Steglitz-Zehlendorf,1200,W - Wohngebiet,2026-01-01,,,0.4,Beitragsfrei nach BauGB,,1760,319591
675,Neukölln,500,W - Wohngebiet,2026-01-01,,,0.8,Beitragsfrei nach BauGB,https://www.berlin.de/gutachterausschuss/marktinformationen/daten-zur-wertermittlung/artikel.174898.php,2068,318391
676,Mitte,800,G - Gewerbe,2026-01-01,,,,Beitragsfrei nach BauGB,,2155,318000
677,Treptow-Köpenick,20,SF-SN - Sonstige Flächen - Sondernutzungsfläche,2026-01-01,,,,Beitragsfrei nach BauGB,,40610,317466
678,Treptow-Köpenick,40,S-FZT - Sonderbaufläche - Freizeit und Touristik,2026-01-01,,,,Beitragsfrei nach BauGB,,40611,317466
679,Pankow,480,W - Wohngebiet,2026-01-01,,,0.4,Beitragsfrei nach BauGB,,2387,317378
680,Spandau,3,LF-GR - Flächen der Land-o. Forstwirtschaft - Grünland,2026-01-01,,,,Beitragsfrei nach BauGB,,40898,316881
681,Marzahn-Hellersdorf,140,GB - Gemeinbedarf,2026-01-01,,,,Beitragsfrei nach BauGB,,2264,315499
682,Steglitz-Zehlendorf,15,SF-KGA - Sonstige Flächen - Kleingartenfläche,2026-01-01,,,,Beitragsfrei nach BauGB,,40079,313467
683,Steglitz-Zehlendorf,20,SF-SN - Sonstige Flächen - Sondernutzungsfläche,2026-01-01,,,,Beitragsfrei nach BauGB,,40080,313467
684,Steglitz-Zehlendorf,420,GB - Gemeinbedarf,2026-01-01,,,,Beitragsfrei nach BauGB,,2275,313175
685,Treptow-Köpenick,2200,W - Wohngebiet,2026-01-01,,,2,Beitragsfrei nach BauGB,https://www.berlin.de/gutachterausschuss/marktinformationen/daten-zur-wertermittlung/artikel.174898.php,1716,312828
686,Friedrichshain-Kreuzberg,20,SF-SN - Sonstige Flächen - Sondernutzungsfläche,2026-01-01,,,,Beitragsfrei nach BauGB,,40820,312779
687,Friedrichshain-Kreuzberg,40,SF-SPO - Sonstige Flächen - Sportfläche,2026-01-01,,,,Beitragsfrei nach BauGB,,40821,312779
688,Tempelhof-Schöneberg,630,W - Wohngebiet,2026-01-01,,,0.4,Beitragsfrei nach BauGB,,1886,310992
689,Marzahn-Hellersdorf,1000,M2 - Mischgebiet,2026-01-01,,,2,Beitragsfrei nach BauGB,https://www.berlin.de/gutachterausschuss/marktinformationen/daten-zur-wertermittlung/artikel.174898.php,1225,310721
690,Pankow,4500,W - Wohngebiet,2026-01-01,,,2.5,Beitragsfrei nach BauGB,https://www.berlin.de/gutachterausschuss/marktinformationen/daten-zur-wertermittlung/artikel.174898.php,2309,310647
691,Pankow,15,SF-FH - Sonstige Flächen - Friedhof,2026-01-01,,,,Beitragsfrei nach BauGB,,40489,310404
692,Lichtenberg,600,W - Wohngebiet,2026-01-01,,,1,Beitragsfrei nach BauGB,https://www.berlin.de/gutachterausschuss/marktinformationen/daten-zur-wertermittlung/artikel.174898.php,1416,309363
693,Lichtenberg,510,W - Wohngebiet,2026-01-01,,,0.4,Beitragsfrei nach BauGB,,2540,309363
694,Marzahn-Hellersdorf,20,SF-SN - Sonstige Flächen - Sondernutzungsfläche,2026-01-01,,,,Beitragsfrei nach BauGB,,40596,308561
695,Treptow-Köpenick,600,W - Wohngebiet,2026-01-01,,,1,Beitragsfrei nach BauGB,https://www.berlin.de/gutachterausschuss/marktinformationen/daten-zur-wertermittlung/artikel.174898.php,2518,307499
696,Treptow-Köpenick,620,W - Wohngebiet,2026-01-01,,,0.6,Beitragsfrei nach BauGB,,2519,307499
697,Pankow,2500,W - Wohngebiet,2026-01-01,,,2,Beitragsfrei nach BauGB,https://www.berlin.de/gutachterausschuss/marktinformationen/daten-zur-wertermittlung/artikel.174898.php,2307,307260
698,Lichtenberg,15,SF-KGA - Sonstige Flächen - Kleingartenfläche,2026-01-01,,,,Beitragsfrei nach BauGB,,40523,306601
699,Steglitz-Zehlendorf,450,G - Gewerbe,2026-01-01,,,,Beitragsfrei nach BauGB,,1922,304893
700,Steglitz-Zehlendorf,1500,W - Wohngebiet,2026-01-01,,,1,Beitragsfrei nach BauGB,https://www.berlin.de/gutachterausschuss/marktinformationen/daten-zur-wertermittlung/artikel.174898.php,1551,304173
701,Treptow-Köpenick,490,W - Wohngebiet,2026-01-01,,,0.6,Beitragsfrei nach BauGB,,1108,302382
702,Treptow-Köpenick,450,W - Wohngebiet,2026-01-01,,,0.7,Beitragsfrei nach BauGB,,2352,302378
703,Tempelhof-Schöneberg,850,W - Wohngebiet,2026-01-01,,,1.5,Beitragsfrei nach BauGB,https://www.berlin.de/gutachterausschuss/marktinformationen/daten-zur-wertermittlung/artikel.174898.php,1685,302214
704,Lichtenberg,1300,W - Wohngebiet,2026-01-01,,,1.5,Beitragsfrei nach BauGB,https://www.berlin.de/gutachterausschuss/marktinformationen/daten-zur-wertermittlung/artikel.174898.php,2350,301124
705,Treptow-Köpenick,460,W - Wohngebiet,2026-01-01,,,0.6,Beitragsfrei nach BauGB,,1119,300925
706,Lichtenberg,530,W - Wohngebiet,2026-01-01,,,0.4,Beitragsfrei nach BauGB,,1455,300853
707,Mitte,700,W - Wohngebiet,2026-01-01,,,1,Beitragsfrei nach BauGB,https://www.berlin.de/gutachterausschuss/marktinformationen/daten-zur-wertermittlung/artikel.174898.php,1089,300518
708,Pankow,20,SF-SN - Sonstige Flächen - Sondernutzungsfläche,2026-01-01,,,,Beitragsfrei nach BauGB,,41082,300214
709,Lichtenberg,380,W - Wohngebiet,2026-01-01,,,0.4,Beitragsfrei nach BauGB,,1467,299973
710,Treptow-Köpenick,250,G - Gewerbe,2026-01-01,,,,Beitragsfrei nach BauGB,,2285,299537
711,Pankow,850,W - Wohngebiet,2026-01-01,,,1,Beitragsfrei nach BauGB,https://www.berlin.de/gutachterausschuss/marktinformationen/daten-zur-wertermittlung/artikel.174898.php,1536,299233
712,Neukölln,600,W - Wohngebiet,2026-01-01,,,1,Beitragsfrei nach BauGB,https://www.berlin.de/gutachterausschuss/marktinformationen/daten-zur-wertermittlung/artikel.174898.php,2290,297456
713,Steglitz-Zehlendorf,200,G - Gewerbe,2026-01-01,,,,Beitragsfrei nach BauGB,,1054,295677
714,Reinickendorf,40,SF-SPO - Sonstige Flächen - Sportfläche,2026-01-01,,,,Beitragsfrei nach BauGB,,40344,295666
715,Pankow,15,SF-KGA - Sonstige Flächen - Kleingartenfläche,2026-01-01,,,,Beitragsfrei nach BauGB,,40457,295614
716,Tempelhof-Schöneberg,3000,M2 - Mischgebiet,2026-01-01,,,3,Beitragsfrei nach BauGB,https://www.berlin.de/gutachterausschuss/marktinformationen/daten-zur-wertermittlung/artikel.174898.php,2434,293991
717,Charlottenburg-Wilmersdorf,500,G - Gewerbe,2026-01-01,,,,Beitragsfrei nach BauGB,,1449,293792
718,Spandau,1600,W - Wohngebiet,2026-01-01,,,3,Beitragsfrei nach BauGB,https://www.berlin.de/gutachterausschuss/marktinformationen/daten-zur-wertermittlung/artikel.174898.php,2592,292979
719,Lichtenberg,20,SF-SN - Sonstige Flächen - Sondernutzungsfläche,2026-01-01,,,,Beitragsfrei nach BauGB,,41071,292396
720,Pankow,350,G - Gewerbe,2026-01-01,,,,Beitragsfrei nach BauGB,,1168,291962
721,Charlottenburg-Wilmersdorf,6500,M2 - Mischgebiet,2026-01-01,,,3,Beitragsfrei nach BauGB,https://www.berlin.de/gutachterausschuss/marktinformationen/daten-zur-wertermittlung/artikel.174898.php,2449,291082
722,Charlottenburg-Wilmersdorf,3500,M1 - Kerngebiet,2026-01-01,,,2.5,Beitragsfrei nach BauGB,https://www.berlin.de/gutachterausschuss/marktinformationen/daten-zur-wertermittlung/artikel.174898.php,2505,290527
723,Reinickendorf,500,G - Gewerbe,2026-01-01,,,,Beitragsfrei nach BauGB,,2362,289870
724,Treptow-Köpenick,470,W - Wohngebiet,2026-01-01,,,0.3,Beitragsfrei nach BauGB,,1288,289710
725,Reinickendorf,20,SF-SN - Sonstige Flächen - Sondernutzungsfläche,2026-01-01,,,,Beitragsfrei nach BauGB,,40395,289454
726,Charlottenburg-Wilmersdorf,15,SF-FH - Sonstige Flächen - Friedhof,2026-01-01,,,,Beitragsfrei nach BauGB,,40141,288083
727,Charlottenburg-Wilmersdorf,20,SF-SN - Sonstige Flächen - Sondernutzungsfläche,2026-01-01,,,,Beitragsfrei nach BauGB,,40142,288083
728,Reinickendorf,3,LF-GR - Flächen der Land-o. Forstwirtschaft - Grünland,2026-01-01,,,,Beitragsfrei nach BauGB,,40911,286011
729,Treptow-Köpenick,510,W - Wohngebiet,2026-01-01,,,0.4,Beitragsfrei nach BauGB,,1229,285704
730,Lichtenberg,610,W - Wohngebiet,2026-01-01,,,0.4,Beitragsfrei nach BauGB,,1446,284579
731,Lichtenberg,500,G - Gewerbe,2026-01-01,,,,Beitragsfrei nach BauGB,,1772,281904
732,Lichtenberg,1400,G - Gewerbe,2026-01-01,,,3,Beitragsfrei nach BauGB,https://www.berlin.de/gutachterausschuss/marktinformationen/daten-zur-wertermittlung/artikel.174898.php,2575,281904
733,Spandau,900,W - Wohngebiet,2026-01-01,,,1.5,Beitragsfrei nach BauGB,https://www.berlin.de/gutachterausschuss/marktinformationen/daten-zur-wertermittlung/artikel.174898.php,2424,280654
734,Charlottenburg-Wilmersdorf,1400,W - Wohngebiet,2026-01-01,,,0.6,Beitragsfrei nach BauGB,,1220,280146
735,Pankow,1100,W - Wohngebiet,2026-01-01,,,1.5,Frei nach BauGB u. StrABG,https://www.berlin.de/gutachterausschuss/marktinformationen/daten-zur-wertermittlung/artikel.174898.php,2569,279805
736,Spandau,450,W - Wohngebiet,2026-01-01,,,0.4,Beitragsfrei nach BauGB,,1431,279686
737,Charlottenburg-Wilmersdorf,2700,W - Wohngebiet,2026-01-01,,,0.4,Beitragsfrei nach BauGB,,2371,278191
738,Tempelhof-Schöneberg,620,W - Wohngebiet,2026-01-01,,,0.4,Beitragsfrei nach BauGB,,1882,277608
739,Spandau,20,SF-SN - Sonstige Flächen - Sondernutzungsfläche,2026-01-01,,,,Beitragsfrei nach BauGB,,40233,277113
740,Spandau,40,SF-SPO - Sonstige Flächen - Sportfläche,2026-01-01,,,,Beitragsfrei nach BauGB,,40234,277113
741,Spandau,350,S-FZT - Sonderbaufläche - Freizeit und Touristik,2026-01-01,,,,Beitragsfrei nach BauGB,,40235,277113
742,Mitte,5500,M2 - Mischgebiet,2026-01-01,,,3.5,Beitragsfrei nach BauGB,https://www.berlin.de/gutachterausschuss/marktinformationen/daten-zur-wertermittlung/artikel.174898.php,1021,276809
743,Reinickendorf,400,G - Gewerbe,2026-01-01,,,,Beitragsfrei nach BauGB,,1419,276297
744,Lichtenberg,3.8,LF-A - Flächen der Land-o. Forstwirtschaft - Acker,2026-01-01,,,,Beitragsfrei nach BauGB,,40881,274796
745,Charlottenburg-Wilmersdorf,1900,W - Wohngebiet,2026-01-01,,,0.4,Beitragsfrei nach BauGB,,2109,274603
746,Mitte,1900,W - Wohngebiet,2026-01-01,,,1.2,Beitragsfrei nach BauGB,https://www.berlin.de/gutachterausschuss/marktinformationen/daten-zur-wertermittlung/artikel.174898.php,1636,273004
747,Reinickendorf,250,G - Gewerbe,2026-01-01,,,,Beitragsfrei nach BauGB,,1297,271736
748,Spandau,15,SF-FH - Sonstige Flächen - Friedhof,2026-01-01,,,,Beitragsfrei nach BauGB,,40287,271411
749,Spandau,600,W - Wohngebiet,2026-01-01,,,1,Beitragsfrei nach BauGB,https://www.berlin.de/gutachterausschuss/marktinformationen/daten-zur-wertermittlung/artikel.174898.php,1281,271177
750,Pankow,280,W - Wohngebiet,2026-01-01,,,0.2,Beitragsfrei nach BauGB,,1705,270726
751,Steglitz-Zehlendorf,340,GB - Gemeinbedarf,2026-01-01,,,,Beitragsfrei nach BauGB,,2270,270637
752,Pankow,950,W - Wohngebiet,2026-01-01,,,0.4,Beitragsfrei nach BauGB,,1586,269924
753,Spandau,200,GB - Gemeinbedarf,2026-01-01,,,,Beitragsfrei nach BauGB,,2517,269156
754,Treptow-Köpenick,850,W - Wohngebiet,2026-01-01,,,1.5,Beitragsfrei nach BauGB,https://www.berlin.de/gutachterausschuss/marktinformationen/daten-zur-wertermittlung/artikel.174898.php,1625,268499
755,Marzahn-Hellersdorf,600,W - Wohngebiet,2026-01-01,,,1.2,Beitragsfrei nach BauGB,https://www.berlin.de/gutachterausschuss/marktinformationen/daten-zur-wertermittlung/artikel.174898.php,1554,268290
756,Mitte,6500,M2 - Mischgebiet,2026-01-01,,,3.5,Beitragsfrei nach BauGB,https://www.berlin.de/gutachterausschuss/marktinformationen/daten-zur-wertermittlung/artikel.174898.php,1038,267932
757,Mitte,6000,W - Wohngebiet,2026-01-01,,,3,Beitragsfrei nach BauGB,https://www.berlin.de/gutachterausschuss/marktinformationen/daten-zur-wertermittlung/artikel.174898.php,1794,267932
758,Spandau,20,SF-SN - Sonstige Flächen - Sondernutzungsfläche,2026-01-01,,,,Beitragsfrei nach BauGB,,40188,267850
759,Lichtenberg,600,W - Wohngebiet,2026-01-01,,,1,Beitragsfrei nach BauGB,https://www.berlin.de/gutachterausschuss/marktinformationen/daten-zur-wertermittlung/artikel.174898.php,1414,267741
760,Spandau,15,SF-KGA - Sonstige Flächen - Kleingartenfläche,2026-01-01,,,,Beitragsfrei nach BauGB,,40259,267047
761,Spandau,80,S-WO - Sonderbaufläche - Wochenendhäuser,2026-01-01,,,,Beitragsfrei nach BauGB,,40260,267047
762,Lichtenberg,20,SF-SN - Sonstige Flächen - Sondernutzungsfläche,2026-01-01,,,,Beitragsfrei nach BauGB,,40553,266350
763,Mitte,8000,M1 - Kerngebiet,2026-01-01,,,4.5,Beitragsfrei nach BauGB,https://www.berlin.de/gutachterausschuss/marktinformationen/daten-zur-wertermittlung/artikel.174898.php,2410,263626
764,Pankow,490,W - Wohngebiet,2026-01-01,,,0.6,Beitragsfrei nach BauGB,,2083,262826
765,Pankow,200,G - Gewerbe,2026-01-01,,,,Beitragsfrei nach BauGB,,1031,262504
766,Spandau,490,W - Wohngebiet,2026-01-01,,,0.4,Beitragsfrei nach BauGB,,1363,262117
767,Steglitz-Zehlendorf,1400,W - Wohngebiet,2026-01-01,,,0.6,Beitragsfrei nach BauGB,,1631,261519
768,Charlottenburg-Wilmersdorf,2200,W - Wohngebiet,2026-01-01,,,0.4,Beitragsfrei nach BauGB,,2076,260888
769,Treptow-Köpenick,670,W - Wohngebiet,2026-01-01,N,Entw,0.4,Beitragsfrei nach BauGB,,2123,260585
770,Spandau,90,GB - Gemeinbedarf,2026-01-01,,,,Beitragsfrei nach BauGB,,2252,259519
771,Mitte,2500,W - Wohngebiet,2026-01-01,,,2.5,Beitragsfrei nach BauGB,https://www.berlin.de/gutachterausschuss/marktinformationen/daten-zur-wertermittlung/artikel.174898.php,2401,259468
772,Marzahn-Hellersdorf,350,G - Gewerbe,2026-01-01,,,,Beitragsfrei nach BauGB,,2344,255579
773,Neukölln,640,W - Wohngebiet,2026-01-01,,,0.6,Beitragsfrei nach BauGB,,1921,255110
774,Steglitz-Zehlendorf,15,SF-KGA - Sonstige Flächen - Kleingartenfläche,2026-01-01,,,,Beitragsfrei nach BauGB,,40085,254499
775,Steglitz-Zehlendorf,530,GB - Gemeinbedarf,2026-01-01,,,,Beitragsfrei nach BauGB,,2266,254310
776,Mitte,600,G - Gewerbe,2026-01-01,,,,Beitragsfrei nach BauGB,,1642,254081
777,Pankow,800,W - Wohngebiet,2026-01-01,,,1,Beitragsfrei nach BauGB,https://www.berlin.de/gutachterausschuss/marktinformationen/daten-zur-wertermittlung/artikel.174898.php,2431,252955
778,Lichtenberg,850,W - Wohngebiet,2026-01-01,,,1.5,Beitragsfrei nach BauGB,https://www.berlin.de/gutachterausschuss/marktinformationen/daten-zur-wertermittlung/artikel.174898.php,1668,251271
779,Treptow-Köpenick,460,W - Wohngebiet,2026-01-01,,,0.3,Beitragsfrei nach BauGB,,1056,250136
780,Friedrichshain-Kreuzberg,1200,G - Gewerbe,2026-01-01,,,,Beitragsfrei nach BauGB,,2094,249991
781,Friedrichshain-Kreuzberg,2500,G - Gewerbe,2026-01-01,,,2.4,Beitragsfrei nach BauGB,,2476,249991
782,Mitte,3600,M2 - Mischgebiet,2026-01-01,SU,San,2.5,Beitragsfrei nach BauGB,https://www.berlin.de/gutachterausschuss/marktinformationen/daten-zur-wertermittlung/artikel.174898.php,2324,249659
783,Spandau,600,W - Wohngebiet,2026-01-01,,,1,Beitragsfrei nach BauGB,https://www.berlin.de/gutachterausschuss/marktinformationen/daten-zur-wertermittlung/artikel.174898.php,1328,248360
784,Spandau,380,W - Wohngebiet,2026-01-01,,,0.4,Beitragsfrei nach BauGB,,2541,248360
785,Steglitz-Zehlendorf,1000,W - Wohngebiet,2026-01-01,,,0.6,Beitragsfrei nach BauGB,,2488,248307
786,Lichtenberg,410,W - Wohngebiet,2026-01-01,,,0.6,Beitragsfrei nach BauGB,,2168,248298
787,Reinickendorf,3.8,LF-A - Flächen der Land-o. Forstwirtschaft - Acker,2026-01-01,,,,Beitragsfrei nach BauGB,,40869,247680
788,Tempelhof-Schöneberg,340,W - Wohngebiet,2026-01-01,,,0.1,Beitragsfrei nach BauGB,,1912,247116
789,Charlottenburg-Wilmersdorf,10000,M1 - Kerngebiet,2026-01-01,,,4.5,Beitragsfrei nach BauGB,https://www.berlin.de/gutachterausschuss/marktinformationen/daten-zur-wertermittlung/artikel.174898.php,2391,246280
790,Treptow-Köpenick,410,W - Wohngebiet,2026-01-01,,,0.5,Beitragsfrei nach BauGB,,2145,246052
791,Lichtenberg,1400,W - Wohngebiet,2026-01-01,,,1,Beitragsfrei nach BauGB,https://www.berlin.de/gutachterausschuss/marktinformationen/daten-zur-wertermittlung/artikel.174898.php,2087,245163
792,Friedrichshain-Kreuzberg,2400,W - Wohngebiet,2026-01-01,,,2.5,Beitragsfrei nach BauGB,https://www.berlin.de/gutachterausschuss/marktinformationen/daten-zur-wertermittlung/artikel.174898.php,2184,245082
793,Treptow-Köpenick,520,W - Wohngebiet,2026-01-01,,,0.5,Beitragsfrei nach BauGB,,1096,244580
794,Spandau,340,W - Wohngebiet,2026-01-01,,,0.4,Beitragsfrei nach BauGB,,1394,244487
795,Lichtenberg,370,W - Wohngebiet,2026-01-01,,,0.4,Beitragsfrei nach BauGB,,1463,244360
796,Treptow-Köpenick,420,W - Wohngebiet,2026-01-01,,,0.4,Beitragsfrei nach BauGB,,1150,244337
797,Reinickendorf,490,W - Wohngebiet,2026-01-01,,,0.6,Beitragsfrei nach BauGB,,2039,243648
798,Reinickendorf,430,W - Wohngebiet,2026-01-01,,,0.4,Beitragsfrei nach BauGB,,2017,243568
799,Reinickendorf,420,W - Wohngebiet,2026-01-01,,,0.4,Beitragsfrei nach BauGB,,2026,243567
800,Pankow,480,W - Wohngebiet,2026-01-01,,,0.3,Beitragsfrei nach BauGB,,2182,243516
801,Mitte,7500,M2 - Mischgebiet,2026-01-01,,,3.5,Beitragsfrei nach BauGB,https://www.berlin.de/gutachterausschuss/marktinformationen/daten-zur-wertermittlung/artikel.174898.php,1802,243139
802,Neukölln,360,W - Wohngebiet,2026-01-01,,,0.1,Beitragsfrei nach BauGB,,2299,243019
803,Tempelhof-Schöneberg,550,W - Wohngebiet,2026-01-01,,,1,Beitragsfrei nach BauGB,https://www.berlin.de/gutachterausschuss/marktinformationen/daten-zur-wertermittlung/artikel.174898.php,1171,241793
804,Treptow-Köpenick,480,W - Wohngebiet,2026-01-01,,,0.4,Beitragsfrei nach BauGB,,1222,240929
805,Mitte,8000,M1 - Kerngebiet,2026-01-01,,,4.5,Beitragsfrei nach BauGB,https://www.berlin.de/gutachterausschuss/marktinformationen/daten-zur-wertermittlung/artikel.174898.php,2295,239483
806,Spandau,20,SF-SN - Sonstige Flächen - Sondernutzungsfläche,2026-01-01,,,,Beitragsfrei nach BauGB,,40274,239042
807,Spandau,280,S-FZT - Sonderbaufläche - Freizeit und Touristik,2026-01-01,,,,Beitragsfrei nach BauGB,,40275,239042
808,Steglitz-Zehlendorf,420,GB - Gemeinbedarf,2026-01-01,,,,Beitragsfrei nach BauGB,,2268,238502
809,Charlottenburg-Wilmersdorf,1800,G - Gewerbe,2026-01-01,,,2,Beitragsfrei nach BauGB,https://www.berlin.de/gutachterausschuss/marktinformationen/daten-zur-wertermittlung/artikel.174898.php,2016,238037
810,Reinickendorf,430,W - Wohngebiet,2026-01-01,,,0.4,Beitragsfrei nach BauGB,,2020,237578
811,Mitte,1700,W - Wohngebiet,2026-01-01,,,2.5,Beitragsfrei nach BauGB,https://www.berlin.de/gutachterausschuss/marktinformationen/daten-zur-wertermittlung/artikel.174898.php,2400,237186
812,Lichtenberg,500,W - Wohngebiet,2026-01-01,,,1,Beitragsfrei nach BauGB,https://www.berlin.de/gutachterausschuss/marktinformationen/daten-zur-wertermittlung/artikel.174898.php,1380,234085
813,Lichtenberg,490,W - Wohngebiet,2026-01-01,,,0.4,Beitragsfrei nach BauGB,,2537,234085
814,Reinickendorf,550,W - Wohngebiet,2026-01-01,,,1,Beitragsfrei nach BauGB,https://www.berlin.de/gutachterausschuss/marktinformationen/daten-zur-wertermittlung/artikel.174898.php,1432,233903
815,Spandau,250,G - Gewerbe,2026-01-01,,,,Beitragsfrei nach BauGB,,1267,233141
816,Neukölln,20,SF-SN - Sonstige Flächen - Sondernutzungsfläche,2026-01-01,,,,Beitragsfrei nach BauGB,,40786,233077
817,Neukölln,280,G - Gewerbliche Baufläche,2026-01-01,,,,Beitragsfrei nach BauGB,,40787,233077
818,Spandau,15,SF-KGA - Sonstige Flächen - Kleingartenfläche,2026-01-01,,,,Beitragsfrei nach BauGB,,40263,233019
819,Spandau,20,SF-SN - Sonstige Flächen - Sondernutzungsfläche,2026-01-01,,,,Beitragsfrei nach BauGB,,40264,233019
820,Steglitz-Zehlendorf,1000,W - Wohngebiet,2026-01-01,,,0.6,Beitragsfrei nach BauGB,,1770,232665
821,Treptow-Köpenick,450,W - Wohngebiet,2026-01-01,,,0.7,Beitragsfrei nach BauGB,,2353,231933
822,Mitte,3000,G - Gewerbe,2026-01-01,,,3,Beitragsfrei nach BauGB,https://www.berlin.de/gutachterausschuss/marktinformationen/daten-zur-wertermittlung/artikel.174898.php,2034,231732
823,Pankow,40,SF-SPO - Sonstige Flächen - Sportfläche,2026-01-01,,,,Beitragsfrei nach BauGB,,40486,230979
824,Charlottenburg-Wilmersdorf,2200,W - Wohngebiet,2026-01-01,,,0.4,Beitragsfrei nach BauGB,,2077,230918
825,Spandau,440,W - Wohngebiet,2026-01-01,,,0.3,Beitragsfrei nach BauGB,,1374,230599
826,Tempelhof-Schöneberg,20,SF-SN - Sonstige Flächen - Sondernutzungsfläche,2026-01-01,,,,Beitragsfrei nach BauGB,,40019,230473
827,Tempelhof-Schöneberg,350,G - Gewerbliche Baufläche,2026-01-01,,,,Beitragsfrei nach BauGB,,40020,230473
828,Lichtenberg,300,GB - Gemeinbedarf,2026-01-01,,,,Beitragsfrei nach BauGB,,2466,230363
829,Lichtenberg,430,W - Wohngebiet,2026-01-01,,,0.4,Beitragsfrei nach BauGB,,1452,230121
830,Charlottenburg-Wilmersdorf,2500,G - Gewerbe,2026-01-01,,,2.5,Beitragsfrei nach BauGB,https://www.berlin.de/gutachterausschuss/marktinformationen/daten-zur-wertermittlung/artikel.174898.php,2040,228451
831,Charlottenburg-Wilmersdorf,4000,W - Wohngebiet,2026-01-01,,,2.5,Beitragsfrei nach BauGB,https://www.berlin.de/gutachterausschuss/marktinformationen/daten-zur-wertermittlung/artikel.174898.php,2523,228451
832,Treptow-Köpenick,250,Gp - Gewerbe produzierend,2026-01-01,EU,Entw,,Beitragsfrei nach BauGB,,1017,228231
833,Treptow-Köpenick,550,G - Gewerbe,2026-01-01,EU,Entw,,Beitragsfrei nach BauGB,,1045,228231
834,Steglitz-Zehlendorf,1700,W - Wohngebiet,2026-01-01,,,0.1,Beitragsfrei nach BauGB,,1607,227613
835,Mitte,1600,W - Wohngebiet,2026-01-01,,,1.5,Beitragsfrei nach BauGB,https://www.berlin.de/gutachterausschuss/marktinformationen/daten-zur-wertermittlung/artikel.174898.php,1694,226628
836,Treptow-Köpenick,900,W - Wohngebiet,2026-01-01,N,Entw,1.5,Beitragsfrei nach BauGB,https://www.berlin.de/gutachterausschuss/marktinformationen/daten-zur-wertermittlung/artikel.174898.php,2336,226067
837,Tempelhof-Schöneberg,600,G - Gewerbe,2026-01-01,,,,Beitragsfrei nach BauGB,https://www.berlin.de/gutachterausschuss/marktinformationen/daten-zur-wertermittlung/artikel.174898.php,1983,225685
838,Mitte,9500,M1 - Kerngebiet,2026-01-01,N,Entw,4.5,Beitragsfrei nach BauGB,https://www.berlin.de/gutachterausschuss/marktinformationen/daten-zur-wertermittlung/artikel.174898.php,2225,225582
839,Pankow,900,W - Wohngebiet,2026-01-01,,,0.6,Beitragsfrei nach BauGB,,1722,225213
840,Mitte,2800,GB - Gemeinbedarf,2026-01-01,,,,Beitragsfrei nach BauGB,,2414,225104
841,Pankow,400,G - Gewerbe,2026-01-01,,,,Beitragsfrei nach BauGB,,1901,224705
842,Mitte,15,SF-FH - Sonstige Flächen - Friedhof,2026-01-01,,,,Beitragsfrei nach BauGB,,40847,224423
843,Mitte,20,SF-SN - Sonstige Flächen - Sondernutzungsfläche,2026-01-01,,,,Beitragsfrei nach BauGB,,40848,224423
844,Spandau,750,G - Gewerbe,2026-01-01,,,,Beitragsfrei nach BauGB,,1978,224303
845,Neukölln,600,W - Wohngebiet,2026-01-01,,,1,Beitragsfrei nach BauGB,https://www.berlin.de/gutachterausschuss/marktinformationen/daten-zur-wertermittlung/artikel.174898.php,1081,223685
846,Pankow,2200,W - Wohngebiet,2026-01-01,,,1.5,Beitragsfrei nach BauGB,https://www.berlin.de/gutachterausschuss/marktinformationen/daten-zur-wertermittlung/artikel.174898.php,2199,223151
847,Pankow,1500,W - Wohngebiet,2026-01-01,,,1,Beitragsfrei nach BauGB,https://www.berlin.de/gutachterausschuss/marktinformationen/daten-zur-wertermittlung/artikel.174898.php,2208,223151
848,Spandau,530,W - Wohngebiet,2026-01-01,,,0.4,Beitragsfrei nach BauGB,,2415,222914
849,Tempelhof-Schöneberg,600,W - Wohngebiet,2026-01-01,,,1,Beitragsfrei nach BauGB,https://www.berlin.de/gutachterausschuss/marktinformationen/daten-zur-wertermittlung/artikel.174898.php,1167,222832
850,Charlottenburg-Wilmersdorf,150,GB - Gemeinbedarf,2026-01-01,,,,Beitragsfrei nach BauGB,,2254,222233
851,Neukölln,500,W - Wohngebiet,2026-01-01,,,0.8,Beitragsfrei nach BauGB,https://www.berlin.de/gutachterausschuss/marktinformationen/daten-zur-wertermittlung/artikel.174898.php,1014,222084
852,Friedrichshain-Kreuzberg,800,G - Gewerbe,2026-01-01,,,,Beitragsfrei nach BauGB,,2452,221340
853,Friedrichshain-Kreuzberg,2500,G - Gewerbe,2026-01-01,,,3,Beitragsfrei nach BauGB,https://www.berlin.de/gutachterausschuss/marktinformationen/daten-zur-wertermittlung/artikel.174898.php,2453,221340
854,Spandau,650,W - Wohngebiet,2026-01-01,,,1.3,Beitragsfrei nach BauGB,https://www.berlin.de/gutachterausschuss/marktinformationen/daten-zur-wertermittlung/artikel.174898.php,1660,219889
855,Spandau,600,W - Wohngebiet,2026-01-01,,,1,Beitragsfrei nach BauGB,https://www.berlin.de/gutachterausschuss/marktinformationen/daten-zur-wertermittlung/artikel.174898.php,1621,219730
856,Treptow-Köpenick,580,W - Wohngebiet,2026-01-01,,,0.4,Beitragsfrei nach BauGB,,1215,219187
857,Reinickendorf,430,W - Wohngebiet,2026-01-01,,,0.6,Beitragsfrei nach BauGB,,2023,218940
858,Treptow-Köpenick,1100,W - Wohngebiet,2026-01-01,,,1.2,Beitragsfrei nach BauGB,https://www.berlin.de/gutachterausschuss/marktinformationen/daten-zur-wertermittlung/artikel.174898.php,1605,218498
859,Steglitz-Zehlendorf,500,W - Wohngebiet,2026-01-01,,,0.8,Beitragsfrei nach BauGB,https://www.berlin.de/gutachterausschuss/marktinformationen/daten-zur-wertermittlung/artikel.174898.php,1063,218231
860,Tempelhof-Schöneberg,0.6,LF-F - Flächen der Land-o. Forstwirtschaft - forstwirtschaftliche Fläche,2026-01-01,,,,Beitragsfrei nach BauGB,,40921,218205
861,Treptow-Köpenick,430,W - Wohngebiet,2026-01-01,,,0.3,Beitragsfrei nach BauGB,,1068,217949
862,Reinickendorf,400,G - Gewerbe,2026-01-01,,,,Beitragsfrei nach BauGB,,1860,217898
863,Mitte,7500,M1 - Kerngebiet,2026-01-01,,,4.5,Beitragsfrei nach BauGB,https://www.berlin.de/gutachterausschuss/marktinformationen/daten-zur-wertermittlung/artikel.174898.php,1088,217873
864,Steglitz-Zehlendorf,1400,W - Wohngebiet,2026-01-01,,,1,Beitragsfrei nach BauGB,https://www.berlin.de/gutachterausschuss/marktinformationen/daten-zur-wertermittlung/artikel.174898.php,1566,217800
865,Steglitz-Zehlendorf,630,GB - Gemeinbedarf,2026-01-01,,,,Beitragsfrei nach BauGB,,2365,217757
866,Mitte,2200,W - Wohngebiet,2026-01-01,,,1,Beitragsfrei nach BauGB,https://www.berlin.de/gutachterausschuss/marktinformationen/daten-zur-wertermittlung/artikel.174898.php,1581,217639
867,Spandau,800,W - Wohngebiet,2026-01-01,,,0.4,Beitragsfrei nach BauGB,,1258,215867
868,Pankow,750,W - Wohngebiet,2026-01-01,,,1.2,Beitragsfrei nach BauGB,https://www.berlin.de/gutachterausschuss/marktinformationen/daten-zur-wertermittlung/artikel.174898.php,2388,214774
869,Spandau,15,SF-KGA - Sonstige Flächen - Kleingartenfläche,2026-01-01,,,,Beitragsfrei nach BauGB,,40249,214193
870,Spandau,20,SF-SN - Sonstige Flächen - Sondernutzungsfläche,2026-01-01,,,,Beitragsfrei nach BauGB,,40250,214193
871,Spandau,40,SF-SPO - Sonstige Flächen - Sportfläche,2026-01-01,,,,Beitragsfrei nach BauGB,,40251,214193
872,Treptow-Köpenick,900,G - Gewerbe,2026-01-01,,,2.4,Beitragsfrei nach BauGB,https://www.berlin.de/gutachterausschuss/marktinformationen/daten-zur-wertermittlung/artikel.174898.php,2283,213405
873,Neukölln,3.8,LF-A - Flächen der Land-o. Forstwirtschaft - Acker,2026-01-01,,,,Beitragsfrei nach BauGB,,40776,213220
874,Marzahn-Hellersdorf,370,W - Wohngebiet,2026-01-01,,,0.2,Beitragsfrei nach BauGB,,1793,211347
875,Steglitz-Zehlendorf,270,GB - Gemeinbedarf,2026-01-01,,,,Beitragsfrei nach BauGB,,2271,211166
876,Pankow,580,W - Wohngebiet,2026-01-01,,,0.6,Beitragsfrei nach BauGB,,1517,211104
877,Reinickendorf,370,W - Wohngebiet,2026-01-01,,,0.2,Beitragsfrei nach BauGB,,2045,210962
878,Mitte,3000,W - Wohngebiet,2026-01-01,,,2.5,Beitragsfrei nach BauGB,https://www.berlin.de/gutachterausschuss/marktinformationen/daten-zur-wertermittlung/artikel.174898.php,1856,210167
879,Charlottenburg-Wilmersdorf,600,G - Gewerbe,2026-01-01,,,,Beitragsfrei nach BauGB,,2230,209323
880,Marzahn-Hellersdorf,300,G - Gewerbe,2026-01-01,,,,Beitragsfrei nach BauGB,,1535,208979
881,Mitte,7500,M2 - Mischgebiet,2026-01-01,,,3.5,Beitragsfrei nach BauGB,https://www.berlin.de/gutachterausschuss/marktinformationen/daten-zur-wertermittlung/artikel.174898.php,1060,208860
882,Spandau,2200,W - Wohngebiet,2026-01-01,,,2.7,Beitragsfrei nach BauGB,https://www.berlin.de/gutachterausschuss/marktinformationen/daten-zur-wertermittlung/artikel.174898.php,2061,208083
883,Treptow-Köpenick,20,SF-SN - Sonstige Flächen - Sondernutzungsfläche,2026-01-01,,,,Beitragsfrei nach BauGB,,40657,207763
884,Tempelhof-Schöneberg,620,W - Wohngebiet,2026-01-01,,,0.6,Beitragsfrei nach BauGB,,1861,207745
885,Spandau,450,W - Wohngebiet,2026-01-01,,,0.4,Beitragsfrei nach BauGB,,1540,207704
886,Spandau,450,G - Gewerbe,2026-01-01,,,,Frei nach BauGB u. StrABG,,2589,206907
887,Spandau,15,SF-KGA - Sonstige Flächen - Kleingartenfläche,2026-01-01,,,,Beitragsfrei nach BauGB,,40270,206793
888,Spandau,20,SF-SN - Sonstige Flächen - Sondernutzungsfläche,2026-01-01,,,,Beitragsfrei nach BauGB,,40271,206793
889,Reinickendorf,190,GB - Gemeinbedarf,2026-01-01,,,,Beitragsfrei nach BauGB,,2248,204349
890,Marzahn-Hellersdorf,430,W - Wohngebiet,2026-01-01,,,0.4,Beitragsfrei nach BauGB,,1746,203366
891,Reinickendorf,0.6,LF-F - Flächen der Land-o. Forstwirtschaft - forstwirtschaftliche Fläche,2026-01-01,,,,Beitragsfrei nach BauGB,,40378,202141
892,Reinickendorf,470,W - Wohngebiet,2026-01-01,,,0.4,Beitragsfrei nach BauGB,,2037,201902
893,Neukölln,15,SF-FH - Sonstige Flächen - Friedhof,2026-01-01,,,,Beitragsfrei nach BauGB,,40768,201215
894,Treptow-Köpenick,1100,W - Wohngebiet,2026-01-01,,,1.5,Beitragsfrei nach BauGB,https://www.berlin.de/gutachterausschuss/marktinformationen/daten-zur-wertermittlung/artikel.174898.php,2211,201124
895,Charlottenburg-Wilmersdorf,950,W - Wohngebiet,2026-01-01,,,0.4,Beitragsfrei nach BauGB,,1124,200301
896,Marzahn-Hellersdorf,350,G - Gewerbe,2026-01-01,,,,Beitragsfrei nach BauGB,,1931,199689
897,Steglitz-Zehlendorf,450,GB - Gemeinbedarf,2026-01-01,,,,Beitragsfrei nach BauGB,,2269,199429
898,Charlottenburg-Wilmersdorf,1100,W - Wohngebiet,2026-01-01,,,1.3,Beitragsfrei nach BauGB,https://www.berlin.de/gutachterausschuss/marktinformationen/daten-zur-wertermittlung/artikel.174898.php,1676,198744
899,Pankow,490,W - Wohngebiet,2026-01-01,,,0.3,Beitragsfrei nach BauGB,,1529,198731
900,Lichtenberg,700,W - Wohngebiet,2026-01-01,,,1,Beitragsfrei nach BauGB,https://www.berlin.de/gutachterausschuss/marktinformationen/daten-zur-wertermittlung/artikel.174898.php,1426,198233
901,Mitte,20,SF-SN - Sonstige Flächen - Sondernutzungsfläche,2026-01-01,,,,Beitragsfrei nach BauGB,,41069,197666
902,Mitte,6000,M1 - Kerngebiet,2026-01-01,,,,Beitragsfrei nach BauGB,,1420,197582
903,Treptow-Köpenick,40,S-WO - Sonderbaufläche - Wochenendhäuser,2026-01-01,,,,Beitragsfrei nach BauGB,,40685,197360
904,Treptow-Köpenick,350,S-FZT - Sonderbaufläche - Freizeit und Touristik,2026-01-01,,,,Beitragsfrei nach BauGB,,40687,197360
905,Steglitz-Zehlendorf,610,W - Wohngebiet,2026-01-01,,,0.4,Beitragsfrei nach BauGB,,1839,197250
906,Neukölln,640,W - Wohngebiet,2026-01-01,,,0.6,Beitragsfrei nach BauGB,,1924,197052
907,Steglitz-Zehlendorf,900,W - Wohngebiet,2026-01-01,,,0.6,Beitragsfrei nach BauGB,,2188,196240
908,Spandau,40,SF-SPO - Sonstige Flächen - Sportfläche,2026-01-01,,,,Beitragsfrei nach BauGB,,40213,196145
909,Neukölln,600,W - Wohngebiet,2026-01-01,,,1,Beitragsfrei nach BauGB,https://www.berlin.de/gutachterausschuss/marktinformationen/daten-zur-wertermittlung/artikel.174898.php,1417,195998
910,Spandau,400,W - Wohngebiet,2026-01-01,,,0.2,Beitragsfrei nach BauGB,,1576,195786
911,Reinickendorf,300,G - Gewerbe,2026-01-01,,,,Beitragsfrei nach BauGB,,1362,195271
912,Spandau,200,G - Gewerbe,2026-01-01,,,,Beitragsfrei nach BauGB,,1178,195176
913,Charlottenburg-Wilmersdorf,0.6,LF-F - Flächen der Land-o. Forstwirtschaft - forstwirtschaftliche Fläche,2026-01-01,,,,Beitragsfrei nach BauGB,,40136,194003
914,Charlottenburg-Wilmersdorf,350,S-FZT - Sonderbaufläche - Freizeit und Touristik,2026-01-01,,,,Beitragsfrei nach BauGB,,40138,194003
915,Tempelhof-Schöneberg,680,W - Wohngebiet,2026-01-01,,,0.4,Beitragsfrei nach BauGB,,1870,193585
916,Treptow-Köpenick,15,SF-KGA - Sonstige Flächen - Kleingartenfläche,2026-01-01,,,,Beitragsfrei nach BauGB,,40710,193583
917,Treptow-Köpenick,600,S-WO - Sonderbaufläche - Wochenendhäuser,2026-01-01,,,,Beitragsfrei nach BauGB,,40684,193486
918,Charlottenburg-Wilmersdorf,670,W - Wohngebiet,2026-01-01,,,0.4,Beitragsfrei nach BauGB,,1139,192758
919,Reinickendorf,15,SF-KGA - Sonstige Flächen - Kleingartenfläche,2026-01-01,,,,Beitragsfrei nach BauGB,,40330,192061
920,Reinickendorf,40,S-WO - Sonderbaufläche - Wochenendhäuser,2026-01-01,,,,Beitragsfrei nach BauGB,,40331,192061
921,Charlottenburg-Wilmersdorf,20,SF-SN - Sonstige Flächen - Sondernutzungsfläche,2026-01-01,,,,Beitragsfrei nach BauGB,,40126,191741
922,Marzahn-Hellersdorf,430,W - Wohngebiet,2026-01-01,,,0.4,Beitragsfrei nach BauGB,,1733,191468
923,Tempelhof-Schöneberg,15,SF-FH - Sonstige Flächen - Friedhof,2026-01-01,,,,Beitragsfrei nach BauGB,,40016,191074
924,Tempelhof-Schöneberg,20,SF-SN - Sonstige Flächen - Sondernutzungsfläche,2026-01-01,,,,Beitragsfrei nach BauGB,,40017,191074
925,Steglitz-Zehlendorf,950,W - Wohngebiet,2026-01-01,,,0.4,Beitragsfrei nach BauGB,,1702,190171
926,Lichtenberg,470,W - Wohngebiet,2026-01-01,,,0.4,Beitragsfrei nach BauGB,,1401,188674
927,Tempelhof-Schöneberg,1800,G - Gewerbe,2026-01-01,,,2,Beitragsfrei nach BauGB,,1812,188315
928,Spandau,20,SF-SN - Sonstige Flächen - Sondernutzungsfläche,2026-01-01,,,,Beitragsfrei nach BauGB,,40307,187530
929,Spandau,40,S-WO - Sonderbaufläche - Wochenendhäuser,2026-01-01,,,,Beitragsfrei nach BauGB,,40308,187530
930,Spandau,340,W - Wohngebiet,2026-01-01,,,0.4,Beitragsfrei nach BauGB,,1450,187402
931,Marzahn-Hellersdorf,360,W - Wohngebiet,2026-01-01,,,0.4,Beitragsfrei nach BauGB,,1769,186972
932,Pankow,900,W - Wohngebiet,2026-01-01,,,1,Beitragsfrei nach BauGB,https://www.berlin.de/gutachterausschuss/marktinformationen/daten-zur-wertermittlung/artikel.174898.php,2058,186446
933,Lichtenberg,360,W - Wohngebiet,2026-01-01,,,0.4,Beitragsfrei nach BauGB,,1507,185951
934,Mitte,8500,M1 - Kerngebiet,2026-01-01,,,4.5,Beitragsfrei nach BauGB,https://www.berlin.de/gutachterausschuss/marktinformationen/daten-zur-wertermittlung/artikel.174898.php,1151,185349
935,Spandau,1200,W - Wohngebiet,2026-01-01,,,2,Beitragsfrei nach BauGB,https://www.berlin.de/gutachterausschuss/marktinformationen/daten-zur-wertermittlung/artikel.174898.php,1725,184839
936,Treptow-Köpenick,800,W - Wohngebiet,2026-01-01,,,0.8,Beitragsfrei nach BauGB,https://www.berlin.de/gutachterausschuss/marktinformationen/daten-zur-wertermittlung/artikel.174898.php,1253,183875
937,Friedrichshain-Kreuzberg,20,SF-SN - Sonstige Flächen - Sondernutzungsfläche,2026-01-01,,,,Beitragsfrei nach BauGB,,40823,183823
938,Spandau,3,LF-GR - Flächen der Land-o. Forstwirtschaft - Grünland,2026-01-01,,,,Beitragsfrei nach BauGB,,40278,183711
939,Spandau,15,SF-KGA - Sonstige Flächen - Kleingartenfläche,2026-01-01,,,,Beitragsfrei nach BauGB,,40279,183711
940,Spandau,280,G-FZT - Gewerbliche Baufläche - Freizeit und Touristik,2026-01-01,,,,Beitragsfrei nach BauGB,,40280,183711
941,Charlottenburg-Wilmersdorf,14000,M1 - Kerngebiet,2026-01-01,,,4.5,Beitragsfrei nach BauGB,https://www.berlin.de/gutachterausschuss/marktinformationen/daten-zur-wertermittlung/artikel.174898.php,1278,183530
942,Reinickendorf,370,W - Wohngebiet,2026-01-01,,,0.2,Beitragsfrei nach BauGB,,2050,182423
943,Marzahn-Hellersdorf,180,GB - Gemeinbedarf,2026-01-01,,,,Beitragsfrei nach BauGB,,2516,182251
944,Spandau,15,SF-KGA - Sonstige Flächen - Kleingartenfläche,2026-01-01,,,,Beitragsfrei nach BauGB,,40237,182249
945,Spandau,40,SF-SPO - Sonstige Flächen - Sportfläche,2026-01-01,,,,Beitragsfrei nach BauGB,,40239,182249
946,Marzahn-Hellersdorf,300,G - Gewerbe,2026-01-01,,,,Beitragsfrei nach BauGB,,2092,182060
947,Steglitz-Zehlendorf,850,W - Wohngebiet,2026-01-01,,,0.4,Beitragsfrei nach BauGB,,2090,180967
948,Pankow,600,W - Wohngebiet,2026-01-01,,,1,Beitragsfrei nach BauGB,https://www.berlin.de/gutachterausschuss/marktinformationen/daten-zur-wertermittlung/artikel.174898.php,1495,180561
949,Pankow,500,W - Wohngebiet,2026-01-01,,,0.4,Beitragsfrei nach BauGB,,1639,180426
950,Tempelhof-Schöneberg,1200,G - Gewerbe,2026-01-01,,,2,Beitragsfrei nach BauGB,https://www.berlin.de/gutachterausschuss/marktinformationen/daten-zur-wertermittlung/artikel.174898.php,1995,180134
951,Spandau,900,W - Wohngebiet,2026-01-01,,,1,Beitragsfrei nach BauGB,https://www.berlin.de/gutachterausschuss/marktinformationen/daten-zur-wertermittlung/artikel.174898.php,2202,179950
952,Neukölln,550,W - Wohngebiet,2026-01-01,,,0.4,Beitragsfrei nach BauGB,,1950,179762
953,Steglitz-Zehlendorf,350,G - Gewerbe,2026-01-01,,,,Beitragsfrei nach BauGB,,1885,179457
954,Tempelhof-Schöneberg,800,G - Gewerbe,2026-01-01,,,,Beitragsfrei nach BauGB,,2159,179206
955,Mitte,7000,M1 - Kerngebiet,2026-01-01,,,4.5,Beitragsfrei nach BauGB,https://www.berlin.de/gutachterausschuss/marktinformationen/daten-zur-wertermittlung/artikel.174898.php,1115,179055
956,Mitte,4000,W - Wohngebiet,2026-01-01,,,2.5,Beitragsfrei nach BauGB,https://www.berlin.de/gutachterausschuss/marktinformationen/daten-zur-wertermittlung/artikel.174898.php,1880,179055
957,Steglitz-Zehlendorf,650,W - Wohngebiet,2026-01-01,,,1,Beitragsfrei nach BauGB,https://www.berlin.de/gutachterausschuss/marktinformationen/daten-zur-wertermittlung/artikel.174898.php,1337,178950
958,Tempelhof-Schöneberg,800,W - Wohngebiet,2026-01-01,,,1.3,Beitragsfrei nach BauGB,https://www.berlin.de/gutachterausschuss/marktinformationen/daten-zur-wertermittlung/artikel.174898.php,1671,178455
959,Spandau,3.8,LF-A - Flächen der Land-o. Forstwirtschaft - Acker,2026-01-01,,,,Beitragsfrei nach BauGB,,40862,178081
960,Neukölln,570,W - Wohngebiet,2026-01-01,,,0.6,Beitragsfrei nach BauGB,,1932,177922
961,Friedrichshain-Kreuzberg,20,SF-SN - Sonstige Flächen - Sondernutzungsfläche,2026-01-01,,,,Beitragsfrei nach BauGB,,40811,177868
962,Pankow,200,G - Gewerbe,2026-01-01,,,,Beitragsfrei nach BauGB,,1693,176935
963,Tempelhof-Schöneberg,500,G - Gewerbe,2026-01-01,,,,Beitragsfrei nach BauGB,,1662,176859
964,Tempelhof-Schöneberg,620,W - Wohngebiet,2026-01-01,,,0.4,Beitragsfrei nach BauGB,,1876,176668
965,Spandau,650,W - Wohngebiet,2026-01-01,,,1.3,Beitragsfrei nach BauGB,https://www.berlin.de/gutachterausschuss/marktinformationen/daten-zur-wertermittlung/artikel.174898.php,1657,176370
966,Mitte,850,W - Wohngebiet,2026-01-01,,,1,Beitragsfrei nach BauGB,https://www.berlin.de/gutachterausschuss/marktinformationen/daten-zur-wertermittlung/artikel.174898.php,1391,175758
967,Pankow,950,W - Wohngebiet,2026-01-01,,,0.4,Beitragsfrei nach BauGB,,1589,175634
968,Mitte,3000,G - Gewerbe,2026-01-01,,,3,Beitragsfrei nach BauGB,https://www.berlin.de/gutachterausschuss/marktinformationen/daten-zur-wertermittlung/artikel.174898.php,2021,175202
969,Treptow-Köpenick,400,W - Wohngebiet,2026-01-01,,,0.7,Beitragsfrei nach BauGB,,1057,173774
970,Lichtenberg,15,SF-KGA - Sonstige Flächen - Kleingartenfläche,2026-01-01,,,,Beitragsfrei nach BauGB,,40551,173591
971,Lichtenberg,360,G - Gewerbliche Baufläche,2026-01-01,,,,Beitragsfrei nach BauGB,,40552,173591
972,Neukölln,210,GB - Gemeinbedarf,2026-01-01,,,,Beitragsfrei nach BauGB,,2273,173114
973,Treptow-Köpenick,320,W - Wohngebiet,2026-01-01,,,0.3,Beitragsfrei nach BauGB,,1317,173076
974,Mitte,15,SF-KGA - Sonstige Flächen - Kleingartenfläche,2026-01-01,,,,Beitragsfrei nach BauGB,,40831,172369
975,Spandau,1200,W - Wohngebiet,2026-01-01,,,2,Beitragsfrei nach BauGB,https://www.berlin.de/gutachterausschuss/marktinformationen/daten-zur-wertermittlung/artikel.174898.php,1741,171381
976,Treptow-Köpenick,0.6,LF-F - Flächen der Land-o. Forstwirtschaft - forstwirtschaftliche Fläche,2026-01-01,,,,Beitragsfrei nach BauGB,,41046,171269
977,Spandau,270,W - Wohngebiet,2026-01-01,,,0.2,Beitragsfrei nach BauGB,,1555,171073
978,Marzahn-Hellersdorf,250,G - Gewerbe,2026-01-01,,,,Beitragsfrei nach BauGB,,2280,170933
979,Friedrichshain-Kreuzberg,1200,GB - Gemeinbedarf,2026-01-01,,,,Beitragsfrei nach BauGB,,2584,170616
980,Reinickendorf,15,SF-KGA - Sonstige Flächen - Kleingartenfläche,2026-01-01,,,,Beitragsfrei nach BauGB,,40369,170208
981,Reinickendorf,20,SF-SN - Sonstige Flächen - Sondernutzungsfläche,2026-01-01,,,,Beitragsfrei nach BauGB,,40370,170208
982,Reinickendorf,3.8,LF-A - Flächen der Land-o. Forstwirtschaft - Acker,2026-01-01,,,,Beitragsfrei nach BauGB,,40371,170208
983,Pankow,480,W - Wohngebiet,2026-01-01,,,0.4,Beitragsfrei nach BauGB,,1682,169308
984,Lichtenberg,350,G - Gewerbe,2026-01-01,,,,Beitragsfrei nach BauGB,,1871,168446
985,Tempelhof-Schöneberg,500,G - Gewerbe,2026-01-01,,,,Beitragsfrei nach BauGB,,1549,168212
986,Tempelhof-Schöneberg,15,SF-FH - Sonstige Flächen - Friedhof,2026-01-01,,,,Beitragsfrei nach BauGB,,40013,168175
987,Treptow-Köpenick,350,G - Gewerbe,2026-01-01,,,,Beitragsfrei nach BauGB,,2162,167945
988,Pankow,15,SF-FH - Sonstige Flächen - Friedhof,2026-01-01,,,,Beitragsfrei nach BauGB,,40495,166307
989,Spandau,160,GB - Gemeinbedarf,2026-01-01,,,,Beitragsfrei nach BauGB,,2247,166117
990,Spandau,550,W - Wohngebiet,2026-01-01,,,1,Beitragsfrei nach BauGB,https://www.berlin.de/gutachterausschuss/marktinformationen/daten-zur-wertermittlung/artikel.174898.php,1270,165765
991,Treptow-Köpenick,900,G - Gewerbe,2026-01-01,N,Entw,1.6,Beitragsfrei nach BauGB,,2118,165361
992,Treptow-Köpenick,600,G - Gewerbe,2026-01-01,N,Entw,,Beitragsfrei nach BauGB,,2119,165361
993,Pankow,800,W - Wohngebiet,2026-01-01,,,1.2,Beitragsfrei nach BauGB,https://www.berlin.de/gutachterausschuss/marktinformationen/daten-zur-wertermittlung/artikel.174898.php,1587,164881
994,Steglitz-Zehlendorf,450,G - Gewerbe,2026-01-01,,,,Beitragsfrei nach BauGB,,1925,164809
995,Steglitz-Zehlendorf,1300,W - Wohngebiet,2026-01-01,,,0.2,Beitragsfrei nach BauGB,,1620,164665
996,Treptow-Köpenick,550,W - Wohngebiet,2026-01-01,,,0.3,Beitragsfrei nach BauGB,,1259,163351
997,Reinickendorf,450,W - Wohngebiet,2026-01-01,,,0.4,Beitragsfrei nach BauGB,,2112,163274
998,Pankow,1200,GB - Gemeinbedarf,2026-01-01,,,,Beitragsfrei nach BauGB,,2260,163061
999,Treptow-Köpenick,390,W - Wohngebiet,2026-01-01,,,0.3,Beitragsfrei nach BauGB,,1082,163000
1000,Spandau,340,W - Wohngebiet,2026-01-01,,,0.2,Beitragsfrei nach BauGB,,1568,162684
1001,Lichtenberg,200,G - Gewerbe,2026-01-01,,,,Beitragsfrei nach BauGB,,1759,162640
1002,Tempelhof-Schöneberg,800,G - Gewerbe,2026-01-01,,,,Beitragsfrei nach BauGB,,2084,162568
1003,Charlottenburg-Wilmersdorf,1800,G - Gewerbe,2026-01-01,,,2.5,Beitragsfrei nach BauGB,https://www.berlin.de/gutachterausschuss/marktinformationen/daten-zur-wertermittlung/artikel.174898.php,2007,162543
1004,Steglitz-Zehlendorf,850,W - Wohngebiet,2026-01-01,,,0.6,Beitragsfrei nach BauGB,,1698,162489
1005,Spandau,450,W - Wohngebiet,2026-01-01,,,0.2,Beitragsfrei nach BauGB,,1518,162003
1006,Steglitz-Zehlendorf,1600,W - Wohngebiet,2026-01-01,,,0.2,Beitragsfrei nach BauGB,,1602,161609
1007,Mitte,15,SF-FH - Sonstige Flächen - Friedhof,2026-01-01,,,,Beitragsfrei nach BauGB,,40830,161265
1008,Steglitz-Zehlendorf,750,W - Wohngebiet,2026-01-01,,,0.6,Beitragsfrei nach BauGB,,1818,160451
1009,Tempelhof-Schöneberg,15,SF-KGA - Sonstige Flächen - Kleingartenfläche,2026-01-01,,,,Beitragsfrei nach BauGB,,40012,159712
1010,Treptow-Köpenick,2000,G - Gewerbe,2026-01-01,,,2,Beitragsfrei nach BauGB,https://www.berlin.de/gutachterausschuss/marktinformationen/daten-zur-wertermittlung/artikel.174898.php,2002,159320
1011,Spandau,0.6,LF-F - Flächen der Land-o. Forstwirtschaft - forstwirtschaftliche Fläche,2026-01-01,,,,Beitragsfrei nach BauGB,,40973,159242
1012,Pankow,340,W - Wohngebiet,2026-01-01,,,0.4,Beitragsfrei nach BauGB,,1669,159008
1013,Charlottenburg-Wilmersdorf,400,GB - Gemeinbedarf,2026-01-01,,,,Beitragsfrei nach BauGB,,2255,158806
1014,Pankow,700,G - Gewerbe,2026-01-01,,,,Beitragsfrei nach BauGB,,2198,158494
1015,Pankow,500,G - Gewerbe,2026-01-01,,,,Beitragsfrei nach BauGB,,1939,158148
1016,Reinickendorf,15,SF-FH - Sonstige Flächen - Friedhof,2026-01-01,,,,Beitragsfrei nach BauGB,,40416,157927
1017,Pankow,360,W - Wohngebiet,2026-01-01,,,0.6,Beitragsfrei nach BauGB,,1649,157861
1018,Friedrichshain-Kreuzberg,2500,G - Gewerbe,2026-01-01,,,2,Beitragsfrei nach BauGB,https://www.berlin.de/gutachterausschuss/marktinformationen/daten-zur-wertermittlung/artikel.174898.php,1907,157605
1019,Steglitz-Zehlendorf,1400,W - Wohngebiet,2026-01-01,,,0.6,Beitragsfrei nach BauGB,,2395,157419
1020,Reinickendorf,1300,W - Wohngebiet,2026-01-01,,,1,Beitragsfrei nach BauGB,https://www.berlin.de/gutachterausschuss/marktinformationen/daten-zur-wertermittlung/artikel.174898.php,1504,157301
1021,Steglitz-Zehlendorf,450,G - Gewerbe,2026-01-01,,,,Beitragsfrei nach BauGB,,1594,156938
1022,Pankow,550,W - Wohngebiet,2026-01-01,,,0.8,Beitragsfrei nach BauGB,https://www.berlin.de/gutachterausschuss/marktinformationen/daten-zur-wertermittlung/artikel.174898.php,2386,156360
1023,Lichtenberg,1200,W - Wohngebiet,2026-01-01,,,2,Beitragsfrei nach BauGB,https://www.berlin.de/gutachterausschuss/marktinformationen/daten-zur-wertermittlung/artikel.174898.php,2461,155881
1024,Neukölln,350,W - Wohngebiet,2026-01-01,,,0.1,Beitragsfrei nach BauGB,,1958,155652
1025,Treptow-Köpenick,1000,W - Wohngebiet,2026-01-01,,,1,Beitragsfrei nach BauGB,https://www.berlin.de/gutachterausschuss/marktinformationen/daten-zur-wertermittlung/artikel.174898.php,2515,155318
1026,Reinickendorf,710,W - Wohngebiet,2026-01-01,,,0.4,Beitragsfrei nach BauGB,,1987,154978
1027,Reinickendorf,370,W - Wohngebiet,2026-01-01,,,0.6,Beitragsfrei nach BauGB,,2043,154956
1028,Tempelhof-Schöneberg,340,W - Wohngebiet,2026-01-01,,,0.1,Beitragsfrei nach BauGB,,1911,154747
1029,Pankow,2700,W - Wohngebiet,2026-01-01,,,2.5,Beitragsfrei nach BauGB,https://www.berlin.de/gutachterausschuss/marktinformationen/daten-zur-wertermittlung/artikel.174898.php,2308,153438
1030,Marzahn-Hellersdorf,1100,M2 - Mischgebiet,2026-01-01,,,2,Beitragsfrei nach BauGB,https://www.berlin.de/gutachterausschuss/marktinformationen/daten-zur-wertermittlung/artikel.174898.php,1251,152408
1031,Friedrichshain-Kreuzberg,2200,W - Wohngebiet,2026-01-01,,,1,Beitragsfrei nach BauGB,https://www.berlin.de/gutachterausschuss/marktinformationen/daten-zur-wertermittlung/artikel.174898.php,1085,152018
1032,Marzahn-Hellersdorf,510,W - Wohngebiet,2026-01-01,,,0.6,Beitragsfrei nach BauGB,,1814,151698
1033,Neukölln,680,W - Wohngebiet,2026-01-01,,,0.4,Beitragsfrei nach BauGB,,1923,151583
1034,Tempelhof-Schöneberg,350,G - Gewerbe,2026-01-01,,,,Beitragsfrei nach BauGB,,1887,151447
1035,Tempelhof-Schöneberg,800,W - Wohngebiet,2026-01-01,,,0.6,Beitragsfrei nach BauGB,,1915,150457
1036,Steglitz-Zehlendorf,250,G - Gewerbe,2026-01-01,,,,Beitragsfrei nach BauGB,,2363,150352
1037,Pankow,5000,M2 - Mischgebiet,2026-01-01,,,3,Beitragsfrei nach BauGB,https://www.berlin.de/gutachterausschuss/marktinformationen/daten-zur-wertermittlung/artikel.174898.php,2579,149716
1038,Spandau,490,W - Wohngebiet,2026-01-01,,,0.5,Frei nach BauGB u. StrABG,,2566,149630
1039,Lichtenberg,3,LF-GR - Flächen der Land-o. Forstwirtschaft - Grünland,2026-01-01,,,,Beitragsfrei nach BauGB,,40918,149603
1040,Treptow-Köpenick,550,W - Wohngebiet,2026-01-01,,,0.8,Beitragsfrei nach BauGB,https://www.berlin.de/gutachterausschuss/marktinformationen/daten-zur-wertermittlung/artikel.174898.php,1223,149498
1041,Charlottenburg-Wilmersdorf,2200,W - Wohngebiet,2026-01-01,,,2,Beitragsfrei nach BauGB,https://www.berlin.de/gutachterausschuss/marktinformationen/daten-zur-wertermittlung/artikel.174898.php,1816,149204
1042,Steglitz-Zehlendorf,1800,W - Wohngebiet,2026-01-01,,,0.2,Beitragsfrei nach BauGB,,1598,149041
1043,Marzahn-Hellersdorf,350,W - Wohngebiet,2026-01-01,,,0.2,Beitragsfrei nach BauGB,,1830,147599
1044,Steglitz-Zehlendorf,1000,W - Wohngebiet,2026-01-01,,,1,Beitragsfrei nach BauGB,https://www.berlin.de/gutachterausschuss/marktinformationen/daten-zur-wertermittlung/artikel.174898.php,1520,147312
1045,Reinickendorf,380,W - Wohngebiet,2026-01-01,,,0.4,Beitragsfrei nach BauGB,,2035,146944
1046,Treptow-Köpenick,850,W - Wohngebiet,2026-01-01,,,1.5,Beitragsfrei nach BauGB,https://www.berlin.de/gutachterausschuss/marktinformationen/daten-zur-wertermittlung/artikel.174898.php,2514,146336
1047,Treptow-Köpenick,460,W - Wohngebiet,2026-01-01,,,0.4,Beitragsfrei nach BauGB,,1264,146101
1048,Tempelhof-Schöneberg,2800,W - Wohngebiet,2026-01-01,,,3,Beitragsfrei nach BauGB,https://www.berlin.de/gutachterausschuss/marktinformationen/daten-zur-wertermittlung/artikel.174898.php,1900,145374
1049,Charlottenburg-Wilmersdorf,16000,M1 - Kerngebiet,2026-01-01,,,4.5,Beitragsfrei nach BauGB,https://www.berlin.de/gutachterausschuss/marktinformationen/daten-zur-wertermittlung/artikel.174898.php,1316,144162
1050,Mitte,1500,G - Gewerbe,2026-01-01,,,2,Beitragsfrei nach BauGB,,1655,143888
1051,Steglitz-Zehlendorf,250,G - Gewerbe,2026-01-01,,,,Beitragsfrei nach BauGB,,1213,143589
1052,Steglitz-Zehlendorf,640,W - Wohngebiet,2026-01-01,,,0.4,Beitragsfrei nach BauGB,,1721,143580
1053,Treptow-Köpenick,180,W - Wohngebiet,2026-01-01,,,0.2,Beitragsfrei nach BauGB,,1389,143433
1054,Lichtenberg,1100,W - Wohngebiet,2026-01-01,,,1.8,Beitragsfrei nach BauGB,https://www.berlin.de/gutachterausschuss/marktinformationen/daten-zur-wertermittlung/artikel.174898.php,2444,143430
1055,Charlottenburg-Wilmersdorf,7000,M1 - Kerngebiet,2026-01-01,,,4.5,Beitragsfrei nach BauGB,https://www.berlin.de/gutachterausschuss/marktinformationen/daten-zur-wertermittlung/artikel.174898.php,2448,143070
1056,Neukölln,300,G - Gewerbe,2026-01-01,,,,Beitragsfrei nach BauGB,,1715,142416
1057,Tempelhof-Schöneberg,600,W - Wohngebiet,2026-01-01,,,1,Beitragsfrei nach BauGB,https://www.berlin.de/gutachterausschuss/marktinformationen/daten-zur-wertermittlung/artikel.174898.php,1344,141670
1058,Steglitz-Zehlendorf,400,G - Gewerbe,2026-01-01,,,,Beitragsfrei nach BauGB,,1584,141185
1059,Steglitz-Zehlendorf,20,SF-SN - Sonstige Flächen - Sondernutzungsfläche,2026-01-01,,,,Beitragsfrei nach BauGB,,40068,141030
1060,Mitte,20,SF-SN - Sonstige Flächen - Sondernutzungsfläche,2026-01-01,SU,San,,Beitragsfrei nach BauGB,,40839,139784
1061,Pankow,150,G - Gewerbe,2026-01-01,,,,Beitragsfrei nach BauGB,,2313,139670
1062,Charlottenburg-Wilmersdorf,40,SF-SPO - Sonstige Flächen - Sportfläche,2026-01-01,,,,Beitragsfrei nach BauGB,,40123,139070
1063,Spandau,900,W - Wohngebiet,2026-01-01,,,1.5,Beitragsfrei nach BauGB,https://www.berlin.de/gutachterausschuss/marktinformationen/daten-zur-wertermittlung/artikel.174898.php,2446,139023
1064,Treptow-Köpenick,500,G - Gewerbe,2026-01-01,,,,Beitragsfrei nach BauGB,,1763,138816
1065,Spandau,1000,W - Wohngebiet,2026-01-01,,,2,Beitragsfrei nach BauGB,https://www.berlin.de/gutachterausschuss/marktinformationen/daten-zur-wertermittlung/artikel.174898.php,1719,138465
1066,Lichtenberg,1100,M2 - Mischgebiet,2026-01-01,,,2,Beitragsfrei nach BauGB,https://www.berlin.de/gutachterausschuss/marktinformationen/daten-zur-wertermittlung/artikel.174898.php,1237,138192
1067,Mitte,8000,M1 - Kerngebiet,2026-01-01,,,4.5,Beitragsfrei nach BauGB,https://www.berlin.de/gutachterausschuss/marktinformationen/daten-zur-wertermittlung/artikel.174898.php,2462,137950
1068,Charlottenburg-Wilmersdorf,1500,W - Wohngebiet,2026-01-01,,,1,Beitragsfrei nach BauGB,https://www.berlin.de/gutachterausschuss/marktinformationen/daten-zur-wertermittlung/artikel.174898.php,1578,137825
1069,Pankow,750,G - Gewerbe,2026-01-01,SU,San,,Beitragsfrei nach BauGB,,2554,137566
1070,Lichtenberg,20,SF-SN - Sonstige Flächen - Sondernutzungsfläche,2026-01-01,,,,Beitragsfrei nach BauGB,,40505,136696
1071,Charlottenburg-Wilmersdorf,1400,W - Wohngebiet,2026-01-01,,,0.4,Beitragsfrei nach BauGB,,1075,136134
1072,Tempelhof-Schöneberg,0.6,LF-F - Flächen der Land-o. Forstwirtschaft - forstwirtschaftliche Fläche,2026-01-01,,,,Beitragsfrei nach BauGB,,40920,135535
1073,Spandau,650,W - Wohngebiet,2026-01-01,,,1,Beitragsfrei nach BauGB,https://www.berlin.de/gutachterausschuss/marktinformationen/daten-zur-wertermittlung/artikel.174898.php,2428,135188
1074,Marzahn-Hellersdorf,460,W - Wohngebiet,2026-01-01,,,0.4,Beitragsfrei nach BauGB,,2166,135104
1075,Steglitz-Zehlendorf,950,W - Wohngebiet,2026-01-01,,,0.4,Beitragsfrei nach BauGB,,1646,134007
1076,Spandau,900,W - Wohngebiet,2026-01-01,,,1.5,Beitragsfrei nach BauGB,https://www.berlin.de/gutachterausschuss/marktinformationen/daten-zur-wertermittlung/artikel.174898.php,2463,133908
1077,Pankow,15,SF-KGA - Sonstige Flächen - Kleingartenfläche,2026-01-01,,,,Beitragsfrei nach BauGB,,40500,133755
1078,Pankow,15,SF-FH - Sonstige Flächen - Friedhof,2026-01-01,,,,Beitragsfrei nach BauGB,,40501,133755
1079,Treptow-Köpenick,220,GB - Gemeinbedarf,2026-01-01,,,,Beitragsfrei nach BauGB,,2469,132781
1080,Reinickendorf,340,W - Wohngebiet,2026-01-01,,,0.2,Beitragsfrei nach BauGB,,2047,132779
1081,Reinickendorf,250,S-WO - Sonderbaufläche - Wochenendhäuser,2026-01-01,,,,Beitragsfrei nach BauGB,,40380,132676
1082,Lichtenberg,1200,W - Wohngebiet,2026-01-01,,,2,Beitragsfrei nach BauGB,https://www.berlin.de/gutachterausschuss/marktinformationen/daten-zur-wertermittlung/artikel.174898.php,2459,132664
1083,Treptow-Köpenick,600,G - Gewerbe,2026-01-01,N,Entw,,Beitragsfrei nach BauGB,,2337,132426
1084,Treptow-Köpenick,800,G - Gewerbe,2026-01-01,N,Entw,1.6,Beitragsfrei nach BauGB,,2361,132426
1085,Spandau,1000,W - Wohngebiet,2026-01-01,,,2,Beitragsfrei nach BauGB,https://www.berlin.de/gutachterausschuss/marktinformationen/daten-zur-wertermittlung/artikel.174898.php,1738,132069
1086,Spandau,380,W - Wohngebiet,2026-01-01,,,0.4,Beitragsfrei nach BauGB,,2563,132069
1087,Treptow-Köpenick,500,W - Wohngebiet,2026-01-01,,,1,Beitragsfrei nach BauGB,https://www.berlin.de/gutachterausschuss/marktinformationen/daten-zur-wertermittlung/artikel.174898.php,2191,131884
1088,Pankow,800,W - Wohngebiet,2026-01-01,,,1,Beitragsfrei nach BauGB,https://www.berlin.de/gutachterausschuss/marktinformationen/daten-zur-wertermittlung/artikel.174898.php,2430,131588
1089,Pankow,580,W - Wohngebiet,2026-01-01,,,0.4,Beitragsfrei nach BauGB,,2547,131588
1090,Reinickendorf,15,LF-EGA - Flächen der Land-o. Forstwirtschaft - Erwerbsgartenbaufläche,2026-01-01,,,,Beitragsfrei nach BauGB,,40883,130932
1091,Spandau,490,W - Wohngebiet,2026-01-01,,,0.4,Beitragsfrei nach BauGB,,1359,130648
1092,Mitte,6000,W - Wohngebiet,2026-01-01,,,4.5,Beitragsfrei nach BauGB,https://www.berlin.de/gutachterausschuss/marktinformationen/daten-zur-wertermittlung/artikel.174898.php,1810,130117
1093,Steglitz-Zehlendorf,1700,W - Wohngebiet,2026-01-01,,,0.4,Beitragsfrei nach BauGB,,1745,130056
1094,Treptow-Köpenick,300,G - Gewerbe,2026-01-01,,,,Beitragsfrei nach BauGB,,1395,130001
1095,Steglitz-Zehlendorf,15,SF-KGA - Sonstige Flächen - Kleingartenfläche,2026-01-01,,,,Beitragsfrei nach BauGB,,40090,129937
1096,Treptow-Köpenick,320,W - Wohngebiet,2026-01-01,,,0.2,Beitragsfrei nach BauGB,,1357,129929
1097,Spandau,2000,M1 - Kerngebiet,2026-01-01,,,2.5,Beitragsfrei nach BauGB,https://www.berlin.de/gutachterausschuss/marktinformationen/daten-zur-wertermittlung/artikel.174898.php,1383,129759
1098,Treptow-Köpenick,20,SF-SN - Sonstige Flächen - Sondernutzungsfläche,2026-01-01,EU,Entw,,Beitragsfrei nach BauGB,,41077,129604
1099,Pankow,490,W - Wohngebiet,2026-01-01,,,0.6,Beitragsfrei nach BauGB,,1521,129491
1100,Treptow-Köpenick,250,G - Gewerbe,2026-01-01,,,,Beitragsfrei nach BauGB,,1785,128741
1101,Charlottenburg-Wilmersdorf,1400,W - Wohngebiet,2026-01-01,,,0.4,Beitragsfrei nach BauGB,,1091,128671
1102,Reinickendorf,420,W - Wohngebiet,2026-01-01,,,0.4,Beitragsfrei nach BauGB,,2029,127835
1103,Lichtenberg,430,W - Wohngebiet,2026-01-01,,,0.4,Beitragsfrei nach BauGB,,1492,127345
1104,Treptow-Köpenick,15,SF-KGA - Sonstige Flächen - Kleingartenfläche,2026-01-01,,,,Beitragsfrei nach BauGB,,40660,126916
1105,Treptow-Köpenick,20,SF-SN - Sonstige Flächen - Sondernutzungsfläche,2026-01-01,,,,Beitragsfrei nach BauGB,,40661,126916
1106,Spandau,350,G - Gewerbe,2026-01-01,,,,Beitragsfrei nach BauGB,,1377,126779
1107,Spandau,300,W - Wohngebiet,2026-01-01,,,0.2,Beitragsfrei nach BauGB,,1522,126653
1108,Steglitz-Zehlendorf,510,W - Wohngebiet,2026-01-01,,,0.3,Beitragsfrei nach BauGB,,1731,126614
1109,Tempelhof-Schöneberg,620,W - Wohngebiet,2026-01-01,,,0.6,Beitragsfrei nach BauGB,,1859,126325
1110,Spandau,550,W - Wohngebiet,2026-01-01,,,1,Beitragsfrei nach BauGB,https://www.berlin.de/gutachterausschuss/marktinformationen/daten-zur-wertermittlung/artikel.174898.php,1312,125330
1111,Charlottenburg-Wilmersdorf,9000,M1 - Kerngebiet,2026-01-01,,,4.5,Beitragsfrei nach BauGB,https://www.berlin.de/gutachterausschuss/marktinformationen/daten-zur-wertermittlung/artikel.174898.php,1170,124920
1112,Charlottenburg-Wilmersdorf,15,SF-KGA - Sonstige Flächen - Kleingartenfläche,2026-01-01,,,,Beitragsfrei nach BauGB,,40107,124139
1113,Lichtenberg,460,W - Wohngebiet,2026-01-01,,,0.4,Beitragsfrei nach BauGB,,1418,124126
1114,Treptow-Köpenick,450,G - Gewerbe,2026-01-01,,,,Beitragsfrei nach BauGB,,2311,124022
1115,Spandau,490,W - Wohngebiet,2026-01-01,,,0.4,Beitragsfrei nach BauGB,,2233,123702
1116,Lichtenberg,15,SF-KGA - Sonstige Flächen - Kleingartenfläche,2026-01-01,,,,Beitragsfrei nach BauGB,,40566,123106
1117,Reinickendorf,20,SF-SN - Sonstige Flächen - Sondernutzungsfläche,2026-01-01,,,,Beitragsfrei nach BauGB,,40375,122989
1118,Reinickendorf,40,SF-SPO - Sonstige Flächen - Sportfläche,2026-01-01,,,,Beitragsfrei nach BauGB,,40376,122989
1119,Pankow,15,SF-KGA - Sonstige Flächen - Kleingartenfläche,2026-01-01,,,,Beitragsfrei nach BauGB,,41085,122590
1120,Pankow,40,S-WO - Sonderbaufläche - Wochenendhäuser,2026-01-01,,,,Beitragsfrei nach BauGB,,41086,122590
1121,Steglitz-Zehlendorf,650,W - Wohngebiet,2026-01-01,,,1,Beitragsfrei nach BauGB,https://www.berlin.de/gutachterausschuss/marktinformationen/daten-zur-wertermittlung/artikel.174898.php,1405,121389
1122,Treptow-Köpenick,1100,W - Wohngebiet,2026-01-01,,,1.2,Beitragsfrei nach BauGB,https://www.berlin.de/gutachterausschuss/marktinformationen/daten-zur-wertermittlung/artikel.174898.php,1217,121148
1123,Charlottenburg-Wilmersdorf,1100,W - Wohngebiet,2026-01-01,,,0.2,Beitragsfrei nach BauGB,,1118,121091
1124,Lichtenberg,200,GB - Gemeinbedarf,2026-01-01,,,,Beitragsfrei nach BauGB,,2573,120951
1125,Pankow,15,SF-FH - Sonstige Flächen - Friedhof,2026-01-01,,,,Beitragsfrei nach BauGB,,40418,120679
1126,Spandau,450,W - Wohngebiet,2026-01-01,,,0.2,Beitragsfrei nach BauGB,,1502,120670
1127,Spandau,20,SF-SN - Sonstige Flächen - Sondernutzungsfläche,2026-01-01,,,,Beitragsfrei nach BauGB,,40321,120601
1128,Lichtenberg,1200,W - Wohngebiet,2026-01-01,SU,San,2,Beitragsfrei nach BauGB,https://www.berlin.de/gutachterausschuss/marktinformationen/daten-zur-wertermittlung/artikel.174898.php,2319,120309
1129,Treptow-Köpenick,15,SF-FH - Sonstige Flächen - Friedhof,2026-01-01,,,,Beitragsfrei nach BauGB,,40701,120293
1130,Reinickendorf,640,W - Wohngebiet,2026-01-01,,,0.4,Beitragsfrei nach BauGB,,1982,120159
1131,Spandau,20,SF-SN - Sonstige Flächen - Sondernutzungsfläche,2026-01-01,,,,Beitragsfrei nach BauGB,,40246,120097
1132,Spandau,40,SF-SPO - Sonstige Flächen - Sportfläche,2026-01-01,,,,Beitragsfrei nach BauGB,,40247,120097
1133,Spandau,20,SF-SN - Sonstige Flächen - Sondernutzungsfläche,2026-01-01,,,,Beitragsfrei nach BauGB,,40303,120052
1134,Spandau,40,S-WO - Sonderbaufläche - Wochenendhäuser,2026-01-01,,,,Beitragsfrei nach BauGB,,40304,120052
1135,Charlottenburg-Wilmersdorf,2700,W - Wohngebiet,2026-01-01,,,2.5,Beitragsfrei nach BauGB,https://www.berlin.de/gutachterausschuss/marktinformationen/daten-zur-wertermittlung/artikel.174898.php,1875,120019
1136,Spandau,1200,W - Wohngebiet,2026-01-01,SU,San,2,Beitragsfrei nach BauGB,https://www.berlin.de/gutachterausschuss/marktinformationen/daten-zur-wertermittlung/artikel.174898.php,2335,119889
1137,Marzahn-Hellersdorf,3.8,LF-A - Flächen der Land-o. Forstwirtschaft - Acker,2026-01-01,,,,Beitragsfrei nach BauGB,,40584,119565
1138,Spandau,20,SF-SN - Sonstige Flächen - Sondernutzungsfläche,2026-01-01,,,,Beitragsfrei nach BauGB,,40185,119231
1139,Friedrichshain-Kreuzberg,5500,M1 - Kerngebiet,2026-01-01,,,2.5,Beitragsfrei nach BauGB,https://www.berlin.de/gutachterausschuss/marktinformationen/daten-zur-wertermittlung/artikel.174898.php,2216,118802
1140,Charlottenburg-Wilmersdorf,2700,M2 - Mischgebiet,2026-01-01,,,2.5,Beitragsfrei nach BauGB,https://www.berlin.de/gutachterausschuss/marktinformationen/daten-zur-wertermittlung/artikel.174898.php,1214,118761
1141,Pankow,20,SF-SN - Sonstige Flächen - Sondernutzungsfläche,2026-01-01,,,,Beitragsfrei nach BauGB,,40480,118464
1142,Pankow,40,S-WO - Sonderbaufläche - Wochenendhäuser,2026-01-01,,,,Beitragsfrei nach BauGB,,40477,118325
1143,Tempelhof-Schöneberg,3500,M2 - Mischgebiet,2026-01-01,,,3,Beitragsfrei nach BauGB,https://www.berlin.de/gutachterausschuss/marktinformationen/daten-zur-wertermittlung/artikel.174898.php,1130,118087
1144,Reinickendorf,250,S-WO - Sonderbaufläche - Wochenendhäuser,2026-01-01,,,,Beitragsfrei nach BauGB,,40387,117743
1145,Friedrichshain-Kreuzberg,1000,G - Gewerbe,2026-01-01,,,,Beitragsfrei nach BauGB,,2596,117551
1146,Lichtenberg,15,SF-KGA - Sonstige Flächen - Kleingartenfläche,2026-01-01,,,,Beitragsfrei nach BauGB,,40520,117510
1147,Reinickendorf,160,GB - Gemeinbedarf,2026-01-01,,,,Beitragsfrei nach BauGB,,2339,117264
1148,Reinickendorf,450,W - Wohngebiet,2026-01-01,,,0.4,Beitragsfrei nach BauGB,,2015,116890
1149,Marzahn-Hellersdorf,1000,M2 - Mischgebiet,2026-01-01,,,2,Beitragsfrei nach BauGB,https://www.berlin.de/gutachterausschuss/marktinformationen/daten-zur-wertermittlung/artikel.174898.php,1233,116801
1150,Marzahn-Hellersdorf,450,W - Wohngebiet,2026-01-01,,,0.2,Beitragsfrei nach BauGB,,2443,116631
1151,Charlottenburg-Wilmersdorf,3000,G - Gewerbe,2026-01-01,,,2.5,Beitragsfrei nach BauGB,https://www.berlin.de/gutachterausschuss/marktinformationen/daten-zur-wertermittlung/artikel.174898.php,2041,116444
1152,Neukölln,350,W - Wohngebiet,2026-01-01,,,0.1,Beitragsfrei nach BauGB,,1962,116148
1153,Steglitz-Zehlendorf,1100,W - Wohngebiet,2026-01-01,,,1,Beitragsfrei nach BauGB,https://www.berlin.de/gutachterausschuss/marktinformationen/daten-zur-wertermittlung/artikel.174898.php,1533,115673
1154,Steglitz-Zehlendorf,1000,W - Wohngebiet,2026-01-01,,,0.6,Beitragsfrei nach BauGB,,1775,115178
1155,Marzahn-Hellersdorf,1500,M2 - Mischgebiet,2026-01-01,,,2.3,Beitragsfrei nach BauGB,https://www.berlin.de/gutachterausschuss/marktinformationen/daten-zur-wertermittlung/artikel.174898.php,2599,115138
1156,Spandau,0.6,LF-F - Flächen der Land-o. Forstwirtschaft - forstwirtschaftliche Fläche,2026-01-01,,,,Beitragsfrei nach BauGB,,40305,114852
1157,Steglitz-Zehlendorf,2200,W - Wohngebiet,2026-01-01,,,0.4,Beitragsfrei nach BauGB,,2080,114529
1158,Reinickendorf,460,W - Wohngebiet,2026-01-01,,,0.2,Beitragsfrei nach BauGB,,2010,113185
1159,Steglitz-Zehlendorf,15,SF-KGA - Sonstige Flächen - Kleingartenfläche,2026-01-01,,,,Beitragsfrei nach BauGB,,40088,113008
1160,Treptow-Köpenick,20,SF-SN - Sonstige Flächen - Sondernutzungsfläche,2026-01-01,EU,Entw,,Beitragsfrei nach BauGB,,41076,112647
1161,Spandau,15,SF-KGA - Sonstige Flächen - Kleingartenfläche,2026-01-01,,,,Beitragsfrei nach BauGB,,40182,112451
1162,Pankow,350,G - Gewerbe,2026-01-01,,,,Beitragsfrei nach BauGB,,1941,112074
1163,Lichtenberg,650,W - Wohngebiet,2026-01-01,,,1,Beitragsfrei nach BauGB,https://www.berlin.de/gutachterausschuss/marktinformationen/daten-zur-wertermittlung/artikel.174898.php,2465,111552
1164,Reinickendorf,500,G - Gewerbe,2026-01-01,,,,Beitragsfrei nach BauGB,,1959,111541
1165,Steglitz-Zehlendorf,5000,M1 - Kerngebiet,2026-01-01,,,4.5,Beitragsfrei nach BauGB,https://www.berlin.de/gutachterausschuss/marktinformationen/daten-zur-wertermittlung/artikel.174898.php,1275,111133
1166,Lichtenberg,4500,G - Gewerbe,2026-01-01,N,Entw,4,Beitragsfrei nach BauGB,https://www.berlin.de/gutachterausschuss/marktinformationen/daten-zur-wertermittlung/artikel.174898.php,2594,111099
1167,Lichtenberg,2700,W - Wohngebiet,2026-01-01,N,Entw,2,Beitragsfrei nach BauGB,https://www.berlin.de/gutachterausschuss/marktinformationen/daten-zur-wertermittlung/artikel.174898.php,2595,111099
1168,Spandau,460,W - Wohngebiet,2026-01-01,,,0.6,Beitragsfrei nach BauGB,,1279,110991
1169,Friedrichshain-Kreuzberg,6500,M1 - Kerngebiet,2026-01-01,,,4.5,Beitragsfrei nach BauGB,https://www.berlin.de/gutachterausschuss/marktinformationen/daten-zur-wertermittlung/artikel.174898.php,2197,110585
1170,Charlottenburg-Wilmersdorf,900,W - Wohngebiet,2026-01-01,,,0.4,Beitragsfrei nach BauGB,,1236,110184
1171,Treptow-Köpenick,20,SF-SN - Sonstige Flächen - Sondernutzungsfläche,2026-01-01,,,,Beitragsfrei nach BauGB,,40620,109533
1172,Spandau,350,G - Gewerbe,2026-01-01,,,,Beitragsfrei nach BauGB,,2377,109254
1173,Reinickendorf,350,G - Gewerbe,2026-01-01,,,,Beitragsfrei nach BauGB,,1864,109101
1174,Spandau,550,W - Wohngebiet,2026-01-01,,,1,Beitragsfrei nach BauGB,https://www.berlin.de/gutachterausschuss/marktinformationen/daten-zur-wertermittlung/artikel.174898.php,1298,108683
1175,Spandau,20,SF-SN - Sonstige Flächen - Sondernutzungsfläche,2026-01-01,,,,Beitragsfrei nach BauGB,,40245,108124
1176,Treptow-Köpenick,40,SF-SPO - Sonstige Flächen - Sportfläche,2026-01-01,,,,Beitragsfrei nach BauGB,,40667,108097
1177,Treptow-Köpenick,500,W-EFH - Wohnbaufläche - Ein- und Zweifamilienhäuser,2026-01-01,,,,Beitragsfrei nach BauGB,,40670,108097
1178,Reinickendorf,450,G - Gewerbe,2026-01-01,,,,Beitragsfrei nach BauGB,,1700,107768
1179,Friedrichshain-Kreuzberg,4500,G - Gewerbe,2026-01-01,,,2.5,Beitragsfrei nach BauGB,https://www.berlin.de/gutachterausschuss/marktinformationen/daten-zur-wertermittlung/artikel.174898.php,2030,107737
1180,Spandau,400,W - Wohngebiet,2026-01-01,,,0.7,Beitragsfrei nach BauGB,,1002,107239
1181,Friedrichshain-Kreuzberg,1500,W - Wohngebiet,2026-01-01,,,1.2,Beitragsfrei nach BauGB,https://www.berlin.de/gutachterausschuss/marktinformationen/daten-zur-wertermittlung/artikel.174898.php,1102,107150
1182,Tempelhof-Schöneberg,3500,G - Gewerbe,2026-01-01,,,2.5,Beitragsfrei nach BauGB,https://www.berlin.de/gutachterausschuss/marktinformationen/daten-zur-wertermittlung/artikel.174898.php,2342,106586
1183,Spandau,380,W - Wohngebiet,2026-01-01,,,0.4,Beitragsfrei nach BauGB,,1388,106507
1184,Spandau,610,W - Wohngebiet,2026-01-01,,,0.3,Beitragsfrei nach BauGB,,1324,106227
1185,Reinickendorf,15,SF-KGA - Sonstige Flächen - Kleingartenfläche,2026-01-01,,,,Beitragsfrei nach BauGB,,40374,106208
1186,Tempelhof-Schöneberg,15,SF-FH - Sonstige Flächen - Friedhof,2026-01-01,,,,Beitragsfrei nach BauGB,,40000,106131
1187,Treptow-Köpenick,600,W - Wohngebiet,2026-01-01,,,1.2,Beitragsfrei nach BauGB,https://www.berlin.de/gutachterausschuss/marktinformationen/daten-zur-wertermittlung/artikel.174898.php,1558,106059
1188,Reinickendorf,40,SF-SPO - Sonstige Flächen - Sportfläche,2026-01-01,,,,Beitragsfrei nach BauGB,,40399,105874
1189,Neukölln,300,G - Gewerbe,2026-01-01,,,,Beitragsfrei nach BauGB,,1286,105651
1190,Pankow,550,W - Wohngebiet,2026-01-01,,,0.8,Beitragsfrei nach BauGB,https://www.berlin.de/gutachterausschuss/marktinformationen/daten-zur-wertermittlung/artikel.174898.php,1244,105529
1191,Pankow,400,G - Gewerbe,2026-01-01,,,,Beitragsfrei nach BauGB,,2484,105529
1192,Pankow,500,W - Wohngebiet,2026-01-01,,,0.4,Beitragsfrei nach BauGB,,2535,105529
1193,Marzahn-Hellersdorf,600,W - Wohngebiet,2026-01-01,,,1.2,Beitragsfrei nach BauGB,https://www.berlin.de/gutachterausschuss/marktinformationen/daten-zur-wertermittlung/artikel.174898.php,2165,105276
1194,Neukölln,640,W - Wohngebiet,2026-01-01,,,0.6,Beitragsfrei nach BauGB,,1919,104921
1195,Lichtenberg,620,W - Wohngebiet,2026-01-01,,,0.6,Beitragsfrei nach BauGB,,2171,104591
1196,Lichtenberg,800,W - Wohngebiet,2026-01-01,,,1.5,Beitragsfrei nach BauGB,https://www.berlin.de/gutachterausschuss/marktinformationen/daten-zur-wertermittlung/artikel.174898.php,1619,104386
1197,Spandau,290,W - Wohngebiet,2026-01-01,,,0.4,Beitragsfrei nach BauGB,,1530,103020
1198,Charlottenburg-Wilmersdorf,1600,W - Wohngebiet,2026-01-01,,,0.4,Beitragsfrei nach BauGB,,1208,102609
1199,Mitte,1000,G - Gewerbe,2026-01-01,,,2,Beitragsfrei nach BauGB,https://www.berlin.de/gutachterausschuss/marktinformationen/daten-zur-wertermittlung/artikel.174898.php,1988,102293
1200,Mitte,7000,M1 - Kerngebiet,2026-01-01,,,4.5,Beitragsfrei nach BauGB,https://www.berlin.de/gutachterausschuss/marktinformationen/daten-zur-wertermittlung/artikel.174898.php,2347,102037
1201,Neukölln,15,SF-KGA - Sonstige Flächen - Kleingartenfläche,2026-01-01,,,,Beitragsfrei nach BauGB,,40765,101999
1202,Pankow,480,W - Wohngebiet,2026-01-01,,,0.4,Beitragsfrei nach BauGB,,1690,101661
1203,Charlottenburg-Wilmersdorf,1400,W - Wohngebiet,2026-01-01,,,1,Beitragsfrei nach BauGB,https://www.berlin.de/gutachterausschuss/marktinformationen/daten-zur-wertermittlung/artikel.174898.php,2389,101129
1204,Lichtenberg,650,W - Wohngebiet,2026-01-01,,,1,Beitragsfrei nach BauGB,https://www.berlin.de/gutachterausschuss/marktinformationen/daten-zur-wertermittlung/artikel.174898.php,2464,100990
1205,Charlottenburg-Wilmersdorf,700,G - Gewerbe,2026-01-01,,,,Beitragsfrei nach BauGB,,2422,100920
1206,Spandau,600,W - Wohngebiet,2026-01-01,,,1.2,Beitragsfrei nach BauGB,https://www.berlin.de/gutachterausschuss/marktinformationen/daten-zur-wertermittlung/artikel.174898.php,1610,100259
1207,Steglitz-Zehlendorf,2300,W - Wohngebiet,2026-01-01,,,0.4,Beitragsfrei nach BauGB,,2079,99771
1208,Spandau,0.6,LF-F - Flächen der Land-o. Forstwirtschaft - forstwirtschaftliche Fläche,2026-01-01,,,,Beitragsfrei nach BauGB,,40193,99024
1209,Friedrichshain-Kreuzberg,850,GB - Gemeinbedarf,2026-01-01,,,,Beitragsfrei nach BauGB,,2261,98837
1210,Spandau,900,W - Wohngebiet,2026-01-01,,,1.5,Beitragsfrei nach BauGB,https://www.berlin.de/gutachterausschuss/marktinformationen/daten-zur-wertermittlung/artikel.174898.php,2060,98768
1211,Neukölln,350,G - Gewerbe,2026-01-01,,,,Beitragsfrei nach BauGB,,1889,98598
1212,Charlottenburg-Wilmersdorf,4000,M2 - Mischgebiet,2026-01-01,,,3,Beitragsfrei nach BauGB,https://www.berlin.de/gutachterausschuss/marktinformationen/daten-zur-wertermittlung/artikel.174898.php,1156,98407
1213,Lichtenberg,1200,G - Gewerbe,2026-01-01,SU,San,2,Beitragsfrei nach BauGB,https://www.berlin.de/gutachterausschuss/marktinformationen/daten-zur-wertermittlung/artikel.174898.php,2318,98210
1214,Spandau,360,W - Wohngebiet,2026-01-01,,,0.4,Beitragsfrei nach BauGB,,1443,97569
1215,Lichtenberg,20,SF-SN - Sonstige Flächen - Sondernutzungsfläche,2026-01-01,,,,Beitragsfrei nach BauGB,,40555,97073
1216,Spandau,340,W - Wohngebiet,2026-01-01,,,0.4,Beitragsfrei nach BauGB,,2214,96891
1217,Reinickendorf,550,W - Wohngebiet,2026-01-01,,,1,Beitragsfrei nach BauGB,https://www.berlin.de/gutachterausschuss/marktinformationen/daten-zur-wertermittlung/artikel.174898.php,1448,96790
1218,Steglitz-Zehlendorf,650,W - Wohngebiet,2026-01-01,,,1,Beitragsfrei nach BauGB,https://www.berlin.de/gutachterausschuss/marktinformationen/daten-zur-wertermittlung/artikel.174898.php,1398,96267
1219,Treptow-Köpenick,500,W - Wohngebiet,2026-01-01,,,0.8,Beitragsfrei nach BauGB,https://www.berlin.de/gutachterausschuss/marktinformationen/daten-zur-wertermittlung/artikel.174898.php,2601,96239
1220,Steglitz-Zehlendorf,600,G - Gewerbe,2026-01-01,,,1.2,Beitragsfrei nach BauGB,,1956,95778
1221,Pankow,650,W - Wohngebiet,2026-01-01,,,1,Beitragsfrei nach BauGB,https://www.berlin.de/gutachterausschuss/marktinformationen/daten-zur-wertermittlung/artikel.174898.php,1471,95758
1222,Steglitz-Zehlendorf,1000,W - Wohngebiet,2026-01-01,,,1,Beitragsfrei nach BauGB,https://www.berlin.de/gutachterausschuss/marktinformationen/daten-zur-wertermittlung/artikel.174898.php,2069,95309
1223,Neukölln,350,W - Wohngebiet,2026-01-01,,,0.1,Beitragsfrei nach BauGB,,1966,95068
1224,Spandau,400,W - Wohngebiet,2026-01-01,,,0.3,Beitragsfrei nach BauGB,,1406,94944
1225,Marzahn-Hellersdorf,1100,M1 - Kerngebiet,2026-01-01,,,2,Beitragsfrei nach BauGB,https://www.berlin.de/gutachterausschuss/marktinformationen/daten-zur-wertermittlung/artikel.174898.php,2349,94608
1226,Spandau,340,W - Wohngebiet,2026-01-01,,,0.2,Beitragsfrei nach BauGB,,2110,93777
1227,Mitte,10000,M1 - Kerngebiet,2026-01-01,,,4.5,Beitragsfrei nach BauGB,https://www.berlin.de/gutachterausschuss/marktinformationen/daten-zur-wertermittlung/artikel.174898.php,1246,93535
1228,Treptow-Köpenick,1000,G - Gewerbe,2026-01-01,N,Entw,2,Beitragsfrei nach BauGB,https://www.berlin.de/gutachterausschuss/marktinformationen/daten-zur-wertermittlung/artikel.174898.php,2120,92675
1229,Treptow-Köpenick,600,G - Gewerbe,2026-01-01,N,Entw,,Beitragsfrei nach BauGB,,2121,92675
1230,Lichtenberg,340,W - Wohngebiet,2026-01-01,,,0.4,Beitragsfrei nach BauGB,,1513,92562
1231,Treptow-Köpenick,430,W - Wohngebiet,2026-01-01,,,0.4,Beitragsfrei nach BauGB,,1272,92313
1232,Friedrichshain-Kreuzberg,3000,G - Gewerbe,2026-01-01,,,2,Beitragsfrei nach BauGB,https://www.berlin.de/gutachterausschuss/marktinformationen/daten-zur-wertermittlung/artikel.174898.php,1914,92076
1233,Reinickendorf,600,W - Wohngebiet,2026-01-01,,,1,Beitragsfrei nach BauGB,https://www.berlin.de/gutachterausschuss/marktinformationen/daten-zur-wertermittlung/artikel.174898.php,1437,92052
1234,Tempelhof-Schöneberg,700,W - Wohngebiet,2026-01-01,,,1,Beitragsfrei nach BauGB,https://www.berlin.de/gutachterausschuss/marktinformationen/daten-zur-wertermittlung/artikel.174898.php,1413,91996
1235,Friedrichshain-Kreuzberg,2400,W - Wohngebiet,2026-01-01,,,1.2,Beitragsfrei nach BauGB,https://www.berlin.de/gutachterausschuss/marktinformationen/daten-zur-wertermittlung/artikel.174898.php,2089,91576
1236,Steglitz-Zehlendorf,20,SF-SN - Sonstige Flächen - Sondernutzungsfläche,2026-01-01,,,,Beitragsfrei nach BauGB,,40071,90988
1237,Spandau,380,W - Wohngebiet,2026-01-01,,,0.4,Beitragsfrei nach BauGB,,1435,90734
1238,Marzahn-Hellersdorf,360,W - Wohngebiet,2026-01-01,,,0.2,Beitragsfrei nach BauGB,,1774,90645
1239,Mitte,5000,W - Wohngebiet,2026-01-01,,,2.5,Beitragsfrei nach BauGB,https://www.berlin.de/gutachterausschuss/marktinformationen/daten-zur-wertermittlung/artikel.174898.php,2409,90191
1240,Reinickendorf,200,G - Gewerbe,2026-01-01,,,,Beitragsfrei nach BauGB,,1159,89863
1241,Treptow-Köpenick,950,W - Wohngebiet,2026-01-01,,,1.2,Beitragsfrei nach BauGB,https://www.berlin.de/gutachterausschuss/marktinformationen/daten-zur-wertermittlung/artikel.174898.php,2458,89552
1242,Spandau,0.6,LF-F - Flächen der Land-o. Forstwirtschaft - forstwirtschaftliche Fläche,2026-01-01,,,,Beitragsfrei nach BauGB,,40196,89524
1243,Lichtenberg,15,SF-KGA - Sonstige Flächen - Kleingartenfläche,2026-01-01,,,,Beitragsfrei nach BauGB,,40564,89510
1244,Friedrichshain-Kreuzberg,4000,G - Gewerbe,2026-01-01,,,3,Beitragsfrei nach BauGB,https://www.berlin.de/gutachterausschuss/marktinformationen/daten-zur-wertermittlung/artikel.174898.php,2036,89223
1245,Charlottenburg-Wilmersdorf,900,G - Gewerbe,2026-01-01,,,1.6,Beitragsfrei nach BauGB,,1918,89094
1246,Mitte,8500,M1 - Kerngebiet,2026-01-01,N,Entw,4.5,Beitragsfrei nach BauGB,https://www.berlin.de/gutachterausschuss/marktinformationen/daten-zur-wertermittlung/artikel.174898.php,1128,88656
1247,Tempelhof-Schöneberg,550,W - Wohngebiet,2026-01-01,,,0.4,Beitragsfrei nach BauGB,,1899,88635
1248,Treptow-Köpenick,850,W - Wohngebiet,2026-01-01,,,1.5,Beitragsfrei nach BauGB,https://www.berlin.de/gutachterausschuss/marktinformationen/daten-zur-wertermittlung/artikel.174898.php,2071,88634
1249,Charlottenburg-Wilmersdorf,2000,G - Gewerbe,2026-01-01,,,2.5,Beitragsfrei nach BauGB,,2421,88569
1250,Spandau,20,SF-SN - Sonstige Flächen - Sondernutzungsfläche,2026-01-01,,,,Beitragsfrei nach BauGB,,41072,88518
1251,Mitte,4000,W - Wohngebiet,2026-01-01,,,2,Beitragsfrei nach BauGB,https://www.berlin.de/gutachterausschuss/marktinformationen/daten-zur-wertermittlung/artikel.174898.php,1707,88125
1252,Spandau,300,G - Gewerbe,2026-01-01,SU,San,,Beitragsfrei nach BauGB,,2330,87775
1253,Treptow-Köpenick,430,W - Wohngebiet,2026-01-01,,,0.2,Beitragsfrei nach BauGB,,1238,87670
1254,Reinickendorf,370,W - Wohngebiet,2026-01-01,,,0.2,Beitragsfrei nach BauGB,,2031,87639
1255,Mitte,4000,G - Gewerbe,2026-01-01,,,2.5,Beitragsfrei nach BauGB,https://www.berlin.de/gutachterausschuss/marktinformationen/daten-zur-wertermittlung/artikel.174898.php,2046,87624
1256,Mitte,9000,M1 - Kerngebiet,2026-01-01,,,4.5,Beitragsfrei nach BauGB,https://www.berlin.de/gutachterausschuss/marktinformationen/daten-zur-wertermittlung/artikel.174898.php,2348,87256
1257,Reinickendorf,1600,M1 - Kerngebiet,2026-01-01,,,2,Beitragsfrei nach BauGB,https://www.berlin.de/gutachterausschuss/marktinformationen/daten-zur-wertermittlung/artikel.174898.php,1403,87003
1258,Treptow-Köpenick,500,S-WO - Sonderbaufläche - Wochenendhäuser,2026-01-01,,,,Beitragsfrei nach BauGB,,40727,86627
1259,Steglitz-Zehlendorf,1000,G - Gewerbe,2026-01-01,,,2,Beitragsfrei nach BauGB,,1964,86405
1260,Treptow-Köpenick,500,W - Wohngebiet,2026-01-01,,,0.8,Beitragsfrei nach BauGB,https://www.berlin.de/gutachterausschuss/marktinformationen/daten-zur-wertermittlung/artikel.174898.php,1201,86180
1261,Pankow,430,W - Wohngebiet,2026-01-01,,,0.3,Beitragsfrei nach BauGB,,2426,86078
1262,Spandau,420,W - Wohngebiet,2026-01-01,,,0.2,Beitragsfrei nach BauGB,,1402,85257
1263,Steglitz-Zehlendorf,610,W - Wohngebiet,2026-01-01,,,0.4,Beitragsfrei nach BauGB,,1848,85066
1264,Friedrichshain-Kreuzberg,3000,W - Wohngebiet,2026-01-01,,,2,Beitragsfrei nach BauGB,https://www.berlin.de/gutachterausschuss/marktinformationen/daten-zur-wertermittlung/artikel.174898.php,1788,84221
1265,Marzahn-Hellersdorf,450,G - Gewerbe,2026-01-01,,,,Beitragsfrei nach BauGB,,2378,84108
1266,Treptow-Köpenick,490,W - Wohngebiet,2026-01-01,,,0.6,Beitragsfrei nach BauGB,,2396,84050
1267,Spandau,340,W - Wohngebiet,2026-01-01,,,0.4,Beitragsfrei nach BauGB,,1460,84049
1268,Marzahn-Hellersdorf,320,W - Wohngebiet,2026-01-01,,,0.2,Beitragsfrei nach BauGB,,1800,83778
1269,Marzahn-Hellersdorf,430,W - Wohngebiet,2026-01-01,,,0.4,Beitragsfrei nach BauGB,,1801,83762
1270,Marzahn-Hellersdorf,430,W - Wohngebiet,2026-01-01,,,0.4,Beitragsfrei nach BauGB,,1742,83658
1271,Steglitz-Zehlendorf,300,G - Gewerbe,2026-01-01,,,,Beitragsfrei nach BauGB,,2163,83626
1272,Treptow-Köpenick,15,SF-KGA - Sonstige Flächen - Kleingartenfläche,2026-01-01,,,,Beitragsfrei nach BauGB,,40704,82565
1273,Spandau,340,W - Wohngebiet,2026-01-01,,,0.4,Beitragsfrei nach BauGB,,1466,82482
1274,Spandau,210,GB - Gemeinbedarf,2026-01-01,,,,Beitragsfrei nach BauGB,,2370,82416
1275,Mitte,750,GB - Gemeinbedarf,2026-01-01,,,,Beitragsfrei nach BauGB,,2258,82319
1276,Neukölln,1000,G - Gewerbe,2026-01-01,,,2,Beitragsfrei nach BauGB,https://www.berlin.de/gutachterausschuss/marktinformationen/daten-zur-wertermittlung/artikel.174898.php,1952,81415
1277,Neukölln,500,W - Wohngebiet,2026-01-01,,,0.8,Beitragsfrei nach BauGB,https://www.berlin.de/gutachterausschuss/marktinformationen/daten-zur-wertermittlung/artikel.174898.php,2067,81044
1278,Neukölln,350,W - Wohngebiet,2026-01-01,,,0.1,Beitragsfrei nach BauGB,,1960,80769
1279,Mitte,14000,M1 - Kerngebiet,2026-01-01,,,4.5,Beitragsfrei nach BauGB,https://www.berlin.de/gutachterausschuss/marktinformationen/daten-zur-wertermittlung/artikel.174898.php,1335,80269
1280,Mitte,9000,W - Wohngebiet,2026-01-01,,,3,Frei nach BauGB u. StrABG,https://www.berlin.de/gutachterausschuss/marktinformationen/daten-zur-wertermittlung/artikel.174898.php,2605,80207
1281,Tempelhof-Schöneberg,550,W - Wohngebiet,2026-01-01,,,1,Beitragsfrei nach BauGB,https://www.berlin.de/gutachterausschuss/marktinformationen/daten-zur-wertermittlung/artikel.174898.php,1182,80127
1282,Reinickendorf,340,W - Wohngebiet,2026-01-01,,,0.2,Beitragsfrei nach BauGB,,2051,80126
1283,Pankow,1000,W - Wohngebiet,2026-01-01,,,1.5,Beitragsfrei nach BauGB,https://www.berlin.de/gutachterausschuss/marktinformationen/daten-zur-wertermittlung/artikel.174898.php,1701,79984
1284,Pankow,2400,W - Wohngebiet,2026-01-01,,,2,Beitragsfrei nach BauGB,https://www.berlin.de/gutachterausschuss/marktinformationen/daten-zur-wertermittlung/artikel.174898.php,1579,79573
1285,Charlottenburg-Wilmersdorf,1400,W - Wohngebiet,2026-01-01,,,0.4,Beitragsfrei nach BauGB,,1083,79211
1286,Spandau,40,S-WO - Sonderbaufläche - Wochenendhäuser,2026-01-01,,,,Beitragsfrei nach BauGB,,40282,79081
1287,Spandau,1200,W - Wohngebiet,2026-01-01,,,2,Beitragsfrei nach BauGB,https://www.berlin.de/gutachterausschuss/marktinformationen/daten-zur-wertermittlung/artikel.174898.php,2429,78756
1288,Neukölln,550,W - Wohngebiet,2026-01-01,,,0.4,Beitragsfrei nach BauGB,,1942,78029
1289,Treptow-Köpenick,450,W - Wohngebiet,2026-01-01,,,0.8,Beitragsfrei nach BauGB,https://www.berlin.de/gutachterausschuss/marktinformationen/daten-zur-wertermittlung/artikel.174898.php,1104,77411
1290,Charlottenburg-Wilmersdorf,400,G - Gewerbe,2026-01-01,,,,Beitragsfrei nach BauGB,,1503,77407
1291,Mitte,550,W - Wohngebiet,2026-01-01,,,1,Beitragsfrei nach BauGB,https://www.berlin.de/gutachterausschuss/marktinformationen/daten-zur-wertermittlung/artikel.174898.php,1110,77348
1292,Friedrichshain-Kreuzberg,40,SF-SPO - Sonstige Flächen - Sportfläche,2026-01-01,,,,Beitragsfrei nach BauGB,,40809,76981
1293,Pankow,250,G - Gewerbe,2026-01-01,,,,Beitragsfrei nach BauGB,,1696,76880
1294,Lichtenberg,530,W - Wohngebiet,2026-01-01,,,0.6,Beitragsfrei nach BauGB,,2366,76845
1295,Spandau,80,S-WO - Sonderbaufläche - Wochenendhäuser,2026-01-01,,,,Beitragsfrei nach BauGB,,40242,76436
1296,Spandau,350,W-EFH - Wohnbaufläche - Ein- und Zweifamilienhäuser,2026-01-01,,,,Beitragsfrei nach BauGB,,40243,76436
1297,Reinickendorf,550,W - Wohngebiet,2026-01-01,,,1,Beitragsfrei nach BauGB,https://www.berlin.de/gutachterausschuss/marktinformationen/daten-zur-wertermittlung/artikel.174898.php,1441,76245
1298,Tempelhof-Schöneberg,0.6,LF-F - Flächen der Land-o. Forstwirtschaft - forstwirtschaftliche Fläche,2026-01-01,,,,Beitragsfrei nach BauGB,,40033,75660
1299,Reinickendorf,430,W - Wohngebiet,2026-01-01,,,0.6,Beitragsfrei nach BauGB,,1996,75613
1300,Spandau,20,SF-SN - Sonstige Flächen - Sondernutzungsfläche,2026-01-01,,,,Beitragsfrei nach BauGB,,40276,75543
1301,Spandau,500,S-WO - Sonderbaufläche - Wochenendhäuser,2026-01-01,,,,Beitragsfrei nach BauGB,,40277,75541
1302,Charlottenburg-Wilmersdorf,450,G - Gewerbe,2026-01-01,,,,Beitragsfrei nach BauGB,,1506,75459
1303,Tempelhof-Schöneberg,1000,W - Wohngebiet,2026-01-01,,,1.5,Beitragsfrei nach BauGB,https://www.berlin.de/gutachterausschuss/marktinformationen/daten-zur-wertermittlung/artikel.174898.php,2397,75422
1304,Pankow,15,LF-EGA - Flächen der Land-o. Forstwirtschaft - Erwerbsgartenbaufläche,2026-01-01,,,,Beitragsfrei nach BauGB,,40887,75180
1305,Reinickendorf,20,SF-SN - Sonstige Flächen - Sondernutzungsfläche,2026-01-01,,,,Beitragsfrei nach BauGB,,40392,75089
1306,Mitte,1700,W - Wohngebiet,2026-01-01,SU,San,2.5,Beitragsfrei nach BauGB,https://www.berlin.de/gutachterausschuss/marktinformationen/daten-zur-wertermittlung/artikel.174898.php,2549,74867
1307,Mitte,1200,G - Gewerbe,2026-01-01,SU,San,2.5,Beitragsfrei nach BauGB,https://www.berlin.de/gutachterausschuss/marktinformationen/daten-zur-wertermittlung/artikel.174898.php,2585,74867
1308,Pankow,3000,M1 - Kerngebiet,2026-01-01,,,3,Beitragsfrei nach BauGB,https://www.berlin.de/gutachterausschuss/marktinformationen/daten-zur-wertermittlung/artikel.174898.php,2435,74800
1309,Steglitz-Zehlendorf,15,SF-FH - Sonstige Flächen - Friedhof,2026-01-01,,,,Beitragsfrei nach BauGB,,40093,74781
1310,Spandau,20,SF-SN - Sonstige Flächen - Sondernutzungsfläche,2026-01-01,,,,Beitragsfrei nach BauGB,,40244,74305
1311,Steglitz-Zehlendorf,510,W - Wohngebiet,2026-01-01,,,0.2,Beitragsfrei nach BauGB,,1734,74047
1312,Spandau,40,S-WO - Sonderbaufläche - Wochenendhäuser,2026-01-01,,,,Beitragsfrei nach BauGB,,40221,73281
1313,Reinickendorf,350,W - Wohngebiet,2026-01-01,,,0.2,Beitragsfrei nach BauGB,,2042,73241
1314,Lichtenberg,15,SF-KGA - Sonstige Flächen - Kleingartenfläche,2026-01-01,,,,Beitragsfrei nach BauGB,,40548,73049
1315,Treptow-Köpenick,300,Gp - Gewerbe produzierend,2026-01-01,SU,San,,Beitragsfrei nach BauGB,,1163,72983
1316,Treptow-Köpenick,280,W - Wohngebiet,2026-01-01,,,0.3,Beitragsfrei nach BauGB,,2221,72869
1317,Pankow,700,W - Wohngebiet,2026-01-01,,,0.8,Beitragsfrei nach BauGB,https://www.berlin.de/gutachterausschuss/marktinformationen/daten-zur-wertermittlung/artikel.174898.php,1262,72696
1318,Neukölln,600,W - Wohngebiet,2026-01-01,,,1,Beitragsfrei nach BauGB,https://www.berlin.de/gutachterausschuss/marktinformationen/daten-zur-wertermittlung/artikel.174898.php,1358,72511
1319,Mitte,3800,W - Wohngebiet,2026-01-01,,,2.5,Beitragsfrei nach BauGB,https://www.berlin.de/gutachterausschuss/marktinformationen/daten-zur-wertermittlung/artikel.174898.php,2496,71915
1320,Treptow-Köpenick,250,GB - Gemeinbedarf,2026-01-01,,,,Beitragsfrei nach BauGB,,2602,71830
1321,Lichtenberg,750,W - Wohngebiet,2026-01-01,,,1.2,Beitragsfrei nach BauGB,https://www.berlin.de/gutachterausschuss/marktinformationen/daten-zur-wertermittlung/artikel.174898.php,2418,71384
1322,Tempelhof-Schöneberg,300,G - Gewerbe,2026-01-01,,,,Beitragsfrei nach BauGB,,1820,71273
1323,Treptow-Köpenick,0.6,LF-F - Flächen der Land-o. Forstwirtschaft - forstwirtschaftliche Fläche,2026-01-01,,,,Beitragsfrei nach BauGB,,41027,71264
1324,Mitte,15,SF-KGA - Sonstige Flächen - Kleingartenfläche,2026-01-01,,,,Beitragsfrei nach BauGB,,40829,71233
1325,Steglitz-Zehlendorf,800,W - Wohngebiet,2026-01-01,,,1,Beitragsfrei nach BauGB,https://www.berlin.de/gutachterausschuss/marktinformationen/daten-zur-wertermittlung/artikel.174898.php,1515,69309
1326,Charlottenburg-Wilmersdorf,670,W - Wohngebiet,2026-01-01,,,0.4,Beitragsfrei nach BauGB,,1149,69242
1327,Mitte,1900,M2 - Mischgebiet,2026-01-01,SU,San,3,Beitragsfrei nach BauGB,https://www.berlin.de/gutachterausschuss/marktinformationen/daten-zur-wertermittlung/artikel.174898.php,2322,69026
1328,Mitte,1100,G - Gewerbe,2026-01-01,,,1.5,Beitragsfrei nach BauGB,https://www.berlin.de/gutachterausschuss/marktinformationen/daten-zur-wertermittlung/artikel.174898.php,2005,68863
1329,Lichtenberg,300,G - Gewerbe,2026-01-01,,,,Beitragsfrei nach BauGB,,1680,68638
1330,Pankow,450,G - Gewerbe,2026-01-01,,,,Beitragsfrei nach BauGB,,1300,68613
1331,Spandau,280,GB - Gemeinbedarf,2026-01-01,,,,Beitragsfrei nach BauGB,,2253,68455
1332,Pankow,350,G - Gewerbe,2026-01-01,,,,Frei nach BauGB u. StrABG,,2565,68336
1333,Mitte,680,W - Wohngebiet,2026-01-01,,,0.4,Beitragsfrei nach BauGB,,1018,68008
1334,Treptow-Köpenick,1100,M2 - Mischgebiet,2026-01-01,,,1.5,Beitragsfrei nach BauGB,,1331,67327
1335,Steglitz-Zehlendorf,900,W - Wohngebiet,2026-01-01,,,0.4,Beitragsfrei nach BauGB,,1792,67077
1336,Neukölln,610,W - Wohngebiet,2026-01-01,,,0.4,Beitragsfrei nach BauGB,,1936,66888
1337,Steglitz-Zehlendorf,0.6,LF-F - Flächen der Land-o. Forstwirtschaft - forstwirtschaftliche Fläche,2026-01-01,,,,Beitragsfrei nach BauGB,,40938,66810
1338,Mitte,1700,W - Wohngebiet,2026-01-01,SU,San,2.5,Beitragsfrei nach BauGB,https://www.berlin.de/gutachterausschuss/marktinformationen/daten-zur-wertermittlung/artikel.174898.php,2548,66619
1339,Mitte,1200,G - Gewerbe,2026-01-01,SU,San,2.5,Beitragsfrei nach BauGB,https://www.berlin.de/gutachterausschuss/marktinformationen/daten-zur-wertermittlung/artikel.174898.php,2586,66619
1340,Tempelhof-Schöneberg,620,W - Wohngebiet,2026-01-01,,,0.4,Beitragsfrei nach BauGB,,1874,66483
1341,Reinickendorf,300,G - Gewerbe,2026-01-01,,,,Beitragsfrei nach BauGB,,2153,66391
1342,Charlottenburg-Wilmersdorf,900,W - Wohngebiet,2026-01-01,,,0.6,Beitragsfrei nach BauGB,,1221,66351
1343,Reinickendorf,420,W - Wohngebiet,2026-01-01,,,0.4,Beitragsfrei nach BauGB,,2027,65957
1344,Spandau,600,W - Wohngebiet,2026-01-01,,,1.2,Beitragsfrei nach BauGB,https://www.berlin.de/gutachterausschuss/marktinformationen/daten-zur-wertermittlung/artikel.174898.php,1597,65732
1345,Spandau,900,W - Wohngebiet,2026-01-01,,,1.5,Beitragsfrei nach BauGB,https://www.berlin.de/gutachterausschuss/marktinformationen/daten-zur-wertermittlung/artikel.174898.php,2169,65376
1346,Spandau,550,W - Wohngebiet,2026-01-01,,,1,Beitragsfrei nach BauGB,https://www.berlin.de/gutachterausschuss/marktinformationen/daten-zur-wertermittlung/artikel.174898.php,1302,65213
1347,Spandau,400,W - Wohngebiet,2026-01-01,,,0.3,Beitragsfrei nach BauGB,,2538,65213
1348,Spandau,400,W - Wohngebiet,2026-01-01,,,0.2,Beitragsfrei nach BauGB,,1563,65033
1349,Treptow-Köpenick,550,W - Wohngebiet,2026-01-01,,,1,Beitragsfrei nach BauGB,https://www.berlin.de/gutachterausschuss/marktinformationen/daten-zur-wertermittlung/artikel.174898.php,2237,64890
1350,Treptow-Köpenick,40,S-WO - Sonderbaufläche - Wochenendhäuser,2026-01-01,,,,Beitragsfrei nach BauGB,,41098,64844
1351,Treptow-Köpenick,240,S-WO - Sonderbaufläche - Wochenendhäuser,2026-01-01,,,,Beitragsfrei nach BauGB,,41099,64844
1352,Neukölln,470,W - Wohngebiet,2026-01-01,,,0.4,Beitragsfrei nach BauGB,,1943,64618
1353,Pankow,800,G - Gewerbe,2026-01-01,,,1.7,Beitragsfrei nach BauGB,,1944,64523
1354,Steglitz-Zehlendorf,750,W - Wohngebiet,2026-01-01,,,0.6,Beitragsfrei nach BauGB,,1821,63634
1355,Spandau,220,GB - Gemeinbedarf,2026-01-01,,,,Beitragsfrei nach BauGB,,2572,63437
1356,Pankow,340,W - Wohngebiet,2026-01-01,,,0.4,Beitragsfrei nach BauGB,,1699,63406
1357,Mitte,1700,W - Wohngebiet,2026-01-01,,,2.5,Beitragsfrei nach BauGB,https://www.berlin.de/gutachterausschuss/marktinformationen/daten-zur-wertermittlung/artikel.174898.php,1846,63233
1358,Pankow,350,G - Gewerbe,2026-01-01,,,,Beitragsfrei nach BauGB,,1748,63076
1359,Pankow,250,G - Gewerbe,2026-01-01,,,,Beitragsfrei nach BauGB,,1338,62945
1360,Spandau,340,W - Wohngebiet,2026-01-01,,,0.4,Beitragsfrei nach BauGB,,2215,62823
1361,Reinickendorf,550,W - Wohngebiet,2026-01-01,,,1,Beitragsfrei nach BauGB,https://www.berlin.de/gutachterausschuss/marktinformationen/daten-zur-wertermittlung/artikel.174898.php,1127,62218
1362,Friedrichshain-Kreuzberg,2700,W - Wohngebiet,2026-01-01,,,2,Beitragsfrei nach BauGB,https://www.berlin.de/gutachterausschuss/marktinformationen/daten-zur-wertermittlung/artikel.174898.php,2088,62188
1363,Tempelhof-Schöneberg,15,SF-FH - Sonstige Flächen - Friedhof,2026-01-01,,,,Beitragsfrei nach BauGB,,40021,62143
1364,Spandau,450,W - Wohngebiet,2026-01-01,,,0.7,Beitragsfrei nach BauGB,,2286,61529
1365,Charlottenburg-Wilmersdorf,1600,W - Wohngebiet,2026-01-01,,,0.5,Beitragsfrei nach BauGB,,2314,61088
1366,Lichtenberg,640,W - Wohngebiet,2026-01-01,,,0.6,Beitragsfrei nach BauGB,,2231,60537
1367,Spandau,20,SF-SN - Sonstige Flächen - Sondernutzungsfläche,2026-01-01,,,,Beitragsfrei nach BauGB,,40283,60475
1368,Spandau,350,G - Gewerbliche Baufläche,2026-01-01,,,,Beitragsfrei nach BauGB,,40286,60475
1369,Pankow,550,W - Wohngebiet,2026-01-01,,,0.8,Beitragsfrei nach BauGB,https://www.berlin.de/gutachterausschuss/marktinformationen/daten-zur-wertermittlung/artikel.174898.php,1248,59902
1370,Lichtenberg,2400,W - Wohngebiet,2026-01-01,,,2,Beitragsfrei nach BauGB,https://www.berlin.de/gutachterausschuss/marktinformationen/daten-zur-wertermittlung/artikel.174898.php,2086,59899
1371,Spandau,650,W - Wohngebiet,2026-01-01,,,1.2,Beitragsfrei nach BauGB,https://www.berlin.de/gutachterausschuss/marktinformationen/daten-zur-wertermittlung/artikel.174898.php,1606,59268
1372,Treptow-Köpenick,300,G - Gewerbe,2026-01-01,EU,Entw,,Beitragsfrei nach BauGB,,2473,58852
1373,Charlottenburg-Wilmersdorf,1000,G - Gewerbe,2026-01-01,,,,Beitragsfrei nach BauGB,,2341,58839
1374,Steglitz-Zehlendorf,600,W - Wohngebiet,2026-01-01,,,0.8,Beitragsfrei nach BauGB,https://www.berlin.de/gutachterausschuss/marktinformationen/daten-zur-wertermittlung/artikel.174898.php,1048,57906
1375,Treptow-Köpenick,1000,W - Wohngebiet,2026-01-01,,,1.5,Beitragsfrei nach BauGB,https://www.berlin.de/gutachterausschuss/marktinformationen/daten-zur-wertermittlung/artikel.174898.php,1647,57740
1376,Spandau,1000,W - Wohngebiet,2026-01-01,,,2,Beitragsfrei nach BauGB,https://www.berlin.de/gutachterausschuss/marktinformationen/daten-zur-wertermittlung/artikel.174898.php,1732,57662
1377,Spandau,120,S-WO - Sonderbaufläche - Wochenendhäuser,2026-01-01,,,,Beitragsfrei nach BauGB,,40194,57449
1378,Reinickendorf,1800,G - Gewerbe,2026-01-01,,,2.5,Beitragsfrei nach BauGB,https://www.berlin.de/gutachterausschuss/marktinformationen/daten-zur-wertermittlung/artikel.174898.php,2019,57442
1379,Neukölln,350,G - Gewerbe,2026-01-01,,,,Beitragsfrei nach BauGB,,1817,57406
1380,Charlottenburg-Wilmersdorf,9500,M1 - Kerngebiet,2026-01-01,,,4.5,Beitragsfrei nach BauGB,https://www.berlin.de/gutachterausschuss/marktinformationen/daten-zur-wertermittlung/artikel.174898.php,1232,56942
1381,Reinickendorf,120,S-WO - Sonderbaufläche - Wochenendhäuser,2026-01-01,,,,Beitragsfrei nach BauGB,,40383,56189
1382,Treptow-Köpenick,950,W - Wohngebiet,2026-01-01,,,1.2,Frei nach BauGB u. StrABG,https://www.berlin.de/gutachterausschuss/marktinformationen/daten-zur-wertermittlung/artikel.174898.php,2567,56151
1383,Mitte,7500,M2 - Mischgebiet,2026-01-01,EU,Entw,3.5,Beitragsfrei nach BauGB,https://www.berlin.de/gutachterausschuss/marktinformationen/daten-zur-wertermittlung/artikel.174898.php,1145,56132
1384,Treptow-Köpenick,200,G - Gewerbe,2026-01-01,,,,Beitragsfrei nach BauGB,,2364,55736
1385,Neukölln,450,G - Gewerbe,2026-01-01,,,,Beitragsfrei nach BauGB,https://www.berlin.de/gutachterausschuss/marktinformationen/daten-zur-wertermittlung/artikel.174898.php,1993,55624
1386,Marzahn-Hellersdorf,170,GB - Gemeinbedarf,2026-01-01,,,,Beitragsfrei nach BauGB,,2306,55382
1387,Tempelhof-Schöneberg,300,G - Gewerbe,2026-01-01,,,,Beitragsfrei nach BauGB,,1404,55346
1388,Spandau,20,SF-SN - Sonstige Flächen - Sondernutzungsfläche,2026-01-01,,,,Beitragsfrei nach BauGB,,40229,55185
1389,Spandau,350,S-WO - Sonderbaufläche - Wochenendhäuser,2026-01-01,,,,Beitragsfrei nach BauGB,,40230,55185
1390,Spandau,350,S-FZT - Sonderbaufläche - Freizeit und Touristik,2026-01-01,,,,Beitragsfrei nach BauGB,,40231,55185
1391,Neukölln,2200,M1 - Kerngebiet,2026-01-01,SU,San,4.5,Beitragsfrei nach BauGB,https://www.berlin.de/gutachterausschuss/marktinformationen/daten-zur-wertermittlung/artikel.174898.php,2326,55155
1392,Spandau,340,W - Wohngebiet,2026-01-01,,,0.4,Beitragsfrei nach BauGB,,2374,55116
1393,Charlottenburg-Wilmersdorf,1600,W - Wohngebiet,2026-01-01,,,0.6,Beitragsfrei nach BauGB,,1200,55085
1394,Treptow-Köpenick,6000,M1 - Kerngebiet,2026-01-01,,,4.5,Beitragsfrei nach BauGB,https://www.berlin.de/gutachterausschuss/marktinformationen/daten-zur-wertermittlung/artikel.174898.php,2340,54857
1395,Reinickendorf,450,G - Gewerbe,2026-01-01,,,,Beitragsfrei nach BauGB,,2055,54632
1396,Steglitz-Zehlendorf,640,W - Wohngebiet,2026-01-01,,,0.4,Beitragsfrei nach BauGB,,1836,54425
1397,Mitte,10000,M1 - Kerngebiet,2026-01-01,,,4.5,Beitragsfrei nach BauGB,https://www.berlin.de/gutachterausschuss/marktinformationen/daten-zur-wertermittlung/artikel.174898.php,2498,54352
1398,Steglitz-Zehlendorf,850,W - Wohngebiet,2026-01-01,,,0.4,Beitragsfrei nach BauGB,,1678,53634
1399,Mitte,1800,M2 - Mischgebiet,2026-01-01,,,3,Beitragsfrei nach BauGB,https://www.berlin.de/gutachterausschuss/marktinformationen/daten-zur-wertermittlung/artikel.174898.php,1092,53491
1400,Reinickendorf,270,W - Wohngebiet,2026-01-01,,,0.1,Beitragsfrei nach BauGB,,2052,52689
1401,Spandau,290,W - Wohngebiet,2026-01-01,,,0.2,Beitragsfrei nach BauGB,,1526,52389
1402,Spandau,640,W - Wohngebiet,2026-01-01,,,0.3,Beitragsfrei nach BauGB,,1285,52197
1403,Reinickendorf,0.6,LF-F - Flächen der Land-o. Forstwirtschaft - forstwirtschaftliche Fläche,2026-01-01,,,,Beitragsfrei nach BauGB,,40991,52029
1404,Friedrichshain-Kreuzberg,1800,G - Gewerbe,2026-01-01,,,2,Frei nach BauGB u. StrABG,https://www.berlin.de/gutachterausschuss/marktinformationen/daten-zur-wertermittlung/artikel.174898.php,2587,51865
1405,Reinickendorf,450,M2 - Mischgebiet,2026-01-01,,,0.6,Beitragsfrei nach BauGB,,1354,51600
1406,Treptow-Köpenick,410,W - Wohngebiet,2026-01-01,,,0.2,Beitragsfrei nach BauGB,,1023,51558
1407,Treptow-Köpenick,40,SF-SPO - Sonstige Flächen - Sportfläche,2026-01-01,,,,Beitragsfrei nach BauGB,,40700,50768
1408,Mitte,6000,M1 - Kerngebiet,2026-01-01,,,,Beitragsfrei nach BauGB,,1425,50725
1409,Spandau,800,W - Wohngebiet,2026-01-01,SU,San,0.6,Beitragsfrei nach BauGB,,2331,50358
1410,Reinickendorf,15,SF-KGA - Sonstige Flächen - Kleingartenfläche,2026-01-01,,,,Beitragsfrei nach BauGB,,40372,50238
1411,Steglitz-Zehlendorf,560,W - Wohngebiet,2026-01-01,,,0.2,Beitragsfrei nach BauGB,,1851,50211
1412,Friedrichshain-Kreuzberg,1800,M2 - Mischgebiet,2026-01-01,,,3,Beitragsfrei nach BauGB,https://www.berlin.de/gutachterausschuss/marktinformationen/daten-zur-wertermittlung/artikel.174898.php,1070,49822
1413,Charlottenburg-Wilmersdorf,900,W - Wohngebiet,2026-01-01,,,0.4,Frei nach BauGB u. StrABG,,2591,49351
1414,Lichtenberg,15,SF-KGA - Sonstige Flächen - Kleingartenfläche,2026-01-01,,,,Beitragsfrei nach BauGB,,40525,49303
1415,Steglitz-Zehlendorf,300,W - Wohngebiet,2026-01-01,,,0.2,Beitragsfrei nach BauGB,,1743,49277
1416,Spandau,80,S-WO - Sonderbaufläche - Wochenendhäuser,2026-01-01,,,,Beitragsfrei nach BauGB,,40195,48901
1417,Treptow-Köpenick,40,SF-SPO - Sonstige Flächen - Sportfläche,2026-01-01,N,Entw,,Beitragsfrei nach BauGB,,40698,48467
1418,Treptow-Köpenick,350,G - Gewerbe,2026-01-01,,,,Beitragsfrei nach BauGB,,1224,48418
1419,Spandau,1800,M2 - Mischgebiet,2026-01-01,,,3.5,Beitragsfrei nach BauGB,https://www.berlin.de/gutachterausschuss/marktinformationen/daten-zur-wertermittlung/artikel.174898.php,2062,48325
1420,Lichtenberg,3000,G - Gewerbe,2026-01-01,,,4,Beitragsfrei nach BauGB,https://www.berlin.de/gutachterausschuss/marktinformationen/daten-zur-wertermittlung/artikel.174898.php,2028,48134
1421,Steglitz-Zehlendorf,1100,W - Wohngebiet,2026-01-01,,,1,Beitragsfrei nach BauGB,https://www.berlin.de/gutachterausschuss/marktinformationen/daten-zur-wertermittlung/artikel.174898.php,1562,47742
1422,Spandau,0.6,LF-F - Flächen der Land-o. Forstwirtschaft - forstwirtschaftliche Fläche,2026-01-01,,,,Beitragsfrei nach BauGB,,40974,47450
1423,Spandau,1800,W - Wohngebiet,2026-01-01,,,2.5,Beitragsfrei nach BauGB,https://www.berlin.de/gutachterausschuss/marktinformationen/daten-zur-wertermittlung/artikel.174898.php,1834,47331
1424,Treptow-Köpenick,200,G - Gewerbe,2026-01-01,,,,Beitragsfrei nach BauGB,,1037,47308
1425,Steglitz-Zehlendorf,300,G - Gewerbe,2026-01-01,,,,Beitragsfrei nach BauGB,,1720,47213
1426,Spandau,500,W - Wohngebiet,2026-01-01,,,1,Beitragsfrei nach BauGB,https://www.berlin.de/gutachterausschuss/marktinformationen/daten-zur-wertermittlung/artikel.174898.php,2593,47147
1427,Pankow,480,W - Wohngebiet,2026-01-01,,,0.4,Beitragsfrei nach BauGB,,1672,47077
1428,Neukölln,490,W - Wohngebiet,2026-01-01,,,0.6,Beitragsfrei nach BauGB,,1953,46496
1429,Steglitz-Zehlendorf,950,W - Wohngebiet,2026-01-01,,,0.4,Beitragsfrei nach BauGB,,2189,46186
1430,Treptow-Köpenick,400,G - Gewerbe,2026-01-01,,,,Beitragsfrei nach BauGB,,1122,45833
1431,Spandau,40,SF-CA - Sonstige Flächen - Campingplatz,2026-01-01,,,,Beitragsfrei nach BauGB,,40190,45458
1432,Spandau,40,S-WO - Sonderbaufläche - Wochenendhäuser,2026-01-01,,,,Beitragsfrei nach BauGB,,40191,45458
1433,Spandau,800,G - Gewerbe,2026-01-01,,,1.6,Beitragsfrei nach BauGB,,2433,45194
1434,Steglitz-Zehlendorf,610,W - Wohngebiet,2026-01-01,,,0.4,Beitragsfrei nach BauGB,,1841,44948
1435,Charlottenburg-Wilmersdorf,14000,M1 - Kerngebiet,2026-01-01,,,4.5,Beitragsfrei nach BauGB,https://www.berlin.de/gutachterausschuss/marktinformationen/daten-zur-wertermittlung/artikel.174898.php,1291,44928
1436,Friedrichshain-Kreuzberg,2300,G - Gewerbe,2026-01-01,N,Entw,2,Beitragsfrei nach BauGB,https://www.berlin.de/gutachterausschuss/marktinformationen/daten-zur-wertermittlung/artikel.174898.php,2224,44691
1437,Friedrichshain-Kreuzberg,1500,W - Wohngebiet,2026-01-01,N,Entw,1.2,Beitragsfrei nach BauGB,https://www.berlin.de/gutachterausschuss/marktinformationen/daten-zur-wertermittlung/artikel.174898.php,2239,44691
1438,Treptow-Köpenick,450,W - Wohngebiet,2026-01-01,,,0.8,Beitragsfrei nach BauGB,https://www.berlin.de/gutachterausschuss/marktinformationen/daten-zur-wertermittlung/artikel.174898.php,1111,44464
1439,Steglitz-Zehlendorf,600,G - Gewerbe,2026-01-01,,,,Beitragsfrei nach BauGB,,1968,44272
1440,Charlottenburg-Wilmersdorf,19000,M1 - Kerngebiet,2026-01-01,,,4.5,Beitragsfrei nach BauGB,https://www.berlin.de/gutachterausschuss/marktinformationen/daten-zur-wertermittlung/artikel.174898.php,1332,44232
1441,Neukölln,600,W - Wohngebiet,2026-01-01,,,1,Beitragsfrei nach BauGB,https://www.berlin.de/gutachterausschuss/marktinformationen/daten-zur-wertermittlung/artikel.174898.php,1373,43646
1442,Charlottenburg-Wilmersdorf,1400,G - Gewerbe,2026-01-01,,,1.5,Beitragsfrei nach BauGB,,1974,43423
1443,Charlottenburg-Wilmersdorf,1800,W - Wohngebiet,2026-01-01,,,1.5,Beitragsfrei nach BauGB,https://www.berlin.de/gutachterausschuss/marktinformationen/daten-zur-wertermittlung/artikel.174898.php,2526,43423
1444,Treptow-Köpenick,500,W - Wohngebiet,2026-01-01,,,1,Beitragsfrei nach BauGB,https://www.berlin.de/gutachterausschuss/marktinformationen/daten-zur-wertermittlung/artikel.174898.php,1378,43347
1445,Reinickendorf,440,W - Wohngebiet,2026-01-01,,,0.6,Frei nach BauGB u. StrABG,,2568,43185
1446,Pankow,15,SF-KGA - Sonstige Flächen - Kleingartenfläche,2026-01-01,,,,Beitragsfrei nach BauGB,,40456,43142
1447,Treptow-Köpenick,390,W - Wohngebiet,2026-01-01,,,0.2,Beitragsfrei nach BauGB,,1306,42983
1448,Pankow,590,W - Wohngebiet,2026-01-01,,,0.4,Beitragsfrei nach BauGB,,2302,42972
1449,Treptow-Köpenick,1000,W - Wohngebiet,2026-01-01,,,1,Beitragsfrei nach BauGB,https://www.berlin.de/gutachterausschuss/marktinformationen/daten-zur-wertermittlung/artikel.174898.php,1487,42902
1450,Marzahn-Hellersdorf,500,W - Wohngebiet,2026-01-01,,,0.8,Beitragsfrei nach BauGB,,1755,42837
1451,Mitte,3500,W - Wohngebiet,2026-01-01,,,1.2,Beitragsfrei nach BauGB,https://www.berlin.de/gutachterausschuss/marktinformationen/daten-zur-wertermittlung/artikel.174898.php,1650,42789
1452,Treptow-Köpenick,340,W - Wohngebiet,2026-01-01,,,0.2,Beitragsfrei nach BauGB,,1381,42428
1453,Steglitz-Zehlendorf,700,W - Wohngebiet,2026-01-01,,,1,Beitragsfrei nach BauGB,https://www.berlin.de/gutachterausschuss/marktinformationen/daten-zur-wertermittlung/artikel.174898.php,1491,41837
1454,Lichtenberg,350,W - Wohngebiet,2026-01-01,,,0.4,Beitragsfrei nach BauGB,,1498,41763
1455,Treptow-Köpenick,15,SF-KGA - Sonstige Flächen - Kleingartenfläche,2026-01-01,,,,Beitragsfrei nach BauGB,,40671,41711
1456,Treptow-Köpenick,40,S-WO - Sonderbaufläche - Wochenendhäuser,2026-01-01,,,,Beitragsfrei nach BauGB,,40672,41711
1457,Mitte,8000,M1 - Kerngebiet,2026-01-01,N,Entw,4.5,Beitragsfrei nach BauGB,https://www.berlin.de/gutachterausschuss/marktinformationen/daten-zur-wertermittlung/artikel.174898.php,2203,41595
1458,Neukölln,640,W - Wohngebiet,2026-01-01,,,0.6,Beitragsfrei nach BauGB,,1917,41284
1459,Spandau,40,SF-SPO - Sonstige Flächen - Sportfläche,2026-01-01,SU,San,,Beitragsfrei nach BauGB,,40268,41271
1460,Spandau,20,SF-SN - Sonstige Flächen - Sondernutzungsfläche,2026-01-01,SU,San,,Beitragsfrei nach BauGB,,40267,41271
1461,Neukölln,850,W - Wohngebiet,2026-01-01,,,1.5,Beitragsfrei nach BauGB,https://www.berlin.de/gutachterausschuss/marktinformationen/daten-zur-wertermittlung/artikel.174898.php,1681,41138
1462,Steglitz-Zehlendorf,850,W - Wohngebiet,2026-01-01,,,0.4,Beitragsfrei nach BauGB,,1689,41108
1463,Mitte,1600,G - Gewerbe,2026-01-01,,,2,Beitragsfrei nach BauGB,https://www.berlin.de/gutachterausschuss/marktinformationen/daten-zur-wertermittlung/artikel.174898.php,1986,41041
1464,Reinickendorf,400,G - Gewerbe,2026-01-01,,,,Beitragsfrei nach BauGB,,1863,40943
1465,Charlottenburg-Wilmersdorf,900,G - Gewerbe,2026-01-01,,,,Beitragsfrei nach BauGB,,1961,40621
1466,Reinickendorf,520,W - Wohngebiet,2026-01-01,,,0.4,Beitragsfrei nach BauGB,,2357,40175
1467,Spandau,1200,W - Wohngebiet,2026-01-01,SU,San,2,Beitragsfrei nach BauGB,https://www.berlin.de/gutachterausschuss/marktinformationen/daten-zur-wertermittlung/artikel.174898.php,2333,40150
1468,Steglitz-Zehlendorf,400,G - Gewerbe,2026-01-01,,,,Beitragsfrei nach BauGB,,1590,39992
1469,Neukölln,610,W - Wohngebiet,2026-01-01,,,0.4,Beitragsfrei nach BauGB,,1940,39979
1470,Spandau,500,W - Wohngebiet,2026-01-01,,,1,Beitragsfrei nach BauGB,https://www.berlin.de/gutachterausschuss/marktinformationen/daten-zur-wertermittlung/artikel.174898.php,2417,39958
1471,Pankow,1500,W - Wohngebiet,2026-01-01,,,1,Beitragsfrei nach BauGB,https://www.berlin.de/gutachterausschuss/marktinformationen/daten-zur-wertermittlung/artikel.174898.php,2457,39922
1472,Treptow-Köpenick,20,SF-SN - Sonstige Flächen - Sondernutzungsfläche,2026-01-01,,,,Beitragsfrei nach BauGB,,40738,39859
1473,Charlottenburg-Wilmersdorf,4500,M1 - Kerngebiet,2026-01-01,,,4.5,Beitragsfrei nach BauGB,https://www.berlin.de/gutachterausschuss/marktinformationen/daten-zur-wertermittlung/artikel.174898.php,1216,39799
1474,Reinickendorf,600,M2 - Mischgebiet,2026-01-01,,,0.6,Beitragsfrei nach BauGB,,1365,39757
1475,Reinickendorf,20,SF-SN - Sonstige Flächen - Sondernutzungsfläche,2026-01-01,,,,Beitragsfrei nach BauGB,,41073,39384
1476,Lichtenberg,460,W - Wohngebiet,2026-01-01,,,0.4,Beitragsfrei nach BauGB,,1423,39251
1477,Charlottenburg-Wilmersdorf,3000,G - Gewerbe,2026-01-01,,,2,Beitragsfrei nach BauGB,https://www.berlin.de/gutachterausschuss/marktinformationen/daten-zur-wertermittlung/artikel.174898.php,2025,39074
1478,Friedrichshain-Kreuzberg,2100,W - Wohngebiet,2026-01-01,,,2.5,Beitragsfrei nach BauGB,https://www.berlin.de/gutachterausschuss/marktinformationen/daten-zur-wertermittlung/artikel.174898.php,1852,38983
1479,Steglitz-Zehlendorf,1200,W - Wohngebiet,2026-01-01,,,0.3,Beitragsfrei nach BauGB,,1673,38830
1480,Lichtenberg,420,W - Wohngebiet,2026-01-01,,,0.4,Beitragsfrei nach BauGB,,1410,38761
1481,Spandau,1300,W - Wohngebiet,2026-01-01,,,1.5,Beitragsfrei nach BauGB,https://www.berlin.de/gutachterausschuss/marktinformationen/daten-zur-wertermittlung/artikel.174898.php,1691,38558
1482,Pankow,280,W - Wohngebiet,2026-01-01,,,0.2,Beitragsfrei nach BauGB,,1710,38537
1483,Lichtenberg,850,W - Wohngebiet,2026-01-01,SU,San,1.5,Beitragsfrei nach BauGB,https://www.berlin.de/gutachterausschuss/marktinformationen/daten-zur-wertermittlung/artikel.174898.php,2317,37921
1484,Pankow,750,G - Gewerbe,2026-01-01,,,,Beitragsfrei nach BauGB,,2157,37871
1485,Treptow-Köpenick,900,W - Wohngebiet,2026-01-01,N,Entw,1.8,Beitragsfrei nach BauGB,https://www.berlin.de/gutachterausschuss/marktinformationen/daten-zur-wertermittlung/artikel.174898.php,2574,37798
1486,Steglitz-Zehlendorf,500,G - Gewerbe,2026-01-01,,,,Beitragsfrei nach BauGB,,1838,37720
1487,Tempelhof-Schöneberg,580,W - Wohngebiet,2026-01-01,,,0.4,Beitragsfrei nach BauGB,,1908,37614
1488,Mitte,12000,W - Wohngebiet,2026-01-01,,,2.5,Beitragsfrei nach BauGB,https://www.berlin.de/gutachterausschuss/marktinformationen/daten-zur-wertermittlung/artikel.174898.php,2413,37602
1489,Treptow-Köpenick,460,W - Wohngebiet,2026-01-01,,,0.4,Beitragsfrei nach BauGB,,1141,37511
1490,Pankow,280,W - Wohngebiet,2026-01-01,,,0.2,Beitragsfrei nach BauGB,,1717,37298
1491,Tempelhof-Schöneberg,550,W - Wohngebiet,2026-01-01,,,0.4,Beitragsfrei nach BauGB,,1903,37238
1492,Treptow-Köpenick,950,M2 - Mischgebiet,2026-01-01,,,1.5,Beitragsfrei nach BauGB,,1308,36954
1493,Neukölln,350,W - Wohngebiet,2026-01-01,,,0.1,Beitragsfrei nach BauGB,,1963,36763
1494,Neukölln,2100,M2 - Mischgebiet,2026-01-01,SU,San,2.5,Beitragsfrei nach BauGB,https://www.berlin.de/gutachterausschuss/marktinformationen/daten-zur-wertermittlung/artikel.174898.php,2327,36617
1495,Tempelhof-Schöneberg,300,G - Gewerbe,2026-01-01,,,,Frei nach BauGB u. StrABG,,2588,36601
1496,Pankow,40,S-WO - Sonderbaufläche - Wochenendhäuser,2026-01-01,,,,Beitragsfrei nach BauGB,,40478,36596
1497,Spandau,1000,W - Wohngebiet,2026-01-01,,,1.2,Beitragsfrei nach BauGB,https://www.berlin.de/gutachterausschuss/marktinformationen/daten-zur-wertermittlung/artikel.174898.php,2432,36418
1498,Spandau,3,LF-GR - Flächen der Land-o. Forstwirtschaft - Grünland,2026-01-01,,,,Frei nach BauGB u. StrABG,,41068,36055
1499,Neukölln,710,W - Wohngebiet,2026-01-01,,,0.4,Beitragsfrei nach BauGB,,2578,36053
1500,Neukölln,600,G - Gewerbe,2026-01-01,SU,San,,Beitragsfrei nach BauGB,,2328,35780
1501,Reinickendorf,120,S-WO - Sonderbaufläche - Wochenendhäuser,2026-01-01,,,,Beitragsfrei nach BauGB,,40391,35593
1502,Steglitz-Zehlendorf,900,W - Wohngebiet,2026-01-01,,,1,Beitragsfrei nach BauGB,https://www.berlin.de/gutachterausschuss/marktinformationen/daten-zur-wertermittlung/artikel.174898.php,1510,35384
1503,Reinickendorf,270,W - Wohngebiet,2026-01-01,,,0.1,Beitragsfrei nach BauGB,,2053,35338
1504,Reinickendorf,550,W - Wohngebiet,2026-01-01,,,1,Beitragsfrei nach BauGB,https://www.berlin.de/gutachterausschuss/marktinformationen/daten-zur-wertermittlung/artikel.174898.php,1444,34922
1505,Lichtenberg,430,W - Wohngebiet,2026-01-01,,,0.4,Beitragsfrei nach BauGB,,2360,34724
1506,Spandau,1200,W - Wohngebiet,2026-01-01,SU,San,2,Beitragsfrei nach BauGB,https://www.berlin.de/gutachterausschuss/marktinformationen/daten-zur-wertermittlung/artikel.174898.php,2334,34714
1507,Tempelhof-Schöneberg,530,W - Wohngebiet,2026-01-01,,,0.4,Beitragsfrei nach BauGB,,1904,34674
1508,Spandau,400,W - Wohngebiet,2026-01-01,,,0.3,Beitragsfrei nach BauGB,,1382,34433
1509,Marzahn-Hellersdorf,360,W - Wohngebiet,2026-01-01,,,0.2,Beitragsfrei nach BauGB,,2358,34328
1510,Mitte,2000,M1 - Kerngebiet,2026-01-01,SU,San,4.5,Beitragsfrei nach BauGB,https://www.berlin.de/gutachterausschuss/marktinformationen/daten-zur-wertermittlung/artikel.174898.php,2321,34257
1511,Steglitz-Zehlendorf,900,W - Wohngebiet,2026-01-01,,,0.4,Beitragsfrei nach BauGB,,2316,34135
1512,Reinickendorf,600,M2 - Mischgebiet,2026-01-01,,,0.6,Beitragsfrei nach BauGB,,2406,33981
1513,Steglitz-Zehlendorf,2000,M2 - Mischgebiet,2026-01-01,,,2,Beitragsfrei nach BauGB,https://www.berlin.de/gutachterausschuss/marktinformationen/daten-zur-wertermittlung/artikel.174898.php,2173,33938
1514,Pankow,490,W - Wohngebiet,2026-01-01,,,0.4,Beitragsfrei nach BauGB,,1623,33853
1515,Treptow-Köpenick,350,G - Gewerbe,2026-01-01,,,,Beitragsfrei nach BauGB,,1727,33208
1516,Reinickendorf,430,W - Wohngebiet,2026-01-01,,,0.4,Beitragsfrei nach BauGB,,2001,32791
1517,Treptow-Köpenick,480,W - Wohngebiet,2026-01-01,EU,Entw,0.4,Beitragsfrei nach BauGB,,2471,32789
1518,Spandau,450,W - Wohngebiet,2026-01-01,,,0.6,Beitragsfrei nach BauGB,,1480,32610
1519,Treptow-Köpenick,40,S-WO - Sonderbaufläche - Wochenendhäuser,2026-01-01,,,,Beitragsfrei nach BauGB,,40691,32571
1520,Treptow-Köpenick,40,SF-SPO - Sonstige Flächen - Sportfläche,2026-01-01,,,,Beitragsfrei nach BauGB,,40692,32571
1521,Pankow,350,G - Gewerbe,2026-01-01,,,,Beitragsfrei nach BauGB,,1744,32537
1522,Charlottenburg-Wilmersdorf,900,W - Wohngebiet,2026-01-01,,,0.6,Beitragsfrei nach BauGB,,1161,32446
1523,Reinickendorf,320,W - Wohngebiet,2026-01-01,,,0.2,Beitragsfrei nach BauGB,,2356,32343
1524,Tempelhof-Schöneberg,1600,G - Gewerbe,2026-01-01,,,2,Beitragsfrei nach BauGB,https://www.berlin.de/gutachterausschuss/marktinformationen/daten-zur-wertermittlung/artikel.174898.php,2085,32116
1525,Charlottenburg-Wilmersdorf,1800,G - Gewerbe,2026-01-01,,,2,Beitragsfrei nach BauGB,https://www.berlin.de/gutachterausschuss/marktinformationen/daten-zur-wertermittlung/artikel.174898.php,2024,32016
1526,Steglitz-Zehlendorf,2500,M2 - Mischgebiet,2026-01-01,,,2,Beitragsfrei nach BauGB,https://www.berlin.de/gutachterausschuss/marktinformationen/daten-zur-wertermittlung/artikel.174898.php,1274,31263
1527,Mitte,430,W - Wohngebiet,2026-01-01,,,0.4,Beitragsfrei nach BauGB,,1034,30893
1528,Reinickendorf,480,W - Wohngebiet,2026-01-01,,,0.4,Beitragsfrei nach BauGB,,2006,30714
1529,Mitte,14000,M1 - Kerngebiet,2026-01-01,,,4.5,Beitragsfrei nach BauGB,https://www.berlin.de/gutachterausschuss/marktinformationen/daten-zur-wertermittlung/artikel.174898.php,2064,30602
1530,Marzahn-Hellersdorf,1000,M2 - Mischgebiet,2026-01-01,,,2,Beitragsfrei nach BauGB,https://www.berlin.de/gutachterausschuss/marktinformationen/daten-zur-wertermittlung/artikel.174898.php,2454,30483
1531,Lichtenberg,500,W - Wohngebiet,2026-01-01,,,1,Frei nach BauGB u. StrABG,https://www.berlin.de/gutachterausschuss/marktinformationen/daten-zur-wertermittlung/artikel.174898.php,2571,30464
1532,Spandau,1600,M1 - Kerngebiet,2026-01-01,,,,Beitragsfrei nach BauGB,,1371,30408
1533,Pankow,20,SF-SN - Sonstige Flächen - Sondernutzungsfläche,2026-01-01,,,,Beitragsfrei nach BauGB,,40467,30287
1534,Reinickendorf,380,W - Wohngebiet,2026-01-01,,,0.4,Beitragsfrei nach BauGB,,2033,30135
1535,Mitte,3500,W - Wohngebiet,2026-01-01,,,0.8,Beitragsfrei nach BauGB,https://www.berlin.de/gutachterausschuss/marktinformationen/daten-zur-wertermittlung/artikel.174898.php,2236,30025
1536,Neukölln,400,W - Wohngebiet,2026-01-01,,,0.2,Beitragsfrei nach BauGB,,2455,29840
1537,Spandau,2000,W - Wohngebiet,2026-01-01,,,2.5,Beitragsfrei nach BauGB,https://www.berlin.de/gutachterausschuss/marktinformationen/daten-zur-wertermittlung/artikel.174898.php,1837,29697
1538,Reinickendorf,520,W - Wohngebiet,2026-01-01,,,0.4,Beitragsfrei nach BauGB,,1990,29052
1539,Friedrichshain-Kreuzberg,750,G - Gewerbe,2026-01-01,,,,Beitragsfrei nach BauGB,,2376,29029
1540,Treptow-Köpenick,1000,W - Wohngebiet,2026-01-01,,,1,Beitragsfrei nach BauGB,https://www.berlin.de/gutachterausschuss/marktinformationen/daten-zur-wertermittlung/artikel.174898.php,1482,28871
1541,Pankow,340,W - Wohngebiet,2026-01-01,,,0.4,Beitragsfrei nach BauGB,,2108,28735
1542,Treptow-Köpenick,440,W - Wohngebiet,2026-01-01,,,0.4,Beitragsfrei nach BauGB,,1347,28726
1543,Reinickendorf,500,W - Wohngebiet,2026-01-01,,,1,Beitragsfrei nach BauGB,https://www.berlin.de/gutachterausschuss/marktinformationen/daten-zur-wertermittlung/artikel.174898.php,1116,28489
1544,Treptow-Köpenick,450,G - Gewerbe,2026-01-01,,,,Beitragsfrei nach BauGB,,1072,28369
1545,Treptow-Köpenick,1200,M2 - Mischgebiet,2026-01-01,,,2,Beitragsfrei nach BauGB,https://www.berlin.de/gutachterausschuss/marktinformationen/daten-zur-wertermittlung/artikel.174898.php,1315,27758
1546,Treptow-Köpenick,450,W - Wohngebiet,2026-01-01,,,0.8,Beitragsfrei nach BauGB,https://www.berlin.de/gutachterausschuss/marktinformationen/daten-zur-wertermittlung/artikel.174898.php,2402,27708
1547,Treptow-Köpenick,15,SF-FH - Sonstige Flächen - Friedhof,2026-01-01,,,,Beitragsfrei nach BauGB,,40709,27670
1548,Treptow-Köpenick,20,SF-SN - Sonstige Flächen - Sondernutzungsfläche,2026-01-01,,,,Beitragsfrei nach BauGB,,40702,27257
1549,Steglitz-Zehlendorf,500,G - Gewerbe,2026-01-01,,,,Beitragsfrei nach BauGB,,1916,27164
1550,Spandau,500,W - Wohngebiet,2026-01-01,,,1,Beitragsfrei nach BauGB,https://www.berlin.de/gutachterausschuss/marktinformationen/daten-zur-wertermittlung/artikel.174898.php,2416,26984
1551,Treptow-Köpenick,850,W - Wohngebiet,2026-01-01,N,Entw,1.5,Beitragsfrei nach BauGB,https://www.berlin.de/gutachterausschuss/marktinformationen/daten-zur-wertermittlung/artikel.174898.php,2420,26890
1552,Mitte,60000,M1 - Kerngebiet,2026-01-01,,,4.5,Beitragsfrei nach BauGB,https://www.berlin.de/gutachterausschuss/marktinformationen/daten-zur-wertermittlung/artikel.174898.php,2411,26541
1553,Spandau,460,W - Wohngebiet,2026-01-01,,,0.6,Beitragsfrei nach BauGB,,1269,26305
1554,Steglitz-Zehlendorf,900,W - Wohngebiet,2026-01-01,,,1,Beitragsfrei nach BauGB,https://www.berlin.de/gutachterausschuss/marktinformationen/daten-zur-wertermittlung/artikel.174898.php,1546,26065
1555,Treptow-Köpenick,500,S-WO - Sonderbaufläche - Wochenendhäuser,2026-01-01,,,,Beitragsfrei nach BauGB,,40725,25979
1556,Spandau,480,W - Wohngebiet,2026-01-01,,,0.6,Beitragsfrei nach BauGB,,2486,25914
1557,Mitte,8000,M1 - Kerngebiet,2026-01-01,N,Entw,4.5,Beitragsfrei nach BauGB,https://www.berlin.de/gutachterausschuss/marktinformationen/daten-zur-wertermittlung/artikel.174898.php,2606,25754
1558,Spandau,470,W - Wohngebiet,2026-01-01,,,0.6,Beitragsfrei nach BauGB,,2232,25009
1559,Treptow-Köpenick,0.6,LF-F - Flächen der Land-o. Forstwirtschaft - forstwirtschaftliche Fläche,2026-01-01,,,,Frei nach BauGB u. StrABG,,41067,24851
1560,Steglitz-Zehlendorf,600,W - Wohngebiet,2026-01-01,,,1,Beitragsfrei nach BauGB,https://www.berlin.de/gutachterausschuss/marktinformationen/daten-zur-wertermittlung/artikel.174898.php,1219,24816
1561,Marzahn-Hellersdorf,400,G - Gewerbe,2026-01-01,,,,Beitragsfrei nach BauGB,,2404,24815
1562,Reinickendorf,350,G - Gewerbe,2026-01-01,,,,Beitragsfrei nach BauGB,,1704,24766
1563,Mitte,9500,M1 - Kerngebiet,2026-01-01,,,4.5,Beitragsfrei nach BauGB,https://www.berlin.de/gutachterausschuss/marktinformationen/daten-zur-wertermittlung/artikel.174898.php,1263,24715
1564,Treptow-Köpenick,850,W - Wohngebiet,2026-01-01,,,1.5,Beitragsfrei nach BauGB,https://www.berlin.de/gutachterausschuss/marktinformationen/daten-zur-wertermittlung/artikel.174898.php,2582,24107
1565,Friedrichshain-Kreuzberg,2500,G - Gewerbe,2026-01-01,,,2.5,Beitragsfrei nach BauGB,,2477,23602
1566,Steglitz-Zehlendorf,350,S-FZT - Sonderbaufläche - Freizeit und Touristik,2026-01-01,,,,Beitragsfrei nach BauGB,,40039,23045
1567,Mitte,8000,M1 - Kerngebiet,2026-01-01,N,Entw,4.5,Beitragsfrei nach BauGB,https://www.berlin.de/gutachterausschuss/marktinformationen/daten-zur-wertermittlung/artikel.174898.php,2412,23032
1568,Treptow-Köpenick,300,G - Gewerbe,2026-01-01,,,,Beitragsfrei nach BauGB,,2472,22859
1569,Tempelhof-Schöneberg,15,SF-KGA - Sonstige Flächen - Kleingartenfläche,2026-01-01,,,,Beitragsfrei nach BauGB,,40027,22778
1570,Treptow-Köpenick,20,SF-SN - Sonstige Flächen - Sondernutzungsfläche,2026-01-01,,,,Beitragsfrei nach BauGB,,40737,22745
1571,Marzahn-Hellersdorf,350,G - Gewerbe,2026-01-01,,,,Beitragsfrei nach BauGB,,2597,22638
1572,Spandau,500,W - Wohngebiet,2026-01-01,,,0.9,Beitragsfrei nach BauGB,https://www.berlin.de/gutachterausschuss/marktinformationen/daten-zur-wertermittlung/artikel.174898.php,1076,22616
1573,Lichtenberg,1200,W - Wohngebiet,2026-01-01,,,2,Beitragsfrei nach BauGB,https://www.berlin.de/gutachterausschuss/marktinformationen/daten-zur-wertermittlung/artikel.174898.php,2460,22463
1574,Treptow-Köpenick,450,W - Wohngebiet,2026-01-01,,,0.8,Beitragsfrei nach BauGB,https://www.berlin.de/gutachterausschuss/marktinformationen/daten-zur-wertermittlung/artikel.174898.php,1093,21986
1575,Reinickendorf,450,W - Wohngebiet,2026-01-01,,,0.4,Beitragsfrei nach BauGB,,2113,21285
1576,Steglitz-Zehlendorf,610,W - Wohngebiet,2026-01-01,,,0.4,Beitragsfrei nach BauGB,,1845,21262
1577,Lichtenberg,500,W - Wohngebiet,2026-01-01,,,1,Beitragsfrei nach BauGB,https://www.berlin.de/gutachterausschuss/marktinformationen/daten-zur-wertermittlung/artikel.174898.php,2456,20920
1578,Pankow,350,G - Gewerbe,2026-01-01,,,,Beitragsfrei nach BauGB,,1750,20657
1579,Lichtenberg,550,W - Wohngebiet,2026-01-01,,,1,Beitragsfrei nach BauGB,https://www.berlin.de/gutachterausschuss/marktinformationen/daten-zur-wertermittlung/artikel.174898.php,1440,20563
1580,Reinickendorf,460,W - Wohngebiet,2026-01-01,,,0.4,Beitragsfrei nach BauGB,,1970,20218
1581,Reinickendorf,470,W - Wohngebiet,2026-01-01,,,0.4,Beitragsfrei nach BauGB,,1999,19752
1582,Treptow-Köpenick,20,SF-SN - Sonstige Flächen - Sondernutzungsfläche,2026-01-01,,,,Beitragsfrei nach BauGB,,40739,19595
1583,Tempelhof-Schöneberg,620,W - Wohngebiet,2026-01-01,,,0.4,Beitragsfrei nach BauGB,,2219,18986
1584,Mitte,1800,M2 - Mischgebiet,2026-01-01,SU,San,3,Beitragsfrei nach BauGB,https://www.berlin.de/gutachterausschuss/marktinformationen/daten-zur-wertermittlung/artikel.174898.php,2550,18801
1585,Steglitz-Zehlendorf,1100,W - Wohngebiet,2026-01-01,,,1,Beitragsfrei nach BauGB,https://www.berlin.de/gutachterausschuss/marktinformationen/daten-zur-wertermittlung/artikel.174898.php,2070,18550
1586,Spandau,1000,G - Gewerbe,2026-01-01,SU,San,,Beitragsfrei nach BauGB,,2332,18104
1587,Charlottenburg-Wilmersdorf,900,W - Wohngebiet,2026-01-01,,,0.4,Beitragsfrei nach BauGB,,2385,17398
1588,Treptow-Köpenick,20,SF-SN - Sonstige Flächen - Sondernutzungsfläche,2026-01-01,,,,Beitragsfrei nach BauGB,,40736,17251
1589,Treptow-Köpenick,900,W - Wohngebiet,2026-01-01,,,1.5,Beitragsfrei nach BauGB,https://www.berlin.de/gutachterausschuss/marktinformationen/daten-zur-wertermittlung/artikel.174898.php,2470,17205
1590,Mitte,1200,W - Wohngebiet,2026-01-01,,,2,Beitragsfrei nach BauGB,https://www.berlin.de/gutachterausschuss/marktinformationen/daten-zur-wertermittlung/artikel.174898.php,2390,17197
1591,Mitte,2700,W - Wohngebiet,2026-01-01,,,0.6,Beitragsfrei nach BauGB,,1005,17039
1592,Marzahn-Hellersdorf,290,W - Wohngebiet,2026-01-01,,,0.4,Beitragsfrei nach BauGB,,2359,15900
1593,Spandau,0.6,LF-F - Flächen der Land-o. Forstwirtschaft - forstwirtschaftliche Fläche,2026-01-01,,,,Beitragsfrei nach BauGB,,40306,14728
1594,Marzahn-Hellersdorf,420,W - Wohngebiet,2026-01-01,,,0.6,Beitragsfrei nach BauGB,,2315,14662
1595,Pankow,590,W - Wohngebiet,2026-01-01,,,0.4,Beitragsfrei nach BauGB,,1611,13666
1596,Lichtenberg,350,W - Wohngebiet,2026-01-01,,,0.6,Beitragsfrei nach BauGB,,1486,13501
1597,Steglitz-Zehlendorf,850,W - Wohngebiet,2026-01-01,,,0.6,Beitragsfrei nach BauGB,,2577,13222
1598,Reinickendorf,120,S-WO - Sonderbaufläche - Wochenendhäuser,2026-01-01,,,,Beitragsfrei nach BauGB,,40389,12394
1599,Treptow-Köpenick,500,S-WO - Sonderbaufläche - Wochenendhäuser,2026-01-01,,,,Beitragsfrei nach BauGB,,40729,11765
1600,Spandau,800,W - Wohngebiet,2026-01-01,,,0.6,Beitragsfrei nach BauGB,,1239,11692
1601,Steglitz-Zehlendorf,510,W - Wohngebiet,2026-01-01,,,0.2,Beitragsfrei nach BauGB,,1724,11383
1602,Treptow-Köpenick,350,S-FZT - Sonderbaufläche - Freizeit und Touristik,2026-01-01,,,,Beitragsfrei nach BauGB,,40731,10728
1603,Treptow-Köpenick,500,S-WO - Sonderbaufläche - Wochenendhäuser,2026-01-01,,,,Beitragsfrei nach BauGB,,40720,9913
1604,Mitte,580,W - Wohngebiet,2026-01-01,,,0.6,Beitragsfrei nach BauGB,,1028,9772
1605,Mitte,3500,M1 - Kerngebiet,2026-01-01,N,Entw,1.5,Beitragsfrei nach BauGB,https://www.berlin.de/gutachterausschuss/marktinformationen/daten-zur-wertermittlung/artikel.174898.php,2604,9749
1606,Treptow-Köpenick,20,SF-SN - Sonstige Flächen - Sondernutzungsfläche,2026-01-01,,,,Beitragsfrei nach BauGB,,40722,8594
1607,Pankow,1900,W - Wohngebiet,2026-01-01,SU,San,1.5,Beitragsfrei nach BauGB,,2552,8535
1608,Treptow-Köpenick,500,W - Wohngebiet,2026-01-01,EU,Entw,0.8,Beitragsfrei nach BauGB,https://www.berlin.de/gutachterausschuss/marktinformationen/daten-zur-wertermittlung/artikel.174898.php,2474,7910
1609,Reinickendorf,120,S-WO - Sonderbaufläche - Wochenendhäuser,2026-01-01,,,,Beitragsfrei nach BauGB,,40390,7022
1610,Mitte,8000,W - Wohngebiet,2026-01-01,N,Entw,2.6,Beitragsfrei nach BauGB,https://www.berlin.de/gutachterausschuss/marktinformationen/daten-zur-wertermittlung/artikel.174898.php,2603,5502
1611,Treptow-Köpenick,350,S-WO - Sonderbaufläche - Wochenendhäuser,2026-01-01,,,,Beitragsfrei nach BauGB,,40734,5102
1612,Steglitz-Zehlendorf,20,SF-SN - Sonstige Flächen - Sondernutzungsfläche,2026-01-01,,,,Beitragsfrei nach BauGB,,40046,4928
1613,Treptow-Köpenick,20,SF-SN - Sonstige Flächen - Sondernutzungsfläche,2026-01-01,,,,Beitragsfrei nach BauGB,,40741,4227
1614,Spandau,0.6,LF-F - Flächen der Land-o. Forstwirtschaft - forstwirtschaftliche Fläche,2026-01-01,,,,Beitragsfrei nach BauGB,,40228,3669
1615,Spandau,0.6,LF-F - Flächen der Land-o. Forstwirtschaft - forstwirtschaftliche Fläche,2026-01-01,,,,Beitragsfrei nach BauGB,,40384,3651
1616,Treptow-Köpenick,20,SF-SN - Sonstige Flächen - Sondernutzungsfläche,2026-01-01,,,,Beitragsfrei nach BauGB,,40735,2449
1617,Friedrichshain-Kreuzberg,20,SF-SN - Sonstige Flächen - Sondernutzungsfläche,2026-01-01,,,,Beitragsfrei nach BauGB,,40797,1867
1618,Friedrichshain-Kreuzberg,20,SF-SN - Sonstige Flächen - Sondernutzungsfläche,2026-01-01,,,,Beitragsfrei nach BauGB,,40798,1805
1619,Spandau,350,S-WO - Sonderbaufläche - Wochenendhäuser,2026-01-01,,,,Beitragsfrei nach BauGB,,40227,1427
1620,Treptow-Köpenick,20,SF-SN - Sonstige Flächen - Sondernutzungsfläche,2026-01-01,,,,Beitragsfrei nach BauGB,,40742,1283
1621,Pankow,1900,W - Wohngebiet,2026-01-01,SU,San,1.5,Beitragsfrei nach BauGB,https://www.berlin.de/gutachterausschuss/marktinformationen/daten-zur-wertermittlung/artikel.174898.php,2553,1210
1622,Friedrichshain-Kreuzberg,20,SF-SN - Sonstige Flächen - Sondernutzungsfläche,2026-01-01,,,,Beitragsfrei nach BauGB,,40799,519
