{"type":"FeatureCollection","features":[{"type":"Feature","id":0,"properties":{"gisid":"GG0501","fl_in_ha":"140.7","gebietsname":"Falkenhagener Feld","gebietstyp":"Sauberkeit und Sicherheitsempfinden in Berliner Großsiedlungen"},"geometry":{"type":"MultiPolygon","coordinates":[[[[13.153665,52.554017],[13.153458,52.554085],[13.153308,52.554172],[13.153196,52.554278],[13.153066,52.554493],[13.15297,52.55461],[13.152846,52.554695],[13.152697,52.554758],[13.149589,52.555347],[13.149813,52.556447],[13.149798,52.556487],[13.149756,52.556518],[13.149186,52.556646],[13.149092,52.556646],[13.148724,52.556575],[13.148679,52.556549],[13.148598,52.556397],[13.148575,52.556319],[13.148575,52.556157],[13.148848,52.554924],[13.148829,52.554839],[13.148651,52.554503],[13.148667,52.554353],[13.1488,52.554305],[13.149191,52.554212],[13.15279,52.553539],[13.152541,52.55246],[13.153325,52.552393],[13.152831,52.550168],[13.152049,52.550233],[13.151328,52.546995],[13.152833,52.546698],[13.15312,52.54667],[13.153278,52.547378],[13.153229,52.547384],[13.15367,52.54933],[13.155939,52.549116],[13.16238,52.548362],[13.162477,52.548393],[13.162587,52.548503],[13.162557,52.548511],[13.162764,52.548803],[13.163065,52.549129],[13.163367,52.549399],[13.16378,52.549699],[13.165212,52.549493],[13.165335,52.549568],[13.16616,52.549865],[13.169491,52.549241],[13.169757,52.550456],[13.178213,52.548868],[13.177359,52.547161],[13.177161,52.546707],[13.176971,52.546195],[13.176817,52.5457],[13.176706,52.545244],[13.176425,52.543765],[13.17649,52.543726],[13.177052,52.543639],[13.17747,52.543525],[13.182154,52.541942],[13.182525,52.541805],[13.182557,52.542043],[13.184641,52.551728],[13.182682,52.552285],[13.179372,52.553178],[13.177928,52.553522],[13.176256,52.553892],[13.174796,52.554246],[13.172802,52.554765],[13.169877,52.555445],[13.167455,52.555935],[13.166804,52.556093],[13.165895,52.556279],[13.165411,52.556358],[13.165319,52.555916],[13.165169,52.555619],[13.164419,52.552973],[13.164343,52.552886],[13.163882,52.551322],[13.161823,52.551712],[13.161435,52.551858],[13.153418,52.553364],[13.153696,52.553956],[13.153665,52.554017]]]]}},{"type":"Feature","id":1,"properties":{"gisid":"GG0502","fl_in_ha":"100.1","gebietsname":"Heerstraße","gebietstyp":"Sauberkeit und Sicherheitsempfinden in Berliner Großsiedlungen"},"geometry":{"type":"MultiPolygon","coordinates":[[[[13.158501,52.525028],[13.158057,52.525051],[13.157474,52.525123],[13.155936,52.525424],[13.156107,52.52441],[13.156003,52.523854],[13.15539,52.523179],[13.155123,52.522987],[13.154591,52.522752],[13.154369,52.522551],[13.15429,52.522343],[13.154232,52.522094],[13.154162,52.521942],[13.15757,52.521217],[13.157436,52.521008],[13.157325,52.520879],[13.156775,52.520337],[13.159617,52.518947],[13.159731,52.518979],[13.159964,52.519093],[13.160242,52.519192],[13.162015,52.5197],[13.162213,52.519814],[13.16233,52.519964],[13.16277,52.519871],[13.16365,52.518733],[13.163728,52.518739],[13.16426,52.519138],[13.164758,52.518892],[13.164908,52.518497],[13.16487,52.518327],[13.164786,52.518215],[13.16456,52.51801],[13.162849,52.516745],[13.162786,52.516679],[13.16275,52.516587],[13.162785,52.516457],[13.162888,52.516363],[13.164273,52.515673],[13.164931,52.516862],[13.166134,52.517565],[13.166566,52.517463],[13.166971,52.517914],[13.168657,52.517265],[13.167089,52.515821],[13.166032,52.514831],[13.166023,52.514802],[13.166064,52.514754],[13.16663,52.51447],[13.166707,52.514351],[13.16672,52.514129],[13.167198,52.513666],[13.169191,52.513033],[13.169505,52.513525],[13.16977,52.513886],[13.17024,52.51443],[13.170623,52.514821],[13.172233,52.516293],[13.170518,52.516995],[13.171795,52.51795],[13.172021,52.518155],[13.17361,52.517818],[13.175869,52.519651],[13.178893,52.521958],[13.178117,52.52244],[13.177325,52.52196],[13.176087,52.52273],[13.175435,52.522868],[13.174465,52.523472],[13.174315,52.523634],[13.173009,52.523513],[13.172242,52.523669],[13.171501,52.523885],[13.169591,52.52438],[13.169537,52.524289],[13.168455,52.524574],[13.168549,52.524188],[13.168294,52.524165],[13.168142,52.523903],[13.167934,52.523944],[13.167648,52.523978],[13.167211,52.523982],[13.160978,52.523444],[13.160279,52.525188],[13.159343,52.525058],[13.158923,52.525031],[13.158501,52.525028]]]]}},{"type":"Feature","id":2,"properties":{"gisid":"GG0704","fl_in_ha":"79.1","gebietsname":"Tirschenreuther Ring","gebietstyp":"Sauberkeit und Sicherheitsempfinden in Berliner Großsiedlungen"},"geometry":{"type":"MultiPolygon","coordinates":[[[[13.361837,52.414906],[13.360415,52.414792],[13.360216,52.414754],[13.359941,52.414729],[13.359735,52.414726],[13.359533,52.414743],[13.35922,52.414822],[13.358982,52.414378],[13.357615,52.414703],[13.35746,52.414763],[13.355343,52.415179],[13.355246,52.415353],[13.354292,52.416569],[13.356887,52.417332],[13.356632,52.417656],[13.355734,52.417398],[13.354935,52.418414],[13.353713,52.418052],[13.352501,52.417643],[13.351801,52.417365],[13.352587,52.416353],[13.352123,52.416097],[13.351656,52.415781],[13.351041,52.416081],[13.349111,52.416465],[13.348274,52.416209],[13.348494,52.415968],[13.348532,52.415828],[13.348526,52.415685],[13.348465,52.415496],[13.348065,52.414794],[13.349544,52.414527],[13.349105,52.413763],[13.349135,52.413758],[13.348699,52.413],[13.34807,52.413134],[13.347497,52.412103],[13.346178,52.4119],[13.345698,52.41184],[13.34511,52.411789],[13.34458,52.41177],[13.344813,52.411363],[13.344882,52.411146],[13.344938,52.410808],[13.345012,52.410539],[13.345123,52.410275],[13.34529,52.409984],[13.345504,52.409706],[13.34625,52.408916],[13.346777,52.408301],[13.348125,52.406511],[13.349392,52.406886],[13.349867,52.407072],[13.350123,52.407221],[13.350446,52.407121],[13.350557,52.407115],[13.350712,52.407135],[13.352998,52.407705],[13.353035,52.407736],[13.353041,52.407774],[13.352903,52.40802],[13.352785,52.408293],[13.353389,52.408385],[13.353761,52.408496],[13.354248,52.408712],[13.354603,52.408978],[13.355123,52.408783],[13.355505,52.408681],[13.355718,52.408646],[13.355999,52.408623],[13.356279,52.408625],[13.356382,52.408639],[13.356419,52.408667],[13.356428,52.408702],[13.356324,52.409058],[13.356265,52.409125],[13.356161,52.409179],[13.356131,52.40923],[13.356177,52.409306],[13.356229,52.409328],[13.356301,52.409335],[13.356298,52.409536],[13.35698,52.409498],[13.357529,52.409407],[13.357655,52.409658],[13.357817,52.410086],[13.359184,52.40982],[13.359278,52.410029],[13.359834,52.409943],[13.36003,52.410236],[13.360211,52.410628],[13.360493,52.411154],[13.358379,52.411573],[13.358364,52.411599],[13.358526,52.411924],[13.359026,52.412457],[13.359548,52.412955],[13.36117,52.412653],[13.36175,52.412529],[13.362096,52.41243],[13.362111,52.412449],[13.362223,52.412419],[13.362302,52.412454],[13.363149,52.413335],[13.363198,52.413449],[13.363223,52.413637],[13.362961,52.413602],[13.362626,52.413592],[13.361712,52.413662],[13.361834,52.41433],[13.361855,52.414687],[13.361837,52.414906]]]]}},{"type":"Feature","id":3,"properties":{"gisid":"GG0802","fl_in_ha":"32.8","gebietsname":"Sonnenallee","gebietstyp":"Sauberkeit und Sicherheitsempfinden in Berliner Großsiedlungen"},"geometry":{"type":"MultiPolygon","coordinates":[[[[13.471304,52.466137],[13.471272,52.466095],[13.471288,52.466054],[13.471623,52.465821],[13.470726,52.465315],[13.471419,52.464837],[13.470208,52.464202],[13.469966,52.464343],[13.46861,52.463634],[13.474031,52.460573],[13.4743,52.46045],[13.47465,52.46033],[13.47482,52.460285],[13.475055,52.460279],[13.475163,52.46022],[13.475363,52.460201],[13.475798,52.460913],[13.477197,52.461993],[13.478549,52.463981],[13.478479,52.464987],[13.478414,52.465133],[13.478339,52.465231],[13.476351,52.46713],[13.476181,52.467266],[13.475599,52.467652],[13.475089,52.468083],[13.474036,52.467662],[13.473732,52.467507],[13.471304,52.466137]]]]}},{"type":"Feature","id":4,"properties":{"gisid":"GG0804","fl_in_ha":"227.3","gebietsname":"Gropiusstadt","gebietstyp":"Sauberkeit und Sicherheitsempfinden in Berliner Großsiedlungen"},"geometry":{"type":"MultiPolygon","coordinates":[[[[13.478814,52.419772],[13.479152,52.41985],[13.479543,52.419965],[13.479914,52.420103],[13.4803,52.420285],[13.481288,52.421073],[13.485191,52.424078],[13.485168,52.424089],[13.485203,52.424135],[13.485166,52.424175],[13.485194,52.424196],[13.483274,52.425591],[13.48324,52.425574],[13.483171,52.425589],[13.483115,52.42557],[13.483093,52.425587],[13.482859,52.425501],[13.482596,52.425446],[13.482459,52.425432],[13.482118,52.425434],[13.481624,52.425448],[13.481298,52.425483],[13.472832,52.425712],[13.472142,52.425764],[13.471575,52.425854],[13.471137,52.425959],[13.470786,52.426075],[13.470414,52.426225],[13.469976,52.426435],[13.469621,52.426635],[13.467956,52.427727],[13.469397,52.428561],[13.470042,52.428969],[13.470687,52.429436],[13.471402,52.430044],[13.471998,52.430649],[13.472521,52.431297],[13.472863,52.431808],[13.473144,52.432311],[13.47311,52.432317],[13.473137,52.432374],[13.47309,52.432423],[13.473111,52.432441],[13.473003,52.432492],[13.472245,52.432026],[13.472046,52.432149],[13.471364,52.432487],[13.471146,52.432492],[13.471148,52.432517],[13.470684,52.432532],[13.470692,52.432624],[13.470071,52.43264],[13.470073,52.432758],[13.469067,52.432756],[13.469066,52.432851],[13.468586,52.43285],[13.468573,52.432218],[13.468516,52.432037],[13.468414,52.431864],[13.466175,52.430319],[13.465042,52.429479],[13.464274,52.429815],[13.463666,52.430058],[13.461739,52.430761],[13.461236,52.430961],[13.46095,52.431105],[13.460636,52.431297],[13.460358,52.431508],[13.460154,52.431698],[13.45978,52.431967],[13.460219,52.432108],[13.460716,52.432295],[13.462033,52.432692],[13.462017,52.432712],[13.462088,52.432732],[13.462102,52.432771],[13.462023,52.432889],[13.46181,52.433109],[13.461531,52.433302],[13.461153,52.433516],[13.460615,52.433753],[13.459346,52.434221],[13.459299,52.434226],[13.459254,52.43421],[13.45835,52.433292],[13.457765,52.43361],[13.457143,52.433866],[13.45671,52.43401],[13.454132,52.434778],[13.453717,52.434924],[13.453377,52.435065],[13.452892,52.435307],[13.452574,52.4355],[13.452425,52.435603],[13.451316,52.436495],[13.451248,52.436543],[13.451222,52.436529],[13.450778,52.435419],[13.450681,52.43511],[13.450527,52.434242],[13.450313,52.433291],[13.449623,52.433015],[13.449467,52.433015],[13.449213,52.432427],[13.448879,52.431556],[13.447753,52.429101],[13.447461,52.428644],[13.447169,52.428284],[13.446798,52.427905],[13.446389,52.42758],[13.446436,52.42754],[13.446409,52.427525],[13.447501,52.426715],[13.447847,52.426404],[13.4486,52.425647],[13.448978,52.425332],[13.449293,52.425121],[13.449795,52.424864],[13.450579,52.424566],[13.451579,52.424245],[13.452034,52.424118],[13.452696,52.423953],[13.461964,52.421789],[13.462365,52.421669],[13.462743,52.421525],[13.46336,52.421516],[13.463912,52.421557],[13.464385,52.421625],[13.465352,52.421809],[13.465918,52.42187],[13.466572,52.421887],[13.46719,52.421846],[13.46844,52.421421],[13.468866,52.421246],[13.469261,52.421046],[13.469844,52.420692],[13.470404,52.4204],[13.470775,52.420245],[13.471253,52.420095],[13.471813,52.419974],[13.472175,52.419924],[13.472804,52.419866],[13.477227,52.419644],[13.477647,52.419642],[13.478065,52.419665],[13.478477,52.419713],[13.478814,52.419772]]]]}},{"type":"Feature","id":5,"properties":{"gisid":"GG0903","fl_in_ha":"36.3","gebietsname":"Altglienicke","gebietstyp":"Sauberkeit und Sicherheitsempfinden in Berliner Großsiedlungen"},"geometry":{"type":"MultiPolygon","coordinates":[[[[13.528573,52.407336],[13.528548,52.407299],[13.528355,52.407349],[13.527072,52.407434],[13.525717,52.407771],[13.521053,52.400706],[13.52181,52.400577],[13.522807,52.40006],[13.523049,52.399968],[13.524239,52.399669],[13.524982,52.399451],[13.525341,52.399328],[13.526081,52.399028],[13.526388,52.398936],[13.527122,52.401176],[13.52686,52.401204],[13.526634,52.401274],[13.527058,52.401895],[13.527197,52.402066],[13.527447,52.402296],[13.527671,52.402413],[13.527955,52.402525],[13.529238,52.403191],[13.529441,52.403324],[13.529717,52.403547],[13.530572,52.404485],[13.530653,52.404625],[13.530856,52.404858],[13.530871,52.404923],[13.531121,52.405229],[13.531203,52.405234],[13.531296,52.405264],[13.531467,52.405421],[13.53197,52.406293],[13.532213,52.406658],[13.532274,52.406717],[13.532262,52.406761],[13.532224,52.40679],[13.531777,52.406868],[13.52866,52.40736],[13.528573,52.407336]]]]}},{"type":"Feature","id":6,"properties":{"gisid":"GG1101","fl_in_ha":"182.7","gebietsname":"Fennpfuhl","gebietstyp":"Sauberkeit und Sicherheitsempfinden in Berliner Großsiedlungen"},"geometry":{"type":"MultiPolygon","coordinates":[[[[13.467658,52.523857],[13.468716,52.523528],[13.469566,52.523341],[13.47044,52.523201],[13.471243,52.523126],[13.472495,52.523062],[13.474053,52.523019],[13.475002,52.52301],[13.477409,52.523035],[13.479138,52.523121],[13.479236,52.523151],[13.479291,52.523199],[13.479292,52.523787],[13.479437,52.52549],[13.48172,52.525631],[13.481725,52.52528],[13.481805,52.524624],[13.481954,52.52381],[13.482015,52.52323],[13.483273,52.523288],[13.485244,52.523248],[13.485333,52.523273],[13.485389,52.523344],[13.485444,52.524441],[13.485392,52.52474],[13.485209,52.525264],[13.485171,52.525629],[13.485363,52.528582],[13.485392,52.53037],[13.485321,52.530677],[13.484915,52.533321],[13.484868,52.533387],[13.484804,52.533417],[13.484713,52.533428],[13.476794,52.532957],[13.476027,52.532855],[13.475953,52.532988],[13.475254,52.533755],[13.474765,52.534461],[13.473472,52.535906],[13.47343,52.53593],[13.473373,52.535938],[13.471544,52.535419],[13.469768,52.534881],[13.468767,52.534467],[13.467596,52.533941],[13.467517,52.533886],[13.466871,52.533626],[13.46614,52.533366],[13.463373,52.53244],[13.463046,52.532263],[13.461495,52.530381],[13.460723,52.529372],[13.458101,52.528806],[13.458024,52.52876],[13.458021,52.528709],[13.458403,52.528004],[13.458643,52.527506],[13.458929,52.526739],[13.458997,52.526697],[13.459809,52.526547],[13.459878,52.526548],[13.459946,52.526579],[13.460186,52.526516],[13.461538,52.526254],[13.462295,52.52609],[13.462307,52.526109],[13.462558,52.526056],[13.462026,52.525008],[13.46204,52.52497],[13.462076,52.524949],[13.462737,52.524807],[13.463392,52.524689],[13.466309,52.524227],[13.466657,52.524155],[13.467118,52.524034],[13.467658,52.523857]]]]}},{"type":"Feature","id":7,"properties":{"gisid":"GG1203","fl_in_ha":"24.4","gebietsname":"Zabel-Krüger-Damm","gebietstyp":"Sauberkeit und Sicherheitsempfinden in Berliner Großsiedlungen"},"geometry":{"type":"MultiPolygon","coordinates":[[[[13.338871,52.609567],[13.336976,52.611288],[13.333991,52.610472],[13.331558,52.610014],[13.329309,52.609408],[13.32806,52.609026],[13.328016,52.608995],[13.328008,52.608964],[13.328563,52.608129],[13.328728,52.607924],[13.32892,52.607727],[13.329455,52.607303],[13.330201,52.606875],[13.33093,52.606529],[13.331242,52.606427],[13.331579,52.606351],[13.332013,52.606283],[13.332458,52.606246],[13.333401,52.606264],[13.334156,52.60633],[13.334578,52.606403],[13.334971,52.606527],[13.335315,52.606697],[13.335509,52.606833],[13.338601,52.609403],[13.338871,52.609567]]]]}},{"type":"Feature","id":8,"properties":{"gisid":"GO0101","fl_in_ha":"31.6","gebietsname":"Heinrich-Heine-Viertel","gebietstyp":"Großsiedlungen"},"geometry":{"type":"MultiPolygon","coordinates":[[[[13.418766,52.507943],[13.418872,52.508098],[13.419122,52.508025],[13.41918,52.508022],[13.419226,52.508038],[13.419392,52.50826],[13.419808,52.508147],[13.419845,52.508168],[13.419977,52.508291],[13.420306,52.508738],[13.421011,52.509726],[13.421,52.509741],[13.417543,52.510642],[13.4166,52.510904],[13.415663,52.511143],[13.415442,52.51118],[13.413895,52.511272],[13.413746,52.511263],[13.411505,52.510505],[13.411363,52.510491],[13.410472,52.510486],[13.409932,52.510554],[13.408631,52.510277],[13.4085,52.510243],[13.408261,52.510138],[13.407649,52.50976],[13.407653,52.509731],[13.409002,52.508396],[13.409585,52.507632],[13.410229,52.508041],[13.410401,52.507939],[13.410739,52.507672],[13.411239,52.507413],[13.411659,52.507241],[13.412507,52.506962],[13.412845,52.506875],[13.41302,52.507094],[13.413259,52.507115],[13.413356,52.507149],[13.414053,52.508052],[13.415202,52.507497],[13.415572,52.507354],[13.417662,52.506682],[13.417785,52.506706],[13.418766,52.507943]]],[[[13.413399,52.506675],[13.413368,52.506691],[13.413303,52.506689],[13.413225,52.506653],[13.412401,52.505634],[13.411882,52.504941],[13.411904,52.504917],[13.414177,52.504161],[13.414609,52.50468],[13.414639,52.504811],[13.414599,52.505108],[13.414394,52.505585],[13.413399,52.506675]]]]}},{"type":"Feature","id":9,"properties":{"gisid":"GO0102","fl_in_ha":"65.4","gebietsname":"Karl-Marx-Allee-West","gebietstyp":"Großsiedlungen"},"geometry":{"type":"MultiPolygon","coordinates":[[[[13.424091,52.513673],[13.424155,52.51368],[13.424422,52.513976],[13.42454,52.514068],[13.426075,52.515751],[13.426069,52.515799],[13.42602,52.515836],[13.425636,52.515953],[13.426396,52.517354],[13.426754,52.517959],[13.426601,52.518097],[13.426404,52.518213],[13.426291,52.518261],[13.425908,52.518369],[13.426927,52.51976],[13.42743,52.519612],[13.428438,52.519586],[13.428554,52.519627],[13.429116,52.520789],[13.429266,52.521165],[13.429138,52.521243],[13.425548,52.522791],[13.425908,52.522831],[13.426004,52.522925],[13.426357,52.522935],[13.426324,52.522989],[13.42575,52.523054],[13.425102,52.523213],[13.421389,52.524315],[13.420188,52.524758],[13.42008,52.524782],[13.419936,52.524784],[13.419815,52.524741],[13.417119,52.522329],[13.416328,52.521512],[13.415611,52.520893],[13.415562,52.52081],[13.415566,52.520705],[13.415682,52.520565],[13.416598,52.519774],[13.417215,52.519162],[13.417598,52.518708],[13.417886,52.518275],[13.418152,52.517702],[13.418291,52.517166],[13.418326,52.516697],[13.418302,52.516126],[13.41833,52.516088],[13.418353,52.515872],[13.418413,52.515769],[13.418507,52.515676],[13.418725,52.515552],[13.420188,52.515034],[13.420604,52.514873],[13.420586,52.514853],[13.422235,52.5143],[13.422398,52.514267],[13.422997,52.514044],[13.424091,52.513673]]]]}},{"type":"Feature","id":10,"properties":{"gisid":"GO0201","fl_in_ha":"113.9","gebietsname":"Karl-Marx-Allee-Nord und Süd","gebietstyp":"Großsiedlungen"},"geometry":{"type":"MultiPolygon","coordinates":[[[[13.426054,52.515722],[13.42454,52.514068],[13.424422,52.513976],[13.424169,52.5137],[13.424722,52.513376],[13.426195,52.51231],[13.426426,52.512168],[13.427096,52.512204],[13.427132,52.512195],[13.427444,52.513257],[13.427667,52.513209],[13.430952,52.512824],[13.431316,52.512814],[13.433511,52.51259],[13.433727,52.512431],[13.435224,52.511929],[13.437409,52.51107],[13.43743,52.511074],[13.439561,52.513757],[13.440462,52.517027],[13.440411,52.517058],[13.43658,52.517447],[13.436531,52.517438],[13.436509,52.517418],[13.436352,52.517438],[13.436397,52.517603],[13.436947,52.518969],[13.437771,52.520165],[13.43776,52.520182],[13.433269,52.523059],[13.432693,52.523497],[13.430518,52.524907],[13.430176,52.525108],[13.427218,52.526983],[13.425847,52.527548],[13.424998,52.527053],[13.424741,52.526987],[13.423031,52.525976],[13.422949,52.525914],[13.422808,52.525848],[13.421886,52.526405],[13.421836,52.526418],[13.421789,52.52641],[13.420509,52.525353],[13.420464,52.525272],[13.420483,52.525222],[13.420536,52.525183],[13.423487,52.52402],[13.424143,52.523778],[13.424967,52.523525],[13.425709,52.523328],[13.426102,52.523271],[13.426505,52.523248],[13.426524,52.52294],[13.426004,52.522925],[13.425908,52.522831],[13.425548,52.522791],[13.429138,52.521243],[13.429266,52.521165],[13.429116,52.520789],[13.428554,52.519627],[13.428438,52.519586],[13.42743,52.519612],[13.426927,52.51976],[13.425908,52.518369],[13.426291,52.518261],[13.426404,52.518213],[13.426601,52.518097],[13.426754,52.517959],[13.426396,52.517354],[13.425636,52.515953],[13.426033,52.515829],[13.426078,52.515773],[13.426054,52.515722]]]]}},{"type":"Feature","id":11,"properties":{"gisid":"GO0301","fl_in_ha":"77.9","gebietsname":"Greifswalder Straße","gebietstyp":"Großsiedlungen"},"geometry":{"type":"MultiPolygon","coordinates":[[[[13.449498,52.53738],[13.449575,52.537385],[13.449693,52.537434],[13.450907,52.538195],[13.451586,52.53865],[13.451839,52.538893],[13.452264,52.539202],[13.452653,52.53942],[13.455029,52.540926],[13.455139,52.541035],[13.455182,52.541112],[13.455195,52.541221],[13.455167,52.541306],[13.455412,52.541456],[13.455841,52.541388],[13.45606,52.541401],[13.457736,52.542486],[13.4554,52.543469],[13.45533,52.543418],[13.452479,52.544607],[13.452836,52.54494],[13.45283,52.544973],[13.452239,52.545277],[13.451865,52.545317],[13.448169,52.54681],[13.448064,52.546821],[13.447989,52.54681],[13.447535,52.546608],[13.44744,52.546587],[13.443759,52.544909],[13.442945,52.544424],[13.438534,52.540627],[13.43914,52.540365],[13.440623,52.539673],[13.441867,52.539189],[13.441818,52.539141],[13.445148,52.537919],[13.44607,52.53754],[13.446531,52.537331],[13.446975,52.537107],[13.447452,52.53684],[13.448014,52.536409],[13.449498,52.53738]]]]}},{"type":"Feature","id":12,"properties":{"gisid":"GO0302","fl_in_ha":"54.1","gebietsname":"Weißensee Ost","gebietstyp":"Großsiedlungen"},"geometry":{"type":"MultiPolygon","coordinates":[[[[13.478473,52.554233],[13.478436,52.554334],[13.478302,52.554453],[13.478266,52.55451],[13.478151,52.555021],[13.478099,52.555039],[13.477688,52.555005],[13.477531,52.555769],[13.482548,52.556168],[13.482543,52.55619],[13.482617,52.556196],[13.482636,52.556216],[13.482369,52.557426],[13.481394,52.55735],[13.481328,52.557657],[13.480308,52.557575],[13.480289,52.55766],[13.480003,52.557637],[13.479965,52.557664],[13.478393,52.557536],[13.478119,52.557501],[13.47796,52.557448],[13.476228,52.557307],[13.475849,52.558992],[13.475809,52.559025],[13.475755,52.559032],[13.471805,52.558717],[13.471767,52.558692],[13.471761,52.558664],[13.47213,52.557113],[13.470356,52.556815],[13.4703,52.556768],[13.470299,52.556676],[13.470262,52.556594],[13.470098,52.556461],[13.470413,52.556309],[13.470477,52.555939],[13.470494,52.555943],[13.470528,52.555778],[13.470463,52.555747],[13.470499,52.555544],[13.470404,52.555536],[13.470463,52.555209],[13.470796,52.555236],[13.470864,52.554894],[13.470033,52.552916],[13.469783,52.552727],[13.469805,52.552683],[13.469964,52.552623],[13.469775,52.552327],[13.469678,52.552217],[13.469455,52.552009],[13.469242,52.551848],[13.469317,52.551731],[13.469449,52.551585],[13.469614,52.551451],[13.46981,52.551334],[13.469974,52.551259],[13.475981,52.550471],[13.475083,52.549742],[13.475051,52.549692],[13.475064,52.549653],[13.475126,52.549609],[13.475894,52.549254],[13.476063,52.549132],[13.476875,52.548751],[13.47708,52.548624],[13.477525,52.548295],[13.477829,52.54811],[13.477909,52.548115],[13.478636,52.548676],[13.478821,52.548769],[13.479096,52.548988],[13.479314,52.549392],[13.479313,52.54943],[13.479248,52.549486],[13.477068,52.55052],[13.478822,52.551925],[13.479807,52.552566],[13.479329,52.552847],[13.478955,52.553119],[13.478912,52.553202],[13.478948,52.553589],[13.478778,52.553795],[13.478656,52.553791],[13.47856,52.553846],[13.478473,52.554233]]]]}},{"type":"Feature","id":13,"properties":{"gisid":"GO0303","fl_in_ha":"51.7","gebietsname":"Neumannstraße","gebietstyp":"Großsiedlungen"},"geometry":{"type":"MultiPolygon","coordinates":[[[[13.425744,52.556239],[13.425826,52.556225],[13.427694,52.557042],[13.42792,52.557275],[13.428362,52.557318],[13.428526,52.557321],[13.428458,52.557372],[13.428338,52.557541],[13.42755,52.560487],[13.427494,52.56051],[13.42577,52.560337],[13.425758,52.560419],[13.425893,52.560451],[13.42592,52.560511],[13.425826,52.560573],[13.425743,52.560887],[13.425784,52.560957],[13.425744,52.561011],[13.42571,52.561021],[13.425499,52.561001],[13.425428,52.560946],[13.422619,52.560656],[13.422468,52.560687],[13.422376,52.560678],[13.422316,52.560629],[13.421892,52.560591],[13.421782,52.561035],[13.421836,52.561112],[13.421738,52.561404],[13.421402,52.56272],[13.42706,52.563297],[13.42715,52.563338],[13.42719,52.563381],[13.42699,52.564251],[13.426958,52.564249],[13.426924,52.564273],[13.421632,52.563702],[13.421629,52.563714],[13.420964,52.563647],[13.420966,52.563636],[13.413103,52.562975],[13.413092,52.562913],[13.413355,52.561115],[13.413444,52.559983],[13.413464,52.559962],[13.41614,52.559916],[13.416289,52.559877],[13.416378,52.559824],[13.418416,52.559788],[13.418348,52.558855],[13.418379,52.558824],[13.418427,52.558816],[13.418455,52.557504],[13.418501,52.557487],[13.423203,52.557434],[13.423614,52.555651],[13.423604,52.555605],[13.423509,52.555478],[13.423583,52.555186],[13.423639,52.555143],[13.42487,52.55514],[13.424904,52.555151],[13.424925,52.555193],[13.424899,52.556231],[13.425744,52.556239]]]]}},{"type":"Feature","id":14,"properties":{"gisid":"GO0304","fl_in_ha":"80.0","gebietsname":"Buch","gebietstyp":"Großsiedlungen"},"geometry":{"type":"MultiPolygon","coordinates":[[[[13.500261,52.632577],[13.500302,52.632716],[13.50028,52.632857],[13.500198,52.63299],[13.499643,52.634224],[13.503097,52.634731],[13.502877,52.635294],[13.5038,52.635428],[13.503965,52.635477],[13.504093,52.635558],[13.504139,52.635645],[13.504133,52.635736],[13.50396,52.636127],[13.503348,52.636567],[13.499581,52.635384],[13.499273,52.635271],[13.496546,52.634676],[13.495834,52.635121],[13.495076,52.635555],[13.494467,52.635119],[13.494366,52.635018],[13.494154,52.634676],[13.494062,52.634418],[13.494014,52.634344],[13.493197,52.633795],[13.49219,52.63305],[13.490479,52.631569],[13.492425,52.631027],[13.492585,52.630952],[13.491973,52.630259],[13.493704,52.62954],[13.493611,52.629492],[13.491117,52.627271],[13.491163,52.627253],[13.489362,52.625676],[13.49339,52.623737],[13.496421,52.622992],[13.500927,52.62704],[13.500241,52.627326],[13.501233,52.628671],[13.50296,52.628189],[13.503052,52.628179],[13.503158,52.628195],[13.505469,52.629541],[13.502968,52.631122],[13.501523,52.630256],[13.500135,52.630532],[13.500363,52.630973],[13.499542,52.631134],[13.500261,52.632577]]]]}},{"type":"Feature","id":15,"properties":{"gisid":"GO0901","fl_in_ha":"61.8","gebietsname":"Allende I+II","gebietstyp":"Großsiedlungen"},"geometry":{"type":"MultiPolygon","coordinates":[[[[13.592646,52.447356],[13.589051,52.445811],[13.588525,52.445592],[13.587883,52.445352],[13.587894,52.445318],[13.588033,52.445324],[13.588029,52.445267],[13.588057,52.445207],[13.588188,52.445107],[13.588347,52.445106],[13.588481,52.444961],[13.588467,52.44494],[13.588484,52.444921],[13.588524,52.444919],[13.588556,52.444881],[13.588497,52.444854],[13.588042,52.444523],[13.587798,52.444048],[13.58789,52.443914],[13.587625,52.443578],[13.587382,52.442704],[13.587157,52.442711],[13.58714,52.442609],[13.586963,52.442513],[13.5857,52.441694],[13.585678,52.441703],[13.585548,52.441617],[13.585719,52.441555],[13.586256,52.441268],[13.58635,52.441258],[13.586646,52.441082],[13.586935,52.441152],[13.587039,52.441108],[13.587149,52.441099],[13.589771,52.441138],[13.590788,52.441172],[13.593103,52.441322],[13.593195,52.441354],[13.593239,52.441404],[13.593285,52.441812],[13.593719,52.441797],[13.594706,52.441861],[13.594767,52.441878],[13.594818,52.441915],[13.594896,52.442507],[13.594976,52.443669],[13.594969,52.44409],[13.594899,52.444553],[13.593525,52.444371],[13.593604,52.445867],[13.593892,52.445845],[13.594331,52.445836],[13.594645,52.445788],[13.59668,52.445763],[13.596869,52.445799],[13.597476,52.445871],[13.597592,52.445908],[13.597592,52.44598],[13.59763,52.446018],[13.597698,52.446028],[13.597748,52.446018],[13.59778,52.44599],[13.597776,52.445967],[13.597831,52.445991],[13.598114,52.446183],[13.598472,52.446495],[13.598579,52.446611],[13.598679,52.446659],[13.598739,52.446717],[13.598833,52.447054],[13.598813,52.447215],[13.598831,52.447337],[13.598819,52.447486],[13.598765,52.447618],[13.597869,52.447639],[13.597595,52.447664],[13.597596,52.447687],[13.597145,52.447708],[13.597144,52.447691],[13.597139,52.447942],[13.597178,52.448469],[13.59731,52.448465],[13.597311,52.448556],[13.597249,52.448557],[13.597263,52.448885],[13.595941,52.448899],[13.595941,52.448922],[13.594649,52.448922],[13.594534,52.448889],[13.593797,52.448897],[13.593913,52.448231],[13.593938,52.447417],[13.59344,52.44742],[13.593301,52.447433],[13.592962,52.447427],[13.59281,52.447407],[13.592646,52.447356]]],[[[13.59812,52.437977],[13.599619,52.437953],[13.599713,52.437926],[13.599937,52.437898],[13.600893,52.437884],[13.601005,52.437833],[13.601024,52.437848],[13.601088,52.438556],[13.604699,52.438553],[13.606381,52.438525],[13.606442,52.438551],[13.606448,52.438598],[13.607243,52.43859],[13.607381,52.442156],[13.604897,52.441999],[13.60453,52.441955],[13.602388,52.441811],[13.59991,52.441653],[13.599422,52.441638],[13.598215,52.441564],[13.598158,52.441551],[13.59811,52.441499],[13.597953,52.438165],[13.597915,52.437997],[13.597861,52.437885],[13.597912,52.437879],[13.59812,52.437977]]]]}},{"type":"Feature","id":16,"properties":{"gisid":"GO0902","fl_in_ha":"38.0","gebietsname":"Köllnische Vorstadt","gebietstyp":"Großsiedlungen"},"geometry":{"type":"MultiPolygon","coordinates":[[[[13.567755,52.447268],[13.567762,52.447305],[13.567728,52.447329],[13.566667,52.447651],[13.56736,52.448459],[13.567328,52.448471],[13.56772,52.448912],[13.567657,52.449025],[13.567384,52.449377],[13.566385,52.44908],[13.566164,52.449361],[13.566106,52.449379],[13.565219,52.44913],[13.565176,52.449085],[13.565186,52.449052],[13.565108,52.448954],[13.565059,52.448944],[13.564612,52.448379],[13.564643,52.448353],[13.565372,52.448131],[13.565209,52.448064],[13.564894,52.447889],[13.564509,52.447619],[13.564097,52.447752],[13.562792,52.446137],[13.562828,52.446061],[13.56294,52.446032],[13.562248,52.445203],[13.562213,52.445206],[13.561898,52.444852],[13.560935,52.443663],[13.560671,52.443159],[13.560588,52.442845],[13.560522,52.442444],[13.560481,52.442363],[13.560411,52.442289],[13.563102,52.437587],[13.563564,52.437897],[13.563867,52.437707],[13.56408,52.437615],[13.564341,52.43754],[13.564354,52.437558],[13.565562,52.437291],[13.565551,52.437271],[13.565611,52.43726],[13.565681,52.437271],[13.565724,52.437301],[13.566129,52.437993],[13.566487,52.437917],[13.566563,52.437926],[13.566608,52.437951],[13.567389,52.438932],[13.567555,52.439122],[13.567884,52.439428],[13.56831,52.439673],[13.568391,52.439701],[13.568572,52.439878],[13.568723,52.439774],[13.568801,52.439827],[13.569045,52.439765],[13.569466,52.439993],[13.56944,52.440039],[13.569481,52.440049],[13.569322,52.44025],[13.569272,52.440287],[13.5697,52.440564],[13.570373,52.440706],[13.569358,52.442526],[13.569145,52.442482],[13.567058,52.442832],[13.567168,52.441081],[13.565264,52.439823],[13.564627,52.440744],[13.564519,52.440775],[13.56443,52.440903],[13.5643,52.440874],[13.564321,52.440843],[13.56405,52.440746],[13.56243,52.443534],[13.563322,52.444069],[13.564019,52.44412],[13.568977,52.444223],[13.569007,52.444234],[13.569018,52.444437],[13.569001,52.444515],[13.568969,52.444544],[13.568658,52.444606],[13.56867,52.444624],[13.566072,52.445145],[13.567755,52.447268]]]]}},{"type":"Feature","id":17,"properties":{"gisid":"GO0903","fl_in_ha":"36.3","gebietsname":"Altglienicke","gebietstyp":"Großsiedlungen"},"geometry":{"type":"MultiPolygon","coordinates":[[[[13.528573,52.407336],[13.528548,52.407299],[13.528355,52.407349],[13.527072,52.407434],[13.525717,52.407771],[13.521053,52.400706],[13.52181,52.400577],[13.522807,52.40006],[13.523049,52.399968],[13.524239,52.399669],[13.524982,52.399451],[13.525341,52.399328],[13.526081,52.399028],[13.526388,52.398936],[13.527122,52.401176],[13.52686,52.401204],[13.526634,52.401274],[13.527058,52.401895],[13.527197,52.402066],[13.527447,52.402296],[13.527671,52.402413],[13.527955,52.402525],[13.529238,52.403191],[13.529441,52.403324],[13.529717,52.403547],[13.530572,52.404485],[13.530653,52.404625],[13.530856,52.404858],[13.530871,52.404923],[13.531121,52.405229],[13.531203,52.405234],[13.531296,52.405264],[13.531467,52.405421],[13.53197,52.406293],[13.532213,52.406658],[13.532274,52.406717],[13.532262,52.406761],[13.532224,52.40679],[13.531777,52.406868],[13.52866,52.40736],[13.528573,52.407336]]]]}},{"type":"Feature","id":18,"properties":{"gisid":"GO1001","fl_in_ha":"798.1","gebietsname":"Marzahn","gebietstyp":"Großsiedlungen"},"geometry":{"type":"MultiPolygon","coordinates":[[[[13.562028,52.544895],[13.562532,52.544829],[13.563494,52.544751],[13.564043,52.544746],[13.564168,52.544764],[13.564248,52.544815],[13.564256,52.544929],[13.564023,52.545771],[13.5639,52.546057],[13.56379,52.546223],[13.563623,52.546405],[13.563465,52.546534],[13.563242,52.546679],[13.564711,52.54701],[13.565325,52.547165],[13.564827,52.547881],[13.564758,52.547841],[13.564671,52.54787],[13.564719,52.547929],[13.565263,52.548065],[13.565322,52.548104],[13.565433,52.54823],[13.565446,52.548268],[13.565422,52.548318],[13.565241,52.548394],[13.565204,52.548424],[13.565193,52.548463],[13.565227,52.548565],[13.566266,52.549818],[13.567044,52.54978],[13.567116,52.549804],[13.567198,52.550204],[13.567087,52.550215],[13.567342,52.551056],[13.56797,52.550883],[13.568863,52.550692],[13.570536,52.550404],[13.572818,52.550146],[13.571962,52.547607],[13.572151,52.547586],[13.571842,52.546476],[13.57187,52.546474],[13.571897,52.546422],[13.571984,52.546412],[13.571997,52.546394],[13.573367,52.546766],[13.57377,52.546842],[13.574861,52.547126],[13.575236,52.547241],[13.576612,52.547588],[13.576757,52.547647],[13.577196,52.547769],[13.577619,52.547845],[13.578158,52.54798],[13.578515,52.548088],[13.581776,52.548937],[13.581898,52.548995],[13.582803,52.549203],[13.583411,52.549392],[13.584332,52.549618],[13.584492,52.549647],[13.584837,52.549673],[13.585001,52.549711],[13.585142,52.549776],[13.585555,52.55021],[13.585734,52.550421],[13.585887,52.550697],[13.585938,52.550914],[13.585896,52.551131],[13.585765,52.551336],[13.585552,52.551513],[13.583245,52.552799],[13.581794,52.553554],[13.581689,52.553644],[13.580461,52.554275],[13.579689,52.554848],[13.579302,52.555031],[13.579012,52.555216],[13.578802,52.555386],[13.578624,52.55557],[13.578481,52.555765],[13.578341,52.55609],[13.578303,52.556286],[13.578313,52.556522],[13.578544,52.557186],[13.578606,52.557436],[13.578698,52.557644],[13.578933,52.558052],[13.5792,52.558406],[13.575738,52.558668],[13.575769,52.558886],[13.575759,52.559059],[13.575718,52.55923],[13.575623,52.559442],[13.575542,52.559569],[13.575269,52.559901],[13.575144,52.56],[13.574895,52.560146],[13.579222,52.563574],[13.579534,52.563856],[13.580794,52.564887],[13.580815,52.56496],[13.58077,52.565029],[13.580233,52.565307],[13.580533,52.565686],[13.581412,52.566669],[13.580792,52.566873],[13.581244,52.567403],[13.583363,52.567679],[13.583285,52.567806],[13.583292,52.567858],[13.583149,52.568084],[13.583154,52.568176],[13.583086,52.568223],[13.583094,52.568281],[13.583043,52.568319],[13.582911,52.568534],[13.582948,52.568577],[13.582826,52.568841],[13.58256,52.569203],[13.582418,52.569533],[13.58224,52.569806],[13.582201,52.569961],[13.582091,52.570096],[13.582091,52.570176],[13.581886,52.570464],[13.581874,52.57053],[13.581787,52.570641],[13.58175,52.57074],[13.581707,52.5708],[13.581599,52.57089],[13.581596,52.570945],[13.581551,52.571033],[13.577649,52.571063],[13.577015,52.572377],[13.576771,52.572778],[13.576708,52.572847],[13.576591,52.572926],[13.576399,52.573023],[13.574787,52.573716],[13.574729,52.573717],[13.571861,52.573204],[13.569081,52.573365],[13.569156,52.573082],[13.568571,52.573106],[13.568484,52.573401],[13.568344,52.573659],[13.567925,52.573524],[13.566485,52.573001],[13.566465,52.57293],[13.564414,52.572196],[13.563891,52.572051],[13.562853,52.571794],[13.560804,52.571306],[13.56084,52.571082],[13.560828,52.570755],[13.560875,52.570203],[13.555014,52.568411],[13.551346,52.568472],[13.551129,52.568452],[13.549833,52.56816],[13.549512,52.568659],[13.546805,52.568037],[13.547285,52.56719],[13.550354,52.566561],[13.550617,52.566996],[13.555494,52.565984],[13.555611,52.565959],[13.555375,52.565533],[13.555465,52.565501],[13.559241,52.564733],[13.560276,52.564489],[13.557913,52.561741],[13.557728,52.561436],[13.555037,52.558336],[13.554709,52.557943],[13.55442,52.557552],[13.553048,52.555962],[13.552824,52.555755],[13.551807,52.554587],[13.551527,52.554199],[13.551037,52.553641],[13.55081,52.55342],[13.550473,52.553042],[13.54899,52.551322],[13.548838,52.551087],[13.54795,52.550061],[13.547641,52.549748],[13.543923,52.545349],[13.543689,52.54502],[13.543233,52.544482],[13.542779,52.544003],[13.542418,52.543554],[13.542353,52.54341],[13.541879,52.542882],[13.541682,52.54257],[13.540845,52.541487],[13.539154,52.538926],[13.538581,52.537942],[13.538009,52.536751],[13.537659,52.535833],[13.5374,52.534921],[13.537258,52.534303],[13.537163,52.533818],[13.537051,52.53302],[13.536982,52.532253],[13.536947,52.531354],[13.536971,52.530452],[13.537073,52.529251],[13.53718,52.528534],[13.537338,52.527893],[13.538526,52.524903],[13.538737,52.524486],[13.539021,52.524],[13.539528,52.52331],[13.539837,52.52295],[13.540342,52.522439],[13.540645,52.522162],[13.541209,52.521707],[13.543471,52.520044],[13.543848,52.519724],[13.544231,52.519351],[13.544583,52.518925],[13.544949,52.518373],[13.545095,52.518069],[13.545268,52.517593],[13.545787,52.517593],[13.546252,52.51963],[13.546209,52.519629],[13.546654,52.52178],[13.547515,52.521785],[13.547573,52.521805],[13.547597,52.521833],[13.548455,52.525738],[13.548436,52.525786],[13.548364,52.525832],[13.548065,52.525857],[13.548374,52.526948],[13.549648,52.532692],[13.549738,52.532966],[13.549835,52.533154],[13.549952,52.533306],[13.550113,52.533458],[13.550391,52.533648],[13.550571,52.533737],[13.550855,52.533852],[13.551135,52.533954],[13.551298,52.533994],[13.551377,52.534032],[13.551726,52.534042],[13.551823,52.534019],[13.552512,52.534049],[13.552883,52.534088],[13.553568,52.53411],[13.553879,52.534093],[13.555752,52.534162],[13.556153,52.534199],[13.556443,52.534249],[13.55672,52.53433],[13.556998,52.534452],[13.5572,52.534568],[13.557338,52.534671],[13.557045,52.534681],[13.55589,52.534639],[13.554152,52.534651],[13.553855,52.534628],[13.553824,52.535007],[13.553411,52.534997],[13.553402,52.535192],[13.553461,52.535194],[13.553474,52.535341],[13.553576,52.535587],[13.553763,52.535527],[13.553892,52.535667],[13.554042,52.535657],[13.554547,52.536224],[13.555343,52.535951],[13.55586,52.536542],[13.558272,52.536293],[13.559949,52.536149],[13.561052,52.536072],[13.562456,52.536064],[13.561976,52.535167],[13.561989,52.535129],[13.562027,52.535112],[13.564778,52.535119],[13.566557,52.53517],[13.566791,52.535469],[13.568445,52.53799],[13.568938,52.538897],[13.569031,52.539033],[13.569553,52.54064],[13.569606,52.540926],[13.569789,52.54146],[13.569912,52.541724],[13.570405,52.543212],[13.570375,52.543216],[13.570449,52.543436],[13.570478,52.543432],[13.57083,52.544505],[13.570788,52.544565],[13.570701,52.544591],[13.56705,52.544584],[13.565913,52.544615],[13.565036,52.544521],[13.564899,52.544483],[13.564852,52.544441],[13.56481,52.543849],[13.56476,52.543568],[13.564568,52.542985],[13.564356,52.542578],[13.564199,52.54233],[13.563455,52.541417],[13.562526,52.541714],[13.562346,52.541742],[13.559557,52.541728],[13.559553,52.542044],[13.559524,52.542124],[13.559441,52.542243],[13.559214,52.542453],[13.559113,52.542505],[13.558056,52.542818],[13.557979,52.542692],[13.557928,52.54192],[13.557752,52.541921],[13.556364,52.5407],[13.556269,52.540584],[13.553341,52.537988],[13.553215,52.53785],[13.552229,52.53807],[13.552136,52.538069],[13.55206,52.53803],[13.549066,52.534253],[13.54894,52.534085],[13.548895,52.533858],[13.54227,52.534319],[13.541229,52.53438],[13.541334,52.534559],[13.542467,52.536068],[13.542522,52.536208],[13.542657,52.536376],[13.542903,52.536626],[13.544458,52.538581],[13.545229,52.539502],[13.545605,52.539871],[13.545788,52.540014],[13.546021,52.540148],[13.547973,52.541761],[13.548218,52.541872],[13.550139,52.542422],[13.550201,52.542458],[13.550244,52.542527],[13.550229,52.542599],[13.549931,52.542976],[13.551642,52.543488],[13.552154,52.543612],[13.556139,52.544792],[13.556696,52.544922],[13.557123,52.544996],[13.557358,52.545057],[13.557969,52.545123],[13.559126,52.545149],[13.559774,52.545142],[13.560907,52.545061],[13.562028,52.544895]]],[[[13.574423,52.524123],[13.574582,52.524554],[13.574664,52.524866],[13.574824,52.525033],[13.57487,52.525111],[13.574923,52.525373],[13.574896,52.525555],[13.574639,52.525878],[13.574536,52.526105],[13.574426,52.526241],[13.574775,52.526469],[13.575732,52.526116],[13.575964,52.526405],[13.575231,52.526651],[13.574548,52.526917],[13.573681,52.527323],[13.572494,52.527931],[13.572067,52.528079],[13.571701,52.52826],[13.570998,52.528488],[13.570644,52.528583],[13.569748,52.528773],[13.56936,52.528831],[13.568766,52.528895],[13.567787,52.528949],[13.56718,52.528937],[13.566714,52.528954],[13.566066,52.529006],[13.566064,52.528987],[13.566006,52.528971],[13.565979,52.528921],[13.565947,52.528919],[13.566019,52.528454],[13.565992,52.528293],[13.566004,52.527976],[13.565973,52.527511],[13.565899,52.527066],[13.565496,52.525245],[13.565524,52.525242],[13.565533,52.525189],[13.566281,52.52512],[13.566361,52.525092],[13.57076,52.524484],[13.57396,52.524077],[13.57428,52.52405],[13.574378,52.524069],[13.574423,52.524123]]]]}},{"type":"Feature","id":19,"properties":{"gisid":"GO1002","fl_in_ha":"723.7","gebietsname":"Hellersdorf","gebietstyp":"Großsiedlungen"},"geometry":{"type":"MultiPolygon","coordinates":[[[[13.598122,52.528613],[13.598264,52.529011],[13.600249,52.528827],[13.600515,52.528824],[13.600767,52.528864],[13.60088,52.528863],[13.601847,52.52873],[13.612373,52.527159],[13.615079,52.528446],[13.615693,52.527927],[13.617598,52.52747],[13.619137,52.526668],[13.620799,52.527458],[13.621363,52.52702],[13.625834,52.529611],[13.624809,52.53358],[13.625744,52.53404],[13.624819,52.538109],[13.624878,52.538054],[13.625124,52.53793],[13.625736,52.53778],[13.625969,52.537755],[13.626313,52.537674],[13.626707,52.537641],[13.627533,52.537484],[13.628069,52.537534],[13.628219,52.537569],[13.628387,52.537635],[13.628596,52.537755],[13.628856,52.537977],[13.628997,52.537931],[13.630583,52.537621],[13.630615,52.537625],[13.63089,52.537791],[13.63161,52.538001],[13.632796,52.537792],[13.633132,52.537787],[13.633157,52.537842],[13.633387,52.537819],[13.633723,52.537702],[13.633946,52.537653],[13.634163,52.538027],[13.634404,52.537976],[13.634384,52.537942],[13.634509,52.537918],[13.634518,52.537935],[13.634556,52.53793],[13.634748,52.538258],[13.634903,52.538223],[13.634966,52.538282],[13.634958,52.538303],[13.634895,52.53835],[13.634706,52.538402],[13.631622,52.539041],[13.630576,52.539226],[13.630766,52.540091],[13.630752,52.540124],[13.630689,52.540157],[13.628411,52.540341],[13.628222,52.540369],[13.628412,52.541195],[13.628382,52.541254],[13.628296,52.541293],[13.625526,52.541526],[13.62524,52.541572],[13.624989,52.541593],[13.625044,52.541806],[13.624274,52.541912],[13.621871,52.542111],[13.621431,52.542016],[13.616766,52.542383],[13.616274,52.542404],[13.614859,52.542517],[13.614911,52.542762],[13.613632,52.542841],[13.612528,52.543155],[13.611809,52.543287],[13.610974,52.543209],[13.610143,52.54315],[13.608062,52.543651],[13.60785,52.544656],[13.607234,52.545107],[13.606329,52.545215],[13.606291,52.545431],[13.602922,52.545153],[13.602972,52.545294],[13.603043,52.545676],[13.603174,52.54604],[13.60337,52.546469],[13.60337,52.546557],[13.603309,52.546605],[13.601697,52.546909],[13.599763,52.54723],[13.599608,52.547233],[13.598812,52.547358],[13.597248,52.547624],[13.596717,52.547741],[13.594003,52.548199],[13.593693,52.548223],[13.591555,52.548583],[13.591042,52.548696],[13.590524,52.548785],[13.589713,52.548891],[13.588909,52.549055],[13.588371,52.549136],[13.588015,52.549155],[13.586631,52.549365],[13.586523,52.54918],[13.58635,52.549001],[13.586269,52.548965],[13.586198,52.548867],[13.586215,52.54886],[13.585619,52.548261],[13.584485,52.546671],[13.584119,52.546103],[13.583725,52.545553],[13.583716,52.545516],[13.583804,52.545433],[13.583671,52.545379],[13.583613,52.545332],[13.583406,52.544785],[13.583403,52.544722],[13.583351,52.544656],[13.58326,52.54443],[13.583151,52.544255],[13.583017,52.544117],[13.582877,52.54401],[13.581742,52.543331],[13.581754,52.543315],[13.58189,52.543316],[13.581898,52.543252],[13.581625,52.543198],[13.581543,52.543141],[13.581174,52.542546],[13.581194,52.542492],[13.581165,52.542297],[13.58121,52.541352],[13.58129,52.54072],[13.58143,52.540557],[13.581795,52.539953],[13.581849,52.539912],[13.581848,52.539871],[13.58187,52.539848],[13.581928,52.539846],[13.581984,52.539753],[13.581911,52.539756],[13.58191,52.539733],[13.58199,52.539677],[13.582001,52.539602],[13.582079,52.539551],[13.582294,52.539467],[13.582682,52.539405],[13.583372,52.539237],[13.583533,52.539184],[13.583785,52.539069],[13.584019,52.538904],[13.585697,52.537227],[13.586281,52.536497],[13.586997,52.535541],[13.587665,52.534341],[13.587757,52.534041],[13.587732,52.53384],[13.587625,52.533567],[13.587608,52.533437],[13.587584,52.533432],[13.587613,52.533408],[13.587591,52.533404],[13.587382,52.532768],[13.587372,52.532575],[13.587437,52.532459],[13.587462,52.531988],[13.587503,52.531836],[13.587552,52.531012],[13.587471,52.530817],[13.587298,52.530636],[13.586867,52.530402],[13.586234,52.530106],[13.584388,52.528892],[13.583223,52.528282],[13.58179,52.527172],[13.580936,52.526534],[13.579171,52.525488],[13.579047,52.525379],[13.578838,52.525252],[13.578479,52.525084],[13.578251,52.524945],[13.578119,52.524802],[13.577951,52.524477],[13.577809,52.52411],[13.57775,52.523935],[13.577726,52.523756],[13.578005,52.521161],[13.57797,52.520871],[13.575029,52.514595],[13.574455,52.513523],[13.574349,52.513399],[13.574227,52.513326],[13.574177,52.513229],[13.578542,52.513283],[13.578833,52.513298],[13.579671,52.513423],[13.580123,52.513521],[13.580745,52.513696],[13.580933,52.513769],[13.582899,52.514693],[13.583025,52.514785],[13.583498,52.514996],[13.584007,52.514694],[13.584949,52.514075],[13.589335,52.516134],[13.589358,52.516172],[13.589136,52.517152],[13.589056,52.517259],[13.59012,52.517751],[13.590289,52.517424],[13.590445,52.51723],[13.594368,52.517931],[13.594537,52.51808],[13.594643,52.518236],[13.594673,52.518522],[13.594796,52.518886],[13.594923,52.519177],[13.594958,52.519331],[13.595776,52.521658],[13.596139,52.522754],[13.596197,52.522992],[13.596265,52.52313],[13.596262,52.52328],[13.596361,52.523424],[13.596615,52.524142],[13.59679,52.524648],[13.596837,52.524848],[13.59698,52.525209],[13.597548,52.52687],[13.597655,52.527244],[13.597752,52.527476],[13.598122,52.528613]]]]}},{"type":"Feature","id":20,"properties":{"gisid":"GO1101","fl_in_ha":"182.7","gebietsname":"Fennpfuhl","gebietstyp":"Großsiedlungen"},"geometry":{"type":"MultiPolygon","coordinates":[[[[13.467658,52.523857],[13.468716,52.523528],[13.469566,52.523341],[13.47044,52.523201],[13.471243,52.523126],[13.472495,52.523062],[13.474053,52.523019],[13.475002,52.52301],[13.477409,52.523035],[13.479138,52.523121],[13.479236,52.523151],[13.479291,52.523199],[13.479292,52.523787],[13.479437,52.52549],[13.48172,52.525631],[13.481725,52.52528],[13.481805,52.524624],[13.481954,52.52381],[13.482015,52.52323],[13.483273,52.523288],[13.485244,52.523248],[13.485333,52.523273],[13.485389,52.523344],[13.485444,52.524441],[13.485392,52.52474],[13.485209,52.525264],[13.485171,52.525629],[13.485363,52.528582],[13.485392,52.53037],[13.485321,52.530677],[13.484915,52.533321],[13.484868,52.533387],[13.484804,52.533417],[13.484713,52.533428],[13.476794,52.532957],[13.476027,52.532855],[13.475953,52.532988],[13.475254,52.533755],[13.474765,52.534461],[13.473472,52.535906],[13.47343,52.53593],[13.473373,52.535938],[13.471544,52.535419],[13.469768,52.534881],[13.468767,52.534467],[13.467596,52.533941],[13.467517,52.533886],[13.466871,52.533626],[13.46614,52.533366],[13.463373,52.53244],[13.463046,52.532263],[13.461495,52.530381],[13.460723,52.529372],[13.458101,52.528806],[13.458024,52.52876],[13.458021,52.528709],[13.458403,52.528004],[13.458643,52.527506],[13.458929,52.526739],[13.458997,52.526697],[13.459809,52.526547],[13.459878,52.526548],[13.459946,52.526579],[13.460186,52.526516],[13.461538,52.526254],[13.462295,52.52609],[13.462307,52.526109],[13.462558,52.526056],[13.462026,52.525008],[13.46204,52.52497],[13.462076,52.524949],[13.462737,52.524807],[13.463392,52.524689],[13.466309,52.524227],[13.466657,52.524155],[13.467118,52.524034],[13.467658,52.523857]]]]}},{"type":"Feature","id":21,"properties":{"gisid":"GO1102","fl_in_ha":"43.1","gebietsname":"Frankfurter Allee Süd","gebietstyp":"Großsiedlungen"},"geometry":{"type":"MultiPolygon","coordinates":[[[[13.488978,52.512137],[13.48845,52.512213],[13.484424,52.512621],[13.484372,52.512611],[13.48336,52.512711],[13.483102,52.512758],[13.477087,52.513357],[13.476929,52.513325],[13.476809,52.513254],[13.475826,52.512184],[13.475839,52.512122],[13.47589,52.512054],[13.476265,52.510447],[13.476334,52.510296],[13.476599,52.509129],[13.476684,52.508909],[13.477152,52.508181],[13.477356,52.507983],[13.477418,52.507984],[13.477827,52.50765],[13.478407,52.507299],[13.478631,52.507226],[13.47877,52.507381],[13.480176,52.506898],[13.480791,52.506722],[13.481132,52.506656],[13.481214,52.506661],[13.48133,52.506695],[13.483044,52.508746],[13.48315,52.508805],[13.483227,52.508815],[13.483323,52.508806],[13.486407,52.508],[13.486484,52.507993],[13.486552,52.508006],[13.486601,52.508042],[13.487696,52.509817],[13.487477,52.51034],[13.487494,52.510451],[13.488278,52.511703],[13.489085,52.511621],[13.489129,52.511624],[13.489169,52.511647],[13.489305,52.51187],[13.489303,52.511944],[13.489198,52.512068],[13.489105,52.512112],[13.488978,52.512137]]]]}},{"type":"Feature","id":22,"properties":{"gisid":"GO1103","fl_in_ha":"293.3","gebietsname":"Friedrichsfelde","gebietstyp":"Großsiedlungen"},"geometry":{"type":"MultiPolygon","coordinates":[[[[13.510949,52.503968],[13.510957,52.503996],[13.513307,52.505244],[13.513536,52.505356],[13.513778,52.505437],[13.513931,52.505463],[13.515718,52.505604],[13.516591,52.505591],[13.516687,52.504993],[13.516765,52.504687],[13.517137,52.503518],[13.517192,52.503481],[13.517254,52.503468],[13.517468,52.503491],[13.517788,52.502585],[13.517866,52.502538],[13.517972,52.50252],[13.518574,52.502594],[13.51869,52.502579],[13.518747,52.502553],[13.518796,52.5025],[13.518988,52.501933],[13.519032,52.50186],[13.519871,52.501224],[13.519962,52.50121],[13.520128,52.501225],[13.521294,52.501392],[13.521336,52.501421],[13.521346,52.501458],[13.520408,52.50434],[13.519894,52.505397],[13.519737,52.505851],[13.522112,52.506644],[13.522571,52.506862],[13.523049,52.507065],[13.523764,52.507289],[13.524712,52.507546],[13.524897,52.507634],[13.524796,52.509302],[13.524717,52.510094],[13.525866,52.510217],[13.526282,52.510291],[13.526572,52.510321],[13.527174,52.510348],[13.529791,52.510558],[13.531599,52.510634],[13.532154,52.510621],[13.53374,52.510496],[13.536654,52.510193],[13.537875,52.510142],[13.537828,52.511094],[13.53774,52.511406],[13.537582,52.511787],[13.53733,52.512105],[13.537196,52.512193],[13.536912,52.512472],[13.53652,52.512753],[13.5363,52.512882],[13.535709,52.513165],[13.535444,52.513274],[13.53474,52.513478],[13.533984,52.513623],[13.53325,52.513636],[13.532847,52.51362],[13.53197,52.513696],[13.531123,52.513712],[13.530183,52.513704],[13.530154,52.51345],[13.525219,52.513665],[13.524696,52.511351],[13.524408,52.511294],[13.523817,52.511211],[13.52364,52.511178],[13.523207,52.511061],[13.522918,52.511027],[13.521801,52.511069],[13.521468,52.511104],[13.520994,52.511037],[13.52033,52.511043],[13.519375,52.511076],[13.518731,52.511076],[13.518802,52.513385],[13.518742,52.513577],[13.518754,52.513906],[13.516471,52.513966],[13.515424,52.513938],[13.514288,52.51384],[13.51182,52.513494],[13.511141,52.513365],[13.509576,52.513118],[13.508771,52.513032],[13.50885,52.512702],[13.508598,52.51265],[13.508271,52.512513],[13.508154,52.512425],[13.508071,52.512324],[13.507995,52.512124],[13.50812,52.511684],[13.508144,52.511656],[13.508964,52.511501],[13.508671,52.510344],[13.508492,52.510354],[13.508408,52.5103],[13.508291,52.50975],[13.508351,52.509699],[13.508767,52.509671],[13.508845,52.509648],[13.508885,52.509619],[13.508909,52.509569],[13.508799,52.508982],[13.508827,52.50895],[13.508878,52.508931],[13.509161,52.508912],[13.50901,52.508009],[13.50859,52.508139],[13.507796,52.50591],[13.508443,52.505826],[13.509559,52.50573],[13.509222,52.503776],[13.509474,52.50338],[13.508859,52.503229],[13.503219,52.502177],[13.502577,52.502045],[13.497697,52.500842],[13.496836,52.500612],[13.496677,52.500511],[13.496408,52.500182],[13.497958,52.499685],[13.49696,52.497623],[13.495648,52.498065],[13.495578,52.497981],[13.495041,52.49816],[13.49439,52.498346],[13.493936,52.4978],[13.494793,52.497209],[13.495038,52.497005],[13.496884,52.495785],[13.49806,52.495195],[13.497981,52.495042],[13.49795,52.494912],[13.498,52.494804],[13.49908,52.493619],[13.499293,52.493523],[13.499095,52.493384],[13.499356,52.493364],[13.499861,52.493431],[13.500121,52.4934],[13.502177,52.492887],[13.503119,52.492678],[13.507248,52.491823],[13.509455,52.49133],[13.509695,52.491297],[13.510226,52.491261],[13.510792,52.491293],[13.511446,52.491363],[13.512536,52.491523],[13.513494,52.491702],[13.515809,52.492263],[13.516054,52.492357],[13.517286,52.492668],[13.519129,52.493108],[13.518283,52.494406],[13.520096,52.494901],[13.524097,52.495849],[13.52415,52.495876],[13.524188,52.495921],[13.524185,52.495989],[13.523221,52.497539],[13.523281,52.497579],[13.523299,52.497618],[13.523248,52.497757],[13.521969,52.499788],[13.52188,52.49985],[13.521768,52.499873],[13.52075,52.499791],[13.520668,52.49975],[13.520622,52.499659],[13.519247,52.499335],[13.518923,52.499276],[13.518768,52.499267],[13.516777,52.499427],[13.515771,52.499598],[13.515298,52.499769],[13.513863,52.499962],[13.513747,52.500006],[13.513944,52.500952],[13.512416,52.501217],[13.511792,52.501257],[13.511173,52.50137],[13.511926,52.502916],[13.51197,52.503043],[13.511941,52.503084],[13.511888,52.503105],[13.510828,52.503292],[13.511059,52.50382],[13.511038,52.503884],[13.510949,52.503968]]]]}},{"type":"Feature","id":23,"properties":{"gisid":"GO1104","fl_in_ha":"75.0","gebietsname":"Hohenschönhausen Süd","gebietstyp":"Großsiedlungen"},"geometry":{"type":"MultiPolygon","coordinates":[[[[13.493188,52.534187],[13.493488,52.534183],[13.494193,52.534225],[13.495532,52.534266],[13.497662,52.534292],[13.498495,52.534327],[13.499402,52.53438],[13.499939,52.534444],[13.500965,52.534509],[13.501574,52.534513],[13.505341,52.534734],[13.505462,52.53477],[13.505526,52.534842],[13.505564,52.535905],[13.50545,52.538354],[13.5054,52.538431],[13.505318,52.538454],[13.504705,52.538467],[13.503693,52.538527],[13.499034,52.5389],[13.498965,52.538886],[13.498917,52.538853],[13.498659,52.538198],[13.494918,52.540448],[13.494844,52.540433],[13.489092,52.53689],[13.488858,52.536968],[13.488711,52.536796],[13.488143,52.53644],[13.487879,52.535853],[13.48737,52.535857],[13.486796,52.535915],[13.486245,52.536028],[13.485792,52.536169],[13.485042,52.536505],[13.484989,52.536509],[13.484941,52.536489],[13.484859,52.536588],[13.484158,52.536897],[13.483007,52.537567],[13.482099,52.537027],[13.478683,52.537506],[13.47859,52.537531],[13.478456,52.537602],[13.478391,52.537608],[13.476831,52.537056],[13.47678,52.537008],[13.476785,52.53695],[13.477275,52.536458],[13.47737,52.536383],[13.477489,52.536321],[13.479046,52.535806],[13.48064,52.535256],[13.482953,52.534514],[13.482785,52.534331],[13.482824,52.534278],[13.483182,52.534165],[13.483701,52.534055],[13.484232,52.534001],[13.48469,52.533987],[13.486764,52.534106],[13.487196,52.534109],[13.48846,52.534187],[13.488564,52.533893],[13.491449,52.534063],[13.491993,52.534122],[13.493188,52.534187]]]]}},{"type":"Feature","id":24,"properties":{"gisid":"GO1105","fl_in_ha":"383.4","gebietsname":"Hohenschönhausen 1-6","gebietstyp":"Großsiedlungen"},"geometry":{"type":"MultiPolygon","coordinates":[[[[13.515896,52.558334],[13.515925,52.558462],[13.517591,52.562436],[13.518834,52.563016],[13.52085,52.561436],[13.521002,52.561341],[13.521175,52.56126],[13.522401,52.560877],[13.522532,52.560875],[13.522633,52.560912],[13.523256,52.561411],[13.523626,52.561643],[13.524973,52.560561],[13.527772,52.561885],[13.527375,52.562197],[13.529511,52.563126],[13.528331,52.564021],[13.529624,52.564634],[13.530543,52.563943],[13.531658,52.56447],[13.531745,52.564405],[13.531796,52.564395],[13.531863,52.564405],[13.533268,52.565082],[13.533342,52.565183],[13.533522,52.566097],[13.533479,52.566175],[13.533406,52.566209],[13.532578,52.566271],[13.532732,52.567115],[13.532971,52.567098],[13.533093,52.567694],[13.533147,52.567821],[13.533984,52.567608],[13.534741,52.567964],[13.533,52.569322],[13.532943,52.569387],[13.532021,52.570165],[13.531618,52.570097],[13.527973,52.569639],[13.527195,52.569306],[13.526376,52.569175],[13.525308,52.569045],[13.524777,52.569008],[13.52312,52.568794],[13.523265,52.570084],[13.523523,52.571408],[13.523476,52.571504],[13.522952,52.571539],[13.522951,52.571516],[13.522293,52.571564],[13.520994,52.5716],[13.520553,52.571632],[13.520411,52.572086],[13.520053,52.572151],[13.518462,52.572272],[13.518356,52.572269],[13.517743,52.572157],[13.515265,52.572354],[13.514939,52.572427],[13.514866,52.572403],[13.514759,52.572317],[13.514788,52.572456],[13.514764,52.572501],[13.514714,52.572524],[13.514438,52.572579],[13.513294,52.572672],[13.513257,52.57267],[13.513135,52.572611],[13.513114,52.572739],[13.513082,52.57278],[13.513071,52.5737],[13.513021,52.573835],[13.513426,52.574668],[13.511972,52.574715],[13.511997,52.575272],[13.51195,52.575422],[13.512174,52.575395],[13.513457,52.575356],[13.513524,52.575384],[13.513576,52.575622],[13.513853,52.576186],[13.513869,52.576182],[13.514116,52.576659],[13.514245,52.576957],[13.514362,52.577413],[13.514634,52.577461],[13.514744,52.577456],[13.515269,52.578454],[13.514816,52.578537],[13.512736,52.578862],[13.511599,52.579021],[13.511291,52.579054],[13.51067,52.57907],[13.510493,52.579057],[13.50935,52.578866],[13.507742,52.578516],[13.507433,52.578402],[13.505179,52.57778],[13.505045,52.57778],[13.504467,52.577867],[13.503713,52.577836],[13.503201,52.577786],[13.502865,52.577723],[13.502058,52.57752],[13.501576,52.577452],[13.500651,52.57738],[13.500228,52.577273],[13.499861,52.57714],[13.499456,52.576924],[13.499119,52.576801],[13.498909,52.576695],[13.498722,52.576563],[13.498371,52.576168],[13.498329,52.576087],[13.498306,52.575897],[13.498335,52.575698],[13.498317,52.575626],[13.498231,52.575415],[13.498114,52.575295],[13.49795,52.575235],[13.494912,52.573736],[13.493555,52.573131],[13.493771,52.572718],[13.492089,52.572394],[13.492052,52.572372],[13.492041,52.572329],[13.493018,52.570423],[13.491808,52.570204],[13.491712,52.570176],[13.490459,52.569643],[13.492044,52.568259],[13.493257,52.568173],[13.492707,52.566264],[13.492417,52.565348],[13.492358,52.564996],[13.491191,52.565145],[13.490252,52.56532],[13.489792,52.563789],[13.490923,52.563662],[13.491407,52.563587],[13.493368,52.563376],[13.495655,52.563075],[13.495654,52.563089],[13.498283,52.562768],[13.49951,52.56264],[13.500262,52.561856],[13.500379,52.561791],[13.500441,52.561785],[13.500562,52.561809],[13.50164,52.5622],[13.501926,52.562283],[13.503168,52.562703],[13.504385,52.561646],[13.504501,52.561594],[13.505199,52.5614],[13.505462,52.561296],[13.505568,52.561216],[13.505602,52.561128],[13.505492,52.560917],[13.515807,52.558106],[13.515896,52.558334]]]]}},{"type":"Feature","id":25,"properties":{"gisid":"GS0105","fl_in_ha":"27.9","gebietsname":"Schillerhöhe","gebietstyp":"Stärkung Berliner Großsiedlungen"},"geometry":{"type":"MultiPolygon","coordinates":[[[[13.36407,52.557983],[13.365114,52.558058],[13.364715,52.560171],[13.363214,52.55999],[13.361514,52.560142],[13.361144,52.560209],[13.360971,52.560612],[13.360098,52.560472],[13.359805,52.561806],[13.359715,52.561855],[13.356897,52.562017],[13.356302,52.562011],[13.356841,52.56082],[13.356916,52.560503],[13.356944,52.560187],[13.356996,52.560012],[13.356567,52.559939],[13.356521,52.559952],[13.354893,52.559688],[13.354565,52.560184],[13.354228,52.560216],[13.351408,52.558378],[13.351432,52.558363],[13.351347,52.558301],[13.351356,52.558282],[13.351847,52.557999],[13.351976,52.557944],[13.352222,52.557891],[13.352379,52.557885],[13.352534,52.557898],[13.352729,52.557946],[13.352895,52.558023],[13.353697,52.558529],[13.354487,52.558957],[13.35501,52.558559],[13.355945,52.558975],[13.356377,52.558557],[13.358482,52.559167],[13.359866,52.559348],[13.359784,52.558875],[13.359834,52.558613],[13.360043,52.558296],[13.359425,52.558116],[13.358831,52.557989],[13.357655,52.557869],[13.357307,52.557818],[13.357143,52.557775],[13.357247,52.557538],[13.357417,52.557331],[13.357489,52.557302],[13.357725,52.557314],[13.357763,52.557073],[13.357809,52.556973],[13.358224,52.556592],[13.357982,52.556485],[13.357419,52.556162],[13.356392,52.555457],[13.358619,52.554214],[13.358668,52.554214],[13.358732,52.554248],[13.358761,52.554228],[13.361117,52.555448],[13.361059,52.555684],[13.359197,52.55712],[13.359842,52.557328],[13.360307,52.557457],[13.361181,52.557647],[13.361583,52.557715],[13.362571,52.557845],[13.36407,52.557983]]]]}},{"type":"Feature","id":26,"properties":{"gisid":"GS0301","fl_in_ha":"77.9","gebietsname":"Greifswalder Straße","gebietstyp":"Stärkung Berliner Großsiedlungen"},"geometry":{"type":"MultiPolygon","coordinates":[[[[13.449498,52.53738],[13.449575,52.537385],[13.449693,52.537434],[13.450907,52.538195],[13.451586,52.53865],[13.451839,52.538893],[13.452264,52.539202],[13.452653,52.53942],[13.455029,52.540926],[13.455139,52.541035],[13.455182,52.541112],[13.455195,52.541221],[13.455167,52.541306],[13.455412,52.541456],[13.455841,52.541388],[13.45606,52.541401],[13.457736,52.542486],[13.4554,52.543469],[13.45533,52.543418],[13.452479,52.544607],[13.452836,52.54494],[13.45283,52.544973],[13.452239,52.545277],[13.451865,52.545317],[13.448169,52.54681],[13.448064,52.546821],[13.447989,52.54681],[13.447535,52.546608],[13.44744,52.546587],[13.443759,52.544909],[13.442945,52.544424],[13.438534,52.540627],[13.43914,52.540365],[13.440623,52.539673],[13.441867,52.539189],[13.441818,52.539141],[13.445148,52.537919],[13.44607,52.53754],[13.446531,52.537331],[13.446975,52.537107],[13.447452,52.53684],[13.448014,52.536409],[13.449498,52.53738]]]]}},{"type":"Feature","id":27,"properties":{"gisid":"GS0302","fl_in_ha":"54.1","gebietsname":"Weißensee Ost","gebietstyp":"Stärkung Berliner Großsiedlungen"},"geometry":{"type":"MultiPolygon","coordinates":[[[[13.478778,52.553795],[13.478656,52.553791],[13.478591,52.553817],[13.478552,52.553859],[13.478462,52.554285],[13.478424,52.554349],[13.478302,52.554453],[13.478266,52.55451],[13.478153,52.555019],[13.478099,52.555039],[13.477688,52.555005],[13.477531,52.555769],[13.482548,52.556168],[13.482543,52.55619],[13.482617,52.556196],[13.482636,52.556216],[13.482369,52.557426],[13.481394,52.55735],[13.481328,52.557657],[13.480308,52.557575],[13.480289,52.55766],[13.480003,52.557637],[13.479965,52.557664],[13.478393,52.557536],[13.478119,52.557501],[13.47796,52.557448],[13.476228,52.557307],[13.475849,52.558992],[13.475809,52.559025],[13.475755,52.559032],[13.471833,52.558722],[13.471787,52.558709],[13.471761,52.558664],[13.47213,52.557113],[13.470356,52.556815],[13.4703,52.556768],[13.470299,52.556676],[13.470262,52.556594],[13.470098,52.556461],[13.470413,52.556309],[13.470477,52.555939],[13.470494,52.555943],[13.470528,52.555778],[13.470463,52.555747],[13.470499,52.555544],[13.470404,52.555536],[13.470463,52.555209],[13.470796,52.555236],[13.470864,52.554894],[13.470033,52.552916],[13.469783,52.552727],[13.469805,52.552683],[13.469964,52.552623],[13.469775,52.552327],[13.469678,52.552217],[13.469455,52.552009],[13.469242,52.551848],[13.469378,52.551656],[13.469614,52.551451],[13.46981,52.551334],[13.469974,52.551259],[13.475981,52.550471],[13.475083,52.549742],[13.475051,52.549692],[13.475064,52.549653],[13.475126,52.549609],[13.475894,52.549254],[13.476063,52.549132],[13.476875,52.548751],[13.47708,52.548624],[13.477525,52.548295],[13.477829,52.54811],[13.477894,52.548111],[13.477954,52.548139],[13.478636,52.548676],[13.478821,52.548769],[13.479096,52.548988],[13.479317,52.549402],[13.479304,52.549445],[13.479248,52.549486],[13.477068,52.55052],[13.478822,52.551925],[13.479807,52.552566],[13.479329,52.552847],[13.478955,52.553119],[13.478912,52.553202],[13.478948,52.553589],[13.478778,52.553795]]]]}},{"type":"Feature","id":28,"properties":{"gisid":"GS0303","fl_in_ha":"51.7","gebietsname":"Neumannstraße","gebietstyp":"Stärkung Berliner Großsiedlungen"},"geometry":{"type":"MultiPolygon","coordinates":[[[[13.424865,52.55514],[13.424925,52.555173],[13.424899,52.556231],[13.425744,52.556239],[13.425826,52.556225],[13.427694,52.557042],[13.42792,52.557275],[13.428362,52.557318],[13.428526,52.557321],[13.428458,52.557372],[13.428338,52.557541],[13.427553,52.560482],[13.427494,52.56051],[13.42577,52.560337],[13.425758,52.560419],[13.425893,52.560451],[13.42592,52.560511],[13.425826,52.560573],[13.425743,52.560887],[13.425784,52.560957],[13.425744,52.561011],[13.42571,52.561021],[13.425499,52.561001],[13.425428,52.560946],[13.422619,52.560656],[13.422468,52.560687],[13.422376,52.560678],[13.422316,52.560629],[13.421892,52.560591],[13.421782,52.561035],[13.421836,52.561112],[13.421738,52.561404],[13.421402,52.56272],[13.42706,52.563297],[13.42715,52.563338],[13.42719,52.563381],[13.42699,52.564251],[13.426958,52.564249],[13.426924,52.564273],[13.421632,52.563702],[13.421629,52.563714],[13.420964,52.563647],[13.420966,52.563636],[13.413103,52.562975],[13.413092,52.562913],[13.413355,52.561115],[13.413457,52.559966],[13.413492,52.559956],[13.41614,52.559916],[13.416289,52.559877],[13.416378,52.559824],[13.418416,52.559788],[13.418348,52.558855],[13.418379,52.558824],[13.418427,52.558816],[13.418455,52.557504],[13.418501,52.557487],[13.423203,52.557434],[13.423614,52.555651],[13.423604,52.555605],[13.423509,52.555482],[13.423589,52.555177],[13.423676,52.555135],[13.424865,52.55514]]]]}},{"type":"Feature","id":29,"properties":{"gisid":"GS0304","fl_in_ha":"80.0","gebietsname":"Buch","gebietstyp":"Stärkung Berliner Großsiedlungen"},"geometry":{"type":"MultiPolygon","coordinates":[[[[13.500261,52.632577],[13.500302,52.632716],[13.50028,52.632857],[13.500198,52.63299],[13.499643,52.634224],[13.503097,52.634731],[13.502877,52.635294],[13.5038,52.635428],[13.503965,52.635477],[13.504093,52.635558],[13.504139,52.635645],[13.504133,52.635736],[13.50396,52.636127],[13.503348,52.636567],[13.499581,52.635384],[13.499273,52.635271],[13.496546,52.634676],[13.495834,52.635121],[13.495076,52.635555],[13.494467,52.635119],[13.494366,52.635018],[13.494154,52.634676],[13.494062,52.634418],[13.494014,52.634344],[13.493197,52.633795],[13.49219,52.63305],[13.490479,52.631569],[13.492425,52.631027],[13.492585,52.630952],[13.491973,52.630259],[13.493704,52.62954],[13.493611,52.629492],[13.491117,52.627271],[13.491163,52.627253],[13.489362,52.625676],[13.49339,52.623737],[13.496421,52.622992],[13.500927,52.62704],[13.500241,52.627326],[13.501233,52.628671],[13.50296,52.628189],[13.503052,52.628179],[13.503158,52.628195],[13.505469,52.629541],[13.502968,52.631122],[13.501523,52.630256],[13.500135,52.630532],[13.500363,52.630973],[13.499542,52.631134],[13.500261,52.632577]]]]}},{"type":"Feature","id":30,"properties":{"gisid":"GS0401","fl_in_ha":"45.4","gebietsname":"Paul-Hertz-Siedlung","gebietstyp":"Stärkung Berliner Großsiedlungen"},"geometry":{"type":"MultiPolygon","coordinates":[[[[13.297989,52.534501],[13.298368,52.534428],[13.298741,52.534385],[13.299094,52.534385],[13.299463,52.534406],[13.301428,52.534603],[13.303935,52.53496],[13.304506,52.535075],[13.304452,52.535147],[13.304037,52.536456],[13.304044,52.537457],[13.304011,52.538473],[13.30405,52.538473],[13.304053,52.540676],[13.300316,52.540705],[13.300334,52.540631],[13.298809,52.540583],[13.298095,52.540618],[13.298081,52.542789],[13.297238,52.542959],[13.294826,52.538463],[13.294641,52.538069],[13.294416,52.53749],[13.294172,52.537088],[13.294137,52.53697],[13.293763,52.536259],[13.293714,52.536032],[13.293686,52.535729],[13.293706,52.53517],[13.293732,52.534976],[13.293784,52.534882],[13.294095,52.534724],[13.29423,52.534687],[13.294353,52.534683],[13.294466,52.534699],[13.294958,52.534845],[13.295315,52.534923],[13.295679,52.534963],[13.296085,52.534969],[13.296473,52.534932],[13.296736,52.534879],[13.297989,52.534501]]]]}},{"type":"Feature","id":31,"properties":{"gisid":"GS0402","fl_in_ha":"17.4","gebietsname":"Schlangenbader Straße","gebietstyp":"Stärkung Berliner Großsiedlungen"},"geometry":{"type":"MultiPolygon","coordinates":[[[[13.30803,52.46848],[13.308086,52.468455],[13.308187,52.468467],[13.308277,52.46854],[13.308313,52.468629],[13.308119,52.46914],[13.308021,52.469475],[13.307942,52.469897],[13.307907,52.470321],[13.307961,52.472587],[13.308005,52.472892],[13.308064,52.473061],[13.308126,52.475103],[13.307055,52.475137],[13.307086,52.475361],[13.306413,52.475383],[13.306336,52.475933],[13.306293,52.476485],[13.306224,52.476559],[13.306088,52.47658],[13.305986,52.476527],[13.305965,52.476542],[13.304652,52.475818],[13.304061,52.470866],[13.304028,52.470796],[13.303963,52.470728],[13.303954,52.470686],[13.303974,52.470651],[13.304074,52.470576],[13.304126,52.470574],[13.305061,52.469871],[13.305313,52.469739],[13.305558,52.469653],[13.305897,52.469577],[13.307041,52.469451],[13.307504,52.468933],[13.308,52.468471],[13.30803,52.46848]]]]}},{"type":"Feature","id":32,"properties":{"gisid":"GS0503","fl_in_ha":"61.9","gebietsname":"Hakenfelde","gebietstyp":"Stärkung Berliner Großsiedlungen"},"geometry":{"type":"MultiPolygon","coordinates":[[[[13.198302,52.56702],[13.197435,52.567257],[13.197093,52.567336],[13.197024,52.567337],[13.196955,52.567291],[13.196785,52.566705],[13.196758,52.566101],[13.196769,52.565901],[13.196797,52.565651],[13.196962,52.565083],[13.196993,52.564892],[13.197117,52.563624],[13.197086,52.563483],[13.196888,52.563032],[13.196861,52.562917],[13.19681,52.562857],[13.196822,52.562839],[13.19678,52.562797],[13.196767,52.562749],[13.197041,52.562109],[13.197071,52.5621],[13.199708,52.562166],[13.202472,52.562184],[13.202903,52.562217],[13.20474,52.562252],[13.20396,52.557448],[13.203934,52.55745],[13.203884,52.557312],[13.203373,52.557346],[13.203307,52.557009],[13.203049,52.556998],[13.202079,52.557025],[13.20197,52.557005],[13.201895,52.556969],[13.201834,52.556897],[13.201733,52.556513],[13.201537,52.556017],[13.201257,52.555508],[13.201264,52.555488],[13.201342,52.555468],[13.203185,52.555504],[13.203387,52.555535],[13.20357,52.555593],[13.203626,52.555631],[13.203775,52.555671],[13.207302,52.555745],[13.207352,52.555771],[13.207372,52.555804],[13.207924,52.559587],[13.207967,52.559608],[13.208022,52.560032],[13.208011,52.560213],[13.208267,52.561708],[13.211257,52.561313],[13.212528,52.561164],[13.212597,52.561197],[13.214185,52.5629],[13.209942,52.563455],[13.209938,52.563969],[13.21027,52.565144],[13.209542,52.565222],[13.208894,52.565263],[13.207519,52.5653],[13.207172,52.565299],[13.205946,52.565216],[13.205271,52.565198],[13.204556,52.565246],[13.203008,52.565432],[13.202583,52.565513],[13.201984,52.565686],[13.199212,52.566705],[13.198302,52.56702]]]]}},{"type":"Feature","id":33,"properties":{"gisid":"GS0504","fl_in_ha":"71.9","gebietsname":"Louise-Schroeder-Siedlung","gebietstyp":"Stärkung Berliner Großsiedlungen"},"geometry":{"type":"MultiPolygon","coordinates":[[[[13.163586,52.533222],[13.154448,52.532874],[13.15442,52.533141],[13.153876,52.535582],[13.153831,52.535642],[13.153755,52.535655],[13.153026,52.535557],[13.150453,52.535297],[13.147394,52.535013],[13.144747,52.53479],[13.144317,52.534704],[13.142111,52.534084],[13.142058,52.534062],[13.142013,52.534016],[13.141707,52.5327],[13.141609,52.532361],[13.141442,52.532027],[13.141465,52.53199],[13.141522,52.531962],[13.141652,52.531964],[13.142023,52.532182],[13.142323,52.532315],[13.142704,52.53245],[13.142891,52.532486],[13.143029,52.532532],[13.143506,52.532647],[13.144191,52.532688],[13.144259,52.531975],[13.144591,52.531255],[13.145559,52.530583],[13.14706,52.529952],[13.148166,52.529684],[13.148084,52.528949],[13.14838,52.528898],[13.149784,52.528785],[13.149905,52.528789],[13.150256,52.528676],[13.150464,52.528654],[13.152689,52.528706],[13.152799,52.528692],[13.154194,52.528823],[13.154991,52.528877],[13.155103,52.528907],[13.156369,52.528964],[13.157903,52.529171],[13.15862,52.529335],[13.159221,52.529511],[13.159528,52.529518],[13.1605,52.529754],[13.160727,52.529838],[13.161193,52.530044],[13.162141,52.530409],[13.162475,52.530509],[13.162899,52.530585],[13.163064,52.53059],[13.163716,52.530541],[13.163981,52.530625],[13.164273,52.530755],[13.163799,52.531078],[13.16362,52.531637],[13.163586,52.533222]]]]}},{"type":"Feature","id":34,"properties":{"gisid":"GS0602","fl_in_ha":"33.2","gebietsname":"Kamenzer Damm","gebietstyp":"Stärkung Berliner Großsiedlungen"},"geometry":{"type":"MultiPolygon","coordinates":[[[[13.357372,52.428351],[13.357469,52.428381],[13.357569,52.428356],[13.357569,52.428404],[13.358019,52.428392],[13.357987,52.428105],[13.358821,52.428026],[13.358861,52.428156],[13.359061,52.428156],[13.359102,52.428101],[13.359622,52.427985],[13.359506,52.427781],[13.359525,52.427744],[13.360226,52.427591],[13.360404,52.42788],[13.360837,52.427774],[13.361076,52.428126],[13.359789,52.428424],[13.360058,52.428922],[13.360029,52.428942],[13.359442,52.429078],[13.360416,52.43145],[13.360914,52.431245],[13.361435,52.431063],[13.361949,52.430911],[13.362412,52.430794],[13.363237,52.430625],[13.364837,52.430398],[13.365188,52.431323],[13.365177,52.431391],[13.365091,52.431479],[13.365084,52.431522],[13.365149,52.431578],[13.365261,52.431583],[13.365282,52.431644],[13.364699,52.431724],[13.362908,52.431814],[13.363111,52.432414],[13.363217,52.432833],[13.363349,52.4338],[13.363164,52.434236],[13.362873,52.434651],[13.361968,52.43452],[13.36194,52.434681],[13.361947,52.435047],[13.362013,52.435355],[13.362486,52.436505],[13.362391,52.436597],[13.359545,52.437015],[13.358709,52.435016],[13.358198,52.435088],[13.358282,52.434839],[13.358596,52.434237],[13.358699,52.434085],[13.358236,52.434019],[13.358199,52.433958],[13.35726,52.431681],[13.356934,52.431635],[13.356831,52.43165],[13.356551,52.431633],[13.353978,52.431254],[13.354629,52.429551],[13.355881,52.429732],[13.356466,52.428309],[13.357372,52.428351]]]]}},{"type":"Feature","id":35,"properties":{"gisid":"GS0704","fl_in_ha":"79.1","gebietsname":"Tirschenreuther Ring","gebietstyp":"Stärkung Berliner Großsiedlungen"},"geometry":{"type":"MultiPolygon","coordinates":[[[[13.359871,52.414728],[13.359533,52.414743],[13.35922,52.414822],[13.358982,52.414378],[13.357615,52.414703],[13.35746,52.414763],[13.355343,52.415179],[13.355246,52.415353],[13.354292,52.416569],[13.356887,52.417332],[13.356632,52.417656],[13.355734,52.417398],[13.354935,52.418414],[13.353713,52.418052],[13.352501,52.417643],[13.351801,52.417365],[13.352587,52.416353],[13.352123,52.416097],[13.351656,52.415781],[13.351041,52.416081],[13.349111,52.416465],[13.348274,52.416209],[13.348494,52.415968],[13.348532,52.415828],[13.348526,52.415685],[13.348465,52.415496],[13.348065,52.414794],[13.349544,52.414527],[13.349105,52.413763],[13.349135,52.413758],[13.348699,52.413],[13.34807,52.413134],[13.347497,52.412103],[13.346178,52.4119],[13.345698,52.41184],[13.34511,52.411789],[13.34458,52.41177],[13.344813,52.411363],[13.344882,52.411146],[13.344938,52.410808],[13.345012,52.410539],[13.345123,52.410275],[13.34529,52.409984],[13.345504,52.409706],[13.34625,52.408916],[13.346777,52.408301],[13.348125,52.406511],[13.349392,52.406886],[13.349867,52.407072],[13.350123,52.407221],[13.350446,52.407121],[13.350557,52.407115],[13.350712,52.407135],[13.352998,52.407705],[13.353035,52.407736],[13.353041,52.407774],[13.352903,52.40802],[13.352785,52.408293],[13.353389,52.408385],[13.353761,52.408496],[13.354248,52.408712],[13.354603,52.408978],[13.355123,52.408783],[13.355505,52.408681],[13.355718,52.408646],[13.355999,52.408623],[13.356279,52.408625],[13.356382,52.408639],[13.356419,52.408667],[13.356428,52.408702],[13.356324,52.409058],[13.356265,52.409125],[13.356161,52.409179],[13.356131,52.40923],[13.356177,52.409306],[13.356229,52.409328],[13.356301,52.409335],[13.356298,52.409536],[13.35698,52.409498],[13.357529,52.409407],[13.357655,52.409658],[13.357817,52.410086],[13.359184,52.40982],[13.359278,52.410029],[13.359834,52.409943],[13.36003,52.410236],[13.360211,52.410628],[13.360493,52.411154],[13.358379,52.411573],[13.358364,52.411599],[13.358493,52.411885],[13.358664,52.412078],[13.359026,52.412457],[13.359548,52.412955],[13.36117,52.412653],[13.36175,52.412529],[13.362096,52.41243],[13.362111,52.412449],[13.36222,52.412419],[13.36226,52.412429],[13.362307,52.412459],[13.363149,52.413335],[13.363198,52.413449],[13.363223,52.413637],[13.362961,52.413602],[13.362626,52.413592],[13.361712,52.413662],[13.361834,52.41433],[13.361855,52.414687],[13.361837,52.414906],[13.360415,52.414792],[13.360216,52.414754],[13.359871,52.414728]]]]}},{"type":"Feature","id":36,"properties":{"gisid":"GS0705","fl_in_ha":"41.6","gebietsname":"John-Locke-Siedlung","gebietstyp":"Stärkung Berliner Großsiedlungen"},"geometry":{"type":"MultiPolygon","coordinates":[[[[13.408074,52.388428],[13.408097,52.388466],[13.408078,52.38851],[13.407716,52.388904],[13.407407,52.389302],[13.407232,52.389565],[13.406946,52.39008],[13.40673,52.390621],[13.406592,52.391135],[13.406538,52.391492],[13.406443,52.393564],[13.40642,52.393563],[13.406373,52.393616],[13.406291,52.393628],[13.406279,52.393655],[13.405714,52.393653],[13.405195,52.39367],[13.404146,52.393761],[13.403731,52.393817],[13.402876,52.393978],[13.402151,52.39417],[13.401816,52.394278],[13.4013,52.394473],[13.401099,52.394561],[13.400966,52.394642],[13.396729,52.396456],[13.395861,52.394807],[13.3945,52.394805],[13.394255,52.39522],[13.393676,52.395093],[13.394181,52.394259],[13.395229,52.393136],[13.397866,52.393163],[13.398037,52.393176],[13.398401,52.389829],[13.403289,52.389847],[13.401666,52.387802],[13.401363,52.387487],[13.402015,52.387297],[13.402486,52.387299],[13.402492,52.387652],[13.402562,52.387923],[13.402562,52.388259],[13.403211,52.388255],[13.40323,52.388568],[13.403287,52.38873],[13.403375,52.388865],[13.403518,52.388989],[13.403699,52.389084],[13.403971,52.38916],[13.404105,52.389179],[13.404313,52.389187],[13.404658,52.389169],[13.405365,52.389063],[13.405145,52.388546],[13.405121,52.388383],[13.405122,52.387924],[13.405959,52.387927],[13.405958,52.38753],[13.407061,52.387529],[13.407063,52.387932],[13.407257,52.387932],[13.407252,52.388292],[13.407653,52.388307],[13.407922,52.388368],[13.408074,52.388428]]]]}},{"type":"Feature","id":37,"properties":{"gisid":"GS0806","fl_in_ha":"45.4","gebietsname":"Buckower Damm","gebietstyp":"Stärkung Berliner Großsiedlungen"},"geometry":{"type":"MultiPolygon","coordinates":[[[[13.434967,52.416585],[13.435335,52.416833],[13.43563,52.417008],[13.436107,52.417242],[13.43642,52.417352],[13.436685,52.417422],[13.437243,52.417513],[13.437458,52.417529],[13.438194,52.417542],[13.438221,52.417221],[13.440238,52.417254],[13.440381,52.41726],[13.440375,52.417587],[13.448501,52.41774],[13.448957,52.41777],[13.449311,52.417816],[13.449368,52.417852],[13.449378,52.417898],[13.448354,52.420781],[13.440107,52.420632],[13.440015,52.421541],[13.437913,52.42145],[13.437819,52.421702],[13.437781,52.421728],[13.43773,52.421734],[13.432683,52.420416],[13.43286,52.420161],[13.431959,52.41601],[13.433357,52.41601],[13.433729,52.415758],[13.434261,52.416084],[13.434967,52.416585]]]]}},{"type":"Feature","id":38,"properties":{"gisid":"GS0807","fl_in_ha":"73.2","gebietsname":"Ortolanweg / Britz-Süd","gebietstyp":"Stärkung Berliner Großsiedlungen"},"geometry":{"type":"MultiPolygon","coordinates":[[[[13.448576,52.44014],[13.448184,52.440177],[13.447725,52.440165],[13.447502,52.440138],[13.446653,52.439962],[13.446535,52.440534],[13.44651,52.44111],[13.445114,52.441179],[13.444779,52.441166],[13.444266,52.441078],[13.443469,52.440646],[13.443403,52.440665],[13.44277,52.440892],[13.442416,52.441052],[13.442138,52.441199],[13.441827,52.44139],[13.441252,52.441805],[13.4407,52.442172],[13.440125,52.442526],[13.439474,52.442896],[13.439119,52.442865],[13.438745,52.442778],[13.438579,52.442696],[13.438192,52.442409],[13.437884,52.442158],[13.437609,52.441894],[13.437345,52.441589],[13.437054,52.441201],[13.436893,52.441186],[13.436795,52.440943],[13.436599,52.440698],[13.436422,52.440551],[13.435949,52.440235],[13.436728,52.439794],[13.437455,52.439473],[13.442109,52.437648],[13.442682,52.437453],[13.443237,52.437299],[13.443704,52.437195],[13.44425,52.437099],[13.444736,52.437037],[13.445373,52.436985],[13.446119,52.436969],[13.446805,52.437007],[13.447735,52.437032],[13.448601,52.43704],[13.448848,52.437019],[13.448858,52.436873],[13.449122,52.436502],[13.449361,52.436236],[13.450383,52.435234],[13.45055,52.435551],[13.450968,52.436626],[13.451302,52.437283],[13.451411,52.437459],[13.451526,52.437592],[13.451789,52.438018],[13.451929,52.43817],[13.452439,52.438955],[13.45284,52.439435],[13.454069,52.440679],[13.454652,52.441194],[13.455524,52.441924],[13.456708,52.441426],[13.455287,52.440153],[13.456494,52.439854],[13.453912,52.435402],[13.45293,52.435653],[13.452855,52.435549],[13.453126,52.435392],[13.453475,52.435219],[13.454066,52.434984],[13.456161,52.434351],[13.456177,52.434371],[13.456283,52.434348],[13.456691,52.434733],[13.454981,52.435236],[13.457753,52.439558],[13.45793,52.439761],[13.458102,52.439912],[13.458354,52.440083],[13.458618,52.44023],[13.458626,52.44026],[13.458569,52.440315],[13.458599,52.440328],[13.457541,52.4413],[13.457984,52.441573],[13.45897,52.44225],[13.460468,52.441208],[13.460522,52.441196],[13.463274,52.442521],[13.463692,52.442208],[13.464422,52.442569],[13.464889,52.44237],[13.465404,52.442627],[13.46541,52.442662],[13.465387,52.442686],[13.462318,52.444132],[13.461945,52.444264],[13.46202,52.444396],[13.460378,52.445166],[13.459851,52.445505],[13.459569,52.445395],[13.459244,52.445306],[13.459201,52.445275],[13.459192,52.445243],[13.459262,52.445031],[13.459282,52.44487],[13.459236,52.444523],[13.45889,52.444553],[13.458669,52.444548],[13.458411,52.444489],[13.458239,52.444404],[13.456171,52.442602],[13.455926,52.442588],[13.455318,52.442716],[13.45421,52.442415],[13.453669,52.442214],[13.452839,52.441877],[13.452247,52.441703],[13.451899,52.441635],[13.450498,52.441504],[13.450209,52.44145],[13.450004,52.441391],[13.449602,52.441212],[13.44938,52.441052],[13.449101,52.440812],[13.44871,52.440386],[13.448385,52.440493],[13.448192,52.440282],[13.448576,52.44014]]]]}},{"type":"Feature","id":39,"properties":{"gisid":"GS0808","fl_in_ha":"57.9","gebietsname":"Buckow","gebietstyp":"Stärkung Berliner Großsiedlungen"},"geometry":{"type":"MultiPolygon","coordinates":[[[[13.427191,52.421609],[13.427627,52.420946],[13.427664,52.420916],[13.427753,52.420928],[13.427766,52.420907],[13.428391,52.421044],[13.429779,52.421412],[13.429181,52.421882],[13.431134,52.422426],[13.430829,52.422664],[13.431479,52.422961],[13.431822,52.423139],[13.432423,52.423288],[13.432062,52.423639],[13.432997,52.423828],[13.433226,52.423623],[13.433892,52.423803],[13.434194,52.423493],[13.434841,52.42363],[13.434782,52.423716],[13.434729,52.423903],[13.435132,52.424006],[13.434963,52.424203],[13.435741,52.424435],[13.435492,52.424751],[13.435335,52.425062],[13.435245,52.425338],[13.434198,52.425146],[13.434018,52.426552],[13.431544,52.426642],[13.43158,52.427023],[13.430291,52.426683],[13.430136,52.426345],[13.430039,52.426187],[13.429827,52.425902],[13.429646,52.425611],[13.429104,52.424889],[13.421644,52.424415],[13.415699,52.422874],[13.414849,52.422946],[13.414791,52.423185],[13.414654,52.423481],[13.414438,52.423774],[13.414109,52.424076],[13.413802,52.424284],[13.412506,52.425019],[13.412099,52.42522],[13.41174,52.425372],[13.409185,52.426295],[13.409169,52.42628],[13.409115,52.426294],[13.409082,52.426274],[13.408643,52.425636],[13.408665,52.425601],[13.409605,52.42534],[13.409003,52.424465],[13.40884,52.424063],[13.409536,52.423974],[13.410804,52.423723],[13.411622,52.423597],[13.412739,52.423488],[13.41375,52.423444],[13.413752,52.423039],[13.412593,52.423137],[13.412568,52.422398],[13.412499,52.421977],[13.412524,52.421973],[13.412169,52.420835],[13.415356,52.420395],[13.422884,52.420864],[13.422908,52.42095],[13.424071,52.421023],[13.423906,52.422018],[13.421447,52.421882],[13.420865,52.422745],[13.420782,52.422916],[13.420768,52.423018],[13.4208,52.423153],[13.420862,52.423249],[13.420951,52.423336],[13.42213,52.424038],[13.422554,52.424089],[13.428577,52.424448],[13.428078,52.42378],[13.428382,52.423826],[13.429256,52.423201],[13.42837,52.422751],[13.427812,52.423135],[13.427582,52.422829],[13.427251,52.422313],[13.427163,52.422138],[13.427105,52.421959],[13.427101,52.42187],[13.427126,52.421737],[13.427191,52.421609]]],[[[13.406235,52.415888],[13.406307,52.415905],[13.406324,52.415875],[13.418351,52.418712],[13.41983,52.419127],[13.420987,52.419422],[13.420916,52.419591],[13.420758,52.419827],[13.416623,52.418848],[13.415,52.418487],[13.410982,52.418954],[13.411447,52.418208],[13.411513,52.418133],[13.405691,52.416766],[13.405673,52.416721],[13.406185,52.41591],[13.406235,52.415888]]]]}},{"type":"Feature","id":40,"properties":{"gisid":"GS0901","fl_in_ha":"61.8","gebietsname":"Allende I+II","gebietstyp":"Stärkung Berliner Großsiedlungen"},"geometry":{"type":"MultiPolygon","coordinates":[[[[13.592962,52.447427],[13.59281,52.447407],[13.592646,52.447356],[13.589051,52.445811],[13.588525,52.445592],[13.587883,52.445352],[13.587894,52.445318],[13.588033,52.445324],[13.588029,52.445267],[13.588057,52.445207],[13.588188,52.445107],[13.588347,52.445106],[13.588481,52.444961],[13.588467,52.44494],[13.588484,52.444921],[13.588524,52.444919],[13.588556,52.444881],[13.588497,52.444854],[13.588042,52.444523],[13.587798,52.444048],[13.58789,52.443914],[13.587625,52.443578],[13.587382,52.442704],[13.587157,52.442711],[13.58714,52.442609],[13.586963,52.442513],[13.5857,52.441694],[13.585678,52.441703],[13.585548,52.441617],[13.585719,52.441555],[13.586256,52.441268],[13.58635,52.441258],[13.586646,52.441082],[13.586935,52.441152],[13.587039,52.441108],[13.587149,52.441099],[13.589771,52.441138],[13.590788,52.441172],[13.593103,52.441322],[13.593195,52.441354],[13.593239,52.441404],[13.593285,52.441812],[13.593719,52.441797],[13.594706,52.441861],[13.594767,52.441878],[13.594818,52.441915],[13.594896,52.442507],[13.594976,52.443669],[13.594969,52.44409],[13.594899,52.444553],[13.593525,52.444371],[13.593604,52.445867],[13.593892,52.445845],[13.594331,52.445836],[13.594645,52.445788],[13.59668,52.445763],[13.596869,52.445799],[13.597476,52.445871],[13.597592,52.445908],[13.597592,52.44598],[13.59763,52.446018],[13.597698,52.446028],[13.597748,52.446018],[13.59778,52.44599],[13.597776,52.445967],[13.597831,52.445991],[13.598114,52.446183],[13.598472,52.446495],[13.598579,52.446611],[13.598679,52.446659],[13.598739,52.446717],[13.598833,52.447054],[13.598813,52.447215],[13.598831,52.447337],[13.598819,52.447486],[13.598765,52.447618],[13.597869,52.447639],[13.597595,52.447664],[13.597596,52.447687],[13.597145,52.447708],[13.597144,52.447691],[13.597139,52.447942],[13.597178,52.448469],[13.59731,52.448465],[13.597311,52.448556],[13.597249,52.448557],[13.597263,52.448885],[13.595941,52.448899],[13.595941,52.448922],[13.594649,52.448922],[13.594534,52.448889],[13.593797,52.448897],[13.593913,52.448231],[13.593938,52.447417],[13.59344,52.44742],[13.593301,52.447433],[13.592962,52.447427]]],[[[13.59812,52.437977],[13.599619,52.437953],[13.599713,52.437926],[13.599937,52.437898],[13.600893,52.437884],[13.601005,52.437833],[13.601024,52.437848],[13.601088,52.438556],[13.604699,52.438553],[13.606381,52.438525],[13.606442,52.438551],[13.606448,52.438598],[13.607243,52.43859],[13.607381,52.442156],[13.604897,52.441999],[13.60453,52.441955],[13.602388,52.441811],[13.59991,52.441653],[13.599422,52.441638],[13.598215,52.441564],[13.598158,52.441551],[13.59811,52.441499],[13.597953,52.438165],[13.597915,52.437997],[13.597861,52.437885],[13.597912,52.437879],[13.59812,52.437977]]]]}},{"type":"Feature","id":41,"properties":{"gisid":"GS0902","fl_in_ha":"38.0","gebietsname":"Köllnische Vorstadt","gebietstyp":"Stärkung Berliner Großsiedlungen"},"geometry":{"type":"MultiPolygon","coordinates":[[[[13.569001,52.444512],[13.568959,52.444547],[13.568658,52.444606],[13.56867,52.444624],[13.566072,52.445145],[13.567765,52.447285],[13.567728,52.447329],[13.566667,52.447651],[13.56736,52.448459],[13.567328,52.448471],[13.56772,52.448912],[13.567657,52.449025],[13.567384,52.449377],[13.566385,52.44908],[13.566164,52.449361],[13.566106,52.449379],[13.565233,52.449138],[13.565183,52.449097],[13.565186,52.449052],[13.565108,52.448954],[13.565059,52.448944],[13.564612,52.448379],[13.564643,52.448353],[13.565372,52.448131],[13.565209,52.448064],[13.564894,52.447889],[13.564509,52.447619],[13.564097,52.447752],[13.562792,52.446137],[13.562828,52.446061],[13.56294,52.446032],[13.562248,52.445203],[13.562213,52.445206],[13.561898,52.444852],[13.560935,52.443663],[13.560671,52.443159],[13.560588,52.442845],[13.560522,52.442444],[13.560481,52.442363],[13.560411,52.442289],[13.563102,52.437587],[13.563564,52.437897],[13.563867,52.437707],[13.56403,52.437632],[13.564183,52.437583],[13.564341,52.43754],[13.564354,52.437558],[13.565562,52.437291],[13.565551,52.437271],[13.565579,52.437264],[13.565688,52.437274],[13.565724,52.437301],[13.566129,52.437993],[13.566487,52.437917],[13.566563,52.437926],[13.566608,52.437951],[13.567389,52.438932],[13.567555,52.439122],[13.567884,52.439428],[13.56831,52.439673],[13.568391,52.439701],[13.568572,52.439878],[13.568723,52.439774],[13.568801,52.439827],[13.569045,52.439765],[13.569466,52.439993],[13.56944,52.440039],[13.569481,52.440049],[13.569322,52.44025],[13.569272,52.440287],[13.5697,52.440564],[13.570373,52.440706],[13.569358,52.442526],[13.569145,52.442482],[13.567058,52.442832],[13.567168,52.441081],[13.565264,52.439823],[13.564627,52.440744],[13.564519,52.440775],[13.56443,52.440903],[13.5643,52.440874],[13.564321,52.440843],[13.56405,52.440746],[13.56243,52.443534],[13.563322,52.444069],[13.564019,52.44412],[13.568977,52.444223],[13.569016,52.444248],[13.569001,52.444512]]]]}},{"type":"Feature","id":42,"properties":{"gisid":"GS1001","fl_in_ha":"595.2","gebietsname":"Marzahn","gebietstyp":"Stärkung Berliner Großsiedlungen"},"geometry":{"type":"MultiPolygon","coordinates":[[[[13.575313,52.559846],[13.575144,52.56],[13.574895,52.560146],[13.575071,52.560281],[13.574858,52.560289],[13.574396,52.560456],[13.573849,52.560566],[13.571282,52.560778],[13.566302,52.560981],[13.565234,52.561086],[13.563455,52.56133],[13.562553,52.561542],[13.561698,52.561902],[13.558781,52.562751],[13.557913,52.561741],[13.557728,52.561436],[13.555037,52.558336],[13.554709,52.557943],[13.55442,52.557552],[13.553048,52.555962],[13.552824,52.555755],[13.551807,52.554587],[13.551527,52.554199],[13.551037,52.553641],[13.55081,52.55342],[13.550473,52.553042],[13.54899,52.551322],[13.548838,52.551087],[13.54795,52.550061],[13.547641,52.549748],[13.543923,52.545349],[13.543689,52.54502],[13.543233,52.544482],[13.542779,52.544003],[13.542418,52.543554],[13.542353,52.54341],[13.541879,52.542882],[13.541682,52.54257],[13.540845,52.541487],[13.539154,52.538926],[13.538581,52.537942],[13.538305,52.537397],[13.537909,52.536519],[13.537561,52.535505],[13.5374,52.534921],[13.537163,52.533818],[13.537051,52.53302],[13.536982,52.532253],[13.536947,52.531354],[13.536979,52.53026],[13.537073,52.529251],[13.53718,52.528534],[13.537247,52.528209],[13.537384,52.527758],[13.538526,52.524903],[13.538911,52.524178],[13.539217,52.523718],[13.539528,52.52331],[13.539837,52.52295],[13.540342,52.522439],[13.540645,52.522162],[13.541209,52.521707],[13.543471,52.520044],[13.543848,52.519724],[13.544231,52.519351],[13.544583,52.518925],[13.544949,52.518373],[13.545095,52.518069],[13.545268,52.517593],[13.545787,52.517593],[13.546252,52.51963],[13.546209,52.519629],[13.546654,52.52178],[13.547515,52.521785],[13.547573,52.521805],[13.547597,52.521833],[13.548455,52.525738],[13.548436,52.525786],[13.548364,52.525832],[13.548065,52.525857],[13.548374,52.526948],[13.549648,52.532692],[13.549772,52.533042],[13.549884,52.533226],[13.549989,52.533346],[13.550113,52.533458],[13.55048,52.533694],[13.550791,52.533828],[13.551135,52.533954],[13.551298,52.533994],[13.551377,52.534032],[13.551726,52.534042],[13.551823,52.534019],[13.552512,52.534049],[13.552883,52.534088],[13.553568,52.53411],[13.553879,52.534093],[13.555752,52.534162],[13.556153,52.534199],[13.556443,52.534249],[13.55672,52.53433],[13.556998,52.534452],[13.5572,52.534568],[13.557338,52.534671],[13.557045,52.534681],[13.55589,52.534639],[13.554152,52.534651],[13.553855,52.534628],[13.553824,52.535007],[13.553411,52.534997],[13.553402,52.535192],[13.553461,52.535194],[13.553474,52.535341],[13.553576,52.535587],[13.553763,52.535527],[13.553892,52.535667],[13.554042,52.535657],[13.554547,52.536224],[13.555343,52.535951],[13.55586,52.536542],[13.558272,52.536293],[13.559949,52.536149],[13.561052,52.536072],[13.562456,52.536064],[13.561976,52.535167],[13.561989,52.535129],[13.562027,52.535112],[13.564778,52.535119],[13.566557,52.53517],[13.566791,52.535469],[13.568445,52.53799],[13.568938,52.538897],[13.569031,52.539033],[13.569553,52.54064],[13.569606,52.540926],[13.569789,52.54146],[13.569912,52.541724],[13.570405,52.543212],[13.570375,52.543216],[13.570449,52.543436],[13.570478,52.543432],[13.57083,52.544499],[13.570788,52.544565],[13.570701,52.544591],[13.56705,52.544584],[13.565913,52.544615],[13.565036,52.544521],[13.564899,52.544483],[13.564838,52.544411],[13.56481,52.543849],[13.56476,52.543568],[13.564568,52.542985],[13.564356,52.542578],[13.564199,52.54233],[13.563455,52.541417],[13.562526,52.541714],[13.562346,52.541742],[13.559557,52.541728],[13.559553,52.542044],[13.559524,52.542124],[13.559441,52.542243],[13.559214,52.542453],[13.559113,52.542505],[13.558056,52.542818],[13.557979,52.542692],[13.557928,52.54192],[13.557752,52.541921],[13.556364,52.5407],[13.556269,52.540584],[13.553341,52.537988],[13.553215,52.53785],[13.552229,52.53807],[13.552136,52.538069],[13.55206,52.53803],[13.549066,52.534253],[13.54894,52.534085],[13.548895,52.533858],[13.54227,52.534319],[13.541229,52.53438],[13.541334,52.534559],[13.542467,52.536068],[13.542522,52.536208],[13.542657,52.536376],[13.542903,52.536626],[13.545044,52.5393],[13.545605,52.539871],[13.545788,52.540014],[13.546021,52.540148],[13.547896,52.541703],[13.548017,52.541787],[13.548218,52.541872],[13.550179,52.542442],[13.550237,52.542506],[13.550239,52.542579],[13.549931,52.542976],[13.551642,52.543488],[13.552154,52.543612],[13.556139,52.544792],[13.556696,52.544922],[13.557123,52.544996],[13.557358,52.545057],[13.557746,52.545104],[13.557969,52.545123],[13.55927,52.54515],[13.559918,52.545137],[13.56084,52.545068],[13.561372,52.545],[13.562028,52.544895],[13.562929,52.544791],[13.56361,52.544747],[13.564004,52.544744],[13.564197,52.544776],[13.564259,52.544836],[13.564256,52.544929],[13.564023,52.545771],[13.563941,52.545979],[13.56382,52.546182],[13.563659,52.54637],[13.563506,52.546504],[13.563242,52.546679],[13.564711,52.54701],[13.565325,52.547165],[13.564827,52.547881],[13.564758,52.547841],[13.564671,52.54787],[13.564719,52.547929],[13.565263,52.548065],[13.565322,52.548104],[13.565433,52.54823],[13.565446,52.548268],[13.565422,52.548318],[13.565241,52.548394],[13.565204,52.548424],[13.565193,52.548463],[13.565227,52.548565],[13.566266,52.549818],[13.567044,52.54978],[13.567116,52.549804],[13.567198,52.550204],[13.567087,52.550215],[13.567342,52.551056],[13.56797,52.550883],[13.568863,52.550692],[13.570536,52.550404],[13.572818,52.550146],[13.571962,52.547607],[13.572151,52.547586],[13.571842,52.546476],[13.57187,52.546474],[13.571897,52.546422],[13.571984,52.546412],[13.571997,52.546394],[13.573367,52.546766],[13.57377,52.546842],[13.574861,52.547126],[13.575236,52.547241],[13.576612,52.547588],[13.576757,52.547647],[13.577196,52.547769],[13.577619,52.547845],[13.578158,52.54798],[13.578515,52.548088],[13.581776,52.548937],[13.581898,52.548995],[13.582803,52.549203],[13.583411,52.549392],[13.584332,52.549618],[13.584492,52.549647],[13.584793,52.549667],[13.584962,52.549699],[13.585142,52.549776],[13.585714,52.550392],[13.585905,52.550739],[13.585935,52.55087],[13.585932,52.551002],[13.585896,52.551131],[13.585828,52.551257],[13.585728,52.551374],[13.585601,52.55148],[13.583245,52.552799],[13.581794,52.553554],[13.581689,52.553644],[13.581449,52.553773],[13.580461,52.554275],[13.579689,52.554848],[13.579302,52.555031],[13.579012,52.555216],[13.578802,52.555386],[13.578593,52.555608],[13.578481,52.555765],[13.578341,52.55609],[13.578301,52.556325],[13.578321,52.556561],[13.578544,52.557186],[13.578606,52.557436],[13.578698,52.557644],[13.578933,52.558052],[13.5792,52.558406],[13.575738,52.558668],[13.575769,52.558929],[13.575718,52.55923],[13.575571,52.559527],[13.575313,52.559846]]],[[[13.574423,52.524123],[13.574582,52.524554],[13.574664,52.524866],[13.574824,52.525033],[13.57487,52.525111],[13.574923,52.525373],[13.574896,52.525555],[13.574639,52.525878],[13.574536,52.526105],[13.574426,52.526241],[13.574775,52.526469],[13.575732,52.526116],[13.575964,52.526405],[13.575231,52.526651],[13.574548,52.526917],[13.573681,52.527323],[13.572494,52.527931],[13.572067,52.528079],[13.571701,52.52826],[13.570998,52.528488],[13.570644,52.528583],[13.569748,52.528773],[13.56936,52.528831],[13.568766,52.528895],[13.567787,52.528949],[13.56718,52.528937],[13.566714,52.528954],[13.566066,52.529006],[13.566064,52.528987],[13.566006,52.528971],[13.565979,52.528921],[13.565947,52.528919],[13.566019,52.528454],[13.565992,52.528293],[13.566004,52.527976],[13.565973,52.527511],[13.565899,52.527066],[13.565496,52.525245],[13.565524,52.525242],[13.565533,52.525189],[13.566281,52.52512],[13.566361,52.525092],[13.57076,52.524484],[13.57396,52.524077],[13.57428,52.52405],[13.574378,52.524069],[13.574423,52.524123]]]]}},{"type":"Feature","id":43,"properties":{"gisid":"GS1002","fl_in_ha":"490.5","gebietsname":"Hellersdorf","gebietstyp":"Stärkung Berliner Großsiedlungen"},"geometry":{"type":"MultiPolygon","coordinates":[[[[13.610049,52.543131],[13.610248,52.54308],[13.610435,52.542265],[13.610635,52.542139],[13.611029,52.541936],[13.611334,52.54173],[13.611389,52.541733],[13.611421,52.541599],[13.611899,52.541633],[13.612189,52.541116],[13.612328,52.541126],[13.612778,52.540295],[13.611408,52.540058],[13.612242,52.538301],[13.610247,52.537949],[13.610109,52.537688],[13.60772,52.537198],[13.605238,52.536569],[13.605108,52.536823],[13.60448,52.536688],[13.601434,52.535859],[13.601372,52.535869],[13.60133,52.535904],[13.600758,52.538432],[13.600492,52.53843],[13.600472,52.538447],[13.598134,52.538232],[13.598093,52.538401],[13.597788,52.538419],[13.597701,52.538807],[13.597739,52.538854],[13.59771,52.538949],[13.598961,52.539065],[13.598802,52.539819],[13.598765,52.539816],[13.59869,52.540146],[13.59855,52.540134],[13.598327,52.541068],[13.598294,52.541065],[13.598194,52.541566],[13.598126,52.541716],[13.597186,52.541638],[13.596215,52.541584],[13.596123,52.541609],[13.596082,52.541652],[13.595849,52.542881],[13.596153,52.542903],[13.596149,52.542926],[13.596266,52.542935],[13.59623,52.543113],[13.596552,52.543983],[13.595969,52.544062],[13.595633,52.54315],[13.596125,52.540762],[13.594655,52.540598],[13.591818,52.540391],[13.591867,52.540116],[13.592023,52.539608],[13.591351,52.539523],[13.588619,52.539314],[13.587736,52.53928],[13.581956,52.5398],[13.581984,52.539753],[13.581911,52.539756],[13.581911,52.53973],[13.58199,52.539677],[13.582001,52.539602],[13.582079,52.539551],[13.582294,52.539467],[13.582682,52.539405],[13.583372,52.539237],[13.583533,52.539184],[13.583785,52.539069],[13.584019,52.538904],[13.585697,52.537227],[13.586281,52.536497],[13.586997,52.535541],[13.587665,52.534341],[13.587757,52.534041],[13.587732,52.53384],[13.587625,52.533567],[13.587608,52.533437],[13.587584,52.533432],[13.587613,52.533408],[13.587591,52.533404],[13.587382,52.532768],[13.587372,52.532575],[13.587437,52.532459],[13.587462,52.531988],[13.587503,52.531836],[13.587552,52.531012],[13.587471,52.530817],[13.587298,52.530636],[13.586867,52.530402],[13.586234,52.530106],[13.584388,52.528892],[13.583223,52.528282],[13.58179,52.527172],[13.580936,52.526534],[13.579171,52.525488],[13.579047,52.525379],[13.578838,52.525252],[13.578479,52.525084],[13.578251,52.524945],[13.578119,52.524802],[13.577951,52.524477],[13.577809,52.52411],[13.57775,52.523935],[13.577726,52.523756],[13.578005,52.521161],[13.57797,52.520871],[13.575029,52.514595],[13.574455,52.513523],[13.574349,52.513399],[13.574227,52.513326],[13.574177,52.513229],[13.578542,52.513283],[13.578833,52.513298],[13.579671,52.513423],[13.580123,52.513521],[13.580745,52.513696],[13.580933,52.513769],[13.582899,52.514693],[13.583025,52.514785],[13.583498,52.514996],[13.584007,52.514694],[13.584949,52.514075],[13.589335,52.516134],[13.589358,52.516172],[13.589136,52.517152],[13.589056,52.517259],[13.59012,52.517751],[13.590289,52.517424],[13.590445,52.51723],[13.594326,52.517918],[13.594368,52.517931],[13.594537,52.51808],[13.594643,52.518236],[13.594673,52.518522],[13.594796,52.518886],[13.594923,52.519177],[13.594958,52.519331],[13.595776,52.521658],[13.596139,52.522754],[13.596197,52.522992],[13.596265,52.52313],[13.596262,52.52328],[13.596361,52.523424],[13.596615,52.524142],[13.59679,52.524648],[13.596837,52.524848],[13.59698,52.525209],[13.598264,52.529011],[13.599296,52.528916],[13.599366,52.529122],[13.599496,52.529167],[13.599768,52.529978],[13.598899,52.53077],[13.598852,52.530751],[13.598707,52.530901],[13.598484,52.531024],[13.597018,52.532379],[13.597077,52.532404],[13.596859,52.532604],[13.5968,52.53258],[13.596784,52.532594],[13.596844,52.532619],[13.596649,52.532797],[13.596587,52.532775],[13.596475,52.532821],[13.595788,52.532909],[13.595908,52.5333],[13.59647,52.533418],[13.596802,52.533572],[13.5969,52.5336],[13.596433,52.534211],[13.596963,52.534351],[13.59719,52.534457],[13.600816,52.535466],[13.60101,52.535506],[13.601131,52.535489],[13.601367,52.535554],[13.601359,52.535592],[13.603863,52.536283],[13.60463,52.536486],[13.604724,52.536479],[13.606247,52.53432],[13.606444,52.534087],[13.60671,52.533863],[13.607026,52.533668],[13.607293,52.53354],[13.607522,52.533457],[13.608192,52.533287],[13.609707,52.532959],[13.60978,52.532929],[13.609818,52.532888],[13.609818,52.532819],[13.609619,52.53243],[13.609258,52.531809],[13.607894,52.529732],[13.608073,52.529686],[13.608096,52.529627],[13.609329,52.529357],[13.609176,52.528817],[13.608939,52.528352],[13.608573,52.527719],[13.612373,52.527159],[13.615079,52.528446],[13.615693,52.527927],[13.617598,52.52747],[13.619137,52.526668],[13.620799,52.527458],[13.621363,52.52702],[13.625834,52.529611],[13.624809,52.53358],[13.625744,52.53404],[13.624819,52.538109],[13.624878,52.538054],[13.625124,52.53793],[13.625736,52.53778],[13.625969,52.537755],[13.626313,52.537674],[13.626707,52.537641],[13.627533,52.537484],[13.628069,52.537534],[13.628219,52.537569],[13.628387,52.537635],[13.628596,52.537755],[13.628856,52.537977],[13.628997,52.537931],[13.630583,52.537621],[13.630615,52.537625],[13.63089,52.537791],[13.63161,52.538001],[13.632796,52.537792],[13.633132,52.537787],[13.633157,52.537842],[13.633387,52.537819],[13.633723,52.537702],[13.633946,52.537653],[13.634163,52.538027],[13.634404,52.537976],[13.634384,52.537942],[13.634509,52.537918],[13.634518,52.537935],[13.634556,52.53793],[13.634748,52.538258],[13.634903,52.538223],[13.634966,52.538282],[13.634936,52.538327],[13.634843,52.538369],[13.634706,52.538402],[13.63191,52.538982],[13.630837,52.539188],[13.630576,52.539226],[13.630766,52.540091],[13.630752,52.540124],[13.630689,52.540157],[13.628411,52.540341],[13.628222,52.540369],[13.628412,52.541195],[13.628382,52.541254],[13.628296,52.541293],[13.625526,52.541526],[13.62524,52.541572],[13.624989,52.541593],[13.625044,52.541806],[13.624274,52.541912],[13.621871,52.542111],[13.621431,52.542016],[13.616766,52.542383],[13.616274,52.542404],[13.614859,52.542517],[13.614911,52.542762],[13.613632,52.542841],[13.612528,52.543155],[13.611809,52.543287],[13.610974,52.543209],[13.610118,52.543156],[13.610049,52.543131]]]]}},{"type":"Feature","id":44,"properties":{"gisid":"GS1101","fl_in_ha":"182.7","gebietsname":"Fennpfuhl","gebietstyp":"Stärkung Berliner Großsiedlungen"},"geometry":{"type":"MultiPolygon","coordinates":[[[[13.467658,52.523857],[13.468716,52.523528],[13.469566,52.523341],[13.47044,52.523201],[13.471243,52.523126],[13.472495,52.523062],[13.474053,52.523019],[13.475002,52.52301],[13.477409,52.523035],[13.479138,52.523121],[13.479236,52.523151],[13.479291,52.523199],[13.479292,52.523787],[13.479437,52.52549],[13.48172,52.525631],[13.481725,52.52528],[13.481805,52.524624],[13.481954,52.52381],[13.482015,52.52323],[13.483273,52.523288],[13.485244,52.523248],[13.485333,52.523273],[13.485389,52.523344],[13.485444,52.524441],[13.485392,52.52474],[13.485209,52.525264],[13.485171,52.525629],[13.485363,52.528582],[13.485392,52.53037],[13.485321,52.530677],[13.484915,52.533321],[13.484868,52.533387],[13.484804,52.533417],[13.484713,52.533428],[13.476794,52.532957],[13.476027,52.532855],[13.475953,52.532988],[13.475254,52.533755],[13.474765,52.534461],[13.473472,52.535906],[13.47343,52.53593],[13.473373,52.535938],[13.471544,52.535419],[13.469768,52.534881],[13.468767,52.534467],[13.467596,52.533941],[13.467517,52.533886],[13.466871,52.533626],[13.46614,52.533366],[13.463373,52.53244],[13.463046,52.532263],[13.461495,52.530381],[13.460723,52.529372],[13.458101,52.528806],[13.458024,52.52876],[13.458021,52.528709],[13.458403,52.528004],[13.458643,52.527506],[13.458929,52.526739],[13.458997,52.526697],[13.459809,52.526547],[13.459878,52.526548],[13.459946,52.526579],[13.460186,52.526516],[13.461538,52.526254],[13.462295,52.52609],[13.462307,52.526109],[13.462558,52.526056],[13.462026,52.525008],[13.46204,52.52497],[13.462076,52.524949],[13.462737,52.524807],[13.463392,52.524689],[13.466309,52.524227],[13.466657,52.524155],[13.467118,52.524034],[13.467658,52.523857]]]]}},{"type":"Feature","id":45,"properties":{"gisid":"GS1102","fl_in_ha":"43.1","gebietsname":"Frankfurter Allee Süd","gebietstyp":"Stärkung Berliner Großsiedlungen"},"geometry":{"type":"MultiPolygon","coordinates":[[[[13.476809,52.513254],[13.475826,52.512184],[13.475839,52.512122],[13.47589,52.512054],[13.476265,52.510447],[13.476334,52.510296],[13.476599,52.509129],[13.476684,52.508909],[13.477152,52.508181],[13.477356,52.507983],[13.477418,52.507984],[13.477827,52.50765],[13.478407,52.507299],[13.478631,52.507226],[13.47877,52.507381],[13.480176,52.506898],[13.480791,52.506722],[13.481116,52.506657],[13.48126,52.506672],[13.48133,52.506695],[13.483044,52.508746],[13.4831,52.508787],[13.483195,52.508813],[13.483323,52.508806],[13.486407,52.508],[13.486506,52.507995],[13.486582,52.508021],[13.487694,52.509812],[13.487692,52.50986],[13.487477,52.51034],[13.487481,52.510424],[13.488278,52.511703],[13.489085,52.511621],[13.489148,52.511631],[13.4893,52.511859],[13.48931,52.511904],[13.489263,52.51201],[13.489177,52.51208],[13.489022,52.512132],[13.48845,52.512213],[13.484424,52.512621],[13.484372,52.512611],[13.48336,52.512711],[13.483102,52.512758],[13.477087,52.513357],[13.476929,52.513325],[13.476809,52.513254]]]]}},{"type":"Feature","id":46,"properties":{"gisid":"GS1103","fl_in_ha":"293.3","gebietsname":"Friedrichsfelde","gebietstyp":"Stärkung Berliner Großsiedlungen"},"geometry":{"type":"MultiPolygon","coordinates":[[[[13.511059,52.50382],[13.511038,52.503884],[13.510947,52.503971],[13.510957,52.503996],[13.513307,52.505244],[13.513536,52.505356],[13.513703,52.505415],[13.513909,52.505461],[13.515379,52.505585],[13.515826,52.505608],[13.516591,52.505591],[13.516687,52.504993],[13.516765,52.504687],[13.517137,52.503518],[13.517192,52.503481],[13.517254,52.503468],[13.517468,52.503491],[13.517788,52.502585],[13.517866,52.502538],[13.517972,52.50252],[13.518574,52.502594],[13.51869,52.502579],[13.518747,52.502553],[13.518796,52.5025],[13.518988,52.501933],[13.519032,52.50186],[13.519871,52.501224],[13.519962,52.50121],[13.520128,52.501225],[13.521294,52.501392],[13.521336,52.501421],[13.521346,52.501458],[13.520408,52.50434],[13.519894,52.505397],[13.519737,52.505851],[13.522112,52.506644],[13.522571,52.506862],[13.523049,52.507065],[13.523764,52.507289],[13.524712,52.507546],[13.524897,52.507634],[13.524796,52.509302],[13.524717,52.510094],[13.525866,52.510217],[13.526282,52.510291],[13.526572,52.510321],[13.527174,52.510348],[13.529791,52.510558],[13.531599,52.510634],[13.532154,52.510621],[13.53374,52.510496],[13.536654,52.510193],[13.537875,52.510142],[13.537828,52.511094],[13.53774,52.511406],[13.537582,52.511787],[13.53733,52.512105],[13.537196,52.512193],[13.536912,52.512472],[13.53652,52.512753],[13.5363,52.512882],[13.535709,52.513165],[13.535444,52.513274],[13.53474,52.513478],[13.533984,52.513623],[13.53325,52.513636],[13.532847,52.51362],[13.53197,52.513696],[13.531123,52.513712],[13.530183,52.513704],[13.530154,52.51345],[13.525219,52.513665],[13.524696,52.511351],[13.524408,52.511294],[13.523817,52.511211],[13.52364,52.511178],[13.523207,52.511061],[13.522918,52.511027],[13.521801,52.511069],[13.521468,52.511104],[13.520994,52.511037],[13.52033,52.511043],[13.519375,52.511076],[13.518731,52.511076],[13.518802,52.513385],[13.518742,52.513577],[13.518754,52.513906],[13.516471,52.513966],[13.515424,52.513938],[13.514288,52.51384],[13.51182,52.513494],[13.511141,52.513365],[13.509576,52.513118],[13.508771,52.513032],[13.50885,52.512702],[13.508598,52.51265],[13.508271,52.512513],[13.508154,52.512425],[13.508071,52.512324],[13.507995,52.512124],[13.50812,52.511684],[13.508144,52.511656],[13.508964,52.511501],[13.508671,52.510344],[13.508492,52.510354],[13.508408,52.5103],[13.508291,52.50975],[13.508351,52.509699],[13.508767,52.509671],[13.508845,52.509648],[13.508885,52.509619],[13.508909,52.509569],[13.508799,52.508982],[13.508827,52.50895],[13.508878,52.508931],[13.509161,52.508912],[13.50901,52.508009],[13.50859,52.508139],[13.507796,52.50591],[13.508443,52.505826],[13.509559,52.50573],[13.509222,52.503776],[13.509474,52.50338],[13.508859,52.503229],[13.503219,52.502177],[13.502577,52.502045],[13.497697,52.500842],[13.496836,52.500612],[13.496677,52.500511],[13.496408,52.500182],[13.497958,52.499685],[13.49696,52.497623],[13.495648,52.498065],[13.495578,52.497981],[13.495041,52.49816],[13.49439,52.498346],[13.493936,52.4978],[13.494793,52.497209],[13.495038,52.497005],[13.496884,52.495785],[13.49806,52.495195],[13.497981,52.495042],[13.49795,52.494912],[13.498,52.494804],[13.49908,52.493619],[13.499293,52.493523],[13.499095,52.493384],[13.499356,52.493364],[13.499861,52.493431],[13.500121,52.4934],[13.502177,52.492887],[13.503119,52.492678],[13.507248,52.491823],[13.509455,52.49133],[13.509695,52.491297],[13.510226,52.491261],[13.510792,52.491293],[13.511446,52.491363],[13.512536,52.491523],[13.513494,52.491702],[13.515809,52.492263],[13.516054,52.492357],[13.517286,52.492668],[13.519129,52.493108],[13.518283,52.494406],[13.520096,52.494901],[13.524097,52.495849],[13.52415,52.495876],[13.524188,52.495921],[13.524185,52.495989],[13.523221,52.497539],[13.523281,52.497579],[13.523299,52.497618],[13.523248,52.497757],[13.521969,52.499788],[13.52188,52.49985],[13.521768,52.499873],[13.52075,52.499791],[13.520668,52.49975],[13.520622,52.499659],[13.519247,52.499335],[13.518923,52.499276],[13.518768,52.499267],[13.516777,52.499427],[13.515771,52.499598],[13.515298,52.499769],[13.513863,52.499962],[13.513747,52.500006],[13.513944,52.500952],[13.512416,52.501217],[13.511792,52.501257],[13.511173,52.50137],[13.511926,52.502916],[13.51197,52.503043],[13.511941,52.503084],[13.511888,52.503105],[13.510828,52.503292],[13.511059,52.50382]]]]}},{"type":"Feature","id":47,"properties":{"gisid":"GS1104","fl_in_ha":"75.0","gebietsname":"Hohenschönhausen Süd","gebietstyp":"Stärkung Berliner Großsiedlungen"},"geometry":{"type":"MultiPolygon","coordinates":[[[[13.493188,52.534187],[13.493488,52.534183],[13.494193,52.534225],[13.495532,52.534266],[13.497662,52.534292],[13.498495,52.534327],[13.499402,52.53438],[13.499939,52.534444],[13.500965,52.534509],[13.501574,52.534513],[13.505341,52.534734],[13.505462,52.53477],[13.505526,52.534842],[13.505564,52.535905],[13.50545,52.538354],[13.5054,52.538431],[13.505318,52.538454],[13.504705,52.538467],[13.503693,52.538527],[13.499034,52.5389],[13.498965,52.538886],[13.498917,52.538853],[13.498659,52.538198],[13.494918,52.540448],[13.494844,52.540433],[13.489092,52.53689],[13.488858,52.536968],[13.488711,52.536796],[13.488143,52.53644],[13.487879,52.535853],[13.48737,52.535857],[13.486796,52.535915],[13.486245,52.536028],[13.485792,52.536169],[13.485042,52.536505],[13.484989,52.536509],[13.484941,52.536489],[13.484859,52.536588],[13.484158,52.536897],[13.483007,52.537567],[13.482099,52.537027],[13.478683,52.537506],[13.47859,52.537531],[13.478456,52.537602],[13.478391,52.537608],[13.476831,52.537056],[13.47678,52.537008],[13.476785,52.53695],[13.477275,52.536458],[13.47737,52.536383],[13.477489,52.536321],[13.479046,52.535806],[13.48064,52.535256],[13.482953,52.534514],[13.482785,52.534331],[13.482824,52.534278],[13.483182,52.534165],[13.483701,52.534055],[13.484232,52.534001],[13.48469,52.533987],[13.486764,52.534106],[13.487196,52.534109],[13.48846,52.534187],[13.488564,52.533893],[13.491449,52.534063],[13.491993,52.534122],[13.493188,52.534187]]]]}},{"type":"Feature","id":48,"properties":{"gisid":"GS1105","fl_in_ha":"383.4","gebietsname":"Hohenschönhausen 1-6","gebietstyp":"Stärkung Berliner Großsiedlungen"},"geometry":{"type":"MultiPolygon","coordinates":[[[[13.515896,52.558334],[13.515925,52.558462],[13.517591,52.562436],[13.518834,52.563016],[13.52085,52.561436],[13.521002,52.561341],[13.521175,52.56126],[13.522401,52.560877],[13.522532,52.560875],[13.522633,52.560912],[13.523256,52.561411],[13.523626,52.561643],[13.524973,52.560561],[13.527772,52.561885],[13.527375,52.562197],[13.529511,52.563126],[13.528331,52.564021],[13.529624,52.564634],[13.530543,52.563943],[13.531658,52.56447],[13.531745,52.564405],[13.531796,52.564395],[13.531863,52.564405],[13.533268,52.565082],[13.533342,52.565183],[13.533522,52.566097],[13.533479,52.566175],[13.533406,52.566209],[13.532578,52.566271],[13.532732,52.567115],[13.532971,52.567098],[13.533093,52.567694],[13.533147,52.567821],[13.533984,52.567608],[13.534741,52.567964],[13.533,52.569322],[13.532943,52.569387],[13.532021,52.570165],[13.531618,52.570097],[13.527973,52.569639],[13.527195,52.569306],[13.526376,52.569175],[13.525308,52.569045],[13.524777,52.569008],[13.52312,52.568794],[13.523265,52.570084],[13.523523,52.571408],[13.523476,52.571504],[13.522952,52.571539],[13.522951,52.571516],[13.522293,52.571564],[13.520994,52.5716],[13.520553,52.571632],[13.520411,52.572086],[13.520053,52.572151],[13.518462,52.572272],[13.518356,52.572269],[13.517743,52.572157],[13.515265,52.572354],[13.514939,52.572427],[13.514866,52.572403],[13.514759,52.572317],[13.514788,52.572456],[13.514764,52.572501],[13.514714,52.572524],[13.514438,52.572579],[13.513294,52.572672],[13.513257,52.57267],[13.513135,52.572611],[13.513114,52.572739],[13.513082,52.57278],[13.513071,52.5737],[13.513021,52.573835],[13.513426,52.574668],[13.511972,52.574715],[13.511997,52.575272],[13.51195,52.575422],[13.512174,52.575395],[13.513457,52.575356],[13.513524,52.575384],[13.513576,52.575622],[13.513853,52.576186],[13.513869,52.576182],[13.514116,52.576659],[13.514245,52.576957],[13.514362,52.577413],[13.514634,52.577461],[13.514744,52.577456],[13.515269,52.578454],[13.514816,52.578537],[13.512736,52.578862],[13.511599,52.579021],[13.511291,52.579054],[13.51067,52.57907],[13.510493,52.579057],[13.50935,52.578866],[13.507742,52.578516],[13.507433,52.578402],[13.505179,52.57778],[13.505045,52.57778],[13.504467,52.577867],[13.503713,52.577836],[13.503201,52.577786],[13.502865,52.577723],[13.502058,52.57752],[13.501576,52.577452],[13.500651,52.57738],[13.500228,52.577273],[13.499861,52.57714],[13.499456,52.576924],[13.499119,52.576801],[13.498909,52.576695],[13.498722,52.576563],[13.498371,52.576168],[13.498329,52.576087],[13.498306,52.575897],[13.498335,52.575698],[13.498317,52.575626],[13.498231,52.575415],[13.498114,52.575295],[13.49795,52.575235],[13.494912,52.573736],[13.493555,52.573131],[13.493771,52.572718],[13.492089,52.572394],[13.492052,52.572372],[13.492041,52.572329],[13.493018,52.570423],[13.491808,52.570204],[13.491712,52.570176],[13.490459,52.569643],[13.492044,52.568259],[13.493257,52.568173],[13.492707,52.566264],[13.492417,52.565348],[13.492358,52.564996],[13.491191,52.565145],[13.490252,52.56532],[13.489792,52.563789],[13.490923,52.563662],[13.491407,52.563587],[13.493368,52.563376],[13.495655,52.563075],[13.495654,52.563089],[13.498283,52.562768],[13.49951,52.56264],[13.500262,52.561856],[13.500379,52.561791],[13.500441,52.561785],[13.500562,52.561809],[13.50164,52.5622],[13.501926,52.562283],[13.503168,52.562703],[13.504385,52.561646],[13.504501,52.561594],[13.505199,52.5614],[13.505462,52.561296],[13.505568,52.561216],[13.505602,52.561128],[13.505492,52.560917],[13.515807,52.558106],[13.515896,52.558334]]]]}},{"type":"Feature","id":49,"properties":{"gisid":"GW0101","fl_in_ha":"39.3","gebietsname":"Wollankstraße","gebietstyp":"Großsiedlungen"},"geometry":{"type":"MultiPolygon","coordinates":[[[[13.386973,52.562892],[13.387132,52.562853],[13.388412,52.562375],[13.387468,52.561443],[13.385782,52.561959],[13.385094,52.560592],[13.383882,52.55948],[13.383766,52.559326],[13.383686,52.559348],[13.383689,52.559367],[13.383647,52.559381],[13.383618,52.559369],[13.383105,52.559513],[13.383113,52.559531],[13.38306,52.559546],[13.383041,52.559531],[13.380302,52.560292],[13.380253,52.560305],[13.38021,52.560298],[13.379903,52.560027],[13.377787,52.556653],[13.377802,52.556607],[13.377871,52.556597],[13.377867,52.556572],[13.387743,52.55579],[13.387749,52.555813],[13.387873,52.555813],[13.390388,52.559267],[13.388988,52.559654],[13.388113,52.559913],[13.388258,52.560052],[13.387725,52.560257],[13.387627,52.560282],[13.387962,52.560659],[13.389516,52.562164],[13.389874,52.562465],[13.390493,52.562925],[13.391014,52.562693],[13.391408,52.562902],[13.3922,52.562383],[13.392752,52.562643],[13.393659,52.561912],[13.394111,52.562118],[13.392718,52.563276],[13.392414,52.563141],[13.391607,52.563807],[13.390264,52.563088],[13.387037,52.564414],[13.386877,52.564018],[13.386828,52.563823],[13.38695,52.563739],[13.387054,52.563628],[13.387155,52.563405],[13.387086,52.56308],[13.386973,52.562892]]]]}},{"type":"Feature","id":50,"properties":{"gisid":"GW0102","fl_in_ha":"59.4","gebietsname":"Brunnenstraße","gebietstyp":"Großsiedlungen"},"geometry":{"type":"MultiPolygon","coordinates":[[[[13.396024,52.538421],[13.396091,52.538387],[13.396177,52.53838],[13.403421,52.540422],[13.402976,52.540915],[13.401749,52.540658],[13.401462,52.541053],[13.400994,52.541814],[13.400328,52.543203],[13.400021,52.544447],[13.399991,52.544659],[13.399841,52.544962],[13.399669,52.545455],[13.399173,52.546606],[13.399006,52.546909],[13.398645,52.547304],[13.398429,52.54749],[13.39819,52.547662],[13.397921,52.547822],[13.397594,52.547987],[13.397401,52.548063],[13.39666,52.548255],[13.395918,52.54837],[13.395073,52.548393],[13.393884,52.549582],[13.394285,52.549636],[13.394965,52.549775],[13.39561,52.549966],[13.395914,52.550082],[13.396484,52.550355],[13.3969,52.550619],[13.396736,52.550616],[13.396751,52.550628],[13.39171,52.550182],[13.39166,52.550049],[13.39207,52.549768],[13.39229,52.549506],[13.393992,52.547793],[13.388978,52.547522],[13.392694,52.542707],[13.392932,52.542466],[13.39325,52.542049],[13.393315,52.541905],[13.393835,52.541232],[13.394041,52.541041],[13.394187,52.540847],[13.39418,52.540788],[13.396024,52.538421]],[[13.396262,52.538586],[13.39626,52.538586],[13.396254,52.538593],[13.396262,52.538586]]]]}},{"type":"Feature","id":51,"properties":{"gisid":"GW0103","fl_in_ha":"29.5","gebietsname":"Ackerstraße","gebietstyp":"Großsiedlungen"},"geometry":{"type":"MultiPolygon","coordinates":[[[[13.391883,52.538826],[13.389954,52.538265],[13.389207,52.539173],[13.39098,52.539674],[13.391725,52.539903],[13.391643,52.540017],[13.392696,52.540318],[13.392888,52.540072],[13.394179,52.540437],[13.39376,52.540978],[13.393527,52.541211],[13.393255,52.541567],[13.393153,52.541754],[13.392409,52.541538],[13.392548,52.541357],[13.392279,52.54128],[13.392594,52.54088],[13.389268,52.539928],[13.388823,52.540489],[13.39005,52.540854],[13.389572,52.541409],[13.389524,52.541437],[13.389459,52.541449],[13.389403,52.541443],[13.385078,52.540079],[13.385046,52.540054],[13.385047,52.540023],[13.3861,52.538856],[13.385926,52.53873],[13.385164,52.538065],[13.385076,52.537967],[13.384841,52.538064],[13.383598,52.538685],[13.383463,52.538776],[13.380481,52.540252],[13.38006,52.540267],[13.37995,52.540178],[13.379967,52.540122],[13.382288,52.53789],[13.383724,52.536651],[13.384721,52.535842],[13.385643,52.536626],[13.385461,52.536705],[13.386186,52.53732],[13.387707,52.53655],[13.386495,52.535515],[13.385858,52.534945],[13.386879,52.534432],[13.388063,52.535488],[13.38825,52.535415],[13.388861,52.535966],[13.389939,52.535416],[13.393132,52.537448],[13.39314,52.537494],[13.391906,52.538822],[13.391883,52.538826]]]]}},{"type":"Feature","id":52,"properties":{"gisid":"GW0104","fl_in_ha":"9.8","gebietsname":"Heinrich-Zille-Siedlung","gebietstyp":"Großsiedlungen"},"geometry":{"type":"MultiPolygon","coordinates":[[[[13.364125,52.527165],[13.365059,52.526026],[13.362317,52.525162],[13.362244,52.52525],[13.36219,52.525261],[13.361857,52.525668],[13.361762,52.525687],[13.361697,52.525738],[13.361729,52.525798],[13.360838,52.526871],[13.356651,52.525569],[13.356611,52.525577],[13.356547,52.525554],[13.356518,52.525513],[13.356529,52.525481],[13.357287,52.524578],[13.35734,52.524476],[13.357354,52.524389],[13.359562,52.525078],[13.359786,52.525026],[13.36075,52.523863],[13.3654,52.525305],[13.365391,52.525333],[13.365443,52.525343],[13.36544,52.525372],[13.365588,52.525424],[13.365514,52.525524],[13.366171,52.525728],[13.365838,52.526127],[13.365746,52.526098],[13.364581,52.527471],[13.364084,52.527314],[13.364088,52.527238],[13.364125,52.527165]]]]}},{"type":"Feature","id":53,"properties":{"gisid":"GW0105","fl_in_ha":"27.9","gebietsname":"Schillerhöhe","gebietstyp":"Großsiedlungen"},"geometry":{"type":"MultiPolygon","coordinates":[[[[13.359197,52.55712],[13.359842,52.557328],[13.360307,52.557457],[13.360646,52.55754],[13.361513,52.557705],[13.362288,52.557811],[13.363283,52.557919],[13.365114,52.558058],[13.364715,52.560171],[13.363214,52.55999],[13.361514,52.560142],[13.361144,52.560209],[13.360971,52.560612],[13.360098,52.560472],[13.359805,52.561806],[13.359715,52.561855],[13.356897,52.562017],[13.356302,52.562011],[13.356841,52.56082],[13.356916,52.560503],[13.356944,52.560187],[13.356996,52.560012],[13.356567,52.559939],[13.356521,52.559952],[13.354893,52.559688],[13.354565,52.560184],[13.354228,52.560216],[13.351408,52.558378],[13.351432,52.558363],[13.351348,52.558291],[13.351847,52.557999],[13.351976,52.557944],[13.352222,52.557891],[13.352379,52.557885],[13.352534,52.557898],[13.352729,52.557946],[13.352895,52.558023],[13.353697,52.558529],[13.354487,52.558957],[13.35501,52.558559],[13.355945,52.558975],[13.356377,52.558557],[13.358482,52.559167],[13.359866,52.559348],[13.359784,52.558875],[13.359834,52.558613],[13.360043,52.558296],[13.359425,52.558116],[13.358831,52.557989],[13.357655,52.557869],[13.357307,52.557818],[13.357143,52.557775],[13.357247,52.557538],[13.357417,52.557331],[13.357489,52.557302],[13.357725,52.557314],[13.357763,52.557073],[13.357809,52.556973],[13.358224,52.556592],[13.357982,52.556485],[13.357419,52.556162],[13.356392,52.555457],[13.358619,52.554214],[13.358668,52.554214],[13.358732,52.554248],[13.358761,52.554228],[13.361117,52.555448],[13.361059,52.555684],[13.359197,52.55712]]]]}},{"type":"Feature","id":54,"properties":{"gisid":"GW0201","fl_in_ha":"5.4","gebietsname":"Werner-Düttmann-Platz","gebietstyp":"Großsiedlungen"},"geometry":{"type":"MultiPolygon","coordinates":[[[[13.414318,52.488291],[13.414377,52.488283],[13.414369,52.488261],[13.416111,52.488033],[13.416327,52.488877],[13.418635,52.488661],[13.41876,52.490159],[13.41635,52.490833],[13.416332,52.490809],[13.416247,52.490827],[13.416179,52.490796],[13.416146,52.490805],[13.41426,52.48836],[13.414288,52.488352],[13.414277,52.488316],[13.414318,52.488291]]]]}},{"type":"Feature","id":55,"properties":{"gisid":"GW0202","fl_in_ha":"9.5","gebietsname":"Mariannenplatz","gebietstyp":"Großsiedlungen"},"geometry":{"type":"MultiPolygon","coordinates":[[[[13.425031,52.50217],[13.424952,52.502002],[13.424036,52.502258],[13.423761,52.502349],[13.420762,52.503175],[13.420698,52.503167],[13.420658,52.503138],[13.420624,52.503088],[13.420653,52.503075],[13.420092,52.502281],[13.420131,52.502239],[13.427138,52.500306],[13.427185,52.50031],[13.427218,52.50033],[13.427912,52.501131],[13.428935,52.502318],[13.428949,52.502356],[13.428933,52.502386],[13.428838,52.502424],[13.428805,52.502408],[13.425868,52.503332],[13.42507,52.502168],[13.425031,52.50217]]]]}},{"type":"Feature","id":56,"properties":{"gisid":"GW0203","fl_in_ha":"36.5","gebietsname":"Wassertorplatz","gebietstyp":"Großsiedlungen"},"geometry":{"type":"MultiPolygon","coordinates":[[[[13.418815,52.498848],[13.418729,52.498831],[13.418698,52.498848],[13.418192,52.498731],[13.417872,52.498783],[13.417007,52.498786],[13.415884,52.498654],[13.414305,52.498406],[13.414156,52.498427],[13.414035,52.498502],[13.414004,52.498594],[13.414026,52.498651],[13.414295,52.49902],[13.414301,52.499067],[13.414266,52.499158],[13.414221,52.499207],[13.414113,52.499272],[13.413552,52.499436],[13.413451,52.499509],[13.413405,52.499599],[13.413405,52.499647],[13.413866,52.500261],[13.413847,52.500313],[13.406514,52.502473],[13.406453,52.502448],[13.403205,52.498502],[13.40325,52.498477],[13.40652,52.498502],[13.406852,52.498524],[13.406371,52.497926],[13.406357,52.497835],[13.406374,52.497766],[13.40643,52.497681],[13.406495,52.497625],[13.406674,52.497541],[13.406854,52.497509],[13.408513,52.497516],[13.408769,52.497528],[13.408957,52.49751],[13.409125,52.497455],[13.409253,52.497368],[13.409328,52.497261],[13.409415,52.496614],[13.409488,52.496446],[13.409608,52.496289],[13.409773,52.496147],[13.410032,52.495999],[13.410274,52.495908],[13.410608,52.495835],[13.412094,52.497837],[13.413141,52.497831],[13.413432,52.497859],[13.413935,52.497941],[13.416263,52.497302],[13.416588,52.49723],[13.41907,52.496563],[13.419113,52.496543],[13.419088,52.496529],[13.41912,52.496508],[13.419228,52.496455],[13.419353,52.496417],[13.419489,52.496398],[13.420044,52.496477],[13.421358,52.498046],[13.421364,52.498118],[13.421288,52.498168],[13.418997,52.49884],[13.418815,52.498848]]]]}},{"type":"Feature","id":57,"properties":{"gisid":"GW0204","fl_in_ha":"16.9","gebietsname":"Mehringplatz","gebietstyp":"Großsiedlungen"},"geometry":{"type":"MultiPolygon","coordinates":[[[[13.395491,52.498851],[13.394377,52.500707],[13.394246,52.500995],[13.394274,52.501003],[13.394268,52.501024],[13.394205,52.501064],[13.39176,52.500915],[13.389674,52.500813],[13.389437,52.500786],[13.38918,52.500737],[13.388762,52.501549],[13.388608,52.501702],[13.387995,52.502892],[13.385516,52.502406],[13.385395,52.502374],[13.385142,52.502269],[13.387085,52.500726],[13.388144,52.50093],[13.388386,52.500492],[13.388545,52.500527],[13.388789,52.500611],[13.388936,52.499513],[13.388932,52.499239],[13.389019,52.498588],[13.38911,52.4982],[13.389161,52.498205],[13.389179,52.498114],[13.38922,52.498085],[13.389765,52.498001],[13.390158,52.497962],[13.390706,52.497936],[13.391269,52.49794],[13.391693,52.497965],[13.393795,52.498164],[13.395128,52.498314],[13.395543,52.498366],[13.395614,52.498406],[13.395592,52.498563],[13.395491,52.498851]]]]}},{"type":"Feature","id":58,"properties":{"gisid":"GW0205","fl_in_ha":"1.6","gebietsname":"Neues Kreuzberger Zentrum","gebietstyp":"Großsiedlungen"},"geometry":{"type":"MultiPolygon","coordinates":[[[[13.421541,52.498266],[13.422081,52.498917],[13.422071,52.498982],[13.421957,52.498987],[13.421956,52.499007],[13.421889,52.49901],[13.419947,52.498978],[13.420005,52.499434],[13.42,52.499582],[13.419588,52.499579],[13.419362,52.499935],[13.418128,52.500255],[13.418109,52.500253],[13.418104,52.500224],[13.417124,52.49999],[13.416969,52.499776],[13.416922,52.499788],[13.416909,52.49977],[13.416935,52.499763],[13.41692,52.499739],[13.41694,52.499735],[13.416831,52.499576],[13.416995,52.498998],[13.417243,52.499022],[13.417081,52.499502],[13.417357,52.49991],[13.418118,52.500086],[13.419149,52.499832],[13.41947,52.499366],[13.419467,52.498863],[13.419485,52.498844],[13.419813,52.498696],[13.420124,52.498585],[13.421346,52.498225],[13.421445,52.498219],[13.421541,52.498266]]]]}},{"type":"Feature","id":59,"properties":{"gisid":"GW0401","fl_in_ha":"45.4","gebietsname":"Paul-Hertz-Siedlung","gebietstyp":"Großsiedlungen"},"geometry":{"type":"MultiPolygon","coordinates":[[[[13.297989,52.534501],[13.298368,52.534428],[13.298741,52.534385],[13.299094,52.534385],[13.299463,52.534406],[13.301428,52.534603],[13.303935,52.53496],[13.304506,52.535075],[13.304452,52.535147],[13.304037,52.536456],[13.304044,52.537457],[13.304011,52.538473],[13.30405,52.538473],[13.304053,52.540676],[13.300316,52.540705],[13.300334,52.540631],[13.298809,52.540583],[13.298095,52.540618],[13.298081,52.542789],[13.297238,52.542959],[13.294826,52.538463],[13.294641,52.538069],[13.294416,52.53749],[13.294172,52.537088],[13.294137,52.53697],[13.293763,52.536259],[13.293714,52.536032],[13.293686,52.535729],[13.293706,52.53517],[13.293732,52.534976],[13.293784,52.534882],[13.294095,52.534724],[13.29423,52.534687],[13.294353,52.534683],[13.294466,52.534699],[13.294958,52.534845],[13.295315,52.534923],[13.295679,52.534963],[13.296085,52.534969],[13.296473,52.534932],[13.296736,52.534879],[13.297989,52.534501]]]]}},{"type":"Feature","id":60,"properties":{"gisid":"GW0402","fl_in_ha":"17.4","gebietsname":"Schlangenbader Straße","gebietstyp":"Großsiedlungen"},"geometry":{"type":"MultiPolygon","coordinates":[[[[13.30537,52.469718],[13.305624,52.469635],[13.305897,52.469577],[13.307041,52.469451],[13.307504,52.468933],[13.308,52.468471],[13.30803,52.46848],[13.308086,52.468455],[13.308187,52.468467],[13.308277,52.46854],[13.308313,52.468629],[13.308119,52.46914],[13.308021,52.469475],[13.307942,52.469897],[13.307907,52.470321],[13.307961,52.472587],[13.308005,52.472892],[13.308064,52.473061],[13.308126,52.475103],[13.307055,52.475137],[13.307086,52.475361],[13.306413,52.475383],[13.306336,52.475933],[13.306293,52.476485],[13.306242,52.476549],[13.306136,52.476581],[13.306088,52.47658],[13.305986,52.476527],[13.305965,52.476542],[13.304652,52.475818],[13.304061,52.470866],[13.303953,52.470698],[13.303986,52.470641],[13.304074,52.470576],[13.304126,52.470574],[13.305061,52.469871],[13.305205,52.469787],[13.30537,52.469718]]]]}},{"type":"Feature","id":61,"properties":{"gisid":"GW0501","fl_in_ha":"140.7","gebietsname":"Falkenhagener Feld","gebietstyp":"Großsiedlungen"},"geometry":{"type":"MultiPolygon","coordinates":[[[[13.153632,52.554027],[13.153425,52.5541],[13.153282,52.554192],[13.153196,52.554278],[13.153066,52.554493],[13.15297,52.55461],[13.152846,52.554695],[13.152697,52.554758],[13.149589,52.555347],[13.149813,52.556447],[13.149798,52.556487],[13.149756,52.556518],[13.149186,52.556646],[13.149092,52.556646],[13.148724,52.556575],[13.148679,52.556549],[13.148598,52.556397],[13.148575,52.556319],[13.148575,52.556157],[13.148848,52.554924],[13.148829,52.554839],[13.148651,52.554503],[13.148667,52.554353],[13.1488,52.554305],[13.149191,52.554212],[13.15279,52.553539],[13.152541,52.55246],[13.153325,52.552393],[13.152831,52.550168],[13.152049,52.550233],[13.151328,52.546995],[13.152833,52.546698],[13.15312,52.54667],[13.153278,52.547378],[13.153229,52.547384],[13.15367,52.54933],[13.155939,52.549116],[13.16238,52.548362],[13.162477,52.548393],[13.162587,52.548503],[13.162557,52.548511],[13.162764,52.548803],[13.163065,52.549129],[13.163367,52.549399],[13.16378,52.549699],[13.165212,52.549493],[13.165335,52.549568],[13.16616,52.549865],[13.169491,52.549241],[13.169757,52.550456],[13.178213,52.548868],[13.177359,52.547161],[13.177161,52.546707],[13.176971,52.546195],[13.176817,52.5457],[13.176706,52.545244],[13.176425,52.543765],[13.17649,52.543726],[13.177052,52.543639],[13.17747,52.543525],[13.182154,52.541942],[13.182525,52.541805],[13.182557,52.542043],[13.184641,52.551728],[13.182682,52.552285],[13.179372,52.553178],[13.177928,52.553522],[13.176256,52.553892],[13.174796,52.554246],[13.172802,52.554765],[13.169877,52.555445],[13.167455,52.555935],[13.166804,52.556093],[13.165895,52.556279],[13.165411,52.556358],[13.165319,52.555916],[13.165169,52.555619],[13.164419,52.552973],[13.164343,52.552886],[13.163882,52.551322],[13.161823,52.551712],[13.161435,52.551858],[13.153418,52.553364],[13.153696,52.553956],[13.153683,52.554002],[13.153632,52.554027]]]]}},{"type":"Feature","id":62,"properties":{"gisid":"GW0502","fl_in_ha":"100.1","gebietsname":"Heerstraße","gebietstyp":"Großsiedlungen"},"geometry":{"type":"MultiPolygon","coordinates":[[[[13.159756,52.525109],[13.159343,52.525058],[13.158923,52.525031],[13.158501,52.525028],[13.158057,52.525051],[13.157402,52.525135],[13.155936,52.525424],[13.156107,52.52441],[13.156003,52.523854],[13.15539,52.523179],[13.155123,52.522987],[13.154591,52.522752],[13.154369,52.522551],[13.15429,52.522343],[13.154232,52.522094],[13.154162,52.521942],[13.15757,52.521217],[13.157436,52.521008],[13.157325,52.520879],[13.156775,52.520337],[13.159617,52.518947],[13.159731,52.518979],[13.159964,52.519093],[13.160242,52.519192],[13.162015,52.5197],[13.162213,52.519814],[13.16233,52.519964],[13.16277,52.519871],[13.16365,52.518733],[13.163728,52.518739],[13.16426,52.519138],[13.164758,52.518892],[13.164908,52.518497],[13.16487,52.518327],[13.164786,52.518215],[13.16456,52.51801],[13.162849,52.516745],[13.162786,52.516679],[13.16275,52.516587],[13.162785,52.516457],[13.162888,52.516363],[13.164273,52.515673],[13.164931,52.516862],[13.166134,52.517565],[13.166566,52.517463],[13.166971,52.517914],[13.168657,52.517265],[13.167089,52.515821],[13.166032,52.514831],[13.166023,52.514802],[13.166064,52.514754],[13.16663,52.51447],[13.166707,52.514351],[13.16672,52.514129],[13.167198,52.513666],[13.169191,52.513033],[13.169505,52.513525],[13.16977,52.513886],[13.17024,52.51443],[13.170623,52.514821],[13.172233,52.516293],[13.170518,52.516995],[13.171795,52.51795],[13.172021,52.518155],[13.17361,52.517818],[13.175869,52.519651],[13.178893,52.521958],[13.178117,52.52244],[13.177325,52.52196],[13.176087,52.52273],[13.175435,52.522868],[13.174465,52.523472],[13.174315,52.523634],[13.173009,52.523513],[13.172242,52.523669],[13.171501,52.523885],[13.169591,52.52438],[13.169537,52.524289],[13.168455,52.524574],[13.168549,52.524188],[13.168294,52.524165],[13.168142,52.523903],[13.167934,52.523944],[13.167648,52.523978],[13.167211,52.523982],[13.160978,52.523444],[13.160279,52.525188],[13.159756,52.525109]]]]}},{"type":"Feature","id":63,"properties":{"gisid":"GW0503","fl_in_ha":"61.9","gebietsname":"Hakenfelde","gebietstyp":"Großsiedlungen"},"geometry":{"type":"MultiPolygon","coordinates":[[[[13.202347,52.565572],[13.201866,52.565727],[13.199212,52.566705],[13.198302,52.56702],[13.197705,52.567189],[13.197093,52.567336],[13.197024,52.567337],[13.196977,52.567318],[13.196894,52.567112],[13.196785,52.566705],[13.19676,52.566021],[13.196797,52.565651],[13.196962,52.565083],[13.196993,52.564892],[13.197117,52.563624],[13.197086,52.563483],[13.196888,52.563032],[13.196861,52.562917],[13.19681,52.562857],[13.196822,52.562839],[13.19678,52.562797],[13.196767,52.562749],[13.197039,52.562112],[13.197071,52.5621],[13.199708,52.562166],[13.202472,52.562184],[13.202903,52.562217],[13.20474,52.562252],[13.20396,52.557448],[13.203934,52.55745],[13.203884,52.557312],[13.203373,52.557346],[13.203307,52.557009],[13.203049,52.556998],[13.202079,52.557025],[13.20197,52.557005],[13.201895,52.556969],[13.201834,52.556897],[13.201733,52.556513],[13.201537,52.556017],[13.201258,52.555498],[13.201291,52.555472],[13.201342,52.555468],[13.203115,52.555499],[13.203387,52.555535],[13.20357,52.555593],[13.203626,52.555631],[13.203775,52.555671],[13.207294,52.555743],[13.207342,52.555763],[13.207372,52.555804],[13.207924,52.559587],[13.207967,52.559608],[13.208022,52.560032],[13.208011,52.560213],[13.208267,52.561708],[13.211257,52.561313],[13.212528,52.561164],[13.212597,52.561197],[13.214185,52.5629],[13.209942,52.563455],[13.209938,52.563969],[13.21027,52.565144],[13.209542,52.565222],[13.208894,52.565263],[13.207519,52.5653],[13.207172,52.565299],[13.205682,52.565203],[13.205271,52.565198],[13.204917,52.565216],[13.204556,52.565246],[13.203193,52.565405],[13.202764,52.565475],[13.202347,52.565572]]]]}},{"type":"Feature","id":64,"properties":{"gisid":"GW0504","fl_in_ha":"71.9","gebietsname":"Louise-Schroeder-Siedlung","gebietstyp":"Großsiedlungen"},"geometry":{"type":"MultiPolygon","coordinates":[[[[13.153831,52.535642],[13.153755,52.535655],[13.153026,52.535557],[13.150453,52.535297],[13.147394,52.535013],[13.144747,52.53479],[13.144317,52.534704],[13.142111,52.534084],[13.142058,52.534062],[13.142013,52.534016],[13.141707,52.5327],[13.141609,52.532361],[13.141445,52.532048],[13.141453,52.532002],[13.141542,52.531957],[13.141652,52.531964],[13.142023,52.532182],[13.142258,52.53229],[13.142704,52.53245],[13.142891,52.532486],[13.143029,52.532532],[13.143506,52.532647],[13.144191,52.532688],[13.144259,52.531975],[13.144591,52.531255],[13.145559,52.530583],[13.14706,52.529952],[13.148166,52.529684],[13.148084,52.528949],[13.14838,52.528898],[13.149784,52.528785],[13.149905,52.528789],[13.150256,52.528676],[13.150464,52.528654],[13.152689,52.528706],[13.152799,52.528692],[13.154194,52.528823],[13.154991,52.528877],[13.155103,52.528907],[13.156369,52.528964],[13.157376,52.529094],[13.157903,52.529171],[13.158155,52.529227],[13.15862,52.529335],[13.159221,52.529511],[13.159528,52.529518],[13.160271,52.529689],[13.160727,52.529838],[13.161193,52.530044],[13.162141,52.530409],[13.162475,52.530509],[13.162899,52.530585],[13.163064,52.53059],[13.163716,52.530541],[13.163981,52.530625],[13.164273,52.530755],[13.163799,52.531078],[13.16362,52.531637],[13.163586,52.533222],[13.154448,52.532874],[13.15442,52.533141],[13.15427,52.533817],[13.153876,52.535582],[13.153831,52.535642]]]]}},{"type":"Feature","id":65,"properties":{"gisid":"GW0601","fl_in_ha":"28.9","gebietsname":"Thermometersiedlung","gebietstyp":"Großsiedlungen"},"geometry":{"type":"MultiPolygon","coordinates":[[[[13.314501,52.41741],[13.314339,52.417585],[13.313716,52.417338],[13.313725,52.417325],[13.313342,52.416858],[13.312521,52.415781],[13.312553,52.41575],[13.311907,52.41479],[13.311454,52.414051],[13.311155,52.41351],[13.311074,52.413516],[13.310811,52.413102],[13.309915,52.411591],[13.310496,52.411513],[13.310491,52.411236],[13.313732,52.411006],[13.316268,52.410871],[13.316774,52.410873],[13.317272,52.410926],[13.317548,52.410979],[13.318001,52.411097],[13.31885,52.411374],[13.320105,52.411893],[13.320086,52.411915],[13.320128,52.411941],[13.320116,52.41199],[13.320144,52.412004],[13.319392,52.412707],[13.319254,52.412868],[13.31912,52.412958],[13.315581,52.416408],[13.315352,52.416586],[13.315116,52.416846],[13.314552,52.417361],[13.314523,52.417349],[13.314471,52.417399],[13.314501,52.41741]]]]}},{"type":"Feature","id":66,"properties":{"gisid":"GW0602","fl_in_ha":"33.2","gebietsname":"Kamenzer Damm","gebietstyp":"Großsiedlungen"},"geometry":{"type":"MultiPolygon","coordinates":[[[[13.359542,52.427738],[13.360226,52.427591],[13.360404,52.42788],[13.360837,52.427774],[13.361076,52.428126],[13.359789,52.428424],[13.360058,52.428922],[13.360029,52.428942],[13.359442,52.429078],[13.360416,52.43145],[13.360914,52.431245],[13.361435,52.431063],[13.361949,52.430911],[13.362412,52.430794],[13.363237,52.430625],[13.364837,52.430398],[13.365188,52.431323],[13.365177,52.431391],[13.365091,52.431479],[13.365084,52.431522],[13.365149,52.431578],[13.365261,52.431583],[13.365282,52.431644],[13.364699,52.431724],[13.362908,52.431814],[13.363111,52.432414],[13.363217,52.432833],[13.363349,52.4338],[13.363164,52.434236],[13.362873,52.434651],[13.361968,52.43452],[13.36194,52.434681],[13.361947,52.435047],[13.362013,52.435355],[13.362486,52.436505],[13.362408,52.436591],[13.359545,52.437015],[13.358709,52.435016],[13.358198,52.435088],[13.358282,52.434839],[13.358596,52.434237],[13.358699,52.434085],[13.358236,52.434019],[13.358199,52.433958],[13.35726,52.431681],[13.356934,52.431635],[13.356831,52.43165],[13.356551,52.431633],[13.353978,52.431254],[13.354629,52.429551],[13.355881,52.429732],[13.356466,52.428309],[13.357372,52.428351],[13.357469,52.428381],[13.357569,52.428356],[13.357569,52.428404],[13.358019,52.428392],[13.357987,52.428105],[13.358821,52.428026],[13.358861,52.428156],[13.359061,52.428156],[13.359102,52.428101],[13.359622,52.427985],[13.359504,52.427776],[13.359542,52.427738]]]]}},{"type":"Feature","id":67,"properties":{"gisid":"GW0701","fl_in_ha":"3.0","gebietsname":"Wak “Sozialpalast“ / Pallasseum","gebietstyp":"Großsiedlungen"},"geometry":{"type":"MultiPolygon","coordinates":[[[[13.360837,52.494508],[13.360884,52.494515],[13.360903,52.494539],[13.360969,52.494786],[13.361014,52.495209],[13.360251,52.495231],[13.360363,52.49544],[13.358372,52.495925],[13.358106,52.494497],[13.358055,52.494499],[13.357938,52.493899],[13.358608,52.49385],[13.358593,52.493772],[13.358867,52.493752],[13.358874,52.4938],[13.359453,52.493754],[13.359566,52.494426],[13.36033,52.494492],[13.360781,52.494487],[13.360785,52.49451],[13.360837,52.494508]]]]}},{"type":"Feature","id":68,"properties":{"gisid":"GW0702","fl_in_ha":"69.0","gebietsname":"Bülowstraße","gebietstyp":"Großsiedlungen"},"geometry":{"type":"MultiPolygon","coordinates":[[[[13.354622,52.497205],[13.360987,52.495945],[13.361336,52.495893],[13.361243,52.494834],[13.3612,52.494828],[13.361244,52.494347],[13.361137,52.493764],[13.36094,52.491458],[13.360997,52.491399],[13.361138,52.491372],[13.364772,52.491548],[13.366301,52.491602],[13.36879,52.490996],[13.370637,52.490562],[13.370676,52.490568],[13.37084,52.492745],[13.371056,52.492702],[13.371077,52.492913],[13.369303,52.493268],[13.3692,52.493073],[13.368175,52.493277],[13.36835,52.493533],[13.368581,52.493956],[13.368415,52.494475],[13.368678,52.497384],[13.369601,52.498109],[13.369728,52.498775],[13.369461,52.498901],[13.369344,52.498814],[13.368819,52.498851],[13.363747,52.49954],[13.363195,52.499581],[13.362594,52.499684],[13.361927,52.499893],[13.358206,52.500956],[13.357595,52.500809],[13.355421,52.500095],[13.355359,52.500074],[13.3553,52.500019],[13.354735,52.499835],[13.354372,52.499686],[13.354404,52.499497],[13.354268,52.499046],[13.354254,52.498786],[13.354299,52.498457],[13.354584,52.497306],[13.354558,52.497294],[13.354575,52.497232],[13.354622,52.497205]]]]}},{"type":"Feature","id":69,"properties":{"gisid":"GW0703","fl_in_ha":"4.1","gebietsname":"Terrassen Schöneberg","gebietstyp":"Großsiedlungen"},"geometry":{"type":"MultiPolygon","coordinates":[[[[13.352282,52.480297],[13.35448,52.481978],[13.353215,52.482888],[13.350303,52.481351],[13.350261,52.48137],[13.350042,52.481241],[13.350066,52.481196],[13.352085,52.480306],[13.352112,52.480327],[13.352223,52.480276],[13.352282,52.480297]]]]}},{"type":"Feature","id":70,"properties":{"gisid":"GW0704","fl_in_ha":"79.1","gebietsname":"Tirschenreuther Ring","gebietstyp":"Großsiedlungen"},"geometry":{"type":"MultiPolygon","coordinates":[[[[13.361853,52.414644],[13.361837,52.414906],[13.360415,52.414792],[13.360216,52.414754],[13.359941,52.414729],[13.359735,52.414726],[13.359533,52.414743],[13.35922,52.414822],[13.358982,52.414378],[13.357615,52.414703],[13.35746,52.414763],[13.355343,52.415179],[13.355246,52.415353],[13.354292,52.416569],[13.356887,52.417332],[13.356632,52.417656],[13.355734,52.417398],[13.354935,52.418414],[13.353713,52.418052],[13.352501,52.417643],[13.351801,52.417365],[13.352587,52.416353],[13.352123,52.416097],[13.351656,52.415781],[13.351041,52.416081],[13.349111,52.416465],[13.348274,52.416209],[13.348494,52.415968],[13.348532,52.415828],[13.348526,52.415685],[13.348465,52.415496],[13.348065,52.414794],[13.349544,52.414527],[13.349105,52.413763],[13.349135,52.413758],[13.348699,52.413],[13.34807,52.413134],[13.347497,52.412103],[13.346178,52.4119],[13.345698,52.41184],[13.34511,52.411789],[13.34458,52.41177],[13.344813,52.411363],[13.344882,52.411146],[13.344938,52.410808],[13.345012,52.410539],[13.345123,52.410275],[13.34529,52.409984],[13.345504,52.409706],[13.34625,52.408916],[13.346777,52.408301],[13.348125,52.406511],[13.349392,52.406886],[13.349867,52.407072],[13.350123,52.407221],[13.350446,52.407121],[13.350557,52.407115],[13.350712,52.407135],[13.352998,52.407705],[13.353035,52.407736],[13.353041,52.407774],[13.352903,52.40802],[13.352785,52.408293],[13.353389,52.408385],[13.353761,52.408496],[13.354248,52.408712],[13.354603,52.408978],[13.355123,52.408783],[13.355505,52.408681],[13.355718,52.408646],[13.355999,52.408623],[13.356279,52.408625],[13.356382,52.408639],[13.356419,52.408667],[13.356428,52.408702],[13.356324,52.409058],[13.356265,52.409125],[13.356161,52.409179],[13.356131,52.40923],[13.356177,52.409306],[13.356229,52.409328],[13.356301,52.409335],[13.356298,52.409536],[13.35698,52.409498],[13.357529,52.409407],[13.357655,52.409658],[13.357817,52.410086],[13.359184,52.40982],[13.359278,52.410029],[13.359834,52.409943],[13.36003,52.410236],[13.360211,52.410628],[13.360493,52.411154],[13.358379,52.411573],[13.358364,52.411599],[13.358526,52.411924],[13.359026,52.412457],[13.359548,52.412955],[13.36117,52.412653],[13.36175,52.412529],[13.362096,52.41243],[13.362111,52.412449],[13.362223,52.412419],[13.362302,52.412454],[13.363149,52.413335],[13.363198,52.413449],[13.363223,52.413637],[13.362961,52.413602],[13.362626,52.413592],[13.361712,52.413662],[13.361806,52.414107],[13.361853,52.414644]]]]}},{"type":"Feature","id":71,"properties":{"gisid":"GW0705","fl_in_ha":"41.6","gebietsname":"John-Locke-Siedlung","gebietstyp":"Großsiedlungen"},"geometry":{"type":"MultiPolygon","coordinates":[[[[13.40629,52.393654],[13.405714,52.393653],[13.405195,52.39367],[13.404146,52.393761],[13.403731,52.393817],[13.402876,52.393978],[13.402151,52.39417],[13.401816,52.394278],[13.4013,52.394473],[13.401099,52.394561],[13.400966,52.394642],[13.396729,52.396456],[13.395861,52.394807],[13.3945,52.394805],[13.394255,52.39522],[13.393676,52.395093],[13.394181,52.394259],[13.395229,52.393136],[13.397866,52.393163],[13.398037,52.393176],[13.398401,52.389829],[13.403289,52.389847],[13.401666,52.387802],[13.401363,52.387487],[13.402015,52.387297],[13.402486,52.387299],[13.402492,52.387652],[13.402562,52.387923],[13.402562,52.388259],[13.403211,52.388255],[13.40323,52.388568],[13.403287,52.38873],[13.403375,52.388865],[13.403448,52.388936],[13.403603,52.389041],[13.403827,52.389126],[13.403971,52.38916],[13.404162,52.389183],[13.404538,52.389179],[13.405365,52.389063],[13.405145,52.388546],[13.405121,52.388383],[13.405122,52.387924],[13.405959,52.387927],[13.405958,52.38753],[13.407061,52.387529],[13.407063,52.387932],[13.407257,52.387932],[13.407252,52.388292],[13.407653,52.388307],[13.407922,52.388368],[13.408087,52.388436],[13.408078,52.38851],[13.407716,52.388904],[13.407407,52.389302],[13.407232,52.389565],[13.406946,52.39008],[13.40673,52.390621],[13.406592,52.391135],[13.406538,52.391492],[13.406443,52.393564],[13.40642,52.393563],[13.406373,52.393616],[13.406291,52.393628],[13.40629,52.393654]]]]}},{"type":"Feature","id":72,"properties":{"gisid":"GW0801","fl_in_ha":"21.3","gebietsname":"Rollbergsiedlung","gebietstyp":"Großsiedlungen"},"geometry":{"type":"MultiPolygon","coordinates":[[[[13.427127,52.475581],[13.427156,52.475568],[13.430146,52.475943],[13.43024,52.475687],[13.430283,52.475693],[13.43029,52.475673],[13.430451,52.475638],[13.430445,52.475629],[13.430814,52.47555],[13.433335,52.475892],[13.433456,52.475919],[13.433419,52.47603],[13.43435,52.476156],[13.434254,52.476459],[13.435046,52.47656],[13.434853,52.477148],[13.435528,52.477238],[13.435696,52.476718],[13.436719,52.476857],[13.436631,52.477097],[13.436472,52.477412],[13.436213,52.47812],[13.436654,52.47817],[13.436608,52.478374],[13.437095,52.478438],[13.436998,52.478697],[13.43688,52.478682],[13.436827,52.478837],[13.4367,52.478805],[13.436334,52.478758],[13.436105,52.479412],[13.426048,52.478155],[13.426035,52.478136],[13.426325,52.477432],[13.427127,52.475581]]]]}},{"type":"Feature","id":73,"properties":{"gisid":"GW0802","fl_in_ha":"32.8","gebietsname":"Sonnenallee","gebietstyp":"Großsiedlungen"},"geometry":{"type":"MultiPolygon","coordinates":[[[[13.471303,52.466043],[13.471623,52.465821],[13.470726,52.465315],[13.471419,52.464837],[13.470208,52.464202],[13.469966,52.464343],[13.46861,52.463634],[13.474031,52.460573],[13.4743,52.46045],[13.47465,52.46033],[13.47482,52.460285],[13.475055,52.460279],[13.475163,52.46022],[13.475363,52.460201],[13.475798,52.460913],[13.477197,52.461993],[13.478549,52.463981],[13.478479,52.464987],[13.478414,52.465133],[13.478339,52.465231],[13.476351,52.46713],[13.476181,52.467266],[13.475599,52.467652],[13.475089,52.468083],[13.474036,52.467662],[13.473732,52.467507],[13.471298,52.466134],[13.471272,52.466085],[13.471303,52.466043]]]]}},{"type":"Feature","id":74,"properties":{"gisid":"GW0803","fl_in_ha":"14.9","gebietsname":"Dammweg-Siedlung ","gebietstyp":"Großsiedlungen"},"geometry":{"type":"MultiPolygon","coordinates":[[[[13.464035,52.470688],[13.464513,52.470473],[13.46453,52.470486],[13.464636,52.470451],[13.464746,52.470481],[13.464769,52.470464],[13.466569,52.471408],[13.466557,52.471417],[13.466622,52.471453],[13.46659,52.471523],[13.466558,52.471524],[13.465308,52.472415],[13.465451,52.472475],[13.467543,52.473641],[13.467598,52.475269],[13.467447,52.47562],[13.467372,52.475661],[13.46742,52.475695],[13.467322,52.475773],[13.467374,52.475808],[13.467392,52.475797],[13.467681,52.476001],[13.46647,52.476741],[13.466247,52.476861],[13.465888,52.477022],[13.465574,52.477127],[13.465242,52.477205],[13.464663,52.477288],[13.464458,52.477333],[13.464182,52.477357],[13.464008,52.476606],[13.464025,52.476549],[13.463853,52.475783],[13.463734,52.475046],[13.46367,52.474247],[13.463599,52.47268],[13.463483,52.471858],[13.464011,52.471819],[13.46388,52.471188],[13.463369,52.470919],[13.463397,52.470886],[13.463442,52.470872],[13.4635,52.47088],[13.464035,52.470688]]]]}},{"type":"Feature","id":75,"properties":{"gisid":"GW0804","fl_in_ha":"227.3","gebietsname":"Gropiusstadt","gebietstyp":"Großsiedlungen"},"geometry":{"type":"MultiPolygon","coordinates":[[[[13.480091,52.420181],[13.4803,52.420285],[13.481288,52.421073],[13.485191,52.424078],[13.485168,52.424089],[13.485203,52.424135],[13.485166,52.424175],[13.485194,52.424196],[13.483274,52.425591],[13.48324,52.425574],[13.483171,52.425589],[13.483115,52.42557],[13.483093,52.425587],[13.482859,52.425501],[13.482596,52.425446],[13.482459,52.425432],[13.482118,52.425434],[13.481624,52.425448],[13.481298,52.425483],[13.472832,52.425712],[13.472359,52.425742],[13.471998,52.425782],[13.471575,52.425854],[13.471137,52.425959],[13.47066,52.426123],[13.470189,52.426328],[13.469621,52.426635],[13.467956,52.427727],[13.469397,52.428561],[13.470042,52.428969],[13.470687,52.429436],[13.471402,52.430044],[13.471998,52.430649],[13.472521,52.431297],[13.472863,52.431808],[13.473144,52.432311],[13.47311,52.432317],[13.473137,52.432374],[13.47309,52.432423],[13.473111,52.432441],[13.473003,52.432492],[13.472245,52.432026],[13.472046,52.432149],[13.471364,52.432487],[13.471146,52.432492],[13.471148,52.432517],[13.470684,52.432532],[13.470692,52.432624],[13.470071,52.43264],[13.470073,52.432758],[13.469067,52.432756],[13.469066,52.432851],[13.468586,52.43285],[13.468573,52.432218],[13.468516,52.432037],[13.468414,52.431864],[13.466175,52.430319],[13.465042,52.429479],[13.464274,52.429815],[13.463666,52.430058],[13.461739,52.430761],[13.461236,52.430961],[13.46095,52.431105],[13.460636,52.431297],[13.460358,52.431508],[13.460154,52.431698],[13.45978,52.431967],[13.460219,52.432108],[13.460716,52.432295],[13.462033,52.432692],[13.462017,52.432712],[13.462088,52.432732],[13.462102,52.432771],[13.462023,52.432889],[13.46181,52.433109],[13.461531,52.433302],[13.461153,52.433516],[13.460615,52.433753],[13.459346,52.434221],[13.459299,52.434226],[13.459254,52.43421],[13.45835,52.433292],[13.457765,52.43361],[13.457143,52.433866],[13.45671,52.43401],[13.454132,52.434778],[13.453717,52.434924],[13.453377,52.435065],[13.452892,52.435307],[13.452574,52.4355],[13.452425,52.435603],[13.451316,52.436495],[13.451248,52.436543],[13.451222,52.436529],[13.450778,52.435419],[13.450681,52.43511],[13.450527,52.434242],[13.450313,52.433291],[13.449623,52.433015],[13.449467,52.433015],[13.449213,52.432427],[13.448879,52.431556],[13.447753,52.429101],[13.447461,52.428644],[13.447169,52.428284],[13.446798,52.427905],[13.446389,52.42758],[13.446436,52.42754],[13.446409,52.427525],[13.447292,52.42688],[13.44766,52.426579],[13.448445,52.425793],[13.448763,52.425505],[13.449022,52.425299],[13.449346,52.42509],[13.449795,52.424864],[13.450579,52.424566],[13.451579,52.424245],[13.452034,52.424118],[13.452696,52.423953],[13.461964,52.421789],[13.462365,52.421669],[13.462743,52.421525],[13.46336,52.421516],[13.463912,52.421557],[13.464385,52.421625],[13.465352,52.421809],[13.465918,52.42187],[13.466572,52.421887],[13.46719,52.421846],[13.46844,52.421421],[13.468866,52.421246],[13.469261,52.421046],[13.469844,52.420692],[13.470404,52.4204],[13.470775,52.420245],[13.47139,52.42006],[13.471885,52.419962],[13.472804,52.419866],[13.476693,52.419668],[13.477297,52.419642],[13.477647,52.419642],[13.478341,52.419694],[13.478883,52.419786],[13.479543,52.419965],[13.480091,52.420181]]]]}},{"type":"Feature","id":76,"properties":{"gisid":"GW0805","fl_in_ha":"28.9","gebietsname":"Rungiusstraße","gebietstyp":"Großsiedlungen"},"geometry":{"type":"MultiPolygon","coordinates":[[[[13.447537,52.458919],[13.447339,52.459197],[13.446069,52.459026],[13.440648,52.458351],[13.436408,52.458037],[13.436997,52.456793],[13.437335,52.455985],[13.437364,52.455989],[13.437403,52.455964],[13.43995,52.456293],[13.440211,52.4555],[13.440258,52.455433],[13.44036,52.455372],[13.440517,52.45534],[13.441066,52.455398],[13.441147,52.45539],[13.441217,52.455362],[13.441269,52.455303],[13.441476,52.45467],[13.441535,52.454638],[13.449831,52.45565],[13.449822,52.455677],[13.449888,52.455712],[13.448583,52.45744],[13.447755,52.458579],[13.447537,52.458919]]]]}},{"type":"Feature","id":77,"properties":{"gisid":"GW0806","fl_in_ha":"45.4","gebietsname":"Buckower Damm","gebietstyp":"Großsiedlungen"},"geometry":{"type":"MultiPolygon","coordinates":[[[[13.433357,52.41601],[13.433729,52.415758],[13.434261,52.416084],[13.435288,52.416803],[13.435835,52.417118],[13.436107,52.417242],[13.43642,52.417352],[13.436753,52.417437],[13.437101,52.417497],[13.437458,52.417529],[13.438194,52.417542],[13.438221,52.417221],[13.440238,52.417254],[13.440381,52.41726],[13.440375,52.417587],[13.448501,52.41774],[13.448957,52.41777],[13.449311,52.417816],[13.449368,52.417852],[13.449378,52.417898],[13.448354,52.420781],[13.440107,52.420632],[13.440015,52.421541],[13.437913,52.42145],[13.437819,52.421702],[13.437781,52.421728],[13.43773,52.421734],[13.432683,52.420416],[13.43286,52.420161],[13.431959,52.41601],[13.433357,52.41601]]]]}},{"type":"Feature","id":78,"properties":{"gisid":"GW0807","fl_in_ha":"73.2","gebietsname":"Ortolanweg / Britz-Süd","gebietstyp":"Großsiedlungen"},"geometry":{"type":"MultiPolygon","coordinates":[[[[13.449695,52.441259],[13.449466,52.441117],[13.449216,52.440917],[13.448994,52.440704],[13.44871,52.440386],[13.448385,52.440493],[13.448192,52.440282],[13.448576,52.44014],[13.448184,52.440177],[13.447725,52.440165],[13.447502,52.440138],[13.446653,52.439962],[13.446535,52.440534],[13.44651,52.44111],[13.445114,52.441179],[13.444779,52.441166],[13.444266,52.441078],[13.443469,52.440646],[13.442831,52.440867],[13.442247,52.441139],[13.441877,52.441357],[13.441054,52.44194],[13.440231,52.442463],[13.439474,52.442896],[13.439331,52.442889],[13.438982,52.44284],[13.438674,52.442749],[13.438551,52.442677],[13.438101,52.442339],[13.437762,52.442047],[13.437537,52.441816],[13.437054,52.441201],[13.436893,52.441186],[13.436795,52.440943],[13.436599,52.440698],[13.436422,52.440551],[13.435949,52.440235],[13.436728,52.439794],[13.437455,52.439473],[13.442109,52.437648],[13.442682,52.437453],[13.443237,52.437299],[13.443704,52.437195],[13.44425,52.437099],[13.444736,52.437037],[13.445373,52.436985],[13.446119,52.436969],[13.446805,52.437007],[13.447735,52.437032],[13.448601,52.43704],[13.448848,52.437019],[13.448858,52.436873],[13.449122,52.436502],[13.449361,52.436236],[13.450383,52.435234],[13.45055,52.435551],[13.450968,52.436626],[13.451302,52.437283],[13.451411,52.437459],[13.451526,52.437592],[13.451789,52.438018],[13.451929,52.43817],[13.452439,52.438955],[13.45284,52.439435],[13.454069,52.440679],[13.454652,52.441194],[13.455524,52.441924],[13.456708,52.441426],[13.455287,52.440153],[13.456494,52.439854],[13.453912,52.435402],[13.45293,52.435653],[13.452855,52.435549],[13.453126,52.435392],[13.453475,52.435219],[13.454066,52.434984],[13.456161,52.434351],[13.456177,52.434371],[13.456283,52.434348],[13.456691,52.434733],[13.454981,52.435236],[13.457753,52.439558],[13.45793,52.439761],[13.458102,52.439912],[13.458354,52.440083],[13.458618,52.44023],[13.458626,52.44026],[13.458569,52.440315],[13.458599,52.440328],[13.457541,52.4413],[13.457984,52.441573],[13.45897,52.44225],[13.460468,52.441208],[13.460522,52.441196],[13.463274,52.442521],[13.463692,52.442208],[13.464422,52.442569],[13.464889,52.44237],[13.465404,52.442627],[13.465412,52.442655],[13.465387,52.442686],[13.462318,52.444132],[13.461945,52.444264],[13.46202,52.444396],[13.460378,52.445166],[13.459851,52.445505],[13.459569,52.445395],[13.459244,52.445306],[13.459201,52.445275],[13.459192,52.445243],[13.459262,52.445031],[13.459282,52.44487],[13.459236,52.444523],[13.45889,52.444553],[13.458669,52.444548],[13.458411,52.444489],[13.458239,52.444404],[13.456171,52.442602],[13.455926,52.442588],[13.455318,52.442716],[13.45421,52.442415],[13.453669,52.442214],[13.452902,52.4419],[13.452382,52.441737],[13.451899,52.441635],[13.450425,52.441493],[13.450004,52.441391],[13.449695,52.441259]]]]}},{"type":"Feature","id":79,"properties":{"gisid":"GW0808","fl_in_ha":"57.9","gebietsname":"Buckow","gebietstyp":"Großsiedlungen"},"geometry":{"type":"MultiPolygon","coordinates":[[[[13.427689,52.420914],[13.427753,52.420928],[13.427766,52.420907],[13.428243,52.421007],[13.429779,52.421412],[13.429181,52.421882],[13.431134,52.422426],[13.430829,52.422664],[13.431479,52.422961],[13.431822,52.423139],[13.432423,52.423288],[13.432062,52.423639],[13.432997,52.423828],[13.433226,52.423623],[13.433892,52.423803],[13.434194,52.423493],[13.434841,52.42363],[13.434782,52.423716],[13.434729,52.423903],[13.435132,52.424006],[13.434963,52.424203],[13.435741,52.424435],[13.435492,52.424751],[13.435335,52.425062],[13.435245,52.425338],[13.434198,52.425146],[13.434018,52.426552],[13.431544,52.426642],[13.43158,52.427023],[13.430291,52.426683],[13.430136,52.426345],[13.430039,52.426187],[13.429827,52.425902],[13.429646,52.425611],[13.429104,52.424889],[13.421644,52.424415],[13.415699,52.422874],[13.414849,52.422946],[13.414791,52.423185],[13.414654,52.423481],[13.414465,52.423743],[13.414246,52.423963],[13.414061,52.424113],[13.413802,52.424284],[13.41246,52.425043],[13.411981,52.425272],[13.411491,52.425466],[13.409185,52.426295],[13.409169,52.42628],[13.409115,52.426294],[13.409082,52.426274],[13.408641,52.425618],[13.408665,52.425601],[13.409605,52.42534],[13.409003,52.424465],[13.40884,52.424063],[13.409536,52.423974],[13.410804,52.423723],[13.411622,52.423597],[13.412739,52.423488],[13.41375,52.423444],[13.413752,52.423039],[13.412593,52.423137],[13.412568,52.422398],[13.412499,52.421977],[13.412524,52.421973],[13.412169,52.420835],[13.415356,52.420395],[13.422884,52.420864],[13.422908,52.42095],[13.424071,52.421023],[13.423906,52.422018],[13.421447,52.421882],[13.420865,52.422745],[13.420782,52.422916],[13.420768,52.423018],[13.4208,52.423153],[13.420862,52.423249],[13.420951,52.423336],[13.42213,52.424038],[13.422554,52.424089],[13.428577,52.424448],[13.428078,52.42378],[13.428382,52.423826],[13.429256,52.423201],[13.42837,52.422751],[13.427812,52.423135],[13.427582,52.422829],[13.427226,52.42227],[13.42713,52.422049],[13.427101,52.42187],[13.427165,52.421651],[13.427627,52.420946],[13.427689,52.420914]]],[[[13.420758,52.419827],[13.416623,52.418848],[13.415,52.418487],[13.410982,52.418954],[13.411447,52.418208],[13.411513,52.418133],[13.405707,52.416773],[13.405673,52.416748],[13.405673,52.416721],[13.406185,52.41591],[13.406218,52.415887],[13.406307,52.415905],[13.406324,52.415875],[13.418351,52.418712],[13.41983,52.419127],[13.420987,52.419422],[13.420916,52.419591],[13.420758,52.419827]]]]}},{"type":"Feature","id":80,"properties":{"gisid":"GW1201","fl_in_ha":"212.3","gebietsname":"Märkisches Viertel","gebietstyp":"Großsiedlungen"},"geometry":{"type":"MultiPolygon","coordinates":[[[[13.348388,52.59181],[13.347829,52.591554],[13.347493,52.59145],[13.347203,52.591399],[13.346903,52.591377],[13.346601,52.591386],[13.34632,52.591417],[13.346264,52.591405],[13.346229,52.591352],[13.34619,52.591362],[13.346164,52.591325],[13.345968,52.590987],[13.346442,52.590693],[13.347324,52.590211],[13.347412,52.590285],[13.347509,52.590322],[13.348629,52.590585],[13.349835,52.59083],[13.351164,52.59105],[13.35174,52.591109],[13.352999,52.591162],[13.354415,52.591201],[13.355216,52.591155],[13.355678,52.591152],[13.35632,52.591184],[13.359236,52.591382],[13.359652,52.591436],[13.360692,52.591613],[13.361128,52.591669],[13.365493,52.595292],[13.36524,52.597109],[13.363822,52.597034],[13.363484,52.599571],[13.363562,52.599666],[13.36363,52.599701],[13.363732,52.599726],[13.364276,52.599735],[13.364881,52.599699],[13.364989,52.599728],[13.365025,52.599778],[13.365064,52.60002],[13.364894,52.601217],[13.364606,52.601428],[13.367171,52.602542],[13.367691,52.602792],[13.367726,52.60285],[13.365257,52.605002],[13.364766,52.605477],[13.363426,52.606839],[13.359057,52.606991],[13.352858,52.607232],[13.35226,52.607237],[13.352265,52.607302],[13.35185,52.607276],[13.351487,52.607234],[13.350956,52.607139],[13.348708,52.606669],[13.349428,52.605362],[13.349541,52.604992],[13.34957,52.604635],[13.349542,52.604367],[13.349471,52.604102],[13.349265,52.603687],[13.349018,52.603362],[13.348659,52.603024],[13.348167,52.602688],[13.347649,52.602432],[13.347232,52.602272],[13.342778,52.600723],[13.342253,52.600501],[13.341904,52.600334],[13.339971,52.599309],[13.33905,52.599022],[13.338252,52.598607],[13.337247,52.597797],[13.336162,52.596889],[13.335905,52.596594],[13.337244,52.595839],[13.338241,52.595889],[13.339098,52.595909],[13.339563,52.595938],[13.340944,52.595932],[13.341043,52.595342],[13.343718,52.595418],[13.34851,52.595516],[13.349859,52.595606],[13.349859,52.595201],[13.35939,52.595707],[13.359476,52.595911],[13.360724,52.595972],[13.360995,52.594073],[13.360998,52.593897],[13.360965,52.593723],[13.360823,52.593429],[13.360581,52.593159],[13.360252,52.592932],[13.359862,52.59276],[13.359488,52.592653],[13.359021,52.59258],[13.349184,52.592032],[13.348917,52.591997],[13.348727,52.59195],[13.348388,52.59181]]],[[[13.335986,52.604134],[13.336664,52.604433],[13.335911,52.605512],[13.334562,52.605085],[13.332789,52.604957],[13.332276,52.604861],[13.330342,52.604722],[13.329952,52.604608],[13.330545,52.603871],[13.330954,52.60329],[13.331246,52.602827],[13.331584,52.602917],[13.332684,52.603157],[13.334108,52.603512],[13.335053,52.603792],[13.335986,52.604134]]]]}},{"type":"Feature","id":81,"properties":{"gisid":"GW1202","fl_in_ha":"84.7","gebietsname":"Auguste-Victoria-Allee","gebietstyp":"Großsiedlungen"},"geometry":{"type":"MultiPolygon","coordinates":[[[[13.328079,52.564595],[13.32885,52.566775],[13.326063,52.567157],[13.326218,52.567589],[13.326206,52.567622],[13.326138,52.56767],[13.325493,52.567757],[13.326213,52.569696],[13.325717,52.56976],[13.325515,52.569729],[13.32539,52.569731],[13.323152,52.570038],[13.323422,52.570756],[13.323511,52.570791],[13.323695,52.571286],[13.322949,52.571392],[13.323413,52.572642],[13.322829,52.572801],[13.321041,52.573588],[13.320328,52.573793],[13.319148,52.573844],[13.318802,52.573838],[13.318565,52.57386],[13.317103,52.573752],[13.316803,52.573746],[13.315599,52.573781],[13.315608,52.573804],[13.314795,52.573834],[13.314639,52.573409],[13.315944,52.573234],[13.315156,52.571088],[13.314628,52.57116],[13.314587,52.571145],[13.313337,52.567814],[13.313285,52.567766],[13.313319,52.567699],[13.327641,52.564234],[13.327658,52.564259],[13.327743,52.564248],[13.327831,52.564293],[13.32787,52.564281],[13.327989,52.564434],[13.328079,52.564595]]],[[[13.306059,52.569158],[13.306181,52.568755],[13.306408,52.568284],[13.306469,52.568214],[13.306534,52.568197],[13.307576,52.568172],[13.307879,52.568671],[13.309375,52.570585],[13.31029,52.571865],[13.31027,52.572625],[13.309681,52.572646],[13.309869,52.574574],[13.307896,52.575184],[13.308953,52.576453],[13.30914,52.577273],[13.307826,52.577336],[13.307822,52.577311],[13.30773,52.577307],[13.307642,52.577102],[13.30754,52.576975],[13.304628,52.57416],[13.304979,52.573778],[13.305268,52.573385],[13.305506,52.572944],[13.30565,52.57258],[13.305835,52.571741],[13.305862,52.571341],[13.305872,52.570284],[13.305978,52.569536],[13.306059,52.569158]]]]}},{"type":"Feature","id":82,"properties":{"gisid":"GW1203","fl_in_ha":"24.4","gebietsname":"Zabel-Krüger-Damm","gebietstyp":"Großsiedlungen"},"geometry":{"type":"MultiPolygon","coordinates":[[[[13.333751,52.610423],[13.331558,52.610014],[13.329309,52.609408],[13.328066,52.609028],[13.328011,52.608987],[13.328014,52.608946],[13.328626,52.608046],[13.32892,52.607727],[13.329183,52.607505],[13.329455,52.607303],[13.330201,52.606875],[13.33093,52.606529],[13.331178,52.606445],[13.33144,52.606379],[13.331867,52.606302],[13.332384,52.60625],[13.332533,52.606243],[13.333401,52.606264],[13.333883,52.6063],[13.334368,52.60636],[13.334714,52.606439],[13.335032,52.606553],[13.335315,52.606697],[13.335509,52.606833],[13.338601,52.609403],[13.338871,52.609567],[13.336976,52.611288],[13.333991,52.610472],[13.333751,52.610423]]]]}}]}