fid,gisid,typ,area_m2
0,11000101902032____,Flurstück mit Wohnungsbestand der LWU (ab 4 WE pro Adresse),531
1,11000101902033____,Flurstück mit Wohnungsbestand der LWU (ab 4 WE pro Adresse),947
2,11000101902036____,Flurstück mit Wohnungsbestand der LWU (ab 4 WE pro Adresse),254
3,11000101902038____,Flurstück mit Wohnungsbestand der LWU (ab 4 WE pro Adresse),365
4,11000101902040____,Flurstück mit Wohnungsbestand der LWU (ab 4 WE pro Adresse),514
5,11000101902044____,Flurstück mit Wohnungsbestand der LWU (ab 4 WE pro Adresse),599
6,11000101902046____,Flurstück mit Wohnungsbestand der LWU (ab 4 WE pro Adresse),454
7,11000101902098____,Flurstück mit Wohnungsbestand der LWU (ab 4 WE pro Adresse),390
8,11000101902160____,Flurstück mit Wohnungsbestand der LWU (ab 4 WE pro Adresse),326
9,11000101902172____,Flurstück mit Wohnungsbestand der LWU (ab 4 WE pro Adresse),991
10,11000101902190____,Flurstück mit Wohnungsbestand der LWU (ab 4 WE pro Adresse),295
11,11000101902210____,Flurstück mit Wohnungsbestand der LWU (ab 4 WE pro Adresse),220
12,11000101902212____,Flurstück mit Wohnungsbestand der LWU (ab 4 WE pro Adresse),307
13,11000101902237____,Flurstück mit Wohnungsbestand der LWU (ab 4 WE pro Adresse),335
14,11000101902239____,Flurstück mit Wohnungsbestand der LWU (ab 4 WE pro Adresse),366
15,11000101902240____,Flurstück mit Wohnungsbestand der LWU (ab 4 WE pro Adresse),626
16,11000101902246____,Flurstück mit Wohnungsbestand der LWU (ab 4 WE pro Adresse),449
17,11000101902273____,Flurstück mit Wohnungsbestand der LWU (ab 4 WE pro Adresse),1017
18,11000101902432____,Flurstück mit Wohnungsbestand der LWU (ab 4 WE pro Adresse),854
19,11000101902433____,Flurstück mit Wohnungsbestand der LWU (ab 4 WE pro Adresse),680
20,11000101902462____,Flurstück mit Wohnungsbestand der LWU (ab 4 WE pro Adresse),6566
21,11000101902479____,Flurstück mit Wohnungsbestand der LWU (ab 4 WE pro Adresse),3078
22,11000101902520____,Flurstück mit Wohnungsbestand der LWU (ab 4 WE pro Adresse),5227
23,11000101902530____,Flurstück mit Wohnungsbestand der LWU (ab 4 WE pro Adresse),427
24,11000101902536____,Flurstück mit Wohnungsbestand der LWU (ab 4 WE pro Adresse),296
25,11000101902619____,Flurstück mit Wohnungsbestand der LWU (ab 4 WE pro Adresse),4518
26,11000101902631____,Flurstück mit Wohnungsbestand der LWU (ab 4 WE pro Adresse),1081
27,11000101902644____,Flurstück mit Wohnungsbestand der LWU (ab 4 WE pro Adresse),962
28,11000101902647____,Flurstück mit Wohnungsbestand der LWU (ab 4 WE pro Adresse),1135
29,11000101902649____,Flurstück mit Wohnungsbestand der LWU (ab 4 WE pro Adresse),1208
30,11000101902651____,Flurstück mit Wohnungsbestand der LWU (ab 4 WE pro Adresse),1573
31,11000102000004____,Flurstück mit Wohnungsbestand der LWU (ab 4 WE pro Adresse),1844
32,11000102000005____,Flurstück mit Wohnungsbestand der LWU (ab 4 WE pro Adresse),944
33,11000102000006____,Flurstück mit Wohnungsbestand der LWU (ab 4 WE pro Adresse),979
34,11000102000008____,Flurstück mit Wohnungsbestand der LWU (ab 4 WE pro Adresse),662
35,11000102000009____,Flurstück mit Wohnungsbestand der LWU (ab 4 WE pro Adresse),794
36,11000102000011____,Flurstück mit Wohnungsbestand der LWU (ab 4 WE pro Adresse),1012
37,11000102000119____,Flurstück mit Wohnungsbestand der LWU (ab 4 WE pro Adresse),559
38,11000102000120____,Flurstück mit Wohnungsbestand der LWU (ab 4 WE pro Adresse),1022
39,11000102000122____,Flurstück mit Wohnungsbestand der LWU (ab 4 WE pro Adresse),651
40,11000102000126____,Flurstück mit Wohnungsbestand der LWU (ab 4 WE pro Adresse),671
41,11000102000130____,Flurstück mit Wohnungsbestand der LWU (ab 4 WE pro Adresse),1023
42,11000102000175____,Flurstück mit Wohnungsbestand der LWU (ab 4 WE pro Adresse),245
43,11000102000176____,Flurstück mit Wohnungsbestand der LWU (ab 4 WE pro Adresse),329
44,11000102000179____,Flurstück mit Wohnungsbestand der LWU (ab 4 WE pro Adresse),354
45,11000102000220____,Flurstück mit Wohnungsbestand der LWU (ab 4 WE pro Adresse),721
46,11000102000237____,Flurstück mit Wohnungsbestand der LWU (ab 4 WE pro Adresse),181
47,11000102000242____,Flurstück mit Wohnungsbestand der LWU (ab 4 WE pro Adresse),597
48,11000102000252____,Flurstück mit Wohnungsbestand der LWU (ab 4 WE pro Adresse),272
49,11000102000283____,Flurstück mit Wohnungsbestand der LWU (ab 4 WE pro Adresse),280
50,11000102000322____,Flurstück mit Wohnungsbestand der LWU (ab 4 WE pro Adresse),323
51,11000102000379____,Flurstück mit Wohnungsbestand der LWU (ab 4 WE pro Adresse),319
52,11000102000387____,Flurstück mit Wohnungsbestand der LWU (ab 4 WE pro Adresse),303
53,11000102000416____,Flurstück mit Wohnungsbestand der LWU (ab 4 WE pro Adresse),396
54,11000102000562____,Flurstück mit Wohnungsbestand der LWU (ab 4 WE pro Adresse),990
55,11000102000563____,Flurstück mit Wohnungsbestand der LWU (ab 4 WE pro Adresse),376
56,11000102000639____,Flurstück mit Wohnungsbestand der LWU (ab 4 WE pro Adresse),1495
57,11000102000641____,Flurstück mit Wohnungsbestand der LWU (ab 4 WE pro Adresse),1062
58,11000102000642____,Flurstück mit Wohnungsbestand der LWU (ab 4 WE pro Adresse),1979
59,11000102000644____,Flurstück mit Wohnungsbestand der LWU (ab 4 WE pro Adresse),2640
60,11000102000645____,Flurstück mit Wohnungsbestand der LWU (ab 4 WE pro Adresse),1911
61,11000102000654____,Flurstück mit Wohnungsbestand der LWU (ab 4 WE pro Adresse),3139
62,11000102000655____,Flurstück mit Wohnungsbestand der LWU (ab 4 WE pro Adresse),942
63,11000102100155____,Flurstück mit Wohnungsbestand der LWU (ab 4 WE pro Adresse),2462
64,11000102100178____,Flurstück mit Wohnungsbestand der LWU (ab 4 WE pro Adresse),1298
65,11000102100399____,Flurstück mit Wohnungsbestand der LWU (ab 4 WE pro Adresse),8050
66,11000111900159____,Flurstück mit Wohnungsbestand der LWU (ab 4 WE pro Adresse),1027
67,11000112000145____,Flurstück mit Wohnungsbestand der LWU (ab 4 WE pro Adresse),462
68,11000112000240____,Flurstück mit Wohnungsbestand der LWU (ab 4 WE pro Adresse),563
69,11000112000327____,Flurstück mit Wohnungsbestand der LWU (ab 4 WE pro Adresse),458
70,11000112200250____,Flurstück mit Wohnungsbestand der LWU (ab 4 WE pro Adresse),2432
71,11000112200252____,Flurstück mit Wohnungsbestand der LWU (ab 4 WE pro Adresse),5874
72,11000112200254____,Flurstück mit Wohnungsbestand der LWU (ab 4 WE pro Adresse),3857
73,11000121900151____,Flurstück mit Wohnungsbestand der LWU (ab 4 WE pro Adresse),7364
74,11000121900156____,Flurstück mit Wohnungsbestand der LWU (ab 4 WE pro Adresse),1252
75,11000122000086____,Flurstück mit Wohnungsbestand der LWU (ab 4 WE pro Adresse),323
76,11000122000366____,Flurstück mit Wohnungsbestand der LWU (ab 4 WE pro Adresse),874
77,11000122000380____,Flurstück mit Wohnungsbestand der LWU (ab 4 WE pro Adresse),1966
78,11000122100034____,Flurstück mit Wohnungsbestand der LWU (ab 4 WE pro Adresse),1487
79,11000122200069____,Flurstück mit Wohnungsbestand der LWU (ab 4 WE pro Adresse),2211
80,11000122200070____,Flurstück mit Wohnungsbestand der LWU (ab 4 WE pro Adresse),1120
81,11000161700031____,Flurstück mit Wohnungsbestand der LWU (ab 4 WE pro Adresse),284
82,11000161800072____,Flurstück mit Wohnungsbestand der LWU (ab 4 WE pro Adresse),403
83,11000161800073____,Flurstück mit Wohnungsbestand der LWU (ab 4 WE pro Adresse),495
84,11000161800150____,Flurstück mit Wohnungsbestand der LWU (ab 4 WE pro Adresse),344
85,11000161800152____,Flurstück mit Wohnungsbestand der LWU (ab 4 WE pro Adresse),228
86,11000161800154____,Flurstück mit Wohnungsbestand der LWU (ab 4 WE pro Adresse),298
87,11000161800160____,Flurstück mit Wohnungsbestand der LWU (ab 4 WE pro Adresse),612
88,11000161800212____,Flurstück mit Wohnungsbestand der LWU (ab 4 WE pro Adresse),2702
89,11000161800347____,Flurstück mit Wohnungsbestand der LWU (ab 4 WE pro Adresse),4527
90,11000161800376____,Flurstück mit Wohnungsbestand der LWU (ab 4 WE pro Adresse),8317
91,11000161800377____,Flurstück mit Wohnungsbestand der LWU (ab 4 WE pro Adresse),2296
92,11000161800379____,Flurstück mit Wohnungsbestand der LWU (ab 4 WE pro Adresse),6186
93,11000161900295____,Flurstück mit Wohnungsbestand der LWU (ab 4 WE pro Adresse),2202
94,11000171800215____,Flurstück mit Wohnungsbestand der LWU (ab 4 WE pro Adresse),858
95,11000171800378____,Flurstück mit Wohnungsbestand der LWU (ab 4 WE pro Adresse),18383
96,11000171800397____,Flurstück mit Wohnungsbestand der LWU (ab 4 WE pro Adresse),4835
97,11000171900361____,Flurstück mit Wohnungsbestand der LWU (ab 4 WE pro Adresse),892
98,11000171900364____,Flurstück mit Wohnungsbestand der LWU (ab 4 WE pro Adresse),902
99,11000171900369____,Flurstück mit Wohnungsbestand der LWU (ab 4 WE pro Adresse),1507
100,11000171900380____,Flurstück mit Wohnungsbestand der LWU (ab 4 WE pro Adresse),885
101,11000171900388____,Flurstück mit Wohnungsbestand der LWU (ab 4 WE pro Adresse),904
102,11000171900413____,Flurstück mit Wohnungsbestand der LWU (ab 4 WE pro Adresse),890
103,11000171900712____,Flurstück mit Wohnungsbestand der LWU (ab 4 WE pro Adresse),1228
104,11000171900788____,Flurstück mit Wohnungsbestand der LWU (ab 4 WE pro Adresse),7215
105,11000171900807____,Flurstück mit Wohnungsbestand der LWU (ab 4 WE pro Adresse),7527
106,11000171900809____,Flurstück mit Wohnungsbestand der LWU (ab 4 WE pro Adresse),4952
107,11000172000226____,Flurstück mit Wohnungsbestand der LWU (ab 4 WE pro Adresse),11747
108,11000172000236____,Flurstück mit Wohnungsbestand der LWU (ab 4 WE pro Adresse),3025
109,11000172000506____,Flurstück mit Wohnungsbestand der LWU (ab 4 WE pro Adresse),15795
110,11000172100265____,Flurstück mit Wohnungsbestand der LWU (ab 4 WE pro Adresse),1764
111,11000172100400____,Flurstück mit Wohnungsbestand der LWU (ab 4 WE pro Adresse),7812
112,11000181700003____,Flurstück mit Wohnungsbestand der LWU (ab 4 WE pro Adresse),1982
113,11000181700024____,Flurstück mit Wohnungsbestand der LWU (ab 4 WE pro Adresse),2792
114,11000181800067____,Flurstück mit Wohnungsbestand der LWU (ab 4 WE pro Adresse),994
115,11000181800205____,Flurstück mit Wohnungsbestand der LWU (ab 4 WE pro Adresse),2054
116,11000181800329____,Flurstück mit Wohnungsbestand der LWU (ab 4 WE pro Adresse),1160
117,11000181800333____,Flurstück mit Wohnungsbestand der LWU (ab 4 WE pro Adresse),1249
118,11000181800348____,Flurstück mit Wohnungsbestand der LWU (ab 4 WE pro Adresse),1450
119,11000181800359____,Flurstück mit Wohnungsbestand der LWU (ab 4 WE pro Adresse),1155
120,11000181800369____,Flurstück mit Wohnungsbestand der LWU (ab 4 WE pro Adresse),2313
121,11000181800371____,Flurstück mit Wohnungsbestand der LWU (ab 4 WE pro Adresse),2470
122,11000181800374____,Flurstück mit Wohnungsbestand der LWU (ab 4 WE pro Adresse),1255
123,11000181800570____,Flurstück mit Wohnungsbestand der LWU (ab 4 WE pro Adresse),3501
124,11000181800590____,Flurstück mit Wohnungsbestand der LWU (ab 4 WE pro Adresse),6637
125,11000181900300____,Flurstück mit Wohnungsbestand der LWU (ab 4 WE pro Adresse),9115
126,11000181900302____,Flurstück mit Wohnungsbestand der LWU (ab 4 WE pro Adresse),2916
127,11000181900310____,Flurstück mit Wohnungsbestand der LWU (ab 4 WE pro Adresse),1395
128,11000181900322____,Flurstück mit Wohnungsbestand der LWU (ab 4 WE pro Adresse),3039
129,11000181900326____,Flurstück mit Wohnungsbestand der LWU (ab 4 WE pro Adresse),1424
130,11000181900327____,Flurstück mit Wohnungsbestand der LWU (ab 4 WE pro Adresse),1173
131,11000181900483____,Flurstück mit Wohnungsbestand der LWU (ab 4 WE pro Adresse),2931
132,11000181900527____,Flurstück mit Wohnungsbestand der LWU (ab 4 WE pro Adresse),9577
133,11000181900534____,Flurstück mit Wohnungsbestand der LWU (ab 4 WE pro Adresse),1643
134,11000182000354____,Flurstück mit Wohnungsbestand der LWU (ab 4 WE pro Adresse),3257
135,11000182100544____,Flurstück mit Wohnungsbestand der LWU (ab 4 WE pro Adresse),5529
136,11000191708009____,Flurstück mit Wohnungsbestand der LWU (ab 4 WE pro Adresse),1554
137,11000191708013____,Flurstück mit Wohnungsbestand der LWU (ab 4 WE pro Adresse),1514
138,11000191708020____,Flurstück mit Wohnungsbestand der LWU (ab 4 WE pro Adresse),1987
139,11000191708026____,Flurstück mit Wohnungsbestand der LWU (ab 4 WE pro Adresse),952
140,11000191801078____,Flurstück mit Wohnungsbestand der LWU (ab 4 WE pro Adresse),2107
141,11000191801115____,Flurstück mit Wohnungsbestand der LWU (ab 4 WE pro Adresse),2027
142,11000191801123____,Flurstück mit Wohnungsbestand der LWU (ab 4 WE pro Adresse),1915
143,11000191801125____,Flurstück mit Wohnungsbestand der LWU (ab 4 WE pro Adresse),1813
144,11000191801127____,Flurstück mit Wohnungsbestand der LWU (ab 4 WE pro Adresse),1568
145,11000191801130____,Flurstück mit Wohnungsbestand der LWU (ab 4 WE pro Adresse),927
146,11000191801136____,Flurstück mit Wohnungsbestand der LWU (ab 4 WE pro Adresse),2163
147,11000191801137____,Flurstück mit Wohnungsbestand der LWU (ab 4 WE pro Adresse),1317
148,11000191801171____,Flurstück mit Wohnungsbestand der LWU (ab 4 WE pro Adresse),4005
149,11000191801173____,Flurstück mit Wohnungsbestand der LWU (ab 4 WE pro Adresse),3782
150,11000191801332____,Flurstück mit Wohnungsbestand der LWU (ab 4 WE pro Adresse),2569
151,11000191900020____,Flurstück mit Wohnungsbestand der LWU (ab 4 WE pro Adresse),1523
152,11000191900021____,Flurstück mit Wohnungsbestand der LWU (ab 4 WE pro Adresse),1240
153,11000191900023____,Flurstück mit Wohnungsbestand der LWU (ab 4 WE pro Adresse),1404
154,11000191900079____,Flurstück mit Wohnungsbestand der LWU (ab 4 WE pro Adresse),709
155,11000191900158____,Flurstück mit Wohnungsbestand der LWU (ab 4 WE pro Adresse),2030
156,11000191900172____,Flurstück mit Wohnungsbestand der LWU (ab 4 WE pro Adresse),5974
157,11000191900174____,Flurstück mit Wohnungsbestand der LWU (ab 4 WE pro Adresse),10261
158,11000191900280____,Flurstück mit Wohnungsbestand der LWU (ab 4 WE pro Adresse),1023
159,11000191900283____,Flurstück mit Wohnungsbestand der LWU (ab 4 WE pro Adresse),2212
160,11000191900292____,Flurstück mit Wohnungsbestand der LWU (ab 4 WE pro Adresse),528
161,11000191900319____,Flurstück mit Wohnungsbestand der LWU (ab 4 WE pro Adresse),767
162,11000191900340____,Flurstück mit Wohnungsbestand der LWU (ab 4 WE pro Adresse),2220
163,11000191900464____,Flurstück mit Wohnungsbestand der LWU (ab 4 WE pro Adresse),7344
164,11000191900497____,Flurstück mit Wohnungsbestand der LWU (ab 4 WE pro Adresse),680
165,11000191900505____,Flurstück mit Wohnungsbestand der LWU (ab 4 WE pro Adresse),4278
166,11000191900554____,Flurstück mit Wohnungsbestand der LWU (ab 4 WE pro Adresse),3872
167,11000192000074____,Flurstück mit Wohnungsbestand der LWU (ab 4 WE pro Adresse),248
168,11000192000087____,Flurstück mit Wohnungsbestand der LWU (ab 4 WE pro Adresse),1068
169,11000192000102____,Flurstück mit Wohnungsbestand der LWU (ab 4 WE pro Adresse),314
170,11000192000179____,Flurstück mit Wohnungsbestand der LWU (ab 4 WE pro Adresse),1852
171,11000192000183____,Flurstück mit Wohnungsbestand der LWU (ab 4 WE pro Adresse),395
172,11000192000207____,Flurstück mit Wohnungsbestand der LWU (ab 4 WE pro Adresse),1549
173,11000192100507____,Flurstück mit Wohnungsbestand der LWU (ab 4 WE pro Adresse),6657
174,110002005000960001,Flurstück mit Wohnungsbestand der LWU (ab 4 WE pro Adresse),1333
175,11000200502759____,Flurstück mit Wohnungsbestand der LWU (ab 4 WE pro Adresse),2138
176,110002007002520001,Flurstück mit Wohnungsbestand der LWU (ab 4 WE pro Adresse),864
177,110002007006030238,Flurstück mit Wohnungsbestand der LWU (ab 4 WE pro Adresse),469
178,110002007020950283,Flurstück mit Wohnungsbestand der LWU (ab 4 WE pro Adresse),868
179,110002007028850264,Flurstück mit Wohnungsbestand der LWU (ab 4 WE pro Adresse),1065
180,110002007031450253,Flurstück mit Wohnungsbestand der LWU (ab 4 WE pro Adresse),733
181,110002007032110251,Flurstück mit Wohnungsbestand der LWU (ab 4 WE pro Adresse),440
182,110002007032760248,Flurstück mit Wohnungsbestand der LWU (ab 4 WE pro Adresse),662
183,110002007033730283,Flurstück mit Wohnungsbestand der LWU (ab 4 WE pro Adresse),1204
184,11000200703460____,Flurstück mit Wohnungsbestand der LWU (ab 4 WE pro Adresse),397
185,11000200703464____,Flurstück mit Wohnungsbestand der LWU (ab 4 WE pro Adresse),262
186,11000200703466____,Flurstück mit Wohnungsbestand der LWU (ab 4 WE pro Adresse),336
187,110002008001880001,Flurstück mit Wohnungsbestand der LWU (ab 4 WE pro Adresse),2577
188,110002008009780140,Flurstück mit Wohnungsbestand der LWU (ab 4 WE pro Adresse),1104
189,110002008014890151,Flurstück mit Wohnungsbestand der LWU (ab 4 WE pro Adresse),603
190,11000200803439____,Flurstück mit Wohnungsbestand der LWU (ab 4 WE pro Adresse),1627
191,11000200803479____,Flurstück mit Wohnungsbestand der LWU (ab 4 WE pro Adresse),913
192,11000200803641____,Flurstück mit Wohnungsbestand der LWU (ab 4 WE pro Adresse),5650
193,11000200803711____,Flurstück mit Wohnungsbestand der LWU (ab 4 WE pro Adresse),359
194,11000200803712____,Flurstück mit Wohnungsbestand der LWU (ab 4 WE pro Adresse),406
195,11000200803799____,Flurstück mit Wohnungsbestand der LWU (ab 4 WE pro Adresse),917
196,11000200803803____,Flurstück mit Wohnungsbestand der LWU (ab 4 WE pro Adresse),587
197,11000200804192____,Flurstück mit Wohnungsbestand der LWU (ab 4 WE pro Adresse),957
198,110002010001350009,Flurstück mit Wohnungsbestand der LWU (ab 4 WE pro Adresse),1104
199,110002010001350011,Flurstück mit Wohnungsbestand der LWU (ab 4 WE pro Adresse),789
200,110002010001350012,Flurstück mit Wohnungsbestand der LWU (ab 4 WE pro Adresse),732
201,11000201001785____,Flurstück mit Wohnungsbestand der LWU (ab 4 WE pro Adresse),1071
202,11000203900100____,Flurstück mit Wohnungsbestand der LWU (ab 4 WE pro Adresse),786
203,11000203900135____,Flurstück mit Wohnungsbestand der LWU (ab 4 WE pro Adresse),972
204,11000203900174____,Flurstück mit Wohnungsbestand der LWU (ab 4 WE pro Adresse),253
205,11000203900176____,Flurstück mit Wohnungsbestand der LWU (ab 4 WE pro Adresse),256
206,11000203900177____,Flurstück mit Wohnungsbestand der LWU (ab 4 WE pro Adresse),259
207,11000204000021____,Flurstück mit Wohnungsbestand der LWU (ab 4 WE pro Adresse),1157
208,11000204000043____,Flurstück mit Wohnungsbestand der LWU (ab 4 WE pro Adresse),795
209,11000204000051____,Flurstück mit Wohnungsbestand der LWU (ab 4 WE pro Adresse),799
210,110002040000700003,Flurstück mit Wohnungsbestand der LWU (ab 4 WE pro Adresse),1372
211,11000204000314____,Flurstück mit Wohnungsbestand der LWU (ab 4 WE pro Adresse),1566
212,11000204000363____,Flurstück mit Wohnungsbestand der LWU (ab 4 WE pro Adresse),1496
213,11000204100036____,Flurstück mit Wohnungsbestand der LWU (ab 4 WE pro Adresse),718
214,110002041000540001,Flurstück mit Wohnungsbestand der LWU (ab 4 WE pro Adresse),3918
215,11000204100096____,Flurstück mit Wohnungsbestand der LWU (ab 4 WE pro Adresse),935
216,11000204100124____,Flurstück mit Wohnungsbestand der LWU (ab 4 WE pro Adresse),564
217,11000204100130____,Flurstück mit Wohnungsbestand der LWU (ab 4 WE pro Adresse),805
218,11000204100245____,Flurstück mit Wohnungsbestand der LWU (ab 4 WE pro Adresse),347
219,11000204100412____,Flurstück mit Wohnungsbestand der LWU (ab 4 WE pro Adresse),1371
220,11000204200133____,Flurstück mit Wohnungsbestand der LWU (ab 4 WE pro Adresse),494
221,11000204200259____,Flurstück mit Wohnungsbestand der LWU (ab 4 WE pro Adresse),806
222,11000204200273____,Flurstück mit Wohnungsbestand der LWU (ab 4 WE pro Adresse),523
223,11000204200274____,Flurstück mit Wohnungsbestand der LWU (ab 4 WE pro Adresse),399
224,110002042002890003,Flurstück mit Wohnungsbestand der LWU (ab 4 WE pro Adresse),3328
225,11000204200320____,Flurstück mit Wohnungsbestand der LWU (ab 4 WE pro Adresse),7051
226,11000204200321____,Flurstück mit Wohnungsbestand der LWU (ab 4 WE pro Adresse),2697
227,11000204200322____,Flurstück mit Wohnungsbestand der LWU (ab 4 WE pro Adresse),10714
228,11000204200323____,Flurstück mit Wohnungsbestand der LWU (ab 4 WE pro Adresse),12977
229,11000204200326____,Flurstück mit Wohnungsbestand der LWU (ab 4 WE pro Adresse),8001
230,11000204300148____,Flurstück mit Wohnungsbestand der LWU (ab 4 WE pro Adresse),4701
231,11000204300192____,Flurstück mit Wohnungsbestand der LWU (ab 4 WE pro Adresse),2794
232,11000204300193____,Flurstück mit Wohnungsbestand der LWU (ab 4 WE pro Adresse),2654
233,11000204300195____,Flurstück mit Wohnungsbestand der LWU (ab 4 WE pro Adresse),1917
234,11000204300376____,Flurstück mit Wohnungsbestand der LWU (ab 4 WE pro Adresse),2301
235,11000204300384____,Flurstück mit Wohnungsbestand der LWU (ab 4 WE pro Adresse),886
236,11000204500116____,Flurstück mit Wohnungsbestand der LWU (ab 4 WE pro Adresse),703
237,11000204500170____,Flurstück mit Wohnungsbestand der LWU (ab 4 WE pro Adresse),779
238,11000204500215____,Flurstück mit Wohnungsbestand der LWU (ab 4 WE pro Adresse),825
239,11000204500281____,Flurstück mit Wohnungsbestand der LWU (ab 4 WE pro Adresse),1096
240,11000204500389____,Flurstück mit Wohnungsbestand der LWU (ab 4 WE pro Adresse),385
241,110002046000260002,Flurstück mit Wohnungsbestand der LWU (ab 4 WE pro Adresse),268
242,11000204600085____,Flurstück mit Wohnungsbestand der LWU (ab 4 WE pro Adresse),691
243,11000204600086____,Flurstück mit Wohnungsbestand der LWU (ab 4 WE pro Adresse),706
244,11000204600088____,Flurstück mit Wohnungsbestand der LWU (ab 4 WE pro Adresse),557
245,11000204600089____,Flurstück mit Wohnungsbestand der LWU (ab 4 WE pro Adresse),738
246,11000204600092____,Flurstück mit Wohnungsbestand der LWU (ab 4 WE pro Adresse),509
247,11000204600095____,Flurstück mit Wohnungsbestand der LWU (ab 4 WE pro Adresse),463
248,11000204600098____,Flurstück mit Wohnungsbestand der LWU (ab 4 WE pro Adresse),594
249,11000204600099____,Flurstück mit Wohnungsbestand der LWU (ab 4 WE pro Adresse),457
250,11000204600100____,Flurstück mit Wohnungsbestand der LWU (ab 4 WE pro Adresse),730
251,11000204600106____,Flurstück mit Wohnungsbestand der LWU (ab 4 WE pro Adresse),569
252,11000204600108____,Flurstück mit Wohnungsbestand der LWU (ab 4 WE pro Adresse),489
253,11000204600112____,Flurstück mit Wohnungsbestand der LWU (ab 4 WE pro Adresse),492
254,11000204600113____,Flurstück mit Wohnungsbestand der LWU (ab 4 WE pro Adresse),480
255,11000204600114____,Flurstück mit Wohnungsbestand der LWU (ab 4 WE pro Adresse),747
256,11000204600169____,Flurstück mit Wohnungsbestand der LWU (ab 4 WE pro Adresse),717
257,11000204600252____,Flurstück mit Wohnungsbestand der LWU (ab 4 WE pro Adresse),661
258,11000204600328____,Flurstück mit Wohnungsbestand der LWU (ab 4 WE pro Adresse),629
259,11000204600338____,Flurstück mit Wohnungsbestand der LWU (ab 4 WE pro Adresse),1740
260,11000204600342____,Flurstück mit Wohnungsbestand der LWU (ab 4 WE pro Adresse),753
261,11000204600354____,Flurstück mit Wohnungsbestand der LWU (ab 4 WE pro Adresse),228
262,11000204600355____,Flurstück mit Wohnungsbestand der LWU (ab 4 WE pro Adresse),1345
263,11000204700051____,Flurstück mit Wohnungsbestand der LWU (ab 4 WE pro Adresse),519
264,11000204700052____,Flurstück mit Wohnungsbestand der LWU (ab 4 WE pro Adresse),810
265,11000204700053____,Flurstück mit Wohnungsbestand der LWU (ab 4 WE pro Adresse),739
266,11000204700116____,Flurstück mit Wohnungsbestand der LWU (ab 4 WE pro Adresse),537
267,11000204700118____,Flurstück mit Wohnungsbestand der LWU (ab 4 WE pro Adresse),702
268,11000204700125____,Flurstück mit Wohnungsbestand der LWU (ab 4 WE pro Adresse),567
269,11000204700127____,Flurstück mit Wohnungsbestand der LWU (ab 4 WE pro Adresse),354
270,11000204700132____,Flurstück mit Wohnungsbestand der LWU (ab 4 WE pro Adresse),560
271,11000204700254____,Flurstück mit Wohnungsbestand der LWU (ab 4 WE pro Adresse),988
272,11000205000336____,Flurstück mit Wohnungsbestand der LWU (ab 4 WE pro Adresse),2810
273,11000300200053____,Flurstück mit Wohnungsbestand der LWU (ab 4 WE pro Adresse),7953
274,11000300200055____,Flurstück mit Wohnungsbestand der LWU (ab 4 WE pro Adresse),7958
275,11000300200059____,Flurstück mit Wohnungsbestand der LWU (ab 4 WE pro Adresse),3282
276,11000300200061____,Flurstück mit Wohnungsbestand der LWU (ab 4 WE pro Adresse),2913
277,11000300200071____,Flurstück mit Wohnungsbestand der LWU (ab 4 WE pro Adresse),5666
278,11000300300118____,Flurstück mit Wohnungsbestand der LWU (ab 4 WE pro Adresse),1258
279,11000300300131____,Flurstück mit Wohnungsbestand der LWU (ab 4 WE pro Adresse),911
280,11000300300334____,Flurstück mit Wohnungsbestand der LWU (ab 4 WE pro Adresse),4728
281,11000300300357____,Flurstück mit Wohnungsbestand der LWU (ab 4 WE pro Adresse),3531
282,11000300300358____,Flurstück mit Wohnungsbestand der LWU (ab 4 WE pro Adresse),1213
283,11000300300416____,Flurstück mit Wohnungsbestand der LWU (ab 4 WE pro Adresse),1551
284,110003004000110002,Flurstück mit Wohnungsbestand der LWU (ab 4 WE pro Adresse),11362
285,110003004000110004,Flurstück mit Wohnungsbestand der LWU (ab 4 WE pro Adresse),12634
286,110003004000110008,Flurstück mit Wohnungsbestand der LWU (ab 4 WE pro Adresse),12154
287,11000300400205____,Flurstück mit Wohnungsbestand der LWU (ab 4 WE pro Adresse),1321
288,11000300400206____,Flurstück mit Wohnungsbestand der LWU (ab 4 WE pro Adresse),11929
289,110003006000420011,Flurstück mit Wohnungsbestand der LWU (ab 4 WE pro Adresse),18457
290,110003006000450003,Flurstück mit Wohnungsbestand der LWU (ab 4 WE pro Adresse),18125
291,110003006000480003,Flurstück mit Wohnungsbestand der LWU (ab 4 WE pro Adresse),3274
292,110003006000680002,Flurstück mit Wohnungsbestand der LWU (ab 4 WE pro Adresse),18706
293,11000300600130____,Flurstück mit Wohnungsbestand der LWU (ab 4 WE pro Adresse),4678
294,110003006001310001,Flurstück mit Wohnungsbestand der LWU (ab 4 WE pro Adresse),1109
295,11000300600138____,Flurstück mit Wohnungsbestand der LWU (ab 4 WE pro Adresse),1893
296,11000300600139____,Flurstück mit Wohnungsbestand der LWU (ab 4 WE pro Adresse),6922
297,11000300600140____,Flurstück mit Wohnungsbestand der LWU (ab 4 WE pro Adresse),6198
298,110003006001410001,Flurstück mit Wohnungsbestand der LWU (ab 4 WE pro Adresse),2250
299,11000300600142____,Flurstück mit Wohnungsbestand der LWU (ab 4 WE pro Adresse),3631
300,110003006001470006,Flurstück mit Wohnungsbestand der LWU (ab 4 WE pro Adresse),4148
301,11000300600168____,Flurstück mit Wohnungsbestand der LWU (ab 4 WE pro Adresse),3114
302,11000300600202____,Flurstück mit Wohnungsbestand der LWU (ab 4 WE pro Adresse),3587
303,11000300600221____,Flurstück mit Wohnungsbestand der LWU (ab 4 WE pro Adresse),2329
304,11000300600222____,Flurstück mit Wohnungsbestand der LWU (ab 4 WE pro Adresse),15737
305,11000300600224____,Flurstück mit Wohnungsbestand der LWU (ab 4 WE pro Adresse),3277
306,11000300600225____,Flurstück mit Wohnungsbestand der LWU (ab 4 WE pro Adresse),6842
307,11000300600231____,Flurstück mit Wohnungsbestand der LWU (ab 4 WE pro Adresse),854
308,11000300600236____,Flurstück mit Wohnungsbestand der LWU (ab 4 WE pro Adresse),593
309,11000300600238____,Flurstück mit Wohnungsbestand der LWU (ab 4 WE pro Adresse),348
310,11000300600242____,Flurstück mit Wohnungsbestand der LWU (ab 4 WE pro Adresse),4088
311,11000300600250____,Flurstück mit Wohnungsbestand der LWU (ab 4 WE pro Adresse),7370
312,11000300600252____,Flurstück mit Wohnungsbestand der LWU (ab 4 WE pro Adresse),11395
313,11000300600266____,Flurstück mit Wohnungsbestand der LWU (ab 4 WE pro Adresse),2934
314,11000300600267____,Flurstück mit Wohnungsbestand der LWU (ab 4 WE pro Adresse),2599
315,11000300600268____,Flurstück mit Wohnungsbestand der LWU (ab 4 WE pro Adresse),1643
316,11000300600269____,Flurstück mit Wohnungsbestand der LWU (ab 4 WE pro Adresse),2097
317,11000300600282____,Flurstück mit Wohnungsbestand der LWU (ab 4 WE pro Adresse),1127
318,11000300600288____,Flurstück mit Wohnungsbestand der LWU (ab 4 WE pro Adresse),1818
319,11000300600291____,Flurstück mit Wohnungsbestand der LWU (ab 4 WE pro Adresse),3360
320,11000300600293____,Flurstück mit Wohnungsbestand der LWU (ab 4 WE pro Adresse),1278
321,11000300600308____,Flurstück mit Wohnungsbestand der LWU (ab 4 WE pro Adresse),668
322,11000300600311____,Flurstück mit Wohnungsbestand der LWU (ab 4 WE pro Adresse),867
323,11000300600313____,Flurstück mit Wohnungsbestand der LWU (ab 4 WE pro Adresse),1579
324,11000300600324____,Flurstück mit Wohnungsbestand der LWU (ab 4 WE pro Adresse),599
325,11000300600344____,Flurstück mit Wohnungsbestand der LWU (ab 4 WE pro Adresse),776
326,11000300600368____,Flurstück mit Wohnungsbestand der LWU (ab 4 WE pro Adresse),3813
327,11000300600371____,Flurstück mit Wohnungsbestand der LWU (ab 4 WE pro Adresse),10334
328,11000300600391____,Flurstück mit Wohnungsbestand der LWU (ab 4 WE pro Adresse),6562
329,11000300600395____,Flurstück mit Wohnungsbestand der LWU (ab 4 WE pro Adresse),614
330,11000300600399____,Flurstück mit Wohnungsbestand der LWU (ab 4 WE pro Adresse),508
331,11000300600400____,Flurstück mit Wohnungsbestand der LWU (ab 4 WE pro Adresse),2763
332,11000300600402____,Flurstück mit Wohnungsbestand der LWU (ab 4 WE pro Adresse),707
333,11000300600404____,Flurstück mit Wohnungsbestand der LWU (ab 4 WE pro Adresse),5029
334,11000300600407____,Flurstück mit Wohnungsbestand der LWU (ab 4 WE pro Adresse),5813
335,11000300600408____,Flurstück mit Wohnungsbestand der LWU (ab 4 WE pro Adresse),6360
336,11000300600414____,Flurstück mit Wohnungsbestand der LWU (ab 4 WE pro Adresse),4620
337,11000300600415____,Flurstück mit Wohnungsbestand der LWU (ab 4 WE pro Adresse),3927
338,11000300600416____,Flurstück mit Wohnungsbestand der LWU (ab 4 WE pro Adresse),4591
339,11000300600418____,Flurstück mit Wohnungsbestand der LWU (ab 4 WE pro Adresse),4307
340,11000300600419____,Flurstück mit Wohnungsbestand der LWU (ab 4 WE pro Adresse),22929
341,11000300800013____,Flurstück mit Wohnungsbestand der LWU (ab 4 WE pro Adresse),1406
342,11000300800088____,Flurstück mit Wohnungsbestand der LWU (ab 4 WE pro Adresse),1476
343,11000300800089____,Flurstück mit Wohnungsbestand der LWU (ab 4 WE pro Adresse),2592
344,11000300800107____,Flurstück mit Wohnungsbestand der LWU (ab 4 WE pro Adresse),624
345,11000300800110____,Flurstück mit Wohnungsbestand der LWU (ab 4 WE pro Adresse),495
346,11000300800111____,Flurstück mit Wohnungsbestand der LWU (ab 4 WE pro Adresse),391
347,11000300800116____,Flurstück mit Wohnungsbestand der LWU (ab 4 WE pro Adresse),1756
348,11000300800126____,Flurstück mit Wohnungsbestand der LWU (ab 4 WE pro Adresse),1501
349,11000300800134____,Flurstück mit Wohnungsbestand der LWU (ab 4 WE pro Adresse),586
350,11000300800138____,Flurstück mit Wohnungsbestand der LWU (ab 4 WE pro Adresse),742
351,11000300800219____,Flurstück mit Wohnungsbestand der LWU (ab 4 WE pro Adresse),1719
352,11000300800220____,Flurstück mit Wohnungsbestand der LWU (ab 4 WE pro Adresse),1699
353,11000300800506____,Flurstück mit Wohnungsbestand der LWU (ab 4 WE pro Adresse),1110
354,11000300800510____,Flurstück mit Wohnungsbestand der LWU (ab 4 WE pro Adresse),722
355,11000300800517____,Flurstück mit Wohnungsbestand der LWU (ab 4 WE pro Adresse),1318
356,11000300800536____,Flurstück mit Wohnungsbestand der LWU (ab 4 WE pro Adresse),1537
357,11000300900010____,Flurstück mit Wohnungsbestand der LWU (ab 4 WE pro Adresse),372
358,11000300900069____,Flurstück mit Wohnungsbestand der LWU (ab 4 WE pro Adresse),287
359,11000300900173____,Flurstück mit Wohnungsbestand der LWU (ab 4 WE pro Adresse),647
360,110003009001840001,Flurstück mit Wohnungsbestand der LWU (ab 4 WE pro Adresse),1336
361,11000300900186____,Flurstück mit Wohnungsbestand der LWU (ab 4 WE pro Adresse),666
362,11000300900191____,Flurstück mit Wohnungsbestand der LWU (ab 4 WE pro Adresse),789
363,11000300900192____,Flurstück mit Wohnungsbestand der LWU (ab 4 WE pro Adresse),791
364,11000300900194____,Flurstück mit Wohnungsbestand der LWU (ab 4 WE pro Adresse),338
365,11000300900195____,Flurstück mit Wohnungsbestand der LWU (ab 4 WE pro Adresse),450
366,11000300900196____,Flurstück mit Wohnungsbestand der LWU (ab 4 WE pro Adresse),512
367,11000300900198____,Flurstück mit Wohnungsbestand der LWU (ab 4 WE pro Adresse),1216
368,11000300900199____,Flurstück mit Wohnungsbestand der LWU (ab 4 WE pro Adresse),987
369,11000300900205____,Flurstück mit Wohnungsbestand der LWU (ab 4 WE pro Adresse),460
370,11000300900207____,Flurstück mit Wohnungsbestand der LWU (ab 4 WE pro Adresse),1144
371,11000300900216____,Flurstück mit Wohnungsbestand der LWU (ab 4 WE pro Adresse),605
372,11000300900222____,Flurstück mit Wohnungsbestand der LWU (ab 4 WE pro Adresse),296
373,11000300900224____,Flurstück mit Wohnungsbestand der LWU (ab 4 WE pro Adresse),416
374,11000300900227____,Flurstück mit Wohnungsbestand der LWU (ab 4 WE pro Adresse),1187
375,11000300900230____,Flurstück mit Wohnungsbestand der LWU (ab 4 WE pro Adresse),563
376,11000300900232____,Flurstück mit Wohnungsbestand der LWU (ab 4 WE pro Adresse),368
377,11000300900233____,Flurstück mit Wohnungsbestand der LWU (ab 4 WE pro Adresse),495
378,11000300900234____,Flurstück mit Wohnungsbestand der LWU (ab 4 WE pro Adresse),750
379,11000300900235____,Flurstück mit Wohnungsbestand der LWU (ab 4 WE pro Adresse),730
380,11000300900236____,Flurstück mit Wohnungsbestand der LWU (ab 4 WE pro Adresse),727
381,11000300900239____,Flurstück mit Wohnungsbestand der LWU (ab 4 WE pro Adresse),710
382,11000300900240____,Flurstück mit Wohnungsbestand der LWU (ab 4 WE pro Adresse),715
383,11000300900241____,Flurstück mit Wohnungsbestand der LWU (ab 4 WE pro Adresse),710
384,11000300900242____,Flurstück mit Wohnungsbestand der LWU (ab 4 WE pro Adresse),308
385,11000300900249____,Flurstück mit Wohnungsbestand der LWU (ab 4 WE pro Adresse),425
386,11000300900262____,Flurstück mit Wohnungsbestand der LWU (ab 4 WE pro Adresse),350
387,11000300900263____,Flurstück mit Wohnungsbestand der LWU (ab 4 WE pro Adresse),382
388,11000300900267____,Flurstück mit Wohnungsbestand der LWU (ab 4 WE pro Adresse),2290
389,11000300900314____,Flurstück mit Wohnungsbestand der LWU (ab 4 WE pro Adresse),892
390,11000300900337____,Flurstück mit Wohnungsbestand der LWU (ab 4 WE pro Adresse),21020
391,11000300900347____,Flurstück mit Wohnungsbestand der LWU (ab 4 WE pro Adresse),854
392,11000300900354____,Flurstück mit Wohnungsbestand der LWU (ab 4 WE pro Adresse),1787
393,110003009003630001,Flurstück mit Wohnungsbestand der LWU (ab 4 WE pro Adresse),3880
394,11000300900432____,Flurstück mit Wohnungsbestand der LWU (ab 4 WE pro Adresse),1429
395,11000300900592____,Flurstück mit Wohnungsbestand der LWU (ab 4 WE pro Adresse),1431
396,11000300900596____,Flurstück mit Wohnungsbestand der LWU (ab 4 WE pro Adresse),496
397,11000300900642____,Flurstück mit Wohnungsbestand der LWU (ab 4 WE pro Adresse),654
398,11000300900673____,Flurstück mit Wohnungsbestand der LWU (ab 4 WE pro Adresse),594
399,11000300900674____,Flurstück mit Wohnungsbestand der LWU (ab 4 WE pro Adresse),812
400,11000300900683____,Flurstück mit Wohnungsbestand der LWU (ab 4 WE pro Adresse),2095
401,11000300900692____,Flurstück mit Wohnungsbestand der LWU (ab 4 WE pro Adresse),2514
402,11000300900693____,Flurstück mit Wohnungsbestand der LWU (ab 4 WE pro Adresse),1298
403,11000300900694____,Flurstück mit Wohnungsbestand der LWU (ab 4 WE pro Adresse),696
404,11000300900709____,Flurstück mit Wohnungsbestand der LWU (ab 4 WE pro Adresse),2457
405,11000300900720____,Flurstück mit Wohnungsbestand der LWU (ab 4 WE pro Adresse),903
406,11000300900724____,Flurstück mit Wohnungsbestand der LWU (ab 4 WE pro Adresse),904
407,11000300900726____,Flurstück mit Wohnungsbestand der LWU (ab 4 WE pro Adresse),875
408,11000300900728____,Flurstück mit Wohnungsbestand der LWU (ab 4 WE pro Adresse),2485
409,11000301400006____,Flurstück mit Wohnungsbestand der LWU (ab 4 WE pro Adresse),1342
410,11000301400013____,Flurstück mit Wohnungsbestand der LWU (ab 4 WE pro Adresse),571
411,11000301400059____,Flurstück mit Wohnungsbestand der LWU (ab 4 WE pro Adresse),1306
412,11000301400071____,Flurstück mit Wohnungsbestand der LWU (ab 4 WE pro Adresse),766
413,11000301400073____,Flurstück mit Wohnungsbestand der LWU (ab 4 WE pro Adresse),523
414,11000301400076____,Flurstück mit Wohnungsbestand der LWU (ab 4 WE pro Adresse),508
415,11000301400077____,Flurstück mit Wohnungsbestand der LWU (ab 4 WE pro Adresse),454
416,11000301400082____,Flurstück mit Wohnungsbestand der LWU (ab 4 WE pro Adresse),496
417,11000301400084____,Flurstück mit Wohnungsbestand der LWU (ab 4 WE pro Adresse),495
418,11000301400086____,Flurstück mit Wohnungsbestand der LWU (ab 4 WE pro Adresse),497
419,11000301400087____,Flurstück mit Wohnungsbestand der LWU (ab 4 WE pro Adresse),691
420,11000301400093____,Flurstück mit Wohnungsbestand der LWU (ab 4 WE pro Adresse),220
421,11000301400098____,Flurstück mit Wohnungsbestand der LWU (ab 4 WE pro Adresse),968
422,11000301400099____,Flurstück mit Wohnungsbestand der LWU (ab 4 WE pro Adresse),550
423,110003014001000001,Flurstück mit Wohnungsbestand der LWU (ab 4 WE pro Adresse),743
424,11000301400107____,Flurstück mit Wohnungsbestand der LWU (ab 4 WE pro Adresse),437
425,11000301400362____,Flurstück mit Wohnungsbestand der LWU (ab 4 WE pro Adresse),412
426,11000301400364____,Flurstück mit Wohnungsbestand der LWU (ab 4 WE pro Adresse),495
427,11000301400366____,Flurstück mit Wohnungsbestand der LWU (ab 4 WE pro Adresse),495
428,11000301400368____,Flurstück mit Wohnungsbestand der LWU (ab 4 WE pro Adresse),494
429,11000301400401____,Flurstück mit Wohnungsbestand der LWU (ab 4 WE pro Adresse),639
430,11000301400407____,Flurstück mit Wohnungsbestand der LWU (ab 4 WE pro Adresse),518
431,11000301400478____,Flurstück mit Wohnungsbestand der LWU (ab 4 WE pro Adresse),1057
432,11000301400479____,Flurstück mit Wohnungsbestand der LWU (ab 4 WE pro Adresse),1922
433,11000301400483____,Flurstück mit Wohnungsbestand der LWU (ab 4 WE pro Adresse),2521
434,11000301400484____,Flurstück mit Wohnungsbestand der LWU (ab 4 WE pro Adresse),937
435,11000301500012____,Flurstück mit Wohnungsbestand der LWU (ab 4 WE pro Adresse),2017
436,11000301500015____,Flurstück mit Wohnungsbestand der LWU (ab 4 WE pro Adresse),1204
437,11000301500016____,Flurstück mit Wohnungsbestand der LWU (ab 4 WE pro Adresse),1031
438,11000301500018____,Flurstück mit Wohnungsbestand der LWU (ab 4 WE pro Adresse),665
439,110003015000220001,Flurstück mit Wohnungsbestand der LWU (ab 4 WE pro Adresse),1083
440,11000301500028____,Flurstück mit Wohnungsbestand der LWU (ab 4 WE pro Adresse),1111
441,11000301500029____,Flurstück mit Wohnungsbestand der LWU (ab 4 WE pro Adresse),939
442,11000301500031____,Flurstück mit Wohnungsbestand der LWU (ab 4 WE pro Adresse),1358
443,11000301500032____,Flurstück mit Wohnungsbestand der LWU (ab 4 WE pro Adresse),913
444,11000301500033____,Flurstück mit Wohnungsbestand der LWU (ab 4 WE pro Adresse),879
445,11000301500049____,Flurstück mit Wohnungsbestand der LWU (ab 4 WE pro Adresse),1031
446,11000301500052____,Flurstück mit Wohnungsbestand der LWU (ab 4 WE pro Adresse),960
447,11000301500140____,Flurstück mit Wohnungsbestand der LWU (ab 4 WE pro Adresse),318
448,11000301500172____,Flurstück mit Wohnungsbestand der LWU (ab 4 WE pro Adresse),869
449,11000301500173____,Flurstück mit Wohnungsbestand der LWU (ab 4 WE pro Adresse),872
450,110003015001760003,Flurstück mit Wohnungsbestand der LWU (ab 4 WE pro Adresse),939
451,11000301500185____,Flurstück mit Wohnungsbestand der LWU (ab 4 WE pro Adresse),882
452,11000301500186____,Flurstück mit Wohnungsbestand der LWU (ab 4 WE pro Adresse),888
453,11000301500232____,Flurstück mit Wohnungsbestand der LWU (ab 4 WE pro Adresse),895
454,11000301500247____,Flurstück mit Wohnungsbestand der LWU (ab 4 WE pro Adresse),1020
455,11000301500248____,Flurstück mit Wohnungsbestand der LWU (ab 4 WE pro Adresse),1175
456,11000301500249____,Flurstück mit Wohnungsbestand der LWU (ab 4 WE pro Adresse),1077
457,110003015003230134,Flurstück mit Wohnungsbestand der LWU (ab 4 WE pro Adresse),1718
458,11000301500349____,Flurstück mit Wohnungsbestand der LWU (ab 4 WE pro Adresse),1793
459,11000301500357____,Flurstück mit Wohnungsbestand der LWU (ab 4 WE pro Adresse),4144
460,11000301500367____,Flurstück mit Wohnungsbestand der LWU (ab 4 WE pro Adresse),382
461,11000301500378____,Flurstück mit Wohnungsbestand der LWU (ab 4 WE pro Adresse),498
462,11000301500447____,Flurstück mit Wohnungsbestand der LWU (ab 4 WE pro Adresse),597
463,11000301500469____,Flurstück mit Wohnungsbestand der LWU (ab 4 WE pro Adresse),1002
464,11000301500480____,Flurstück mit Wohnungsbestand der LWU (ab 4 WE pro Adresse),1705
465,11000301500482____,Flurstück mit Wohnungsbestand der LWU (ab 4 WE pro Adresse),1676
466,11000301500506____,Flurstück mit Wohnungsbestand der LWU (ab 4 WE pro Adresse),6041
467,11000301600129____,Flurstück mit Wohnungsbestand der LWU (ab 4 WE pro Adresse),992
468,11000301600139____,Flurstück mit Wohnungsbestand der LWU (ab 4 WE pro Adresse),1118
469,11000301600157____,Flurstück mit Wohnungsbestand der LWU (ab 4 WE pro Adresse),982
470,11000301600159____,Flurstück mit Wohnungsbestand der LWU (ab 4 WE pro Adresse),908
471,11000301600169____,Flurstück mit Wohnungsbestand der LWU (ab 4 WE pro Adresse),212
472,11000301600174____,Flurstück mit Wohnungsbestand der LWU (ab 4 WE pro Adresse),230
473,11000301600264____,Flurstück mit Wohnungsbestand der LWU (ab 4 WE pro Adresse),645
474,110003016002930001,Flurstück mit Wohnungsbestand der LWU (ab 4 WE pro Adresse),1847
475,110003016003000001,Flurstück mit Wohnungsbestand der LWU (ab 4 WE pro Adresse),3117
476,11000301600309____,Flurstück mit Wohnungsbestand der LWU (ab 4 WE pro Adresse),855
477,11000301600315____,Flurstück mit Wohnungsbestand der LWU (ab 4 WE pro Adresse),1457
478,11000301600486____,Flurstück mit Wohnungsbestand der LWU (ab 4 WE pro Adresse),3673
479,11000301600607____,Flurstück mit Wohnungsbestand der LWU (ab 4 WE pro Adresse),350
480,11000301600647____,Flurstück mit Wohnungsbestand der LWU (ab 4 WE pro Adresse),237
481,11000301900266____,Flurstück mit Wohnungsbestand der LWU (ab 4 WE pro Adresse),1038
482,11000301900278____,Flurstück mit Wohnungsbestand der LWU (ab 4 WE pro Adresse),1195
483,11000301900365____,Flurstück mit Wohnungsbestand der LWU (ab 4 WE pro Adresse),868
484,11000301900422____,Flurstück mit Wohnungsbestand der LWU (ab 4 WE pro Adresse),20992
485,11000301900553____,Flurstück mit Wohnungsbestand der LWU (ab 4 WE pro Adresse),597
486,11000301900616____,Flurstück mit Wohnungsbestand der LWU (ab 4 WE pro Adresse),1538
487,11000302000042____,Flurstück mit Wohnungsbestand der LWU (ab 4 WE pro Adresse),1010
488,11000302000074____,Flurstück mit Wohnungsbestand der LWU (ab 4 WE pro Adresse),1290
489,110003020001640001,Flurstück mit Wohnungsbestand der LWU (ab 4 WE pro Adresse),1093
490,11000302000193____,Flurstück mit Wohnungsbestand der LWU (ab 4 WE pro Adresse),903
491,11000302000198____,Flurstück mit Wohnungsbestand der LWU (ab 4 WE pro Adresse),775
492,11000302000222____,Flurstück mit Wohnungsbestand der LWU (ab 4 WE pro Adresse),1043
493,11000302000231____,Flurstück mit Wohnungsbestand der LWU (ab 4 WE pro Adresse),479
494,11000302000245____,Flurstück mit Wohnungsbestand der LWU (ab 4 WE pro Adresse),1348
495,110003020002510001,Flurstück mit Wohnungsbestand der LWU (ab 4 WE pro Adresse),1016
496,11000302000366____,Flurstück mit Wohnungsbestand der LWU (ab 4 WE pro Adresse),1232
497,11000302000404____,Flurstück mit Wohnungsbestand der LWU (ab 4 WE pro Adresse),1247
498,11000302000492____,Flurstück mit Wohnungsbestand der LWU (ab 4 WE pro Adresse),850
499,11000302000547____,Flurstück mit Wohnungsbestand der LWU (ab 4 WE pro Adresse),5846
500,11000302100087____,Flurstück mit Wohnungsbestand der LWU (ab 4 WE pro Adresse),743
501,11000302100095____,Flurstück mit Wohnungsbestand der LWU (ab 4 WE pro Adresse),649
502,11000302100099____,Flurstück mit Wohnungsbestand der LWU (ab 4 WE pro Adresse),634
503,11000302100101____,Flurstück mit Wohnungsbestand der LWU (ab 4 WE pro Adresse),568
504,11000302100105____,Flurstück mit Wohnungsbestand der LWU (ab 4 WE pro Adresse),840
505,11000302100131____,Flurstück mit Wohnungsbestand der LWU (ab 4 WE pro Adresse),1874
506,110003021001710001,Flurstück mit Wohnungsbestand der LWU (ab 4 WE pro Adresse),2840
507,11000302100180____,Flurstück mit Wohnungsbestand der LWU (ab 4 WE pro Adresse),492
508,11000302100320____,Flurstück mit Wohnungsbestand der LWU (ab 4 WE pro Adresse),1062
509,11000302100336____,Flurstück mit Wohnungsbestand der LWU (ab 4 WE pro Adresse),637
510,11000302100341____,Flurstück mit Wohnungsbestand der LWU (ab 4 WE pro Adresse),582
511,11000302100402____,Flurstück mit Wohnungsbestand der LWU (ab 4 WE pro Adresse),362
512,11000302100404____,Flurstück mit Wohnungsbestand der LWU (ab 4 WE pro Adresse),746
513,11000302100500____,Flurstück mit Wohnungsbestand der LWU (ab 4 WE pro Adresse),381
514,11000302100526____,Flurstück mit Wohnungsbestand der LWU (ab 4 WE pro Adresse),618
515,11000302100561____,Flurstück mit Wohnungsbestand der LWU (ab 4 WE pro Adresse),378
516,11000302100584____,Flurstück mit Wohnungsbestand der LWU (ab 4 WE pro Adresse),857
517,11000302100620____,Flurstück mit Wohnungsbestand der LWU (ab 4 WE pro Adresse),444
518,11000302100629____,Flurstück mit Wohnungsbestand der LWU (ab 4 WE pro Adresse),1091
519,11000302100630____,Flurstück mit Wohnungsbestand der LWU (ab 4 WE pro Adresse),5138
520,11000302100631____,Flurstück mit Wohnungsbestand der LWU (ab 4 WE pro Adresse),1057
521,11000302100635____,Flurstück mit Wohnungsbestand der LWU (ab 4 WE pro Adresse),1140
522,11000302100679____,Flurstück mit Wohnungsbestand der LWU (ab 4 WE pro Adresse),1685
523,11000302100724____,Flurstück mit Wohnungsbestand der LWU (ab 4 WE pro Adresse),2532
524,11000302100725____,Flurstück mit Wohnungsbestand der LWU (ab 4 WE pro Adresse),892
525,11000302100734____,Flurstück mit Wohnungsbestand der LWU (ab 4 WE pro Adresse),915
526,11000302100735____,Flurstück mit Wohnungsbestand der LWU (ab 4 WE pro Adresse),801
527,11000302100742____,Flurstück mit Wohnungsbestand der LWU (ab 4 WE pro Adresse),1627
528,11000302100744____,Flurstück mit Wohnungsbestand der LWU (ab 4 WE pro Adresse),2557
529,11000302100773____,Flurstück mit Wohnungsbestand der LWU (ab 4 WE pro Adresse),379
530,11000302100779____,Flurstück mit Wohnungsbestand der LWU (ab 4 WE pro Adresse),568
531,11000302100780____,Flurstück mit Wohnungsbestand der LWU (ab 4 WE pro Adresse),6192
532,11000302700245____,Flurstück mit Wohnungsbestand der LWU (ab 4 WE pro Adresse),759
533,11000302700246____,Flurstück mit Wohnungsbestand der LWU (ab 4 WE pro Adresse),750
534,11000302700248____,Flurstück mit Wohnungsbestand der LWU (ab 4 WE pro Adresse),654
535,11000302700249____,Flurstück mit Wohnungsbestand der LWU (ab 4 WE pro Adresse),662
536,11000302700252____,Flurstück mit Wohnungsbestand der LWU (ab 4 WE pro Adresse),1034
537,11000302700255____,Flurstück mit Wohnungsbestand der LWU (ab 4 WE pro Adresse),681
538,11000302700381____,Flurstück mit Wohnungsbestand der LWU (ab 4 WE pro Adresse),827
539,11000302700398____,Flurstück mit Wohnungsbestand der LWU (ab 4 WE pro Adresse),802
540,11000302700442____,Flurstück mit Wohnungsbestand der LWU (ab 4 WE pro Adresse),1047
541,11000302700443____,Flurstück mit Wohnungsbestand der LWU (ab 4 WE pro Adresse),1801
542,110003028000220003,Flurstück mit Wohnungsbestand der LWU (ab 4 WE pro Adresse),1517
543,11000302800024____,Flurstück mit Wohnungsbestand der LWU (ab 4 WE pro Adresse),805
544,11000302800025____,Flurstück mit Wohnungsbestand der LWU (ab 4 WE pro Adresse),435
545,11000302800038____,Flurstück mit Wohnungsbestand der LWU (ab 4 WE pro Adresse),965
546,110003028000630001,Flurstück mit Wohnungsbestand der LWU (ab 4 WE pro Adresse),1124
547,11000306000004____,Flurstück mit Wohnungsbestand der LWU (ab 4 WE pro Adresse),3319
548,11000306000005____,Flurstück mit Wohnungsbestand der LWU (ab 4 WE pro Adresse),648
549,11000306000037____,Flurstück mit Wohnungsbestand der LWU (ab 4 WE pro Adresse),324
550,110003060000540001,Flurstück mit Wohnungsbestand der LWU (ab 4 WE pro Adresse),8730
551,11000306000074____,Flurstück mit Wohnungsbestand der LWU (ab 4 WE pro Adresse),357
552,11000306000320____,Flurstück mit Wohnungsbestand der LWU (ab 4 WE pro Adresse),11959
553,11000306000353____,Flurstück mit Wohnungsbestand der LWU (ab 4 WE pro Adresse),2923
554,11000306000354____,Flurstück mit Wohnungsbestand der LWU (ab 4 WE pro Adresse),1880
555,11000306000355____,Flurstück mit Wohnungsbestand der LWU (ab 4 WE pro Adresse),1070
556,11000306000356____,Flurstück mit Wohnungsbestand der LWU (ab 4 WE pro Adresse),6072
557,11000306000357____,Flurstück mit Wohnungsbestand der LWU (ab 4 WE pro Adresse),623
558,11000306000358____,Flurstück mit Wohnungsbestand der LWU (ab 4 WE pro Adresse),2046
559,11000306000359____,Flurstück mit Wohnungsbestand der LWU (ab 4 WE pro Adresse),1070
560,11000306000360____,Flurstück mit Wohnungsbestand der LWU (ab 4 WE pro Adresse),1631
561,11000306000361____,Flurstück mit Wohnungsbestand der LWU (ab 4 WE pro Adresse),756
562,11000306000456____,Flurstück mit Wohnungsbestand der LWU (ab 4 WE pro Adresse),1430
563,11000306000490____,Flurstück mit Wohnungsbestand der LWU (ab 4 WE pro Adresse),775
564,11000306000543____,Flurstück mit Wohnungsbestand der LWU (ab 4 WE pro Adresse),767
565,11000306000610____,Flurstück mit Wohnungsbestand der LWU (ab 4 WE pro Adresse),12132
566,11000306000619____,Flurstück mit Wohnungsbestand der LWU (ab 4 WE pro Adresse),1445
567,11000306100165____,Flurstück mit Wohnungsbestand der LWU (ab 4 WE pro Adresse),16806
568,11000306100170____,Flurstück mit Wohnungsbestand der LWU (ab 4 WE pro Adresse),5182
569,11000306300325____,Flurstück mit Wohnungsbestand der LWU (ab 4 WE pro Adresse),794
570,11000306300326____,Flurstück mit Wohnungsbestand der LWU (ab 4 WE pro Adresse),817
571,11000306300338____,Flurstück mit Wohnungsbestand der LWU (ab 4 WE pro Adresse),760
572,11000306300339____,Flurstück mit Wohnungsbestand der LWU (ab 4 WE pro Adresse),1110
573,11000306300340____,Flurstück mit Wohnungsbestand der LWU (ab 4 WE pro Adresse),1045
574,11000306300343____,Flurstück mit Wohnungsbestand der LWU (ab 4 WE pro Adresse),585
575,11000306300354____,Flurstück mit Wohnungsbestand der LWU (ab 4 WE pro Adresse),709
576,11000306300373____,Flurstück mit Wohnungsbestand der LWU (ab 4 WE pro Adresse),2629
577,11000306300443____,Flurstück mit Wohnungsbestand der LWU (ab 4 WE pro Adresse),1063
578,110003065000240002,Flurstück mit Wohnungsbestand der LWU (ab 4 WE pro Adresse),6538
579,110003065000260001,Flurstück mit Wohnungsbestand der LWU (ab 4 WE pro Adresse),890
580,110003065000380004,Flurstück mit Wohnungsbestand der LWU (ab 4 WE pro Adresse),1475
581,11000306500508____,Flurstück mit Wohnungsbestand der LWU (ab 4 WE pro Adresse),4047
582,11000306500582____,Flurstück mit Wohnungsbestand der LWU (ab 4 WE pro Adresse),5056
583,11000306500590____,Flurstück mit Wohnungsbestand der LWU (ab 4 WE pro Adresse),6439
584,11000306500622____,Flurstück mit Wohnungsbestand der LWU (ab 4 WE pro Adresse),827
585,11000306500628____,Flurstück mit Wohnungsbestand der LWU (ab 4 WE pro Adresse),2220
586,11000306500654____,Flurstück mit Wohnungsbestand der LWU (ab 4 WE pro Adresse),336
587,11000306500655____,Flurstück mit Wohnungsbestand der LWU (ab 4 WE pro Adresse),930
588,11000306500660____,Flurstück mit Wohnungsbestand der LWU (ab 4 WE pro Adresse),845
589,11000306500679____,Flurstück mit Wohnungsbestand der LWU (ab 4 WE pro Adresse),5963
590,11000306500680____,Flurstück mit Wohnungsbestand der LWU (ab 4 WE pro Adresse),3971
591,11000309200011____,Flurstück mit Wohnungsbestand der LWU (ab 4 WE pro Adresse),913
592,11000309200012____,Flurstück mit Wohnungsbestand der LWU (ab 4 WE pro Adresse),965
593,11000309200117____,Flurstück mit Wohnungsbestand der LWU (ab 4 WE pro Adresse),1815
594,11000309200118____,Flurstück mit Wohnungsbestand der LWU (ab 4 WE pro Adresse),12923
595,11000309200169____,Flurstück mit Wohnungsbestand der LWU (ab 4 WE pro Adresse),2141
596,11000309200170____,Flurstück mit Wohnungsbestand der LWU (ab 4 WE pro Adresse),2365
597,11000309200171____,Flurstück mit Wohnungsbestand der LWU (ab 4 WE pro Adresse),4693
598,11000309200174____,Flurstück mit Wohnungsbestand der LWU (ab 4 WE pro Adresse),1650
599,11000309200213____,Flurstück mit Wohnungsbestand der LWU (ab 4 WE pro Adresse),2440
600,11000309200215____,Flurstück mit Wohnungsbestand der LWU (ab 4 WE pro Adresse),6712
601,11000309200228____,Flurstück mit Wohnungsbestand der LWU (ab 4 WE pro Adresse),9226
602,11000309200240____,Flurstück mit Wohnungsbestand der LWU (ab 4 WE pro Adresse),2322
603,11000309200241____,Flurstück mit Wohnungsbestand der LWU (ab 4 WE pro Adresse),3835
604,11000309200242____,Flurstück mit Wohnungsbestand der LWU (ab 4 WE pro Adresse),3500
605,11000309200265____,Flurstück mit Wohnungsbestand der LWU (ab 4 WE pro Adresse),4646
606,11000309200266____,Flurstück mit Wohnungsbestand der LWU (ab 4 WE pro Adresse),10031
607,11000309200272____,Flurstück mit Wohnungsbestand der LWU (ab 4 WE pro Adresse),1829
608,11000309200273____,Flurstück mit Wohnungsbestand der LWU (ab 4 WE pro Adresse),3551
609,11000309200274____,Flurstück mit Wohnungsbestand der LWU (ab 4 WE pro Adresse),657
610,11000309200280____,Flurstück mit Wohnungsbestand der LWU (ab 4 WE pro Adresse),1841
611,11000309200285____,Flurstück mit Wohnungsbestand der LWU (ab 4 WE pro Adresse),14374
612,11000309200287____,Flurstück mit Wohnungsbestand der LWU (ab 4 WE pro Adresse),2884
613,11000309200289____,Flurstück mit Wohnungsbestand der LWU (ab 4 WE pro Adresse),380
614,11000309200293____,Flurstück mit Wohnungsbestand der LWU (ab 4 WE pro Adresse),5889
615,11000309200297____,Flurstück mit Wohnungsbestand der LWU (ab 4 WE pro Adresse),6836
616,11000309200302____,Flurstück mit Wohnungsbestand der LWU (ab 4 WE pro Adresse),2570
617,11000309200327____,Flurstück mit Wohnungsbestand der LWU (ab 4 WE pro Adresse),8283
618,11000309200381____,Flurstück mit Wohnungsbestand der LWU (ab 4 WE pro Adresse),5191
619,11000309200388____,Flurstück mit Wohnungsbestand der LWU (ab 4 WE pro Adresse),4003
620,11000309200389____,Flurstück mit Wohnungsbestand der LWU (ab 4 WE pro Adresse),4081
621,11000309200404____,Flurstück mit Wohnungsbestand der LWU (ab 4 WE pro Adresse),10610
622,11000400600001____,Flurstück mit Wohnungsbestand der LWU (ab 4 WE pro Adresse),4802
623,11000401400004____,Flurstück mit Wohnungsbestand der LWU (ab 4 WE pro Adresse),2956
624,11000401500025____,Flurstück mit Wohnungsbestand der LWU (ab 4 WE pro Adresse),1042
625,11000401500026____,Flurstück mit Wohnungsbestand der LWU (ab 4 WE pro Adresse),915
626,11000401500027____,Flurstück mit Wohnungsbestand der LWU (ab 4 WE pro Adresse),531
627,11000401500028____,Flurstück mit Wohnungsbestand der LWU (ab 4 WE pro Adresse),1005
628,11000401500072____,Flurstück mit Wohnungsbestand der LWU (ab 4 WE pro Adresse),1231
629,11000401500102____,Flurstück mit Wohnungsbestand der LWU (ab 4 WE pro Adresse),4700
630,11000401500108____,Flurstück mit Wohnungsbestand der LWU (ab 4 WE pro Adresse),2349
631,11000401500169____,Flurstück mit Wohnungsbestand der LWU (ab 4 WE pro Adresse),4211
632,11000401500170____,Flurstück mit Wohnungsbestand der LWU (ab 4 WE pro Adresse),3559
633,11000401600038____,Flurstück mit Wohnungsbestand der LWU (ab 4 WE pro Adresse),726
634,11000401600063____,Flurstück mit Wohnungsbestand der LWU (ab 4 WE pro Adresse),5109
635,11000401700017____,Flurstück mit Wohnungsbestand der LWU (ab 4 WE pro Adresse),765
636,11000401700029____,Flurstück mit Wohnungsbestand der LWU (ab 4 WE pro Adresse),484
637,11000401700062____,Flurstück mit Wohnungsbestand der LWU (ab 4 WE pro Adresse),510
638,11000401700106____,Flurstück mit Wohnungsbestand der LWU (ab 4 WE pro Adresse),2486
639,11000401800005____,Flurstück mit Wohnungsbestand der LWU (ab 4 WE pro Adresse),451
640,11000401800107____,Flurstück mit Wohnungsbestand der LWU (ab 4 WE pro Adresse),5630
641,11000401900088____,Flurstück mit Wohnungsbestand der LWU (ab 4 WE pro Adresse),258
642,11000411400034____,Flurstück mit Wohnungsbestand der LWU (ab 4 WE pro Adresse),668
643,11000411400036____,Flurstück mit Wohnungsbestand der LWU (ab 4 WE pro Adresse),2696
644,11000411500204____,Flurstück mit Wohnungsbestand der LWU (ab 4 WE pro Adresse),6742
645,11000411500275____,Flurstück mit Wohnungsbestand der LWU (ab 4 WE pro Adresse),4973
646,11000411600001____,Flurstück mit Wohnungsbestand der LWU (ab 4 WE pro Adresse),593
647,11000411600031____,Flurstück mit Wohnungsbestand der LWU (ab 4 WE pro Adresse),6728
648,11000411600032____,Flurstück mit Wohnungsbestand der LWU (ab 4 WE pro Adresse),4379
649,11000411600033____,Flurstück mit Wohnungsbestand der LWU (ab 4 WE pro Adresse),2416
650,11000411600039____,Flurstück mit Wohnungsbestand der LWU (ab 4 WE pro Adresse),7010
651,11000411600059____,Flurstück mit Wohnungsbestand der LWU (ab 4 WE pro Adresse),8994
652,11000411600061____,Flurstück mit Wohnungsbestand der LWU (ab 4 WE pro Adresse),2428
653,11000411600062____,Flurstück mit Wohnungsbestand der LWU (ab 4 WE pro Adresse),851
654,11000411600063____,Flurstück mit Wohnungsbestand der LWU (ab 4 WE pro Adresse),9567
655,11000411600089____,Flurstück mit Wohnungsbestand der LWU (ab 4 WE pro Adresse),2353
656,11000411600095____,Flurstück mit Wohnungsbestand der LWU (ab 4 WE pro Adresse),481
657,11000411600139____,Flurstück mit Wohnungsbestand der LWU (ab 4 WE pro Adresse),24421
658,11000411600146____,Flurstück mit Wohnungsbestand der LWU (ab 4 WE pro Adresse),2303
659,11000411600147____,Flurstück mit Wohnungsbestand der LWU (ab 4 WE pro Adresse),1244
660,11000411600151____,Flurstück mit Wohnungsbestand der LWU (ab 4 WE pro Adresse),1582
661,11000411600179____,Flurstück mit Wohnungsbestand der LWU (ab 4 WE pro Adresse),427
662,11000411600181____,Flurstück mit Wohnungsbestand der LWU (ab 4 WE pro Adresse),8353
663,11000411700026____,Flurstück mit Wohnungsbestand der LWU (ab 4 WE pro Adresse),2369
664,11000411700064____,Flurstück mit Wohnungsbestand der LWU (ab 4 WE pro Adresse),503
665,11000411700093____,Flurstück mit Wohnungsbestand der LWU (ab 4 WE pro Adresse),1295
666,11000411700097____,Flurstück mit Wohnungsbestand der LWU (ab 4 WE pro Adresse),1726
667,11000411700104____,Flurstück mit Wohnungsbestand der LWU (ab 4 WE pro Adresse),508
668,11000411700105____,Flurstück mit Wohnungsbestand der LWU (ab 4 WE pro Adresse),293
669,11000411700121____,Flurstück mit Wohnungsbestand der LWU (ab 4 WE pro Adresse),1353
670,11000411700122____,Flurstück mit Wohnungsbestand der LWU (ab 4 WE pro Adresse),1333
671,11000411700133____,Flurstück mit Wohnungsbestand der LWU (ab 4 WE pro Adresse),819
672,11000411700146____,Flurstück mit Wohnungsbestand der LWU (ab 4 WE pro Adresse),1189
673,11000411700174____,Flurstück mit Wohnungsbestand der LWU (ab 4 WE pro Adresse),882
674,11000411700175____,Flurstück mit Wohnungsbestand der LWU (ab 4 WE pro Adresse),732
675,11000411700208____,Flurstück mit Wohnungsbestand der LWU (ab 4 WE pro Adresse),401
676,11000411700226____,Flurstück mit Wohnungsbestand der LWU (ab 4 WE pro Adresse),1230
677,11000411700280____,Flurstück mit Wohnungsbestand der LWU (ab 4 WE pro Adresse),489
678,11000411700285____,Flurstück mit Wohnungsbestand der LWU (ab 4 WE pro Adresse),1041
679,11000411700296____,Flurstück mit Wohnungsbestand der LWU (ab 4 WE pro Adresse),1001
680,11000411700324____,Flurstück mit Wohnungsbestand der LWU (ab 4 WE pro Adresse),740
681,11000411700325____,Flurstück mit Wohnungsbestand der LWU (ab 4 WE pro Adresse),290
682,11000411700342____,Flurstück mit Wohnungsbestand der LWU (ab 4 WE pro Adresse),433
683,11000411700386____,Flurstück mit Wohnungsbestand der LWU (ab 4 WE pro Adresse),416
684,11000411700401____,Flurstück mit Wohnungsbestand der LWU (ab 4 WE pro Adresse),745
685,11000411700402____,Flurstück mit Wohnungsbestand der LWU (ab 4 WE pro Adresse),717
686,11000411700415____,Flurstück mit Wohnungsbestand der LWU (ab 4 WE pro Adresse),1022
687,11000411700433____,Flurstück mit Wohnungsbestand der LWU (ab 4 WE pro Adresse),381
688,11000411700457____,Flurstück mit Wohnungsbestand der LWU (ab 4 WE pro Adresse),843
689,11000411700479____,Flurstück mit Wohnungsbestand der LWU (ab 4 WE pro Adresse),489
690,11000411800017____,Flurstück mit Wohnungsbestand der LWU (ab 4 WE pro Adresse),460
691,11000411800047____,Flurstück mit Wohnungsbestand der LWU (ab 4 WE pro Adresse),698
692,11000411800048____,Flurstück mit Wohnungsbestand der LWU (ab 4 WE pro Adresse),270
693,11000411800058____,Flurstück mit Wohnungsbestand der LWU (ab 4 WE pro Adresse),780
694,11000411800060____,Flurstück mit Wohnungsbestand der LWU (ab 4 WE pro Adresse),651
695,11000411800066____,Flurstück mit Wohnungsbestand der LWU (ab 4 WE pro Adresse),621
696,11000411800092____,Flurstück mit Wohnungsbestand der LWU (ab 4 WE pro Adresse),1889
697,11000411800202____,Flurstück mit Wohnungsbestand der LWU (ab 4 WE pro Adresse),1048
698,11000411800394____,Flurstück mit Wohnungsbestand der LWU (ab 4 WE pro Adresse),1490
699,11000411800396____,Flurstück mit Wohnungsbestand der LWU (ab 4 WE pro Adresse),441
700,11000411800397____,Flurstück mit Wohnungsbestand der LWU (ab 4 WE pro Adresse),302
701,11000411800398____,Flurstück mit Wohnungsbestand der LWU (ab 4 WE pro Adresse),356
702,11000411800399____,Flurstück mit Wohnungsbestand der LWU (ab 4 WE pro Adresse),321
703,11000411905002____,Flurstück mit Wohnungsbestand der LWU (ab 4 WE pro Adresse),302
704,11000411905003____,Flurstück mit Wohnungsbestand der LWU (ab 4 WE pro Adresse),337
705,11000411905034____,Flurstück mit Wohnungsbestand der LWU (ab 4 WE pro Adresse),773
706,11000411905041____,Flurstück mit Wohnungsbestand der LWU (ab 4 WE pro Adresse),3733
707,11000411905094____,Flurstück mit Wohnungsbestand der LWU (ab 4 WE pro Adresse),243
708,11000411905098____,Flurstück mit Wohnungsbestand der LWU (ab 4 WE pro Adresse),440
709,11000411905137____,Flurstück mit Wohnungsbestand der LWU (ab 4 WE pro Adresse),430
710,11000411905140____,Flurstück mit Wohnungsbestand der LWU (ab 4 WE pro Adresse),307
711,11000411905164____,Flurstück mit Wohnungsbestand der LWU (ab 4 WE pro Adresse),347
712,11000411905184____,Flurstück mit Wohnungsbestand der LWU (ab 4 WE pro Adresse),352
713,11000411905192____,Flurstück mit Wohnungsbestand der LWU (ab 4 WE pro Adresse),653
714,11000411905206____,Flurstück mit Wohnungsbestand der LWU (ab 4 WE pro Adresse),311
715,11000411905266____,Flurstück mit Wohnungsbestand der LWU (ab 4 WE pro Adresse),1097
716,11000411905278____,Flurstück mit Wohnungsbestand der LWU (ab 4 WE pro Adresse),3059
717,11000411905289____,Flurstück mit Wohnungsbestand der LWU (ab 4 WE pro Adresse),427
718,11000421500270____,Flurstück mit Wohnungsbestand der LWU (ab 4 WE pro Adresse),2260
719,11000421500280____,Flurstück mit Wohnungsbestand der LWU (ab 4 WE pro Adresse),4225
720,11000421500288____,Flurstück mit Wohnungsbestand der LWU (ab 4 WE pro Adresse),4389
721,11000421500289____,Flurstück mit Wohnungsbestand der LWU (ab 4 WE pro Adresse),2925
722,11000421600023____,Flurstück mit Wohnungsbestand der LWU (ab 4 WE pro Adresse),7491
723,11000421600024____,Flurstück mit Wohnungsbestand der LWU (ab 4 WE pro Adresse),1722
724,11000421600057____,Flurstück mit Wohnungsbestand der LWU (ab 4 WE pro Adresse),1537
725,11000421600100____,Flurstück mit Wohnungsbestand der LWU (ab 4 WE pro Adresse),2946
726,11000421600107____,Flurstück mit Wohnungsbestand der LWU (ab 4 WE pro Adresse),6448
727,11000421700037____,Flurstück mit Wohnungsbestand der LWU (ab 4 WE pro Adresse),524
728,11000421700052____,Flurstück mit Wohnungsbestand der LWU (ab 4 WE pro Adresse),849
729,11000421700053____,Flurstück mit Wohnungsbestand der LWU (ab 4 WE pro Adresse),529
730,11000421700061____,Flurstück mit Wohnungsbestand der LWU (ab 4 WE pro Adresse),718
731,11000421700087____,Flurstück mit Wohnungsbestand der LWU (ab 4 WE pro Adresse),882
732,11000421700105____,Flurstück mit Wohnungsbestand der LWU (ab 4 WE pro Adresse),539
733,11000421700110____,Flurstück mit Wohnungsbestand der LWU (ab 4 WE pro Adresse),931
734,11000421700134____,Flurstück mit Wohnungsbestand der LWU (ab 4 WE pro Adresse),1195
735,11000421700183____,Flurstück mit Wohnungsbestand der LWU (ab 4 WE pro Adresse),4094
736,11000421700187____,Flurstück mit Wohnungsbestand der LWU (ab 4 WE pro Adresse),26261
737,11000421700197____,Flurstück mit Wohnungsbestand der LWU (ab 4 WE pro Adresse),2156
738,11000421700255____,Flurstück mit Wohnungsbestand der LWU (ab 4 WE pro Adresse),8315
739,11000421800005____,Flurstück mit Wohnungsbestand der LWU (ab 4 WE pro Adresse),650
740,11000421800016____,Flurstück mit Wohnungsbestand der LWU (ab 4 WE pro Adresse),656
741,11000421800061____,Flurstück mit Wohnungsbestand der LWU (ab 4 WE pro Adresse),979
742,11000421800084____,Flurstück mit Wohnungsbestand der LWU (ab 4 WE pro Adresse),814
743,11000421800088____,Flurstück mit Wohnungsbestand der LWU (ab 4 WE pro Adresse),955
744,11000421800102____,Flurstück mit Wohnungsbestand der LWU (ab 4 WE pro Adresse),1091
745,11000421800106____,Flurstück mit Wohnungsbestand der LWU (ab 4 WE pro Adresse),743
746,11000421800109____,Flurstück mit Wohnungsbestand der LWU (ab 4 WE pro Adresse),693
747,11000421800110____,Flurstück mit Wohnungsbestand der LWU (ab 4 WE pro Adresse),698
748,11000421800128____,Flurstück mit Wohnungsbestand der LWU (ab 4 WE pro Adresse),673
749,11000421800130____,Flurstück mit Wohnungsbestand der LWU (ab 4 WE pro Adresse),707
750,11000421800148____,Flurstück mit Wohnungsbestand der LWU (ab 4 WE pro Adresse),649
751,11000421800152____,Flurstück mit Wohnungsbestand der LWU (ab 4 WE pro Adresse),659
752,11000421800205____,Flurstück mit Wohnungsbestand der LWU (ab 4 WE pro Adresse),664
753,11000421800238____,Flurstück mit Wohnungsbestand der LWU (ab 4 WE pro Adresse),546
754,11000421800240____,Flurstück mit Wohnungsbestand der LWU (ab 4 WE pro Adresse),382
755,11000421800246____,Flurstück mit Wohnungsbestand der LWU (ab 4 WE pro Adresse),497
756,11000421800247____,Flurstück mit Wohnungsbestand der LWU (ab 4 WE pro Adresse),506
757,11000421800255____,Flurstück mit Wohnungsbestand der LWU (ab 4 WE pro Adresse),580
758,11000421800261____,Flurstück mit Wohnungsbestand der LWU (ab 4 WE pro Adresse),679
759,11000421800275____,Flurstück mit Wohnungsbestand der LWU (ab 4 WE pro Adresse),4014
760,11000421800285____,Flurstück mit Wohnungsbestand der LWU (ab 4 WE pro Adresse),1092
761,11000421800301____,Flurstück mit Wohnungsbestand der LWU (ab 4 WE pro Adresse),324
762,11000421800316____,Flurstück mit Wohnungsbestand der LWU (ab 4 WE pro Adresse),816
763,11000421800406____,Flurstück mit Wohnungsbestand der LWU (ab 4 WE pro Adresse),7286
764,11000421800413____,Flurstück mit Wohnungsbestand der LWU (ab 4 WE pro Adresse),469
765,11000421800414____,Flurstück mit Wohnungsbestand der LWU (ab 4 WE pro Adresse),393
766,11000421904092____,Flurstück mit Wohnungsbestand der LWU (ab 4 WE pro Adresse),808
767,11000421904130____,Flurstück mit Wohnungsbestand der LWU (ab 4 WE pro Adresse),1062
768,11000421904159____,Flurstück mit Wohnungsbestand der LWU (ab 4 WE pro Adresse),395
769,11000421904160____,Flurstück mit Wohnungsbestand der LWU (ab 4 WE pro Adresse),315
770,11000421904189____,Flurstück mit Wohnungsbestand der LWU (ab 4 WE pro Adresse),3030
771,11000421904221____,Flurstück mit Wohnungsbestand der LWU (ab 4 WE pro Adresse),877
772,11000421904234____,Flurstück mit Wohnungsbestand der LWU (ab 4 WE pro Adresse),7154
773,11000431505068____,Flurstück mit Wohnungsbestand der LWU (ab 4 WE pro Adresse),2684
774,11000431600014____,Flurstück mit Wohnungsbestand der LWU (ab 4 WE pro Adresse),4653
775,11000431600016____,Flurstück mit Wohnungsbestand der LWU (ab 4 WE pro Adresse),1169
776,11000431600026____,Flurstück mit Wohnungsbestand der LWU (ab 4 WE pro Adresse),1109
777,11000431600054____,Flurstück mit Wohnungsbestand der LWU (ab 4 WE pro Adresse),1033
778,11000431600064____,Flurstück mit Wohnungsbestand der LWU (ab 4 WE pro Adresse),5218
779,11000431600079____,Flurstück mit Wohnungsbestand der LWU (ab 4 WE pro Adresse),453
780,11000431600189____,Flurstück mit Wohnungsbestand der LWU (ab 4 WE pro Adresse),2543
781,11000431600289____,Flurstück mit Wohnungsbestand der LWU (ab 4 WE pro Adresse),3777
782,11000431600317____,Flurstück mit Wohnungsbestand der LWU (ab 4 WE pro Adresse),4879
783,11000431600318____,Flurstück mit Wohnungsbestand der LWU (ab 4 WE pro Adresse),4624
784,11000431600325____,Flurstück mit Wohnungsbestand der LWU (ab 4 WE pro Adresse),6859
785,11000431700041____,Flurstück mit Wohnungsbestand der LWU (ab 4 WE pro Adresse),1213
786,11000431700071____,Flurstück mit Wohnungsbestand der LWU (ab 4 WE pro Adresse),4448
787,11000431700078____,Flurstück mit Wohnungsbestand der LWU (ab 4 WE pro Adresse),1201
788,11000431700082____,Flurstück mit Wohnungsbestand der LWU (ab 4 WE pro Adresse),13350
789,11000431700149____,Flurstück mit Wohnungsbestand der LWU (ab 4 WE pro Adresse),10984
790,11000431700153____,Flurstück mit Wohnungsbestand der LWU (ab 4 WE pro Adresse),1930
791,11000431700154____,Flurstück mit Wohnungsbestand der LWU (ab 4 WE pro Adresse),1908
792,11000431800003____,Flurstück mit Wohnungsbestand der LWU (ab 4 WE pro Adresse),1070
793,11000431800011____,Flurstück mit Wohnungsbestand der LWU (ab 4 WE pro Adresse),265
794,11000431800032____,Flurstück mit Wohnungsbestand der LWU (ab 4 WE pro Adresse),311
795,11000431800087____,Flurstück mit Wohnungsbestand der LWU (ab 4 WE pro Adresse),1053
796,11000431800110____,Flurstück mit Wohnungsbestand der LWU (ab 4 WE pro Adresse),628
797,11000431800170____,Flurstück mit Wohnungsbestand der LWU (ab 4 WE pro Adresse),905
798,11000431800199____,Flurstück mit Wohnungsbestand der LWU (ab 4 WE pro Adresse),849
799,11000431800203____,Flurstück mit Wohnungsbestand der LWU (ab 4 WE pro Adresse),864
800,11000431800205____,Flurstück mit Wohnungsbestand der LWU (ab 4 WE pro Adresse),878
801,11000431800226____,Flurstück mit Wohnungsbestand der LWU (ab 4 WE pro Adresse),1042
802,11000431800233____,Flurstück mit Wohnungsbestand der LWU (ab 4 WE pro Adresse),975
803,11000431800263____,Flurstück mit Wohnungsbestand der LWU (ab 4 WE pro Adresse),896
804,11000431800276____,Flurstück mit Wohnungsbestand der LWU (ab 4 WE pro Adresse),311
805,11000431800282____,Flurstück mit Wohnungsbestand der LWU (ab 4 WE pro Adresse),590
806,11000431800284____,Flurstück mit Wohnungsbestand der LWU (ab 4 WE pro Adresse),549
807,11000431800292____,Flurstück mit Wohnungsbestand der LWU (ab 4 WE pro Adresse),1130
808,11000431800327____,Flurstück mit Wohnungsbestand der LWU (ab 4 WE pro Adresse),461
809,11000431800337____,Flurstück mit Wohnungsbestand der LWU (ab 4 WE pro Adresse),1225
810,11000431800347____,Flurstück mit Wohnungsbestand der LWU (ab 4 WE pro Adresse),1067
811,11000431800371____,Flurstück mit Wohnungsbestand der LWU (ab 4 WE pro Adresse),526
812,11000431800419____,Flurstück mit Wohnungsbestand der LWU (ab 4 WE pro Adresse),477
813,11000431800435____,Flurstück mit Wohnungsbestand der LWU (ab 4 WE pro Adresse),704
814,11000431800436____,Flurstück mit Wohnungsbestand der LWU (ab 4 WE pro Adresse),240
815,11000431800449____,Flurstück mit Wohnungsbestand der LWU (ab 4 WE pro Adresse),366
816,11000431800450____,Flurstück mit Wohnungsbestand der LWU (ab 4 WE pro Adresse),558
817,11000431900006____,Flurstück mit Wohnungsbestand der LWU (ab 4 WE pro Adresse),575
818,11000431900009____,Flurstück mit Wohnungsbestand der LWU (ab 4 WE pro Adresse),1102
819,11000431900035____,Flurstück mit Wohnungsbestand der LWU (ab 4 WE pro Adresse),1020
820,11000431900050____,Flurstück mit Wohnungsbestand der LWU (ab 4 WE pro Adresse),1795
821,11000431900085____,Flurstück mit Wohnungsbestand der LWU (ab 4 WE pro Adresse),2645
822,11000441607006____,Flurstück mit Wohnungsbestand der LWU (ab 4 WE pro Adresse),18237
823,11000441607049____,Flurstück mit Wohnungsbestand der LWU (ab 4 WE pro Adresse),4000
824,11000441607056____,Flurstück mit Wohnungsbestand der LWU (ab 4 WE pro Adresse),6649
825,11000441607058____,Flurstück mit Wohnungsbestand der LWU (ab 4 WE pro Adresse),10899
826,11000441700009____,Flurstück mit Wohnungsbestand der LWU (ab 4 WE pro Adresse),2561
827,11000441700041____,Flurstück mit Wohnungsbestand der LWU (ab 4 WE pro Adresse),969
828,11000441700045____,Flurstück mit Wohnungsbestand der LWU (ab 4 WE pro Adresse),7219
829,11000441700049____,Flurstück mit Wohnungsbestand der LWU (ab 4 WE pro Adresse),977
830,11000441700055____,Flurstück mit Wohnungsbestand der LWU (ab 4 WE pro Adresse),5185
831,11000441700108____,Flurstück mit Wohnungsbestand der LWU (ab 4 WE pro Adresse),3111
832,11000441700123____,Flurstück mit Wohnungsbestand der LWU (ab 4 WE pro Adresse),3636
833,11000441700124____,Flurstück mit Wohnungsbestand der LWU (ab 4 WE pro Adresse),12212
834,11000441700126____,Flurstück mit Wohnungsbestand der LWU (ab 4 WE pro Adresse),2527
835,11000441700129____,Flurstück mit Wohnungsbestand der LWU (ab 4 WE pro Adresse),3864
836,11000441700136____,Flurstück mit Wohnungsbestand der LWU (ab 4 WE pro Adresse),5462
837,11000441700137____,Flurstück mit Wohnungsbestand der LWU (ab 4 WE pro Adresse),2191
838,11000441800076____,Flurstück mit Wohnungsbestand der LWU (ab 4 WE pro Adresse),2210
839,11000441800086____,Flurstück mit Wohnungsbestand der LWU (ab 4 WE pro Adresse),3901
840,11000441800113____,Flurstück mit Wohnungsbestand der LWU (ab 4 WE pro Adresse),689
841,11000441800134____,Flurstück mit Wohnungsbestand der LWU (ab 4 WE pro Adresse),5949
842,11000441800139____,Flurstück mit Wohnungsbestand der LWU (ab 4 WE pro Adresse),4611
843,11000441800140____,Flurstück mit Wohnungsbestand der LWU (ab 4 WE pro Adresse),1714
844,11000441800178____,Flurstück mit Wohnungsbestand der LWU (ab 4 WE pro Adresse),703
845,11000441800187____,Flurstück mit Wohnungsbestand der LWU (ab 4 WE pro Adresse),525
846,11000441800262____,Flurstück mit Wohnungsbestand der LWU (ab 4 WE pro Adresse),669
847,11000441800295____,Flurstück mit Wohnungsbestand der LWU (ab 4 WE pro Adresse),1429
848,11000441800297____,Flurstück mit Wohnungsbestand der LWU (ab 4 WE pro Adresse),393
849,11000441800299____,Flurstück mit Wohnungsbestand der LWU (ab 4 WE pro Adresse),512
850,11000441800326____,Flurstück mit Wohnungsbestand der LWU (ab 4 WE pro Adresse),1046
851,11000441900024____,Flurstück mit Wohnungsbestand der LWU (ab 4 WE pro Adresse),551
852,11000441900059____,Flurstück mit Wohnungsbestand der LWU (ab 4 WE pro Adresse),1208
853,11000441900076____,Flurstück mit Wohnungsbestand der LWU (ab 4 WE pro Adresse),1061
854,11000441900103____,Flurstück mit Wohnungsbestand der LWU (ab 4 WE pro Adresse),775
855,11000441900182____,Flurstück mit Wohnungsbestand der LWU (ab 4 WE pro Adresse),587
856,11000441900191____,Flurstück mit Wohnungsbestand der LWU (ab 4 WE pro Adresse),841
857,11000441900194____,Flurstück mit Wohnungsbestand der LWU (ab 4 WE pro Adresse),857
858,11000441900219____,Flurstück mit Wohnungsbestand der LWU (ab 4 WE pro Adresse),580
859,11000441900270____,Flurstück mit Wohnungsbestand der LWU (ab 4 WE pro Adresse),996
860,11000441900289____,Flurstück mit Wohnungsbestand der LWU (ab 4 WE pro Adresse),952
861,11000441900290____,Flurstück mit Wohnungsbestand der LWU (ab 4 WE pro Adresse),462
862,11000441900291____,Flurstück mit Wohnungsbestand der LWU (ab 4 WE pro Adresse),384
863,11000441900336____,Flurstück mit Wohnungsbestand der LWU (ab 4 WE pro Adresse),731
864,11000451807028____,Flurstück mit Wohnungsbestand der LWU (ab 4 WE pro Adresse),1014
865,11000451807079____,Flurstück mit Wohnungsbestand der LWU (ab 4 WE pro Adresse),936
866,11000451807089____,Flurstück mit Wohnungsbestand der LWU (ab 4 WE pro Adresse),833
867,11000451807092____,Flurstück mit Wohnungsbestand der LWU (ab 4 WE pro Adresse),8762
868,11000451807109____,Flurstück mit Wohnungsbestand der LWU (ab 4 WE pro Adresse),4184
869,11000451807112____,Flurstück mit Wohnungsbestand der LWU (ab 4 WE pro Adresse),3150
870,11000451807114____,Flurstück mit Wohnungsbestand der LWU (ab 4 WE pro Adresse),726
871,11000451807120____,Flurstück mit Wohnungsbestand der LWU (ab 4 WE pro Adresse),420
872,11000451807125____,Flurstück mit Wohnungsbestand der LWU (ab 4 WE pro Adresse),8203
873,11000451807131____,Flurstück mit Wohnungsbestand der LWU (ab 4 WE pro Adresse),2454
874,11000451900010____,Flurstück mit Wohnungsbestand der LWU (ab 4 WE pro Adresse),2067
875,11000451900013____,Flurstück mit Wohnungsbestand der LWU (ab 4 WE pro Adresse),1161
876,11000451900071____,Flurstück mit Wohnungsbestand der LWU (ab 4 WE pro Adresse),1243
877,11000451900127____,Flurstück mit Wohnungsbestand der LWU (ab 4 WE pro Adresse),507
878,11000451900153____,Flurstück mit Wohnungsbestand der LWU (ab 4 WE pro Adresse),786
879,11000500208077____,Flurstück mit Wohnungsbestand der LWU (ab 4 WE pro Adresse),2227
880,11000500208084____,Flurstück mit Wohnungsbestand der LWU (ab 4 WE pro Adresse),3876
881,11000500305035____,Flurstück mit Wohnungsbestand der LWU (ab 4 WE pro Adresse),115
882,11000500305039____,Flurstück mit Wohnungsbestand der LWU (ab 4 WE pro Adresse),460
883,11000500305062____,Flurstück mit Wohnungsbestand der LWU (ab 4 WE pro Adresse),1319
884,11000500305083____,Flurstück mit Wohnungsbestand der LWU (ab 4 WE pro Adresse),2971
885,11000500305091____,Flurstück mit Wohnungsbestand der LWU (ab 4 WE pro Adresse),3255
886,11000500405033____,Flurstück mit Wohnungsbestand der LWU (ab 4 WE pro Adresse),1557
887,11000500405101____,Flurstück mit Wohnungsbestand der LWU (ab 4 WE pro Adresse),10391
888,11000500507025____,Flurstück mit Wohnungsbestand der LWU (ab 4 WE pro Adresse),760
889,11000500600012____,Flurstück mit Wohnungsbestand der LWU (ab 4 WE pro Adresse),2331
890,11000500600014____,Flurstück mit Wohnungsbestand der LWU (ab 4 WE pro Adresse),9219
891,11000500700032____,Flurstück mit Wohnungsbestand der LWU (ab 4 WE pro Adresse),2378
892,11000500700091____,Flurstück mit Wohnungsbestand der LWU (ab 4 WE pro Adresse),231
893,11000500700093____,Flurstück mit Wohnungsbestand der LWU (ab 4 WE pro Adresse),187
894,11000500700097____,Flurstück mit Wohnungsbestand der LWU (ab 4 WE pro Adresse),236
895,11000500700121____,Flurstück mit Wohnungsbestand der LWU (ab 4 WE pro Adresse),415
896,11000500700123____,Flurstück mit Wohnungsbestand der LWU (ab 4 WE pro Adresse),361
897,11000500700204____,Flurstück mit Wohnungsbestand der LWU (ab 4 WE pro Adresse),7153
898,11000500700222____,Flurstück mit Wohnungsbestand der LWU (ab 4 WE pro Adresse),2801
899,11000500700246____,Flurstück mit Wohnungsbestand der LWU (ab 4 WE pro Adresse),591
900,11000500700259____,Flurstück mit Wohnungsbestand der LWU (ab 4 WE pro Adresse),2219
901,11000500700323____,Flurstück mit Wohnungsbestand der LWU (ab 4 WE pro Adresse),7410
902,11000500700335____,Flurstück mit Wohnungsbestand der LWU (ab 4 WE pro Adresse),4921
903,11000500700345____,Flurstück mit Wohnungsbestand der LWU (ab 4 WE pro Adresse),17901
904,11000500700346____,Flurstück mit Wohnungsbestand der LWU (ab 4 WE pro Adresse),1367
905,11000500700368____,Flurstück mit Wohnungsbestand der LWU (ab 4 WE pro Adresse),13577
906,11000500700376____,Flurstück mit Wohnungsbestand der LWU (ab 4 WE pro Adresse),3738
907,11000500700418____,Flurstück mit Wohnungsbestand der LWU (ab 4 WE pro Adresse),3525
908,11000500700420____,Flurstück mit Wohnungsbestand der LWU (ab 4 WE pro Adresse),5822
909,11000500700421____,Flurstück mit Wohnungsbestand der LWU (ab 4 WE pro Adresse),2209
910,11000500700426____,Flurstück mit Wohnungsbestand der LWU (ab 4 WE pro Adresse),1834
911,11000500800065____,Flurstück mit Wohnungsbestand der LWU (ab 4 WE pro Adresse),872
912,11000500800066____,Flurstück mit Wohnungsbestand der LWU (ab 4 WE pro Adresse),567
913,11000500800070____,Flurstück mit Wohnungsbestand der LWU (ab 4 WE pro Adresse),2413
914,11000500800125____,Flurstück mit Wohnungsbestand der LWU (ab 4 WE pro Adresse),971
915,11000500800134____,Flurstück mit Wohnungsbestand der LWU (ab 4 WE pro Adresse),771
916,11000500800137____,Flurstück mit Wohnungsbestand der LWU (ab 4 WE pro Adresse),612
917,11000500800138____,Flurstück mit Wohnungsbestand der LWU (ab 4 WE pro Adresse),614
918,11000500800139____,Flurstück mit Wohnungsbestand der LWU (ab 4 WE pro Adresse),612
919,11000500800147____,Flurstück mit Wohnungsbestand der LWU (ab 4 WE pro Adresse),466
920,11000500800156____,Flurstück mit Wohnungsbestand der LWU (ab 4 WE pro Adresse),2963
921,11000500800204____,Flurstück mit Wohnungsbestand der LWU (ab 4 WE pro Adresse),2103
922,11000500800206____,Flurstück mit Wohnungsbestand der LWU (ab 4 WE pro Adresse),442
923,11000500800233____,Flurstück mit Wohnungsbestand der LWU (ab 4 WE pro Adresse),3116
924,11000500800238____,Flurstück mit Wohnungsbestand der LWU (ab 4 WE pro Adresse),1311
925,11000500900037____,Flurstück mit Wohnungsbestand der LWU (ab 4 WE pro Adresse),884
926,11000500900054____,Flurstück mit Wohnungsbestand der LWU (ab 4 WE pro Adresse),2033
927,11000500900057____,Flurstück mit Wohnungsbestand der LWU (ab 4 WE pro Adresse),845
928,11000500900060____,Flurstück mit Wohnungsbestand der LWU (ab 4 WE pro Adresse),2801
929,11000500900062____,Flurstück mit Wohnungsbestand der LWU (ab 4 WE pro Adresse),8579
930,11000500900075____,Flurstück mit Wohnungsbestand der LWU (ab 4 WE pro Adresse),2799
931,11000500900118____,Flurstück mit Wohnungsbestand der LWU (ab 4 WE pro Adresse),807
932,11000500900129____,Flurstück mit Wohnungsbestand der LWU (ab 4 WE pro Adresse),792
933,11000500900146____,Flurstück mit Wohnungsbestand der LWU (ab 4 WE pro Adresse),2402
934,11000500900251____,Flurstück mit Wohnungsbestand der LWU (ab 4 WE pro Adresse),931
935,11000500900273____,Flurstück mit Wohnungsbestand der LWU (ab 4 WE pro Adresse),1394
936,11000501007004____,Flurstück mit Wohnungsbestand der LWU (ab 4 WE pro Adresse),538
937,11000501007015____,Flurstück mit Wohnungsbestand der LWU (ab 4 WE pro Adresse),453
938,11000501301284____,Flurstück mit Wohnungsbestand der LWU (ab 4 WE pro Adresse),1815
939,11000501301300____,Flurstück mit Wohnungsbestand der LWU (ab 4 WE pro Adresse),8596
940,11000501301304____,Flurstück mit Wohnungsbestand der LWU (ab 4 WE pro Adresse),8556
941,11000501301313____,Flurstück mit Wohnungsbestand der LWU (ab 4 WE pro Adresse),4507
942,11000501301314____,Flurstück mit Wohnungsbestand der LWU (ab 4 WE pro Adresse),5722
943,11000501301367____,Flurstück mit Wohnungsbestand der LWU (ab 4 WE pro Adresse),7624
944,11000501301402____,Flurstück mit Wohnungsbestand der LWU (ab 4 WE pro Adresse),7132
945,11000501301411____,Flurstück mit Wohnungsbestand der LWU (ab 4 WE pro Adresse),3313
946,11000501301481____,Flurstück mit Wohnungsbestand der LWU (ab 4 WE pro Adresse),2124
947,11000501301492____,Flurstück mit Wohnungsbestand der LWU (ab 4 WE pro Adresse),2516
948,11000501301493____,Flurstück mit Wohnungsbestand der LWU (ab 4 WE pro Adresse),3718
949,11000501301508____,Flurstück mit Wohnungsbestand der LWU (ab 4 WE pro Adresse),1823
950,11000501301520____,Flurstück mit Wohnungsbestand der LWU (ab 4 WE pro Adresse),4652
951,11000501301521____,Flurstück mit Wohnungsbestand der LWU (ab 4 WE pro Adresse),1831
952,11000501301522____,Flurstück mit Wohnungsbestand der LWU (ab 4 WE pro Adresse),6377
953,11000501301523____,Flurstück mit Wohnungsbestand der LWU (ab 4 WE pro Adresse),1627
954,11000501301524____,Flurstück mit Wohnungsbestand der LWU (ab 4 WE pro Adresse),5223
955,11000501301589____,Flurstück mit Wohnungsbestand der LWU (ab 4 WE pro Adresse),23501
956,11000501301592____,Flurstück mit Wohnungsbestand der LWU (ab 4 WE pro Adresse),16000
957,11000501301594____,Flurstück mit Wohnungsbestand der LWU (ab 4 WE pro Adresse),9273
958,11000501400015____,Flurstück mit Wohnungsbestand der LWU (ab 4 WE pro Adresse),876
959,11000501400018____,Flurstück mit Wohnungsbestand der LWU (ab 4 WE pro Adresse),427
960,11000501400019____,Flurstück mit Wohnungsbestand der LWU (ab 4 WE pro Adresse),360
961,11000501400020____,Flurstück mit Wohnungsbestand der LWU (ab 4 WE pro Adresse),265
962,11000501400233____,Flurstück mit Wohnungsbestand der LWU (ab 4 WE pro Adresse),2610
963,11000501400234____,Flurstück mit Wohnungsbestand der LWU (ab 4 WE pro Adresse),855
964,11000501400236____,Flurstück mit Wohnungsbestand der LWU (ab 4 WE pro Adresse),1978
965,11000501400239____,Flurstück mit Wohnungsbestand der LWU (ab 4 WE pro Adresse),4572
966,11000501400241____,Flurstück mit Wohnungsbestand der LWU (ab 4 WE pro Adresse),4440
967,11000501400246____,Flurstück mit Wohnungsbestand der LWU (ab 4 WE pro Adresse),487
968,11000501400306____,Flurstück mit Wohnungsbestand der LWU (ab 4 WE pro Adresse),2394
969,11000501400310____,Flurstück mit Wohnungsbestand der LWU (ab 4 WE pro Adresse),4703
970,11000501400340____,Flurstück mit Wohnungsbestand der LWU (ab 4 WE pro Adresse),856
971,11000501400379____,Flurstück mit Wohnungsbestand der LWU (ab 4 WE pro Adresse),737
972,11000501400380____,Flurstück mit Wohnungsbestand der LWU (ab 4 WE pro Adresse),652
973,11000501400385____,Flurstück mit Wohnungsbestand der LWU (ab 4 WE pro Adresse),1156
974,11000501400429____,Flurstück mit Wohnungsbestand der LWU (ab 4 WE pro Adresse),1676
975,11000501400431____,Flurstück mit Wohnungsbestand der LWU (ab 4 WE pro Adresse),3114
976,11000501400433____,Flurstück mit Wohnungsbestand der LWU (ab 4 WE pro Adresse),3309
977,11000501400443____,Flurstück mit Wohnungsbestand der LWU (ab 4 WE pro Adresse),877
978,11000501400480____,Flurstück mit Wohnungsbestand der LWU (ab 4 WE pro Adresse),707
979,11000501400484____,Flurstück mit Wohnungsbestand der LWU (ab 4 WE pro Adresse),5112
980,11000501400489____,Flurstück mit Wohnungsbestand der LWU (ab 4 WE pro Adresse),6131
981,11000501400544____,Flurstück mit Wohnungsbestand der LWU (ab 4 WE pro Adresse),759
982,11000501400556____,Flurstück mit Wohnungsbestand der LWU (ab 4 WE pro Adresse),18044
983,11000501400576____,Flurstück mit Wohnungsbestand der LWU (ab 4 WE pro Adresse),3325
984,11000501400580____,Flurstück mit Wohnungsbestand der LWU (ab 4 WE pro Adresse),4363
985,11000501400590____,Flurstück mit Wohnungsbestand der LWU (ab 4 WE pro Adresse),10800
986,11000501400612____,Flurstück mit Wohnungsbestand der LWU (ab 4 WE pro Adresse),6714
987,11000501400614____,Flurstück mit Wohnungsbestand der LWU (ab 4 WE pro Adresse),8759
988,11000501400618____,Flurstück mit Wohnungsbestand der LWU (ab 4 WE pro Adresse),2132
989,11000501400626____,Flurstück mit Wohnungsbestand der LWU (ab 4 WE pro Adresse),4521
990,11000501500001____,Flurstück mit Wohnungsbestand der LWU (ab 4 WE pro Adresse),820
991,11000501500005____,Flurstück mit Wohnungsbestand der LWU (ab 4 WE pro Adresse),757
992,11000501500011____,Flurstück mit Wohnungsbestand der LWU (ab 4 WE pro Adresse),441
993,11000501500029____,Flurstück mit Wohnungsbestand der LWU (ab 4 WE pro Adresse),508
994,11000501500030____,Flurstück mit Wohnungsbestand der LWU (ab 4 WE pro Adresse),1017
995,11000501500033____,Flurstück mit Wohnungsbestand der LWU (ab 4 WE pro Adresse),1975
996,11000501500034____,Flurstück mit Wohnungsbestand der LWU (ab 4 WE pro Adresse),510
997,11000501500035____,Flurstück mit Wohnungsbestand der LWU (ab 4 WE pro Adresse),511
998,11000501500039____,Flurstück mit Wohnungsbestand der LWU (ab 4 WE pro Adresse),504
999,11000501500040____,Flurstück mit Wohnungsbestand der LWU (ab 4 WE pro Adresse),523
1000,11000501500078____,Flurstück mit Wohnungsbestand der LWU (ab 4 WE pro Adresse),655
1001,11000501500081____,Flurstück mit Wohnungsbestand der LWU (ab 4 WE pro Adresse),987
1002,11000501500164____,Flurstück mit Wohnungsbestand der LWU (ab 4 WE pro Adresse),585
1003,11000501500307____,Flurstück mit Wohnungsbestand der LWU (ab 4 WE pro Adresse),2385
1004,11000501500362____,Flurstück mit Wohnungsbestand der LWU (ab 4 WE pro Adresse),1434
1005,11000501500422____,Flurstück mit Wohnungsbestand der LWU (ab 4 WE pro Adresse),2279
1006,11000501500480____,Flurstück mit Wohnungsbestand der LWU (ab 4 WE pro Adresse),595
1007,11000501500521____,Flurstück mit Wohnungsbestand der LWU (ab 4 WE pro Adresse),1156
1008,11000501500526____,Flurstück mit Wohnungsbestand der LWU (ab 4 WE pro Adresse),1259
1009,11000501500560____,Flurstück mit Wohnungsbestand der LWU (ab 4 WE pro Adresse),2675
1010,11000501500563____,Flurstück mit Wohnungsbestand der LWU (ab 4 WE pro Adresse),3785
1011,11000501500568____,Flurstück mit Wohnungsbestand der LWU (ab 4 WE pro Adresse),53
1012,11000501500569____,Flurstück mit Wohnungsbestand der LWU (ab 4 WE pro Adresse),32
1013,11000501500570____,Flurstück mit Wohnungsbestand der LWU (ab 4 WE pro Adresse),1135
1014,11000501500604____,Flurstück mit Wohnungsbestand der LWU (ab 4 WE pro Adresse),4232
1015,11000501500606____,Flurstück mit Wohnungsbestand der LWU (ab 4 WE pro Adresse),2935
1016,11000501500615____,Flurstück mit Wohnungsbestand der LWU (ab 4 WE pro Adresse),1391
1017,11000501500616____,Flurstück mit Wohnungsbestand der LWU (ab 4 WE pro Adresse),788
1018,11000501500676____,Flurstück mit Wohnungsbestand der LWU (ab 4 WE pro Adresse),2835
1019,11000501500677____,Flurstück mit Wohnungsbestand der LWU (ab 4 WE pro Adresse),1514
1020,11000501500678____,Flurstück mit Wohnungsbestand der LWU (ab 4 WE pro Adresse),1249
1021,11000501500683____,Flurstück mit Wohnungsbestand der LWU (ab 4 WE pro Adresse),3843
1022,11000501600024____,Flurstück mit Wohnungsbestand der LWU (ab 4 WE pro Adresse),757
1023,11000501600040____,Flurstück mit Wohnungsbestand der LWU (ab 4 WE pro Adresse),531
1024,11000501600045____,Flurstück mit Wohnungsbestand der LWU (ab 4 WE pro Adresse),604
1025,11000501600144____,Flurstück mit Wohnungsbestand der LWU (ab 4 WE pro Adresse),1073
1026,11000501600152____,Flurstück mit Wohnungsbestand der LWU (ab 4 WE pro Adresse),508
1027,11000501600168____,Flurstück mit Wohnungsbestand der LWU (ab 4 WE pro Adresse),776
1028,11000501600205____,Flurstück mit Wohnungsbestand der LWU (ab 4 WE pro Adresse),467
1029,11000501600207____,Flurstück mit Wohnungsbestand der LWU (ab 4 WE pro Adresse),463
1030,11000501600230____,Flurstück mit Wohnungsbestand der LWU (ab 4 WE pro Adresse),736
1031,11000501600234____,Flurstück mit Wohnungsbestand der LWU (ab 4 WE pro Adresse),482
1032,11000501600235____,Flurstück mit Wohnungsbestand der LWU (ab 4 WE pro Adresse),1077
1033,11000501600242____,Flurstück mit Wohnungsbestand der LWU (ab 4 WE pro Adresse),971
1034,11000501600398____,Flurstück mit Wohnungsbestand der LWU (ab 4 WE pro Adresse),887
1035,11000501600618____,Flurstück mit Wohnungsbestand der LWU (ab 4 WE pro Adresse),914
1036,11000501900021____,Flurstück mit Wohnungsbestand der LWU (ab 4 WE pro Adresse),393
1037,11000501900225____,Flurstück mit Wohnungsbestand der LWU (ab 4 WE pro Adresse),5537
1038,11000501900226____,Flurstück mit Wohnungsbestand der LWU (ab 4 WE pro Adresse),4280
1039,11000501900231____,Flurstück mit Wohnungsbestand der LWU (ab 4 WE pro Adresse),7626
1040,11000501900245____,Flurstück mit Wohnungsbestand der LWU (ab 4 WE pro Adresse),4331
1041,11000501900246____,Flurstück mit Wohnungsbestand der LWU (ab 4 WE pro Adresse),5657
1042,11000501900502____,Flurstück mit Wohnungsbestand der LWU (ab 4 WE pro Adresse),9479
1043,11000502000171____,Flurstück mit Wohnungsbestand der LWU (ab 4 WE pro Adresse),528
1044,11000502000238____,Flurstück mit Wohnungsbestand der LWU (ab 4 WE pro Adresse),3247
1045,11000502000253____,Flurstück mit Wohnungsbestand der LWU (ab 4 WE pro Adresse),5341
1046,11000502100031____,Flurstück mit Wohnungsbestand der LWU (ab 4 WE pro Adresse),906
1047,11000502100034____,Flurstück mit Wohnungsbestand der LWU (ab 4 WE pro Adresse),776
1048,11000502100099____,Flurstück mit Wohnungsbestand der LWU (ab 4 WE pro Adresse),2146
1049,11000502100106____,Flurstück mit Wohnungsbestand der LWU (ab 4 WE pro Adresse),1486
1050,11000502100115____,Flurstück mit Wohnungsbestand der LWU (ab 4 WE pro Adresse),1149
1051,11000502100117____,Flurstück mit Wohnungsbestand der LWU (ab 4 WE pro Adresse),2460
1052,11000502100152____,Flurstück mit Wohnungsbestand der LWU (ab 4 WE pro Adresse),599
1053,11000502100182____,Flurstück mit Wohnungsbestand der LWU (ab 4 WE pro Adresse),883
1054,11000502100188____,Flurstück mit Wohnungsbestand der LWU (ab 4 WE pro Adresse),2780
1055,11000502100394____,Flurstück mit Wohnungsbestand der LWU (ab 4 WE pro Adresse),833
1056,11000502100397____,Flurstück mit Wohnungsbestand der LWU (ab 4 WE pro Adresse),345
1057,11000502100400____,Flurstück mit Wohnungsbestand der LWU (ab 4 WE pro Adresse),2981
1058,11000502100417____,Flurstück mit Wohnungsbestand der LWU (ab 4 WE pro Adresse),1161
1059,11000502200057____,Flurstück mit Wohnungsbestand der LWU (ab 4 WE pro Adresse),671
1060,11000502200094____,Flurstück mit Wohnungsbestand der LWU (ab 4 WE pro Adresse),563
1061,11000502200106____,Flurstück mit Wohnungsbestand der LWU (ab 4 WE pro Adresse),1984
1062,11000502200119____,Flurstück mit Wohnungsbestand der LWU (ab 4 WE pro Adresse),918
1063,11000502200139____,Flurstück mit Wohnungsbestand der LWU (ab 4 WE pro Adresse),1829
1064,11000502200140____,Flurstück mit Wohnungsbestand der LWU (ab 4 WE pro Adresse),355
1065,11000502200146____,Flurstück mit Wohnungsbestand der LWU (ab 4 WE pro Adresse),340
1066,11000502200187____,Flurstück mit Wohnungsbestand der LWU (ab 4 WE pro Adresse),553
1067,11000502200196____,Flurstück mit Wohnungsbestand der LWU (ab 4 WE pro Adresse),1509
1068,11000502200200____,Flurstück mit Wohnungsbestand der LWU (ab 4 WE pro Adresse),518
1069,11000502200230____,Flurstück mit Wohnungsbestand der LWU (ab 4 WE pro Adresse),769
1070,11000502200271____,Flurstück mit Wohnungsbestand der LWU (ab 4 WE pro Adresse),620
1071,11000502200298____,Flurstück mit Wohnungsbestand der LWU (ab 4 WE pro Adresse),956
1072,11000502200301____,Flurstück mit Wohnungsbestand der LWU (ab 4 WE pro Adresse),689
1073,11000502200307____,Flurstück mit Wohnungsbestand der LWU (ab 4 WE pro Adresse),397
1074,11000502200378____,Flurstück mit Wohnungsbestand der LWU (ab 4 WE pro Adresse),1540
1075,11000502200464____,Flurstück mit Wohnungsbestand der LWU (ab 4 WE pro Adresse),3384
1076,11000502200540____,Flurstück mit Wohnungsbestand der LWU (ab 4 WE pro Adresse),387
1077,11000502200566____,Flurstück mit Wohnungsbestand der LWU (ab 4 WE pro Adresse),1514
1078,11000502200588____,Flurstück mit Wohnungsbestand der LWU (ab 4 WE pro Adresse),969
1079,11000502200604____,Flurstück mit Wohnungsbestand der LWU (ab 4 WE pro Adresse),1782
1080,11000502200609____,Flurstück mit Wohnungsbestand der LWU (ab 4 WE pro Adresse),3861
1081,11000502200610____,Flurstück mit Wohnungsbestand der LWU (ab 4 WE pro Adresse),5160
1082,11000502300042____,Flurstück mit Wohnungsbestand der LWU (ab 4 WE pro Adresse),377
1083,11000502300047____,Flurstück mit Wohnungsbestand der LWU (ab 4 WE pro Adresse),776
1084,11000502300053____,Flurstück mit Wohnungsbestand der LWU (ab 4 WE pro Adresse),2332
1085,11000502300054____,Flurstück mit Wohnungsbestand der LWU (ab 4 WE pro Adresse),683
1086,11000502300055____,Flurstück mit Wohnungsbestand der LWU (ab 4 WE pro Adresse),667
1087,11000502300060____,Flurstück mit Wohnungsbestand der LWU (ab 4 WE pro Adresse),573
1088,11000502300061____,Flurstück mit Wohnungsbestand der LWU (ab 4 WE pro Adresse),571
1089,11000502300062____,Flurstück mit Wohnungsbestand der LWU (ab 4 WE pro Adresse),574
1090,11000502300097____,Flurstück mit Wohnungsbestand der LWU (ab 4 WE pro Adresse),632
1091,11000502300098____,Flurstück mit Wohnungsbestand der LWU (ab 4 WE pro Adresse),615
1092,11000502300102____,Flurstück mit Wohnungsbestand der LWU (ab 4 WE pro Adresse),2103
1093,11000502700072____,Flurstück mit Wohnungsbestand der LWU (ab 4 WE pro Adresse),666
1094,11000502700124____,Flurstück mit Wohnungsbestand der LWU (ab 4 WE pro Adresse),859
1095,11000502700158____,Flurstück mit Wohnungsbestand der LWU (ab 4 WE pro Adresse),992
1096,11000502700167____,Flurstück mit Wohnungsbestand der LWU (ab 4 WE pro Adresse),1780
1097,11000502700169____,Flurstück mit Wohnungsbestand der LWU (ab 4 WE pro Adresse),954
1098,11000502700341____,Flurstück mit Wohnungsbestand der LWU (ab 4 WE pro Adresse),1206
1099,11000502700351____,Flurstück mit Wohnungsbestand der LWU (ab 4 WE pro Adresse),1773
1100,11000503000032____,Flurstück mit Wohnungsbestand der LWU (ab 4 WE pro Adresse),701
1101,11000503000124____,Flurstück mit Wohnungsbestand der LWU (ab 4 WE pro Adresse),2287
1102,11000503000176____,Flurstück mit Wohnungsbestand der LWU (ab 4 WE pro Adresse),10389
1103,11000503000232____,Flurstück mit Wohnungsbestand der LWU (ab 4 WE pro Adresse),27848
1104,11000503300687____,Flurstück mit Wohnungsbestand der LWU (ab 4 WE pro Adresse),772
1105,11000503300819____,Flurstück mit Wohnungsbestand der LWU (ab 4 WE pro Adresse),5079
1106,11000503300856____,Flurstück mit Wohnungsbestand der LWU (ab 4 WE pro Adresse),2233
1107,11000503600068____,Flurstück mit Wohnungsbestand der LWU (ab 4 WE pro Adresse),1468
1108,110006001000330029,Flurstück mit Wohnungsbestand der LWU (ab 4 WE pro Adresse),490
1109,110006001000840003,Flurstück mit Wohnungsbestand der LWU (ab 4 WE pro Adresse),1332
1110,110006001006030126,Flurstück mit Wohnungsbestand der LWU (ab 4 WE pro Adresse),375
1111,110006001006360090,Flurstück mit Wohnungsbestand der LWU (ab 4 WE pro Adresse),1181
1112,110006001010480032,Flurstück mit Wohnungsbestand der LWU (ab 4 WE pro Adresse),322
1113,110006001014860048,Flurstück mit Wohnungsbestand der LWU (ab 4 WE pro Adresse),279
1114,110006001015680015,Flurstück mit Wohnungsbestand der LWU (ab 4 WE pro Adresse),650
1115,110006001015690015,Flurstück mit Wohnungsbestand der LWU (ab 4 WE pro Adresse),552
1116,110006001015700015,Flurstück mit Wohnungsbestand der LWU (ab 4 WE pro Adresse),550
1117,110006001016180015,Flurstück mit Wohnungsbestand der LWU (ab 4 WE pro Adresse),552
1118,110006001016250015,Flurstück mit Wohnungsbestand der LWU (ab 4 WE pro Adresse),551
1119,110006001018650187,Flurstück mit Wohnungsbestand der LWU (ab 4 WE pro Adresse),859
1120,110006001018840168,Flurstück mit Wohnungsbestand der LWU (ab 4 WE pro Adresse),444
1121,110006001032710033,Flurstück mit Wohnungsbestand der LWU (ab 4 WE pro Adresse),489
1122,110006001036960090,Flurstück mit Wohnungsbestand der LWU (ab 4 WE pro Adresse),1000
1123,11000600103922____,Flurstück mit Wohnungsbestand der LWU (ab 4 WE pro Adresse),14987
1124,11000600104063____,Flurstück mit Wohnungsbestand der LWU (ab 4 WE pro Adresse),546
1125,11000600104224____,Flurstück mit Wohnungsbestand der LWU (ab 4 WE pro Adresse),3077
1126,110006002002320015,Flurstück mit Wohnungsbestand der LWU (ab 4 WE pro Adresse),597
1127,110006002002360001,Flurstück mit Wohnungsbestand der LWU (ab 4 WE pro Adresse),5140
1128,110006002002910002,Flurstück mit Wohnungsbestand der LWU (ab 4 WE pro Adresse),477
1129,110006002009470221,Flurstück mit Wohnungsbestand der LWU (ab 4 WE pro Adresse),478
1130,110006002014330232,Flurstück mit Wohnungsbestand der LWU (ab 4 WE pro Adresse),543
1131,110006002025980295,Flurstück mit Wohnungsbestand der LWU (ab 4 WE pro Adresse),707
1132,11000600202856____,Flurstück mit Wohnungsbestand der LWU (ab 4 WE pro Adresse),1377
1133,110006003001260003,Flurstück mit Wohnungsbestand der LWU (ab 4 WE pro Adresse),2125
1134,11000600300320____,Flurstück mit Wohnungsbestand der LWU (ab 4 WE pro Adresse),1716
1135,110006003007100157,Flurstück mit Wohnungsbestand der LWU (ab 4 WE pro Adresse),304
1136,110006003012240165,Flurstück mit Wohnungsbestand der LWU (ab 4 WE pro Adresse),431
1137,110006003014060027,Flurstück mit Wohnungsbestand der LWU (ab 4 WE pro Adresse),1170
1138,110006003014650027,Flurstück mit Wohnungsbestand der LWU (ab 4 WE pro Adresse),890
1139,110006003016350139,Flurstück mit Wohnungsbestand der LWU (ab 4 WE pro Adresse),819
1140,110006003016380139,Flurstück mit Wohnungsbestand der LWU (ab 4 WE pro Adresse),351
1141,110006003016870139,Flurstück mit Wohnungsbestand der LWU (ab 4 WE pro Adresse),624
1142,110006003017230137,Flurstück mit Wohnungsbestand der LWU (ab 4 WE pro Adresse),714
1143,110006003017450067,Flurstück mit Wohnungsbestand der LWU (ab 4 WE pro Adresse),1408
1144,110006003022260160,Flurstück mit Wohnungsbestand der LWU (ab 4 WE pro Adresse),351
1145,110006003023220008,Flurstück mit Wohnungsbestand der LWU (ab 4 WE pro Adresse),782
1146,11000600302422____,Flurstück mit Wohnungsbestand der LWU (ab 4 WE pro Adresse),3644
1147,11000600302440____,Flurstück mit Wohnungsbestand der LWU (ab 4 WE pro Adresse),680
1148,11000600302441____,Flurstück mit Wohnungsbestand der LWU (ab 4 WE pro Adresse),614
1149,11000600302462____,Flurstück mit Wohnungsbestand der LWU (ab 4 WE pro Adresse),4112
1150,11000600302476____,Flurstück mit Wohnungsbestand der LWU (ab 4 WE pro Adresse),3184
1151,11000600302477____,Flurstück mit Wohnungsbestand der LWU (ab 4 WE pro Adresse),1299
1152,11000600302485____,Flurstück mit Wohnungsbestand der LWU (ab 4 WE pro Adresse),3627
1153,11000600302497____,Flurstück mit Wohnungsbestand der LWU (ab 4 WE pro Adresse),1924
1154,11000600302498____,Flurstück mit Wohnungsbestand der LWU (ab 4 WE pro Adresse),2192
1155,11000600302520____,Flurstück mit Wohnungsbestand der LWU (ab 4 WE pro Adresse),9045
1156,11000600302543____,Flurstück mit Wohnungsbestand der LWU (ab 4 WE pro Adresse),3748
1157,11000600302572____,Flurstück mit Wohnungsbestand der LWU (ab 4 WE pro Adresse),4259
1158,11000600302574____,Flurstück mit Wohnungsbestand der LWU (ab 4 WE pro Adresse),3429
1159,11000600302593____,Flurstück mit Wohnungsbestand der LWU (ab 4 WE pro Adresse),1273
1160,11000600302597____,Flurstück mit Wohnungsbestand der LWU (ab 4 WE pro Adresse),5197
1161,11000600302598____,Flurstück mit Wohnungsbestand der LWU (ab 4 WE pro Adresse),1267
1162,11000600302599____,Flurstück mit Wohnungsbestand der LWU (ab 4 WE pro Adresse),338
1163,11000600302616____,Flurstück mit Wohnungsbestand der LWU (ab 4 WE pro Adresse),33505
1164,110006004000020039,Flurstück mit Wohnungsbestand der LWU (ab 4 WE pro Adresse),567
1165,110006004000290001,Flurstück mit Wohnungsbestand der LWU (ab 4 WE pro Adresse),894
1166,110006004000290003,Flurstück mit Wohnungsbestand der LWU (ab 4 WE pro Adresse),899
1167,110006004000360001,Flurstück mit Wohnungsbestand der LWU (ab 4 WE pro Adresse),704
1168,110006004000400001,Flurstück mit Wohnungsbestand der LWU (ab 4 WE pro Adresse),427
1169,110006004002100038,Flurstück mit Wohnungsbestand der LWU (ab 4 WE pro Adresse),414
1170,110006004002260034,Flurstück mit Wohnungsbestand der LWU (ab 4 WE pro Adresse),801
1171,110006004002680038,Flurstück mit Wohnungsbestand der LWU (ab 4 WE pro Adresse),529
1172,110006004002700033,Flurstück mit Wohnungsbestand der LWU (ab 4 WE pro Adresse),363
1173,110006004002710033,Flurstück mit Wohnungsbestand der LWU (ab 4 WE pro Adresse),475
1174,110006004002860033,Flurstück mit Wohnungsbestand der LWU (ab 4 WE pro Adresse),531
1175,110006004002880033,Flurstück mit Wohnungsbestand der LWU (ab 4 WE pro Adresse),256
1176,110006004002900033,Flurstück mit Wohnungsbestand der LWU (ab 4 WE pro Adresse),373
1177,110006004002910033,Flurstück mit Wohnungsbestand der LWU (ab 4 WE pro Adresse),535
1178,110006004002920033,Flurstück mit Wohnungsbestand der LWU (ab 4 WE pro Adresse),593
1179,110006004002930033,Flurstück mit Wohnungsbestand der LWU (ab 4 WE pro Adresse),581
1180,110006004002970033,Flurstück mit Wohnungsbestand der LWU (ab 4 WE pro Adresse),596
1181,110006004003170033,Flurstück mit Wohnungsbestand der LWU (ab 4 WE pro Adresse),422
1182,110006004003330035,Flurstück mit Wohnungsbestand der LWU (ab 4 WE pro Adresse),432
1183,110006004003340034,Flurstück mit Wohnungsbestand der LWU (ab 4 WE pro Adresse),316
1184,110006004004170040,Flurstück mit Wohnungsbestand der LWU (ab 4 WE pro Adresse),270
1185,110006004004180041,Flurstück mit Wohnungsbestand der LWU (ab 4 WE pro Adresse),394
1186,110006004004360040,Flurstück mit Wohnungsbestand der LWU (ab 4 WE pro Adresse),374
1187,110006004004740040,Flurstück mit Wohnungsbestand der LWU (ab 4 WE pro Adresse),530
1188,110006004005190040,Flurstück mit Wohnungsbestand der LWU (ab 4 WE pro Adresse),364
1189,110006004005210045,Flurstück mit Wohnungsbestand der LWU (ab 4 WE pro Adresse),632
1190,110006004005230040,Flurstück mit Wohnungsbestand der LWU (ab 4 WE pro Adresse),682
1191,110006004005280045,Flurstück mit Wohnungsbestand der LWU (ab 4 WE pro Adresse),972
1192,110006004005370040,Flurstück mit Wohnungsbestand der LWU (ab 4 WE pro Adresse),715
1193,110006004005400040,Flurstück mit Wohnungsbestand der LWU (ab 4 WE pro Adresse),391
1194,110006004005590045,Flurstück mit Wohnungsbestand der LWU (ab 4 WE pro Adresse),675
1195,110006004005610045,Flurstück mit Wohnungsbestand der LWU (ab 4 WE pro Adresse),678
1196,110006004005670045,Flurstück mit Wohnungsbestand der LWU (ab 4 WE pro Adresse),682
1197,110006004005680045,Flurstück mit Wohnungsbestand der LWU (ab 4 WE pro Adresse),681
1198,110006004005770045,Flurstück mit Wohnungsbestand der LWU (ab 4 WE pro Adresse),881
1199,110006004005780045,Flurstück mit Wohnungsbestand der LWU (ab 4 WE pro Adresse),504
1200,110006004005860033,Flurstück mit Wohnungsbestand der LWU (ab 4 WE pro Adresse),691
1201,110006004005870033,Flurstück mit Wohnungsbestand der LWU (ab 4 WE pro Adresse),458
1202,110006004005960045,Flurstück mit Wohnungsbestand der LWU (ab 4 WE pro Adresse),639
1203,110006004005980033,Flurstück mit Wohnungsbestand der LWU (ab 4 WE pro Adresse),580
1204,110006004006010033,Flurstück mit Wohnungsbestand der LWU (ab 4 WE pro Adresse),520
1205,110006004006070033,Flurstück mit Wohnungsbestand der LWU (ab 4 WE pro Adresse),851
1206,110006004006220033,Flurstück mit Wohnungsbestand der LWU (ab 4 WE pro Adresse),490
1207,110006004006260033,Flurstück mit Wohnungsbestand der LWU (ab 4 WE pro Adresse),901
1208,110006004006320033,Flurstück mit Wohnungsbestand der LWU (ab 4 WE pro Adresse),533
1209,110006004006330033,Flurstück mit Wohnungsbestand der LWU (ab 4 WE pro Adresse),536
1210,110006004006350033,Flurstück mit Wohnungsbestand der LWU (ab 4 WE pro Adresse),304
1211,110006004006450033,Flurstück mit Wohnungsbestand der LWU (ab 4 WE pro Adresse),543
1212,110006004006520040,Flurstück mit Wohnungsbestand der LWU (ab 4 WE pro Adresse),406
1213,110006004006570033,Flurstück mit Wohnungsbestand der LWU (ab 4 WE pro Adresse),809
1214,110006004006580033,Flurstück mit Wohnungsbestand der LWU (ab 4 WE pro Adresse),299
1215,110006004006690062,Flurstück mit Wohnungsbestand der LWU (ab 4 WE pro Adresse),1422
1216,110006004006900045,Flurstück mit Wohnungsbestand der LWU (ab 4 WE pro Adresse),542
1217,110006004007160040,Flurstück mit Wohnungsbestand der LWU (ab 4 WE pro Adresse),654
1218,110006004007190033,Flurstück mit Wohnungsbestand der LWU (ab 4 WE pro Adresse),907
1219,110006004007240044,Flurstück mit Wohnungsbestand der LWU (ab 4 WE pro Adresse),805
1220,110006004007350060,Flurstück mit Wohnungsbestand der LWU (ab 4 WE pro Adresse),586
1221,110006004007360060,Flurstück mit Wohnungsbestand der LWU (ab 4 WE pro Adresse),613
1222,110006004007370060,Flurstück mit Wohnungsbestand der LWU (ab 4 WE pro Adresse),639
1223,110006004007390033,Flurstück mit Wohnungsbestand der LWU (ab 4 WE pro Adresse),923
1224,110006004007430025,Flurstück mit Wohnungsbestand der LWU (ab 4 WE pro Adresse),586
1225,110006004007460025,Flurstück mit Wohnungsbestand der LWU (ab 4 WE pro Adresse),601
1226,110006004007510033,Flurstück mit Wohnungsbestand der LWU (ab 4 WE pro Adresse),644
1227,110006004007610033,Flurstück mit Wohnungsbestand der LWU (ab 4 WE pro Adresse),848
1228,110006004007630033,Flurstück mit Wohnungsbestand der LWU (ab 4 WE pro Adresse),926
1229,110006004007900045,Flurstück mit Wohnungsbestand der LWU (ab 4 WE pro Adresse),664
1230,110006004008220033,Flurstück mit Wohnungsbestand der LWU (ab 4 WE pro Adresse),850
1231,110006004008920035,Flurstück mit Wohnungsbestand der LWU (ab 4 WE pro Adresse),639
1232,110006004008940013,Flurstück mit Wohnungsbestand der LWU (ab 4 WE pro Adresse),925
1233,11000600400919____,Flurstück mit Wohnungsbestand der LWU (ab 4 WE pro Adresse),851
1234,11000600400920____,Flurstück mit Wohnungsbestand der LWU (ab 4 WE pro Adresse),1639
1235,11000600400921____,Flurstück mit Wohnungsbestand der LWU (ab 4 WE pro Adresse),1326
1236,11000600400923____,Flurstück mit Wohnungsbestand der LWU (ab 4 WE pro Adresse),763
1237,11000600400927____,Flurstück mit Wohnungsbestand der LWU (ab 4 WE pro Adresse),571
1238,11000600400934____,Flurstück mit Wohnungsbestand der LWU (ab 4 WE pro Adresse),357
1239,11000600502186____,Flurstück mit Wohnungsbestand der LWU (ab 4 WE pro Adresse),2168
1240,11000600502274____,Flurstück mit Wohnungsbestand der LWU (ab 4 WE pro Adresse),6129
1241,110006006002750001,Flurstück mit Wohnungsbestand der LWU (ab 4 WE pro Adresse),679
1242,110006006006570155,Flurstück mit Wohnungsbestand der LWU (ab 4 WE pro Adresse),387
1243,110006006028330275,Flurstück mit Wohnungsbestand der LWU (ab 4 WE pro Adresse),454
1244,11000600603102____,Flurstück mit Wohnungsbestand der LWU (ab 4 WE pro Adresse),2511
1245,11000600603117____,Flurstück mit Wohnungsbestand der LWU (ab 4 WE pro Adresse),1785
1246,11000600603124____,Flurstück mit Wohnungsbestand der LWU (ab 4 WE pro Adresse),529
1247,11000600603490____,Flurstück mit Wohnungsbestand der LWU (ab 4 WE pro Adresse),3259
1248,11000600603491____,Flurstück mit Wohnungsbestand der LWU (ab 4 WE pro Adresse),3268
1249,11000600603492____,Flurstück mit Wohnungsbestand der LWU (ab 4 WE pro Adresse),4619
1250,110006189002850001,Flurstück mit Wohnungsbestand der LWU (ab 4 WE pro Adresse),7642
1251,11000618900487____,Flurstück mit Wohnungsbestand der LWU (ab 4 WE pro Adresse),14186
1252,11000618900544____,Flurstück mit Wohnungsbestand der LWU (ab 4 WE pro Adresse),3759
1253,11000618900554____,Flurstück mit Wohnungsbestand der LWU (ab 4 WE pro Adresse),3011
1254,11000618900563____,Flurstück mit Wohnungsbestand der LWU (ab 4 WE pro Adresse),3508
1255,11000618900564____,Flurstück mit Wohnungsbestand der LWU (ab 4 WE pro Adresse),1555
1256,11000618900634____,Flurstück mit Wohnungsbestand der LWU (ab 4 WE pro Adresse),2019
1257,11000618900689____,Flurstück mit Wohnungsbestand der LWU (ab 4 WE pro Adresse),1786
1258,110006190000980001,Flurstück mit Wohnungsbestand der LWU (ab 4 WE pro Adresse),7361
1259,110006190001370001,Flurstück mit Wohnungsbestand der LWU (ab 4 WE pro Adresse),5556
1260,110006190002600003,Flurstück mit Wohnungsbestand der LWU (ab 4 WE pro Adresse),3296
1261,110006190002740003,Flurstück mit Wohnungsbestand der LWU (ab 4 WE pro Adresse),1391
1262,110006190002860001,Flurstück mit Wohnungsbestand der LWU (ab 4 WE pro Adresse),2931
1263,110006190002920006,Flurstück mit Wohnungsbestand der LWU (ab 4 WE pro Adresse),4570
1264,11000619000528____,Flurstück mit Wohnungsbestand der LWU (ab 4 WE pro Adresse),4489
1265,11000619000653____,Flurstück mit Wohnungsbestand der LWU (ab 4 WE pro Adresse),1777
1266,11000619000664____,Flurstück mit Wohnungsbestand der LWU (ab 4 WE pro Adresse),12562
1267,11000619000684____,Flurstück mit Wohnungsbestand der LWU (ab 4 WE pro Adresse),2052
1268,11000619000692____,Flurstück mit Wohnungsbestand der LWU (ab 4 WE pro Adresse),5286
1269,11000619100267____,Flurstück mit Wohnungsbestand der LWU (ab 4 WE pro Adresse),709
1270,11000619100269____,Flurstück mit Wohnungsbestand der LWU (ab 4 WE pro Adresse),755
1271,11000619100270____,Flurstück mit Wohnungsbestand der LWU (ab 4 WE pro Adresse),694
1272,11000619100271____,Flurstück mit Wohnungsbestand der LWU (ab 4 WE pro Adresse),708
1273,11000619100272____,Flurstück mit Wohnungsbestand der LWU (ab 4 WE pro Adresse),687
1274,11000619100285____,Flurstück mit Wohnungsbestand der LWU (ab 4 WE pro Adresse),395
1275,11000619100286____,Flurstück mit Wohnungsbestand der LWU (ab 4 WE pro Adresse),428
1276,11000619100319____,Flurstück mit Wohnungsbestand der LWU (ab 4 WE pro Adresse),87
1277,11000619100322____,Flurstück mit Wohnungsbestand der LWU (ab 4 WE pro Adresse),90
1278,11000619100335____,Flurstück mit Wohnungsbestand der LWU (ab 4 WE pro Adresse),398
1279,11000619100338____,Flurstück mit Wohnungsbestand der LWU (ab 4 WE pro Adresse),765
1280,11000619100340____,Flurstück mit Wohnungsbestand der LWU (ab 4 WE pro Adresse),251
1281,11000619100341____,Flurstück mit Wohnungsbestand der LWU (ab 4 WE pro Adresse),1151
1282,11000619100342____,Flurstück mit Wohnungsbestand der LWU (ab 4 WE pro Adresse),584
1283,11000619100344____,Flurstück mit Wohnungsbestand der LWU (ab 4 WE pro Adresse),435
1284,11000619100345____,Flurstück mit Wohnungsbestand der LWU (ab 4 WE pro Adresse),712
1285,110006191003660001,Flurstück mit Wohnungsbestand der LWU (ab 4 WE pro Adresse),2074
1286,11000619100383____,Flurstück mit Wohnungsbestand der LWU (ab 4 WE pro Adresse),454
1287,11000619100384____,Flurstück mit Wohnungsbestand der LWU (ab 4 WE pro Adresse),227
1288,11000619100385____,Flurstück mit Wohnungsbestand der LWU (ab 4 WE pro Adresse),241
1289,11000619100389____,Flurstück mit Wohnungsbestand der LWU (ab 4 WE pro Adresse),453
1290,11000619100497____,Flurstück mit Wohnungsbestand der LWU (ab 4 WE pro Adresse),3414
1291,11000619100505____,Flurstück mit Wohnungsbestand der LWU (ab 4 WE pro Adresse),1605
1292,11000619100519____,Flurstück mit Wohnungsbestand der LWU (ab 4 WE pro Adresse),2680
1293,11000619100530____,Flurstück mit Wohnungsbestand der LWU (ab 4 WE pro Adresse),2906
1294,11000619100541____,Flurstück mit Wohnungsbestand der LWU (ab 4 WE pro Adresse),8026
1295,11000619100558____,Flurstück mit Wohnungsbestand der LWU (ab 4 WE pro Adresse),554
1296,11000619100560____,Flurstück mit Wohnungsbestand der LWU (ab 4 WE pro Adresse),254
1297,11000619100589____,Flurstück mit Wohnungsbestand der LWU (ab 4 WE pro Adresse),888
1298,11000619200118____,Flurstück mit Wohnungsbestand der LWU (ab 4 WE pro Adresse),678
1299,11000619200123____,Flurstück mit Wohnungsbestand der LWU (ab 4 WE pro Adresse),856
1300,11000619200166____,Flurstück mit Wohnungsbestand der LWU (ab 4 WE pro Adresse),373
1301,11000619200215____,Flurstück mit Wohnungsbestand der LWU (ab 4 WE pro Adresse),431
1302,11000619200240____,Flurstück mit Wohnungsbestand der LWU (ab 4 WE pro Adresse),883
1303,11000619200244____,Flurstück mit Wohnungsbestand der LWU (ab 4 WE pro Adresse),846
1304,11000619200245____,Flurstück mit Wohnungsbestand der LWU (ab 4 WE pro Adresse),890
1305,11000619200302____,Flurstück mit Wohnungsbestand der LWU (ab 4 WE pro Adresse),798
1306,11000619200342____,Flurstück mit Wohnungsbestand der LWU (ab 4 WE pro Adresse),638
1307,11000619200347____,Flurstück mit Wohnungsbestand der LWU (ab 4 WE pro Adresse),1712
1308,11000619200349____,Flurstück mit Wohnungsbestand der LWU (ab 4 WE pro Adresse),416
1309,11000619200350____,Flurstück mit Wohnungsbestand der LWU (ab 4 WE pro Adresse),413
1310,11000619200354____,Flurstück mit Wohnungsbestand der LWU (ab 4 WE pro Adresse),853
1311,11000619200355____,Flurstück mit Wohnungsbestand der LWU (ab 4 WE pro Adresse),406
1312,11000619200356____,Flurstück mit Wohnungsbestand der LWU (ab 4 WE pro Adresse),469
1313,11000619200357____,Flurstück mit Wohnungsbestand der LWU (ab 4 WE pro Adresse),982
1314,11000619200358____,Flurstück mit Wohnungsbestand der LWU (ab 4 WE pro Adresse),545
1315,11000619200359____,Flurstück mit Wohnungsbestand der LWU (ab 4 WE pro Adresse),659
1316,11000619200360____,Flurstück mit Wohnungsbestand der LWU (ab 4 WE pro Adresse),575
1317,11000619200489____,Flurstück mit Wohnungsbestand der LWU (ab 4 WE pro Adresse),838
1318,11000619200491____,Flurstück mit Wohnungsbestand der LWU (ab 4 WE pro Adresse),6719
1319,11000619200493____,Flurstück mit Wohnungsbestand der LWU (ab 4 WE pro Adresse),532
1320,11000619200503____,Flurstück mit Wohnungsbestand der LWU (ab 4 WE pro Adresse),2870
1321,110006194001090005,Flurstück mit Wohnungsbestand der LWU (ab 4 WE pro Adresse),1134
1322,110006194001110003,Flurstück mit Wohnungsbestand der LWU (ab 4 WE pro Adresse),734
1323,110006194001410003,Flurstück mit Wohnungsbestand der LWU (ab 4 WE pro Adresse),4093
1324,110006194001410005,Flurstück mit Wohnungsbestand der LWU (ab 4 WE pro Adresse),29
1325,110006194001410007,Flurstück mit Wohnungsbestand der LWU (ab 4 WE pro Adresse),4090
1326,110006194002160010,Flurstück mit Wohnungsbestand der LWU (ab 4 WE pro Adresse),15290
1327,110006194002160011,Flurstück mit Wohnungsbestand der LWU (ab 4 WE pro Adresse),3948
1328,11000619400218____,Flurstück mit Wohnungsbestand der LWU (ab 4 WE pro Adresse),496
1329,11000619400219____,Flurstück mit Wohnungsbestand der LWU (ab 4 WE pro Adresse),483
1330,110006194002220007,Flurstück mit Wohnungsbestand der LWU (ab 4 WE pro Adresse),247
1331,110006194002320006,Flurstück mit Wohnungsbestand der LWU (ab 4 WE pro Adresse),2170
1332,110006194002340013,Flurstück mit Wohnungsbestand der LWU (ab 4 WE pro Adresse),2305
1333,11000619400310____,Flurstück mit Wohnungsbestand der LWU (ab 4 WE pro Adresse),8065
1334,11000619400471____,Flurstück mit Wohnungsbestand der LWU (ab 4 WE pro Adresse),7099
1335,11000619400489____,Flurstück mit Wohnungsbestand der LWU (ab 4 WE pro Adresse),14880
1336,110006195002190001,Flurstück mit Wohnungsbestand der LWU (ab 4 WE pro Adresse),894
1337,110006195002230004,Flurstück mit Wohnungsbestand der LWU (ab 4 WE pro Adresse),6399
1338,110006195002610001,Flurstück mit Wohnungsbestand der LWU (ab 4 WE pro Adresse),2362
1339,110006195002650002,Flurstück mit Wohnungsbestand der LWU (ab 4 WE pro Adresse),1115
1340,110006195002870001,Flurstück mit Wohnungsbestand der LWU (ab 4 WE pro Adresse),1502
1341,11000619500416____,Flurstück mit Wohnungsbestand der LWU (ab 4 WE pro Adresse),3469
1342,11000619500421____,Flurstück mit Wohnungsbestand der LWU (ab 4 WE pro Adresse),3170
1343,11000619500485____,Flurstück mit Wohnungsbestand der LWU (ab 4 WE pro Adresse),472
1344,110006196001010002,Flurstück mit Wohnungsbestand der LWU (ab 4 WE pro Adresse),2122
1345,11000619600119____,Flurstück mit Wohnungsbestand der LWU (ab 4 WE pro Adresse),763
1346,110006196001350002,Flurstück mit Wohnungsbestand der LWU (ab 4 WE pro Adresse),2164
1347,11000619600137____,Flurstück mit Wohnungsbestand der LWU (ab 4 WE pro Adresse),940
1348,11000619600145____,Flurstück mit Wohnungsbestand der LWU (ab 4 WE pro Adresse),719
1349,110006196001500004,Flurstück mit Wohnungsbestand der LWU (ab 4 WE pro Adresse),2258
1350,11000619600152____,Flurstück mit Wohnungsbestand der LWU (ab 4 WE pro Adresse),551
1351,11000619600153____,Flurstück mit Wohnungsbestand der LWU (ab 4 WE pro Adresse),1192
1352,11000619600190____,Flurstück mit Wohnungsbestand der LWU (ab 4 WE pro Adresse),491
1353,11000619600482____,Flurstück mit Wohnungsbestand der LWU (ab 4 WE pro Adresse),5281
1354,11000619600484____,Flurstück mit Wohnungsbestand der LWU (ab 4 WE pro Adresse),4668
1355,11000619600517____,Flurstück mit Wohnungsbestand der LWU (ab 4 WE pro Adresse),4015
1356,11000619600524____,Flurstück mit Wohnungsbestand der LWU (ab 4 WE pro Adresse),2568
1357,11000619600538____,Flurstück mit Wohnungsbestand der LWU (ab 4 WE pro Adresse),13874
1358,11000619600551____,Flurstück mit Wohnungsbestand der LWU (ab 4 WE pro Adresse),9847
1359,11000619600552____,Flurstück mit Wohnungsbestand der LWU (ab 4 WE pro Adresse),3442
1360,11000619600598____,Flurstück mit Wohnungsbestand der LWU (ab 4 WE pro Adresse),5329
1361,11000619600608____,Flurstück mit Wohnungsbestand der LWU (ab 4 WE pro Adresse),10609
1362,11000619600613____,Flurstück mit Wohnungsbestand der LWU (ab 4 WE pro Adresse),3595
1363,11000619600615____,Flurstück mit Wohnungsbestand der LWU (ab 4 WE pro Adresse),2008
1364,11000619600617____,Flurstück mit Wohnungsbestand der LWU (ab 4 WE pro Adresse),6859
1365,11000619600626____,Flurstück mit Wohnungsbestand der LWU (ab 4 WE pro Adresse),9307
1366,11000619700121____,Flurstück mit Wohnungsbestand der LWU (ab 4 WE pro Adresse),342
1367,11000619700168____,Flurstück mit Wohnungsbestand der LWU (ab 4 WE pro Adresse),365
1368,11000619700169____,Flurstück mit Wohnungsbestand der LWU (ab 4 WE pro Adresse),350
1369,11000619700265____,Flurstück mit Wohnungsbestand der LWU (ab 4 WE pro Adresse),397
1370,11000619700268____,Flurstück mit Wohnungsbestand der LWU (ab 4 WE pro Adresse),769
1371,11000619700271____,Flurstück mit Wohnungsbestand der LWU (ab 4 WE pro Adresse),428
1372,11000619700287____,Flurstück mit Wohnungsbestand der LWU (ab 4 WE pro Adresse),295
1373,11000619700399____,Flurstück mit Wohnungsbestand der LWU (ab 4 WE pro Adresse),416
1374,11000619700401____,Flurstück mit Wohnungsbestand der LWU (ab 4 WE pro Adresse),474
1375,11000619700403____,Flurstück mit Wohnungsbestand der LWU (ab 4 WE pro Adresse),482
1376,11000619700405____,Flurstück mit Wohnungsbestand der LWU (ab 4 WE pro Adresse),480
1377,11000619700407____,Flurstück mit Wohnungsbestand der LWU (ab 4 WE pro Adresse),510
1378,11000619700458____,Flurstück mit Wohnungsbestand der LWU (ab 4 WE pro Adresse),2044
1379,11000619700459____,Flurstück mit Wohnungsbestand der LWU (ab 4 WE pro Adresse),789
1380,11000619700462____,Flurstück mit Wohnungsbestand der LWU (ab 4 WE pro Adresse),577
1381,11000619700470____,Flurstück mit Wohnungsbestand der LWU (ab 4 WE pro Adresse),10372
1382,11000619700472____,Flurstück mit Wohnungsbestand der LWU (ab 4 WE pro Adresse),4672
1383,11000619700476____,Flurstück mit Wohnungsbestand der LWU (ab 4 WE pro Adresse),12231
1384,11000619700478____,Flurstück mit Wohnungsbestand der LWU (ab 4 WE pro Adresse),1679
1385,11000619700481____,Flurstück mit Wohnungsbestand der LWU (ab 4 WE pro Adresse),2505
1386,11000619700512____,Flurstück mit Wohnungsbestand der LWU (ab 4 WE pro Adresse),1743
1387,11000619700539____,Flurstück mit Wohnungsbestand der LWU (ab 4 WE pro Adresse),568
1388,11000619700554____,Flurstück mit Wohnungsbestand der LWU (ab 4 WE pro Adresse),431
1389,11000619700555____,Flurstück mit Wohnungsbestand der LWU (ab 4 WE pro Adresse),453
1390,11000619700566____,Flurstück mit Wohnungsbestand der LWU (ab 4 WE pro Adresse),769
1391,11000619700568____,Flurstück mit Wohnungsbestand der LWU (ab 4 WE pro Adresse),1130
1392,11000619700576____,Flurstück mit Wohnungsbestand der LWU (ab 4 WE pro Adresse),749
1393,11000619700584____,Flurstück mit Wohnungsbestand der LWU (ab 4 WE pro Adresse),7506
1394,110007001002880026,Flurstück mit Wohnungsbestand der LWU (ab 4 WE pro Adresse),4247
1395,110007001002990003,Flurstück mit Wohnungsbestand der LWU (ab 4 WE pro Adresse),1751
1396,110007001009660032,Flurstück mit Wohnungsbestand der LWU (ab 4 WE pro Adresse),3569
1397,11000700101119____,Flurstück mit Wohnungsbestand der LWU (ab 4 WE pro Adresse),1773
1398,110007004000100001,Flurstück mit Wohnungsbestand der LWU (ab 4 WE pro Adresse),1058
1399,110007004000350010,Flurstück mit Wohnungsbestand der LWU (ab 4 WE pro Adresse),669
1400,110007004000350011,Flurstück mit Wohnungsbestand der LWU (ab 4 WE pro Adresse),591
1401,110007004000470002,Flurstück mit Wohnungsbestand der LWU (ab 4 WE pro Adresse),960
1402,110007004000470003,Flurstück mit Wohnungsbestand der LWU (ab 4 WE pro Adresse),974
1403,110007004000530003,Flurstück mit Wohnungsbestand der LWU (ab 4 WE pro Adresse),969
1404,110007004000600002,Flurstück mit Wohnungsbestand der LWU (ab 4 WE pro Adresse),2056
1405,110007004000610001,Flurstück mit Wohnungsbestand der LWU (ab 4 WE pro Adresse),369
1406,110007004000610003,Flurstück mit Wohnungsbestand der LWU (ab 4 WE pro Adresse),717
1407,110007004000640003,Flurstück mit Wohnungsbestand der LWU (ab 4 WE pro Adresse),2798
1408,110007004000740001,Flurstück mit Wohnungsbestand der LWU (ab 4 WE pro Adresse),666
1409,110007004001560011,Flurstück mit Wohnungsbestand der LWU (ab 4 WE pro Adresse),2819
1410,110007004001590001,Flurstück mit Wohnungsbestand der LWU (ab 4 WE pro Adresse),909
1411,110007004001590003,Flurstück mit Wohnungsbestand der LWU (ab 4 WE pro Adresse),343
1412,110007004001600001,Flurstück mit Wohnungsbestand der LWU (ab 4 WE pro Adresse),638
1413,110007004001720007,Flurstück mit Wohnungsbestand der LWU (ab 4 WE pro Adresse),1439
1414,110007004001720019,Flurstück mit Wohnungsbestand der LWU (ab 4 WE pro Adresse),1081
1415,110007004002470008,Flurstück mit Wohnungsbestand der LWU (ab 4 WE pro Adresse),3296
1416,110007004002520004,Flurstück mit Wohnungsbestand der LWU (ab 4 WE pro Adresse),335
1417,110007004002540005,Flurstück mit Wohnungsbestand der LWU (ab 4 WE pro Adresse),657
1418,110007004002540017,Flurstück mit Wohnungsbestand der LWU (ab 4 WE pro Adresse),344
1419,110007004002540021,Flurstück mit Wohnungsbestand der LWU (ab 4 WE pro Adresse),1107
1420,110007004002540030,Flurstück mit Wohnungsbestand der LWU (ab 4 WE pro Adresse),583
1421,110007004002580005,Flurstück mit Wohnungsbestand der LWU (ab 4 WE pro Adresse),1586
1422,110007004002580008,Flurstück mit Wohnungsbestand der LWU (ab 4 WE pro Adresse),695
1423,110007004002580009,Flurstück mit Wohnungsbestand der LWU (ab 4 WE pro Adresse),455
1424,110007004002590001,Flurstück mit Wohnungsbestand der LWU (ab 4 WE pro Adresse),791
1425,110007004003330044,Flurstück mit Wohnungsbestand der LWU (ab 4 WE pro Adresse),10554
1426,11000700400377____,Flurstück mit Wohnungsbestand der LWU (ab 4 WE pro Adresse),720
1427,11000700400402____,Flurstück mit Wohnungsbestand der LWU (ab 4 WE pro Adresse),1597
1428,11000700400413____,Flurstück mit Wohnungsbestand der LWU (ab 4 WE pro Adresse),2074
1429,11000700400435____,Flurstück mit Wohnungsbestand der LWU (ab 4 WE pro Adresse),2289
1430,11000700400459____,Flurstück mit Wohnungsbestand der LWU (ab 4 WE pro Adresse),521
1431,11000700400471____,Flurstück mit Wohnungsbestand der LWU (ab 4 WE pro Adresse),648
1432,11000700400472____,Flurstück mit Wohnungsbestand der LWU (ab 4 WE pro Adresse),1713
1433,11000700400504____,Flurstück mit Wohnungsbestand der LWU (ab 4 WE pro Adresse),383
1434,11000700400556____,Flurstück mit Wohnungsbestand der LWU (ab 4 WE pro Adresse),2265
1435,11000700400557____,Flurstück mit Wohnungsbestand der LWU (ab 4 WE pro Adresse),599
1436,11000700400571____,Flurstück mit Wohnungsbestand der LWU (ab 4 WE pro Adresse),660
1437,11000700400574____,Flurstück mit Wohnungsbestand der LWU (ab 4 WE pro Adresse),1922
1438,11000700400575____,Flurstück mit Wohnungsbestand der LWU (ab 4 WE pro Adresse),562
1439,11000700400576____,Flurstück mit Wohnungsbestand der LWU (ab 4 WE pro Adresse),744
1440,11000700400621____,Flurstück mit Wohnungsbestand der LWU (ab 4 WE pro Adresse),287
1441,11000700400623____,Flurstück mit Wohnungsbestand der LWU (ab 4 WE pro Adresse),412
1442,11000700400628____,Flurstück mit Wohnungsbestand der LWU (ab 4 WE pro Adresse),1474
1443,11000700400630____,Flurstück mit Wohnungsbestand der LWU (ab 4 WE pro Adresse),800
1444,11000700400632____,Flurstück mit Wohnungsbestand der LWU (ab 4 WE pro Adresse),704
1445,11000700400697____,Flurstück mit Wohnungsbestand der LWU (ab 4 WE pro Adresse),3090
1446,11000700400698____,Flurstück mit Wohnungsbestand der LWU (ab 4 WE pro Adresse),2865
1447,11000700400705____,Flurstück mit Wohnungsbestand der LWU (ab 4 WE pro Adresse),3548
1448,11000700400715____,Flurstück mit Wohnungsbestand der LWU (ab 4 WE pro Adresse),550
1449,11000700400717____,Flurstück mit Wohnungsbestand der LWU (ab 4 WE pro Adresse),528
1450,11000700400724____,Flurstück mit Wohnungsbestand der LWU (ab 4 WE pro Adresse),3299
1451,11000700400725____,Flurstück mit Wohnungsbestand der LWU (ab 4 WE pro Adresse),997
1452,110007004007390046,Flurstück mit Wohnungsbestand der LWU (ab 4 WE pro Adresse),631
1453,110007004007410046,Flurstück mit Wohnungsbestand der LWU (ab 4 WE pro Adresse),572
1454,110007004007430046,Flurstück mit Wohnungsbestand der LWU (ab 4 WE pro Adresse),579
1455,110007004007440046,Flurstück mit Wohnungsbestand der LWU (ab 4 WE pro Adresse),364
1456,110007004007450046,Flurstück mit Wohnungsbestand der LWU (ab 4 WE pro Adresse),377
1457,110007004007480047,Flurstück mit Wohnungsbestand der LWU (ab 4 WE pro Adresse),568
1458,110007004007490047,Flurstück mit Wohnungsbestand der LWU (ab 4 WE pro Adresse),599
1459,110007004007530047,Flurstück mit Wohnungsbestand der LWU (ab 4 WE pro Adresse),612
1460,11000700400765____,Flurstück mit Wohnungsbestand der LWU (ab 4 WE pro Adresse),6427
1461,11000700400769____,Flurstück mit Wohnungsbestand der LWU (ab 4 WE pro Adresse),745
1462,11000700400771____,Flurstück mit Wohnungsbestand der LWU (ab 4 WE pro Adresse),745
1463,11000700400773____,Flurstück mit Wohnungsbestand der LWU (ab 4 WE pro Adresse),743
1464,11000700400810____,Flurstück mit Wohnungsbestand der LWU (ab 4 WE pro Adresse),279
1465,11000700400852____,Flurstück mit Wohnungsbestand der LWU (ab 4 WE pro Adresse),456
1466,110007004008670070,Flurstück mit Wohnungsbestand der LWU (ab 4 WE pro Adresse),586
1467,11000700400917____,Flurstück mit Wohnungsbestand der LWU (ab 4 WE pro Adresse),391
1468,11000700400918____,Flurstück mit Wohnungsbestand der LWU (ab 4 WE pro Adresse),637
1469,11000700400921____,Flurstück mit Wohnungsbestand der LWU (ab 4 WE pro Adresse),552
1470,11000700400924____,Flurstück mit Wohnungsbestand der LWU (ab 4 WE pro Adresse),402
1471,11000700400930____,Flurstück mit Wohnungsbestand der LWU (ab 4 WE pro Adresse),1601
1472,11000700400931____,Flurstück mit Wohnungsbestand der LWU (ab 4 WE pro Adresse),559
1473,11000700400961____,Flurstück mit Wohnungsbestand der LWU (ab 4 WE pro Adresse),793
1474,11000700400994____,Flurstück mit Wohnungsbestand der LWU (ab 4 WE pro Adresse),810
1475,11000700400998____,Flurstück mit Wohnungsbestand der LWU (ab 4 WE pro Adresse),849
1476,11000700401007____,Flurstück mit Wohnungsbestand der LWU (ab 4 WE pro Adresse),726
1477,11000700401049____,Flurstück mit Wohnungsbestand der LWU (ab 4 WE pro Adresse),913
1478,11000700401051____,Flurstück mit Wohnungsbestand der LWU (ab 4 WE pro Adresse),1280
1479,11000700401060____,Flurstück mit Wohnungsbestand der LWU (ab 4 WE pro Adresse),801
1480,11000700401062____,Flurstück mit Wohnungsbestand der LWU (ab 4 WE pro Adresse),761
1481,11000700401064____,Flurstück mit Wohnungsbestand der LWU (ab 4 WE pro Adresse),706
1482,11000700401066____,Flurstück mit Wohnungsbestand der LWU (ab 4 WE pro Adresse),785
1483,11000700401068____,Flurstück mit Wohnungsbestand der LWU (ab 4 WE pro Adresse),702
1484,11000700401070____,Flurstück mit Wohnungsbestand der LWU (ab 4 WE pro Adresse),724
1485,11000700401072____,Flurstück mit Wohnungsbestand der LWU (ab 4 WE pro Adresse),605
1486,11000700401074____,Flurstück mit Wohnungsbestand der LWU (ab 4 WE pro Adresse),583
1487,11000700401078____,Flurstück mit Wohnungsbestand der LWU (ab 4 WE pro Adresse),667
1488,11000700401127____,Flurstück mit Wohnungsbestand der LWU (ab 4 WE pro Adresse),358
1489,11000700401129____,Flurstück mit Wohnungsbestand der LWU (ab 4 WE pro Adresse),654
1490,11000700401131____,Flurstück mit Wohnungsbestand der LWU (ab 4 WE pro Adresse),463
1491,11000700401145____,Flurstück mit Wohnungsbestand der LWU (ab 4 WE pro Adresse),608
1492,11000700401147____,Flurstück mit Wohnungsbestand der LWU (ab 4 WE pro Adresse),288
1493,11000700401157____,Flurstück mit Wohnungsbestand der LWU (ab 4 WE pro Adresse),11715
1494,11000700401205____,Flurstück mit Wohnungsbestand der LWU (ab 4 WE pro Adresse),3902
1495,110007004012250055,Flurstück mit Wohnungsbestand der LWU (ab 4 WE pro Adresse),432
1496,110007004012270055,Flurstück mit Wohnungsbestand der LWU (ab 4 WE pro Adresse),717
1497,110007004012470061,Flurstück mit Wohnungsbestand der LWU (ab 4 WE pro Adresse),499
1498,110007004012520061,Flurstück mit Wohnungsbestand der LWU (ab 4 WE pro Adresse),484
1499,110007004012590061,Flurstück mit Wohnungsbestand der LWU (ab 4 WE pro Adresse),383
1500,110007004012620061,Flurstück mit Wohnungsbestand der LWU (ab 4 WE pro Adresse),492
1501,110007004012650061,Flurstück mit Wohnungsbestand der LWU (ab 4 WE pro Adresse),488
1502,110007004012660061,Flurstück mit Wohnungsbestand der LWU (ab 4 WE pro Adresse),505
1503,110007004012670061,Flurstück mit Wohnungsbestand der LWU (ab 4 WE pro Adresse),501
1504,110007004013690061,Flurstück mit Wohnungsbestand der LWU (ab 4 WE pro Adresse),378
1505,110007004013700061,Flurstück mit Wohnungsbestand der LWU (ab 4 WE pro Adresse),442
1506,110007004014550159,Flurstück mit Wohnungsbestand der LWU (ab 4 WE pro Adresse),482
1507,110007004014560159,Flurstück mit Wohnungsbestand der LWU (ab 4 WE pro Adresse),490
1508,110007004014570159,Flurstück mit Wohnungsbestand der LWU (ab 4 WE pro Adresse),485
1509,110007004014810045,Flurstück mit Wohnungsbestand der LWU (ab 4 WE pro Adresse),564
1510,110007004015100254,Flurstück mit Wohnungsbestand der LWU (ab 4 WE pro Adresse),881
1511,110007004015640058,Flurstück mit Wohnungsbestand der LWU (ab 4 WE pro Adresse),895
1512,110007004016990057,Flurstück mit Wohnungsbestand der LWU (ab 4 WE pro Adresse),287
1513,110007004017020057,Flurstück mit Wohnungsbestand der LWU (ab 4 WE pro Adresse),293
1514,110007004017180054,Flurstück mit Wohnungsbestand der LWU (ab 4 WE pro Adresse),489
1515,110007004017270060,Flurstück mit Wohnungsbestand der LWU (ab 4 WE pro Adresse),1362
1516,110007004017640055,Flurstück mit Wohnungsbestand der LWU (ab 4 WE pro Adresse),297
1517,110007004018210055,Flurstück mit Wohnungsbestand der LWU (ab 4 WE pro Adresse),738
1518,110007004018590055,Flurstück mit Wohnungsbestand der LWU (ab 4 WE pro Adresse),721
1519,110007004018630055,Flurstück mit Wohnungsbestand der LWU (ab 4 WE pro Adresse),307
1520,110007004019000068,Flurstück mit Wohnungsbestand der LWU (ab 4 WE pro Adresse),786
1521,110007004019370072,Flurstück mit Wohnungsbestand der LWU (ab 4 WE pro Adresse),491
1522,110007004019390072,Flurstück mit Wohnungsbestand der LWU (ab 4 WE pro Adresse),800
1523,110007004019510062,Flurstück mit Wohnungsbestand der LWU (ab 4 WE pro Adresse),428
1524,110007004020280172,Flurstück mit Wohnungsbestand der LWU (ab 4 WE pro Adresse),805
1525,110007004020290172,Flurstück mit Wohnungsbestand der LWU (ab 4 WE pro Adresse),672
1526,110007004020350172,Flurstück mit Wohnungsbestand der LWU (ab 4 WE pro Adresse),727
1527,110007004020370172,Flurstück mit Wohnungsbestand der LWU (ab 4 WE pro Adresse),367
1528,110007004020380172,Flurstück mit Wohnungsbestand der LWU (ab 4 WE pro Adresse),500
1529,110007004020410067,Flurstück mit Wohnungsbestand der LWU (ab 4 WE pro Adresse),475
1530,110007004020460067,Flurstück mit Wohnungsbestand der LWU (ab 4 WE pro Adresse),733
1531,110007004020470067,Flurstück mit Wohnungsbestand der LWU (ab 4 WE pro Adresse),747
1532,110007004020480067,Flurstück mit Wohnungsbestand der LWU (ab 4 WE pro Adresse),739
1533,110007004020500067,Flurstück mit Wohnungsbestand der LWU (ab 4 WE pro Adresse),372
1534,110007004020510067,Flurstück mit Wohnungsbestand der LWU (ab 4 WE pro Adresse),728
1535,110007004020540067,Flurstück mit Wohnungsbestand der LWU (ab 4 WE pro Adresse),550
1536,110007004020810054,Flurstück mit Wohnungsbestand der LWU (ab 4 WE pro Adresse),356
1537,110007004021690070,Flurstück mit Wohnungsbestand der LWU (ab 4 WE pro Adresse),373
1538,110007004022110156,Flurstück mit Wohnungsbestand der LWU (ab 4 WE pro Adresse),619
1539,110007004022250054,Flurstück mit Wohnungsbestand der LWU (ab 4 WE pro Adresse),743
1540,110007004022480159,Flurstück mit Wohnungsbestand der LWU (ab 4 WE pro Adresse),279
1541,110007004022500159,Flurstück mit Wohnungsbestand der LWU (ab 4 WE pro Adresse),292
1542,110007004022520159,Flurstück mit Wohnungsbestand der LWU (ab 4 WE pro Adresse),305
1543,110007004026270048,Flurstück mit Wohnungsbestand der LWU (ab 4 WE pro Adresse),648
1544,110007004027070045,Flurstück mit Wohnungsbestand der LWU (ab 4 WE pro Adresse),560
1545,110007004027110059,Flurstück mit Wohnungsbestand der LWU (ab 4 WE pro Adresse),1054
1546,110007004027540076,Flurstück mit Wohnungsbestand der LWU (ab 4 WE pro Adresse),302
1547,110007004028740271,Flurstück mit Wohnungsbestand der LWU (ab 4 WE pro Adresse),1050
1548,110007004029310252,Flurstück mit Wohnungsbestand der LWU (ab 4 WE pro Adresse),373
1549,110007004029470049,Flurstück mit Wohnungsbestand der LWU (ab 4 WE pro Adresse),1268
1550,110007004030340070,Flurstück mit Wohnungsbestand der LWU (ab 4 WE pro Adresse),731
1551,110007004030680203,Flurstück mit Wohnungsbestand der LWU (ab 4 WE pro Adresse),673
1552,110007004034880059,Flurstück mit Wohnungsbestand der LWU (ab 4 WE pro Adresse),359
1553,110007004035180172,Flurstück mit Wohnungsbestand der LWU (ab 4 WE pro Adresse),519
1554,110007004035240062,Flurstück mit Wohnungsbestand der LWU (ab 4 WE pro Adresse),316
1555,110007004035260062,Flurstück mit Wohnungsbestand der LWU (ab 4 WE pro Adresse),540
1556,110007004035280062,Flurstück mit Wohnungsbestand der LWU (ab 4 WE pro Adresse),539
1557,110007004036450059,Flurstück mit Wohnungsbestand der LWU (ab 4 WE pro Adresse),381
1558,110007004036540062,Flurstück mit Wohnungsbestand der LWU (ab 4 WE pro Adresse),522
1559,110007004036560075,Flurstück mit Wohnungsbestand der LWU (ab 4 WE pro Adresse),670
1560,110007004038200172,Flurstück mit Wohnungsbestand der LWU (ab 4 WE pro Adresse),790
1561,110007004040340062,Flurstück mit Wohnungsbestand der LWU (ab 4 WE pro Adresse),547
1562,110007004040420062,Flurstück mit Wohnungsbestand der LWU (ab 4 WE pro Adresse),537
1563,110007004041160172,Flurstück mit Wohnungsbestand der LWU (ab 4 WE pro Adresse),984
1564,110007004041280062,Flurstück mit Wohnungsbestand der LWU (ab 4 WE pro Adresse),317
1565,110007004042600059,Flurstück mit Wohnungsbestand der LWU (ab 4 WE pro Adresse),642
1566,110007004042610059,Flurstück mit Wohnungsbestand der LWU (ab 4 WE pro Adresse),822
1567,110007004042620057,Flurstück mit Wohnungsbestand der LWU (ab 4 WE pro Adresse),394
1568,110007004042710061,Flurstück mit Wohnungsbestand der LWU (ab 4 WE pro Adresse),1131
1569,110007004043030043,Flurstück mit Wohnungsbestand der LWU (ab 4 WE pro Adresse),807
1570,110007004045240172,Flurstück mit Wohnungsbestand der LWU (ab 4 WE pro Adresse),749
1571,110007004046410058,Flurstück mit Wohnungsbestand der LWU (ab 4 WE pro Adresse),436
1572,110007004047650034,Flurstück mit Wohnungsbestand der LWU (ab 4 WE pro Adresse),717
1573,110007004047890159,Flurstück mit Wohnungsbestand der LWU (ab 4 WE pro Adresse),752
1574,110007004047910159,Flurstück mit Wohnungsbestand der LWU (ab 4 WE pro Adresse),1115
1575,110007004048990211,Flurstück mit Wohnungsbestand der LWU (ab 4 WE pro Adresse),837
1576,110007004049000211,Flurstück mit Wohnungsbestand der LWU (ab 4 WE pro Adresse),933
1577,110007004049010211,Flurstück mit Wohnungsbestand der LWU (ab 4 WE pro Adresse),1090
1578,110007004049030211,Flurstück mit Wohnungsbestand der LWU (ab 4 WE pro Adresse),988
1579,110007004049440077,Flurstück mit Wohnungsbestand der LWU (ab 4 WE pro Adresse),545
1580,110007004049790236,Flurstück mit Wohnungsbestand der LWU (ab 4 WE pro Adresse),957
1581,110007004050880070,Flurstück mit Wohnungsbestand der LWU (ab 4 WE pro Adresse),705
1582,110007004052500159,Flurstück mit Wohnungsbestand der LWU (ab 4 WE pro Adresse),714
1583,110007004052510159,Flurstück mit Wohnungsbestand der LWU (ab 4 WE pro Adresse),732
1584,110007004052520159,Flurstück mit Wohnungsbestand der LWU (ab 4 WE pro Adresse),898
1585,110007004053340305,Flurstück mit Wohnungsbestand der LWU (ab 4 WE pro Adresse),854
1586,110007004055460076,Flurstück mit Wohnungsbestand der LWU (ab 4 WE pro Adresse),546
1587,110007004056150061,Flurstück mit Wohnungsbestand der LWU (ab 4 WE pro Adresse),536
1588,110007004057520031,Flurstück mit Wohnungsbestand der LWU (ab 4 WE pro Adresse),372
1589,110007004057540032,Flurstück mit Wohnungsbestand der LWU (ab 4 WE pro Adresse),378
1590,110007004057560033,Flurstück mit Wohnungsbestand der LWU (ab 4 WE pro Adresse),139
1591,110007004057650033,Flurstück mit Wohnungsbestand der LWU (ab 4 WE pro Adresse),343
1592,110007004059110063,Flurstück mit Wohnungsbestand der LWU (ab 4 WE pro Adresse),531
1593,110007005000180003,Flurstück mit Wohnungsbestand der LWU (ab 4 WE pro Adresse),527
1594,110007005000310121,Flurstück mit Wohnungsbestand der LWU (ab 4 WE pro Adresse),1281
1595,110007005000410013,Flurstück mit Wohnungsbestand der LWU (ab 4 WE pro Adresse),562
1596,110007005000410014,Flurstück mit Wohnungsbestand der LWU (ab 4 WE pro Adresse),992
1597,110007005000720033,Flurstück mit Wohnungsbestand der LWU (ab 4 WE pro Adresse),1340
1598,110007005001240002,Flurstück mit Wohnungsbestand der LWU (ab 4 WE pro Adresse),904
1599,110007005001640011,Flurstück mit Wohnungsbestand der LWU (ab 4 WE pro Adresse),623
1600,110007005001640013,Flurstück mit Wohnungsbestand der LWU (ab 4 WE pro Adresse),765
1601,110007005001640015,Flurstück mit Wohnungsbestand der LWU (ab 4 WE pro Adresse),5086
1602,110007005001740001,Flurstück mit Wohnungsbestand der LWU (ab 4 WE pro Adresse),780
1603,11000700500458____,Flurstück mit Wohnungsbestand der LWU (ab 4 WE pro Adresse),2916
1604,11000700500579____,Flurstück mit Wohnungsbestand der LWU (ab 4 WE pro Adresse),2060
1605,11000700500625____,Flurstück mit Wohnungsbestand der LWU (ab 4 WE pro Adresse),3460
1606,11000700500648____,Flurstück mit Wohnungsbestand der LWU (ab 4 WE pro Adresse),1515
1607,11000700500661____,Flurstück mit Wohnungsbestand der LWU (ab 4 WE pro Adresse),4114
1608,11000700500817____,Flurstück mit Wohnungsbestand der LWU (ab 4 WE pro Adresse),1443
1609,110007005026420164,Flurstück mit Wohnungsbestand der LWU (ab 4 WE pro Adresse),532
1610,110007005026430164,Flurstück mit Wohnungsbestand der LWU (ab 4 WE pro Adresse),564
1611,110007005026440164,Flurstück mit Wohnungsbestand der LWU (ab 4 WE pro Adresse),911
1612,110007005026960156,Flurstück mit Wohnungsbestand der LWU (ab 4 WE pro Adresse),857
1613,110007005034330154,Flurstück mit Wohnungsbestand der LWU (ab 4 WE pro Adresse),791
1614,110007005044920164,Flurstück mit Wohnungsbestand der LWU (ab 4 WE pro Adresse),993
1615,110007005048000164,Flurstück mit Wohnungsbestand der LWU (ab 4 WE pro Adresse),716
1616,110007005052500031,Flurstück mit Wohnungsbestand der LWU (ab 4 WE pro Adresse),905
1617,110007005053320163,Flurstück mit Wohnungsbestand der LWU (ab 4 WE pro Adresse),820
1618,110007005057590212,Flurstück mit Wohnungsbestand der LWU (ab 4 WE pro Adresse),775
1619,110007005059890069,Flurstück mit Wohnungsbestand der LWU (ab 4 WE pro Adresse),773
1620,110007005062670108,Flurstück mit Wohnungsbestand der LWU (ab 4 WE pro Adresse),1149
1621,11000700700110____,Flurstück mit Wohnungsbestand der LWU (ab 4 WE pro Adresse),4255
1622,11000700700111____,Flurstück mit Wohnungsbestand der LWU (ab 4 WE pro Adresse),5951
1623,110007008001600003,Flurstück mit Wohnungsbestand der LWU (ab 4 WE pro Adresse),559
1624,110007008002180008,Flurstück mit Wohnungsbestand der LWU (ab 4 WE pro Adresse),507
1625,110007008002190003,Flurstück mit Wohnungsbestand der LWU (ab 4 WE pro Adresse),533
1626,11000700800335____,Flurstück mit Wohnungsbestand der LWU (ab 4 WE pro Adresse),531
1627,11000700800440____,Flurstück mit Wohnungsbestand der LWU (ab 4 WE pro Adresse),209
1628,11000700800441____,Flurstück mit Wohnungsbestand der LWU (ab 4 WE pro Adresse),323
1629,11000700800442____,Flurstück mit Wohnungsbestand der LWU (ab 4 WE pro Adresse),222
1630,11000700800550____,Flurstück mit Wohnungsbestand der LWU (ab 4 WE pro Adresse),691
1631,11000700800595____,Flurstück mit Wohnungsbestand der LWU (ab 4 WE pro Adresse),1220
1632,11000700800641____,Flurstück mit Wohnungsbestand der LWU (ab 4 WE pro Adresse),1586
1633,110007008019720263,Flurstück mit Wohnungsbestand der LWU (ab 4 WE pro Adresse),988
1634,110007008020500261,Flurstück mit Wohnungsbestand der LWU (ab 4 WE pro Adresse),880
1635,110007008025070128,Flurstück mit Wohnungsbestand der LWU (ab 4 WE pro Adresse),664
1636,110007008047870041,Flurstück mit Wohnungsbestand der LWU (ab 4 WE pro Adresse),592
1637,110007008048450015,Flurstück mit Wohnungsbestand der LWU (ab 4 WE pro Adresse),969
1638,110007008052030051,Flurstück mit Wohnungsbestand der LWU (ab 4 WE pro Adresse),750
1639,110007009000040048,Flurstück mit Wohnungsbestand der LWU (ab 4 WE pro Adresse),3023
1640,11000700900223____,Flurstück mit Wohnungsbestand der LWU (ab 4 WE pro Adresse),1411
1641,11000700900303____,Flurstück mit Wohnungsbestand der LWU (ab 4 WE pro Adresse),1488
1642,110007010000320144,Flurstück mit Wohnungsbestand der LWU (ab 4 WE pro Adresse),667
1643,110007010000320147,Flurstück mit Wohnungsbestand der LWU (ab 4 WE pro Adresse),1751
1644,110007010000320148,Flurstück mit Wohnungsbestand der LWU (ab 4 WE pro Adresse),1322
1645,110007010000320150,Flurstück mit Wohnungsbestand der LWU (ab 4 WE pro Adresse),2244
1646,110007010000320159,Flurstück mit Wohnungsbestand der LWU (ab 4 WE pro Adresse),22628
1647,110007010000320161,Flurstück mit Wohnungsbestand der LWU (ab 4 WE pro Adresse),25789
1648,110007010000520019,Flurstück mit Wohnungsbestand der LWU (ab 4 WE pro Adresse),49057
1649,110007010000520020,Flurstück mit Wohnungsbestand der LWU (ab 4 WE pro Adresse),3674
1650,110007010000520022,Flurstück mit Wohnungsbestand der LWU (ab 4 WE pro Adresse),15565
1651,110007010001030185,Flurstück mit Wohnungsbestand der LWU (ab 4 WE pro Adresse),6141
1652,110007010001030189,Flurstück mit Wohnungsbestand der LWU (ab 4 WE pro Adresse),11498
1653,110007010001030193,Flurstück mit Wohnungsbestand der LWU (ab 4 WE pro Adresse),14256
1654,110007010001030194,Flurstück mit Wohnungsbestand der LWU (ab 4 WE pro Adresse),13065
1655,110007010001030208,Flurstück mit Wohnungsbestand der LWU (ab 4 WE pro Adresse),47300
1656,110007010001330004,Flurstück mit Wohnungsbestand der LWU (ab 4 WE pro Adresse),1261
1657,11000701000366____,Flurstück mit Wohnungsbestand der LWU (ab 4 WE pro Adresse),28598
1658,11000701000372____,Flurstück mit Wohnungsbestand der LWU (ab 4 WE pro Adresse),2194
1659,11000701000384____,Flurstück mit Wohnungsbestand der LWU (ab 4 WE pro Adresse),9845
1660,11000701000397____,Flurstück mit Wohnungsbestand der LWU (ab 4 WE pro Adresse),68513
1661,11000701000399____,Flurstück mit Wohnungsbestand der LWU (ab 4 WE pro Adresse),2511
1662,11000701000400____,Flurstück mit Wohnungsbestand der LWU (ab 4 WE pro Adresse),9326
1663,11000701000403____,Flurstück mit Wohnungsbestand der LWU (ab 4 WE pro Adresse),2684
1664,11000701000407____,Flurstück mit Wohnungsbestand der LWU (ab 4 WE pro Adresse),4810
1665,11000701000408____,Flurstück mit Wohnungsbestand der LWU (ab 4 WE pro Adresse),17647
1666,110007011000690005,Flurstück mit Wohnungsbestand der LWU (ab 4 WE pro Adresse),843
1667,110007011001040003,Flurstück mit Wohnungsbestand der LWU (ab 4 WE pro Adresse),5422
1668,11000701100331____,Flurstück mit Wohnungsbestand der LWU (ab 4 WE pro Adresse),880
1669,11000701100415____,Flurstück mit Wohnungsbestand der LWU (ab 4 WE pro Adresse),4352
1670,110007011021160153,Flurstück mit Wohnungsbestand der LWU (ab 4 WE pro Adresse),943
1671,110007011025430126,Flurstück mit Wohnungsbestand der LWU (ab 4 WE pro Adresse),1060
1672,110007011028330106,Flurstück mit Wohnungsbestand der LWU (ab 4 WE pro Adresse),4901
1673,110007012000670016,Flurstück mit Wohnungsbestand der LWU (ab 4 WE pro Adresse),1477
1674,110007012000690014,Flurstück mit Wohnungsbestand der LWU (ab 4 WE pro Adresse),1472
1675,110007012000690015,Flurstück mit Wohnungsbestand der LWU (ab 4 WE pro Adresse),15873
1676,110007012000690016,Flurstück mit Wohnungsbestand der LWU (ab 4 WE pro Adresse),8627
1677,11000701400383____,Flurstück mit Wohnungsbestand der LWU (ab 4 WE pro Adresse),1985
1678,110007015000020007,Flurstück mit Wohnungsbestand der LWU (ab 4 WE pro Adresse),2223
1679,11000701500104____,Flurstück mit Wohnungsbestand der LWU (ab 4 WE pro Adresse),29796
1680,110007017000930349,Flurstück mit Wohnungsbestand der LWU (ab 4 WE pro Adresse),9221
1681,11000701700254____,Flurstück mit Wohnungsbestand der LWU (ab 4 WE pro Adresse),4371
1682,11000701700398____,Flurstück mit Wohnungsbestand der LWU (ab 4 WE pro Adresse),10998
1683,110010004000200056,Flurstück mit Wohnungsbestand der LWU (ab 4 WE pro Adresse),11843
1684,110010004000220009,Flurstück mit Wohnungsbestand der LWU (ab 4 WE pro Adresse),7273
1685,110010004000240005,Flurstück mit Wohnungsbestand der LWU (ab 4 WE pro Adresse),11391
1686,110010004000240011,Flurstück mit Wohnungsbestand der LWU (ab 4 WE pro Adresse),1690
1687,110010004000250009,Flurstück mit Wohnungsbestand der LWU (ab 4 WE pro Adresse),12296
1688,110010004000260001,Flurstück mit Wohnungsbestand der LWU (ab 4 WE pro Adresse),1214
1689,110010004000260022,Flurstück mit Wohnungsbestand der LWU (ab 4 WE pro Adresse),8822
1690,110010004000330014,Flurstück mit Wohnungsbestand der LWU (ab 4 WE pro Adresse),7872
1691,110010004000330018,Flurstück mit Wohnungsbestand der LWU (ab 4 WE pro Adresse),34778
1692,110010004000450035,Flurstück mit Wohnungsbestand der LWU (ab 4 WE pro Adresse),10441
1693,11001000400387____,Flurstück mit Wohnungsbestand der LWU (ab 4 WE pro Adresse),19750
1694,11001000400552____,Flurstück mit Wohnungsbestand der LWU (ab 4 WE pro Adresse),3284
1695,11001000400553____,Flurstück mit Wohnungsbestand der LWU (ab 4 WE pro Adresse),23146
1696,11001000400617____,Flurstück mit Wohnungsbestand der LWU (ab 4 WE pro Adresse),7652
1697,110010005000860021,Flurstück mit Wohnungsbestand der LWU (ab 4 WE pro Adresse),5098
1698,110010005000860053,Flurstück mit Wohnungsbestand der LWU (ab 4 WE pro Adresse),5233
1699,110010005000960029,Flurstück mit Wohnungsbestand der LWU (ab 4 WE pro Adresse),6555
1700,110010005000960054,Flurstück mit Wohnungsbestand der LWU (ab 4 WE pro Adresse),48606
1701,110010005000960071,Flurstück mit Wohnungsbestand der LWU (ab 4 WE pro Adresse),10325
1702,110010005001040011,Flurstück mit Wohnungsbestand der LWU (ab 4 WE pro Adresse),1974
1703,110010005001360011,Flurstück mit Wohnungsbestand der LWU (ab 4 WE pro Adresse),10995
1704,110010005001360013,Flurstück mit Wohnungsbestand der LWU (ab 4 WE pro Adresse),11791
1705,110010005001360065,Flurstück mit Wohnungsbestand der LWU (ab 4 WE pro Adresse),49834
1706,11001000500561____,Flurstück mit Wohnungsbestand der LWU (ab 4 WE pro Adresse),7106
1707,11001000500607____,Flurstück mit Wohnungsbestand der LWU (ab 4 WE pro Adresse),1780
1708,11001000500614____,Flurstück mit Wohnungsbestand der LWU (ab 4 WE pro Adresse),1529
1709,11001000500615____,Flurstück mit Wohnungsbestand der LWU (ab 4 WE pro Adresse),2274
1710,11001000500616____,Flurstück mit Wohnungsbestand der LWU (ab 4 WE pro Adresse),2273
1711,11001000500618____,Flurstück mit Wohnungsbestand der LWU (ab 4 WE pro Adresse),7696
1712,11001000500620____,Flurstück mit Wohnungsbestand der LWU (ab 4 WE pro Adresse),1747
1713,11001000500621____,Flurstück mit Wohnungsbestand der LWU (ab 4 WE pro Adresse),5370
1714,11001000500628____,Flurstück mit Wohnungsbestand der LWU (ab 4 WE pro Adresse),2479
1715,11001000500630____,Flurstück mit Wohnungsbestand der LWU (ab 4 WE pro Adresse),1672
1716,11001000500631____,Flurstück mit Wohnungsbestand der LWU (ab 4 WE pro Adresse),8241
1717,11001000500632____,Flurstück mit Wohnungsbestand der LWU (ab 4 WE pro Adresse),2401
1718,11001000500633____,Flurstück mit Wohnungsbestand der LWU (ab 4 WE pro Adresse),7631
1719,11001000500634____,Flurstück mit Wohnungsbestand der LWU (ab 4 WE pro Adresse),2631
1720,11001000500635____,Flurstück mit Wohnungsbestand der LWU (ab 4 WE pro Adresse),7604
1721,11001000500636____,Flurstück mit Wohnungsbestand der LWU (ab 4 WE pro Adresse),64134
1722,11001000500637____,Flurstück mit Wohnungsbestand der LWU (ab 4 WE pro Adresse),1744
1723,11001000500638____,Flurstück mit Wohnungsbestand der LWU (ab 4 WE pro Adresse),2429
1724,11001000500645____,Flurstück mit Wohnungsbestand der LWU (ab 4 WE pro Adresse),1386
1725,11001000500646____,Flurstück mit Wohnungsbestand der LWU (ab 4 WE pro Adresse),1548
1726,11001000500656____,Flurstück mit Wohnungsbestand der LWU (ab 4 WE pro Adresse),6729
1727,11001000500960____,Flurstück mit Wohnungsbestand der LWU (ab 4 WE pro Adresse),40711
1728,11001000501023____,Flurstück mit Wohnungsbestand der LWU (ab 4 WE pro Adresse),42082
1729,11001000501051____,Flurstück mit Wohnungsbestand der LWU (ab 4 WE pro Adresse),1614
1730,11001000501053____,Flurstück mit Wohnungsbestand der LWU (ab 4 WE pro Adresse),1276
1731,110010006000320011,Flurstück mit Wohnungsbestand der LWU (ab 4 WE pro Adresse),2882
1732,110010006000320012,Flurstück mit Wohnungsbestand der LWU (ab 4 WE pro Adresse),4354
1733,110010006000530003,Flurstück mit Wohnungsbestand der LWU (ab 4 WE pro Adresse),583
1734,110010006000680024,Flurstück mit Wohnungsbestand der LWU (ab 4 WE pro Adresse),33213
1735,110010006000810001,Flurstück mit Wohnungsbestand der LWU (ab 4 WE pro Adresse),6687
1736,11001000600158____,Flurstück mit Wohnungsbestand der LWU (ab 4 WE pro Adresse),1540
1737,11001000600226____,Flurstück mit Wohnungsbestand der LWU (ab 4 WE pro Adresse),10940
1738,110010006006770026,Flurstück mit Wohnungsbestand der LWU (ab 4 WE pro Adresse),598
1739,110010007000530006,Flurstück mit Wohnungsbestand der LWU (ab 4 WE pro Adresse),481
1740,110010007000580010,Flurstück mit Wohnungsbestand der LWU (ab 4 WE pro Adresse),475
1741,11001000700315____,Flurstück mit Wohnungsbestand der LWU (ab 4 WE pro Adresse),10803
1742,11001000700316____,Flurstück mit Wohnungsbestand der LWU (ab 4 WE pro Adresse),3944
1743,11001000700416____,Flurstück mit Wohnungsbestand der LWU (ab 4 WE pro Adresse),1728
1744,11001000700417____,Flurstück mit Wohnungsbestand der LWU (ab 4 WE pro Adresse),1730
1745,11001000700427____,Flurstück mit Wohnungsbestand der LWU (ab 4 WE pro Adresse),3681
1746,110010007004420055,Flurstück mit Wohnungsbestand der LWU (ab 4 WE pro Adresse),1222
1747,11001000700547____,Flurstück mit Wohnungsbestand der LWU (ab 4 WE pro Adresse),7340
1748,11001000700553____,Flurstück mit Wohnungsbestand der LWU (ab 4 WE pro Adresse),2149
1749,11001000700554____,Flurstück mit Wohnungsbestand der LWU (ab 4 WE pro Adresse),2323
1750,11001000700556____,Flurstück mit Wohnungsbestand der LWU (ab 4 WE pro Adresse),10240
1751,11001000700557____,Flurstück mit Wohnungsbestand der LWU (ab 4 WE pro Adresse),10329
1752,11001000700629____,Flurstück mit Wohnungsbestand der LWU (ab 4 WE pro Adresse),6390
1753,11001000700818____,Flurstück mit Wohnungsbestand der LWU (ab 4 WE pro Adresse),2034
1754,11001000700830____,Flurstück mit Wohnungsbestand der LWU (ab 4 WE pro Adresse),10222
1755,11001000700894____,Flurstück mit Wohnungsbestand der LWU (ab 4 WE pro Adresse),786
1756,11001000700897____,Flurstück mit Wohnungsbestand der LWU (ab 4 WE pro Adresse),6561
1757,110010007008970076,Flurstück mit Wohnungsbestand der LWU (ab 4 WE pro Adresse),1652
1758,11001000700934____,Flurstück mit Wohnungsbestand der LWU (ab 4 WE pro Adresse),12327
1759,11001000700937____,Flurstück mit Wohnungsbestand der LWU (ab 4 WE pro Adresse),5222
1760,11001000700942____,Flurstück mit Wohnungsbestand der LWU (ab 4 WE pro Adresse),4623
1761,11001000700945____,Flurstück mit Wohnungsbestand der LWU (ab 4 WE pro Adresse),8118
1762,11001000700946____,Flurstück mit Wohnungsbestand der LWU (ab 4 WE pro Adresse),7944
1763,11001000700947____,Flurstück mit Wohnungsbestand der LWU (ab 4 WE pro Adresse),7483
1764,11001000700950____,Flurstück mit Wohnungsbestand der LWU (ab 4 WE pro Adresse),6689
1765,11001000700951____,Flurstück mit Wohnungsbestand der LWU (ab 4 WE pro Adresse),6606
1766,11001000700952____,Flurstück mit Wohnungsbestand der LWU (ab 4 WE pro Adresse),3334
1767,11001000700953____,Flurstück mit Wohnungsbestand der LWU (ab 4 WE pro Adresse),2479
1768,11001000700966____,Flurstück mit Wohnungsbestand der LWU (ab 4 WE pro Adresse),5843
1769,11001000700971____,Flurstück mit Wohnungsbestand der LWU (ab 4 WE pro Adresse),2106
1770,110010007018570055,Flurstück mit Wohnungsbestand der LWU (ab 4 WE pro Adresse),668
1771,110010007018580055,Flurstück mit Wohnungsbestand der LWU (ab 4 WE pro Adresse),1224
1772,11001000800192____,Flurstück mit Wohnungsbestand der LWU (ab 4 WE pro Adresse),4016
1773,110010008006510104,Flurstück mit Wohnungsbestand der LWU (ab 4 WE pro Adresse),1020
1774,11001000800663____,Flurstück mit Wohnungsbestand der LWU (ab 4 WE pro Adresse),24529
1775,11001000900213____,Flurstück mit Wohnungsbestand der LWU (ab 4 WE pro Adresse),919
1776,11001000900227____,Flurstück mit Wohnungsbestand der LWU (ab 4 WE pro Adresse),914
1777,110010009006090067,Flurstück mit Wohnungsbestand der LWU (ab 4 WE pro Adresse),698
1778,110010009008260113,Flurstück mit Wohnungsbestand der LWU (ab 4 WE pro Adresse),618
1779,11001001200056____,Flurstück mit Wohnungsbestand der LWU (ab 4 WE pro Adresse),50484
1780,11001001200059____,Flurstück mit Wohnungsbestand der LWU (ab 4 WE pro Adresse),37475
1781,11001001200078____,Flurstück mit Wohnungsbestand der LWU (ab 4 WE pro Adresse),3170
1782,11001001200093____,Flurstück mit Wohnungsbestand der LWU (ab 4 WE pro Adresse),25979
1783,11001001200126____,Flurstück mit Wohnungsbestand der LWU (ab 4 WE pro Adresse),15616
1784,11001001300126____,Flurstück mit Wohnungsbestand der LWU (ab 4 WE pro Adresse),342
1785,11001001300134____,Flurstück mit Wohnungsbestand der LWU (ab 4 WE pro Adresse),714
1786,11001001300154____,Flurstück mit Wohnungsbestand der LWU (ab 4 WE pro Adresse),414
1787,11001001300169____,Flurstück mit Wohnungsbestand der LWU (ab 4 WE pro Adresse),2876
1788,11001001300172____,Flurstück mit Wohnungsbestand der LWU (ab 4 WE pro Adresse),253
1789,11001001300184____,Flurstück mit Wohnungsbestand der LWU (ab 4 WE pro Adresse),998
1790,11001001300193____,Flurstück mit Wohnungsbestand der LWU (ab 4 WE pro Adresse),614
1791,11001001800154____,Flurstück mit Wohnungsbestand der LWU (ab 4 WE pro Adresse),42434
1792,110010019000740008,Flurstück mit Wohnungsbestand der LWU (ab 4 WE pro Adresse),1550
1793,11001001900249____,Flurstück mit Wohnungsbestand der LWU (ab 4 WE pro Adresse),13517
1794,11001001900285____,Flurstück mit Wohnungsbestand der LWU (ab 4 WE pro Adresse),794
1795,110010019014890069,Flurstück mit Wohnungsbestand der LWU (ab 4 WE pro Adresse),299
1796,110010019018010115,Flurstück mit Wohnungsbestand der LWU (ab 4 WE pro Adresse),415
1797,110010021000020029,Flurstück mit Wohnungsbestand der LWU (ab 4 WE pro Adresse),11326
1798,110010021000020034,Flurstück mit Wohnungsbestand der LWU (ab 4 WE pro Adresse),15958
1799,110010021000030004,Flurstück mit Wohnungsbestand der LWU (ab 4 WE pro Adresse),34633
1800,11001002100016____,Flurstück mit Wohnungsbestand der LWU (ab 4 WE pro Adresse),18479
1801,110010022000590011,Flurstück mit Wohnungsbestand der LWU (ab 4 WE pro Adresse),465
1802,110010022000610045,Flurstück mit Wohnungsbestand der LWU (ab 4 WE pro Adresse),2948
1803,11001002200551____,Flurstück mit Wohnungsbestand der LWU (ab 4 WE pro Adresse),44095
1804,11001002700076____,Flurstück mit Wohnungsbestand der LWU (ab 4 WE pro Adresse),8617
1805,11001002900273____,Flurstück mit Wohnungsbestand der LWU (ab 4 WE pro Adresse),2645
1806,110010029003230053,Flurstück mit Wohnungsbestand der LWU (ab 4 WE pro Adresse),1127
1807,11001011800073____,Flurstück mit Wohnungsbestand der LWU (ab 4 WE pro Adresse),3641
1808,110012004000160026,Flurstück mit Wohnungsbestand der LWU (ab 4 WE pro Adresse),17320
1809,110012004000160030,Flurstück mit Wohnungsbestand der LWU (ab 4 WE pro Adresse),1181
1810,11001500100338____,Flurstück mit Wohnungsbestand der LWU (ab 4 WE pro Adresse),4892
1811,11001500100371____,Flurstück mit Wohnungsbestand der LWU (ab 4 WE pro Adresse),13316
1812,110015003000260005,Flurstück mit Wohnungsbestand der LWU (ab 4 WE pro Adresse),52802
1813,110015003000450013,Flurstück mit Wohnungsbestand der LWU (ab 4 WE pro Adresse),1450
1814,11001500300071____,Flurstück mit Wohnungsbestand der LWU (ab 4 WE pro Adresse),1315
1815,11001500300080____,Flurstück mit Wohnungsbestand der LWU (ab 4 WE pro Adresse),4447
1816,11001500300114____,Flurstück mit Wohnungsbestand der LWU (ab 4 WE pro Adresse),4474
1817,110015005000210013,Flurstück mit Wohnungsbestand der LWU (ab 4 WE pro Adresse),10964
1818,110015005000210014,Flurstück mit Wohnungsbestand der LWU (ab 4 WE pro Adresse),14536
1819,11001500500060____,Flurstück mit Wohnungsbestand der LWU (ab 4 WE pro Adresse),5355
1820,11001500500078____,Flurstück mit Wohnungsbestand der LWU (ab 4 WE pro Adresse),1703
1821,11001500500104____,Flurstück mit Wohnungsbestand der LWU (ab 4 WE pro Adresse),26551
1822,110015006000040049,Flurstück mit Wohnungsbestand der LWU (ab 4 WE pro Adresse),13086
1823,110015006000040050,Flurstück mit Wohnungsbestand der LWU (ab 4 WE pro Adresse),9633
1824,110015006000040053,Flurstück mit Wohnungsbestand der LWU (ab 4 WE pro Adresse),993
1825,110015007000090005,Flurstück mit Wohnungsbestand der LWU (ab 4 WE pro Adresse),2119
1826,110015007000090007,Flurstück mit Wohnungsbestand der LWU (ab 4 WE pro Adresse),14209
1827,110015007000090016,Flurstück mit Wohnungsbestand der LWU (ab 4 WE pro Adresse),6034
1828,110015007000090021,Flurstück mit Wohnungsbestand der LWU (ab 4 WE pro Adresse),4906
1829,110015007000090023,Flurstück mit Wohnungsbestand der LWU (ab 4 WE pro Adresse),5263
1830,110015007000090028,Flurstück mit Wohnungsbestand der LWU (ab 4 WE pro Adresse),5198
1831,110015007000090030,Flurstück mit Wohnungsbestand der LWU (ab 4 WE pro Adresse),3682
1832,110015007000600009,Flurstück mit Wohnungsbestand der LWU (ab 4 WE pro Adresse),19193
1833,11001500700062____,Flurstück mit Wohnungsbestand der LWU (ab 4 WE pro Adresse),10167
1834,11001500700066____,Flurstück mit Wohnungsbestand der LWU (ab 4 WE pro Adresse),4742
1835,11001500700067____,Flurstück mit Wohnungsbestand der LWU (ab 4 WE pro Adresse),4040
1836,11001500700068____,Flurstück mit Wohnungsbestand der LWU (ab 4 WE pro Adresse),5939
1837,11001500700073____,Flurstück mit Wohnungsbestand der LWU (ab 4 WE pro Adresse),9024
1838,11001500700074____,Flurstück mit Wohnungsbestand der LWU (ab 4 WE pro Adresse),514
1839,110015007000890009,Flurstück mit Wohnungsbestand der LWU (ab 4 WE pro Adresse),13409
1840,110015007001230009,Flurstück mit Wohnungsbestand der LWU (ab 4 WE pro Adresse),5101
1841,110015007001340009,Flurstück mit Wohnungsbestand der LWU (ab 4 WE pro Adresse),545
1842,110015007001350009,Flurstück mit Wohnungsbestand der LWU (ab 4 WE pro Adresse),2945
1843,110015007001500009,Flurstück mit Wohnungsbestand der LWU (ab 4 WE pro Adresse),8118
1844,110015007001770004,Flurstück mit Wohnungsbestand der LWU (ab 4 WE pro Adresse),18055
1845,110015007001780009,Flurstück mit Wohnungsbestand der LWU (ab 4 WE pro Adresse),9657
1846,110015007001810009,Flurstück mit Wohnungsbestand der LWU (ab 4 WE pro Adresse),29689
1847,110015007002870009,Flurstück mit Wohnungsbestand der LWU (ab 4 WE pro Adresse),4951
1848,110015007002880009,Flurstück mit Wohnungsbestand der LWU (ab 4 WE pro Adresse),4861
1849,110015007002890009,Flurstück mit Wohnungsbestand der LWU (ab 4 WE pro Adresse),13164
1850,11001501000058____,Flurstück mit Wohnungsbestand der LWU (ab 4 WE pro Adresse),1026
1851,11001501000131____,Flurstück mit Wohnungsbestand der LWU (ab 4 WE pro Adresse),5155
1852,11001501000138____,Flurstück mit Wohnungsbestand der LWU (ab 4 WE pro Adresse),2074
1853,11001501000158____,Flurstück mit Wohnungsbestand der LWU (ab 4 WE pro Adresse),904
1854,11001501000201____,Flurstück mit Wohnungsbestand der LWU (ab 4 WE pro Adresse),2396
1855,11001501000210____,Flurstück mit Wohnungsbestand der LWU (ab 4 WE pro Adresse),4833
1856,11001501000249____,Flurstück mit Wohnungsbestand der LWU (ab 4 WE pro Adresse),2342
1857,11001501000436____,Flurstück mit Wohnungsbestand der LWU (ab 4 WE pro Adresse),3864
1858,11001501000442____,Flurstück mit Wohnungsbestand der LWU (ab 4 WE pro Adresse),4583
1859,11001501000443____,Flurstück mit Wohnungsbestand der LWU (ab 4 WE pro Adresse),6752
1860,11001501000527____,Flurstück mit Wohnungsbestand der LWU (ab 4 WE pro Adresse),2917
1861,11001501000540____,Flurstück mit Wohnungsbestand der LWU (ab 4 WE pro Adresse),2675
1862,11001501000542____,Flurstück mit Wohnungsbestand der LWU (ab 4 WE pro Adresse),2010
1863,11001501000548____,Flurstück mit Wohnungsbestand der LWU (ab 4 WE pro Adresse),8062
1864,11001501100109____,Flurstück mit Wohnungsbestand der LWU (ab 4 WE pro Adresse),8959
1865,11001501100144____,Flurstück mit Wohnungsbestand der LWU (ab 4 WE pro Adresse),11222
1866,11001501100145____,Flurstück mit Wohnungsbestand der LWU (ab 4 WE pro Adresse),4973
1867,11001501100163____,Flurstück mit Wohnungsbestand der LWU (ab 4 WE pro Adresse),4966
1868,11001501100164____,Flurstück mit Wohnungsbestand der LWU (ab 4 WE pro Adresse),34807
1869,11001600300161____,Flurstück mit Wohnungsbestand der LWU (ab 4 WE pro Adresse),6476
1870,11001600300180____,Flurstück mit Wohnungsbestand der LWU (ab 4 WE pro Adresse),44439
1871,11001600300181____,Flurstück mit Wohnungsbestand der LWU (ab 4 WE pro Adresse),2794
1872,11001700300895____,Flurstück mit Wohnungsbestand der LWU (ab 4 WE pro Adresse),32904
1873,11001700300896____,Flurstück mit Wohnungsbestand der LWU (ab 4 WE pro Adresse),16562
1874,11001700300897____,Flurstück mit Wohnungsbestand der LWU (ab 4 WE pro Adresse),9249
1875,11001700300898____,Flurstück mit Wohnungsbestand der LWU (ab 4 WE pro Adresse),10911
1876,11001700300899____,Flurstück mit Wohnungsbestand der LWU (ab 4 WE pro Adresse),10623
1877,11001700300900____,Flurstück mit Wohnungsbestand der LWU (ab 4 WE pro Adresse),26554
1878,11001700301054____,Flurstück mit Wohnungsbestand der LWU (ab 4 WE pro Adresse),4906
1879,110017004000010005,Flurstück mit Wohnungsbestand der LWU (ab 4 WE pro Adresse),8289
1880,11001800100780____,Flurstück mit Wohnungsbestand der LWU (ab 4 WE pro Adresse),8622
1881,11001800100942____,Flurstück mit Wohnungsbestand der LWU (ab 4 WE pro Adresse),1584
1882,11001800101056____,Flurstück mit Wohnungsbestand der LWU (ab 4 WE pro Adresse),3321
1883,11001800101239____,Flurstück mit Wohnungsbestand der LWU (ab 4 WE pro Adresse),7423
1884,110018001020710220,Flurstück mit Wohnungsbestand der LWU (ab 4 WE pro Adresse),486
1885,110018001021970211,Flurstück mit Wohnungsbestand der LWU (ab 4 WE pro Adresse),2623
1886,110018001021980211,Flurstück mit Wohnungsbestand der LWU (ab 4 WE pro Adresse),2278
1887,110018001023030186,Flurstück mit Wohnungsbestand der LWU (ab 4 WE pro Adresse),2614
1888,11002400100663____,Flurstück mit Wohnungsbestand der LWU (ab 4 WE pro Adresse),3334
1889,11002400100665____,Flurstück mit Wohnungsbestand der LWU (ab 4 WE pro Adresse),8794
1890,11002400101666____,Flurstück mit Wohnungsbestand der LWU (ab 4 WE pro Adresse),10681
1891,11002400101667____,Flurstück mit Wohnungsbestand der LWU (ab 4 WE pro Adresse),7797
1892,11002400102590____,Flurstück mit Wohnungsbestand der LWU (ab 4 WE pro Adresse),9467
1893,11002400201427____,Flurstück mit Wohnungsbestand der LWU (ab 4 WE pro Adresse),884
1894,11002400201457____,Flurstück mit Wohnungsbestand der LWU (ab 4 WE pro Adresse),708
1895,11002400201463____,Flurstück mit Wohnungsbestand der LWU (ab 4 WE pro Adresse),690
1896,11002400201480____,Flurstück mit Wohnungsbestand der LWU (ab 4 WE pro Adresse),1084
1897,11002400201481____,Flurstück mit Wohnungsbestand der LWU (ab 4 WE pro Adresse),895
1898,110024003000130009,Flurstück mit Wohnungsbestand der LWU (ab 4 WE pro Adresse),41594
1899,110024003000130014,Flurstück mit Wohnungsbestand der LWU (ab 4 WE pro Adresse),45994
1900,11002400301332____,Flurstück mit Wohnungsbestand der LWU (ab 4 WE pro Adresse),27569
1901,110024004000140107,Flurstück mit Wohnungsbestand der LWU (ab 4 WE pro Adresse),5817
1902,110024004000140284,Flurstück mit Wohnungsbestand der LWU (ab 4 WE pro Adresse),43773
1903,110024004000140287,Flurstück mit Wohnungsbestand der LWU (ab 4 WE pro Adresse),4392
1904,110024004000140289,Flurstück mit Wohnungsbestand der LWU (ab 4 WE pro Adresse),33412
1905,110024004000410007,Flurstück mit Wohnungsbestand der LWU (ab 4 WE pro Adresse),5467
1906,110024004000650226,Flurstück mit Wohnungsbestand der LWU (ab 4 WE pro Adresse),32521
1907,110024004000650227,Flurstück mit Wohnungsbestand der LWU (ab 4 WE pro Adresse),30945
1908,11002400400109____,Flurstück mit Wohnungsbestand der LWU (ab 4 WE pro Adresse),20710
1909,11002400400210____,Flurstück mit Wohnungsbestand der LWU (ab 4 WE pro Adresse),31415
1910,11002400400247____,Flurstück mit Wohnungsbestand der LWU (ab 4 WE pro Adresse),16850
1911,11002400400253____,Flurstück mit Wohnungsbestand der LWU (ab 4 WE pro Adresse),54135
1912,11002400400415____,Flurstück mit Wohnungsbestand der LWU (ab 4 WE pro Adresse),24498
1913,11002400400667____,Flurstück mit Wohnungsbestand der LWU (ab 4 WE pro Adresse),960
1914,11002400400668____,Flurstück mit Wohnungsbestand der LWU (ab 4 WE pro Adresse),5094
1915,11002400400708____,Flurstück mit Wohnungsbestand der LWU (ab 4 WE pro Adresse),691
1916,11002400400765____,Flurstück mit Wohnungsbestand der LWU (ab 4 WE pro Adresse),2363
1917,11002400400776____,Flurstück mit Wohnungsbestand der LWU (ab 4 WE pro Adresse),2396
1918,11002400400790____,Flurstück mit Wohnungsbestand der LWU (ab 4 WE pro Adresse),5581
1919,11002400400793____,Flurstück mit Wohnungsbestand der LWU (ab 4 WE pro Adresse),2547
1920,11002400400799____,Flurstück mit Wohnungsbestand der LWU (ab 4 WE pro Adresse),6483
1921,11002400400814____,Flurstück mit Wohnungsbestand der LWU (ab 4 WE pro Adresse),23091
1922,11002400400888____,Flurstück mit Wohnungsbestand der LWU (ab 4 WE pro Adresse),868
1923,11002400400905____,Flurstück mit Wohnungsbestand der LWU (ab 4 WE pro Adresse),3086
1924,11002400400950____,Flurstück mit Wohnungsbestand der LWU (ab 4 WE pro Adresse),8332
1925,110030001000230022,Flurstück mit Wohnungsbestand der LWU (ab 4 WE pro Adresse),953
1926,11003000100122____,Flurstück mit Wohnungsbestand der LWU (ab 4 WE pro Adresse),665
1927,110030002000100019,Flurstück mit Wohnungsbestand der LWU (ab 4 WE pro Adresse),6621
1928,11003000200137____,Flurstück mit Wohnungsbestand der LWU (ab 4 WE pro Adresse),3170
1929,11003000200191____,Flurstück mit Wohnungsbestand der LWU (ab 4 WE pro Adresse),12088
1930,11003000200192____,Flurstück mit Wohnungsbestand der LWU (ab 4 WE pro Adresse),1657
1931,11003000200273____,Flurstück mit Wohnungsbestand der LWU (ab 4 WE pro Adresse),10624
1932,110030002016140076,Flurstück mit Wohnungsbestand der LWU (ab 4 WE pro Adresse),1063
1933,110030003000770003,Flurstück mit Wohnungsbestand der LWU (ab 4 WE pro Adresse),759
1934,110030003000940009,Flurstück mit Wohnungsbestand der LWU (ab 4 WE pro Adresse),1903
1935,110030003001650001,Flurstück mit Wohnungsbestand der LWU (ab 4 WE pro Adresse),2597
1936,11003000300387____,Flurstück mit Wohnungsbestand der LWU (ab 4 WE pro Adresse),1611
1937,11003000300426____,Flurstück mit Wohnungsbestand der LWU (ab 4 WE pro Adresse),1117
1938,110030003034210196,Flurstück mit Wohnungsbestand der LWU (ab 4 WE pro Adresse),513
1939,110030004000350005,Flurstück mit Wohnungsbestand der LWU (ab 4 WE pro Adresse),1313
1940,110030004000350009,Flurstück mit Wohnungsbestand der LWU (ab 4 WE pro Adresse),2339
1941,110030004000550002,Flurstück mit Wohnungsbestand der LWU (ab 4 WE pro Adresse),624
1942,11003000400084____,Flurstück mit Wohnungsbestand der LWU (ab 4 WE pro Adresse),9172
1943,11003000400130____,Flurstück mit Wohnungsbestand der LWU (ab 4 WE pro Adresse),35497
1944,11003000400146____,Flurstück mit Wohnungsbestand der LWU (ab 4 WE pro Adresse),4834
1945,11003000400147____,Flurstück mit Wohnungsbestand der LWU (ab 4 WE pro Adresse),400
1946,11003000400315____,Flurstück mit Wohnungsbestand der LWU (ab 4 WE pro Adresse),22391
1947,11003000400367____,Flurstück mit Wohnungsbestand der LWU (ab 4 WE pro Adresse),11549
1948,11003000400368____,Flurstück mit Wohnungsbestand der LWU (ab 4 WE pro Adresse),10654
1949,110030004012540055,Flurstück mit Wohnungsbestand der LWU (ab 4 WE pro Adresse),597
1950,110030005000250008,Flurstück mit Wohnungsbestand der LWU (ab 4 WE pro Adresse),4599
1951,110030005000390002,Flurstück mit Wohnungsbestand der LWU (ab 4 WE pro Adresse),1336
1952,110030005000510005,Flurstück mit Wohnungsbestand der LWU (ab 4 WE pro Adresse),2510
1953,11003000500159____,Flurstück mit Wohnungsbestand der LWU (ab 4 WE pro Adresse),874
1954,11003000500160____,Flurstück mit Wohnungsbestand der LWU (ab 4 WE pro Adresse),534
1955,110030006000070060,Flurstück mit Wohnungsbestand der LWU (ab 4 WE pro Adresse),959
1956,110030006000070068,Flurstück mit Wohnungsbestand der LWU (ab 4 WE pro Adresse),2036
1957,110030006000090003,Flurstück mit Wohnungsbestand der LWU (ab 4 WE pro Adresse),2202
1958,110030006000120001,Flurstück mit Wohnungsbestand der LWU (ab 4 WE pro Adresse),945
1959,110030006000420016,Flurstück mit Wohnungsbestand der LWU (ab 4 WE pro Adresse),776
1960,110030006000860002,Flurstück mit Wohnungsbestand der LWU (ab 4 WE pro Adresse),2295
1961,110030006000950025,Flurstück mit Wohnungsbestand der LWU (ab 4 WE pro Adresse),598
1962,110030006000950027,Flurstück mit Wohnungsbestand der LWU (ab 4 WE pro Adresse),1830
1963,110030006000990001,Flurstück mit Wohnungsbestand der LWU (ab 4 WE pro Adresse),705
1964,11003000600185____,Flurstück mit Wohnungsbestand der LWU (ab 4 WE pro Adresse),675
1965,11003000600235____,Flurstück mit Wohnungsbestand der LWU (ab 4 WE pro Adresse),323
1966,11003000600236____,Flurstück mit Wohnungsbestand der LWU (ab 4 WE pro Adresse),1889
1967,11003000600237____,Flurstück mit Wohnungsbestand der LWU (ab 4 WE pro Adresse),354
1968,11003000600238____,Flurstück mit Wohnungsbestand der LWU (ab 4 WE pro Adresse),2470
1969,11003000600265____,Flurstück mit Wohnungsbestand der LWU (ab 4 WE pro Adresse),1122
1970,110030006017700012,Flurstück mit Wohnungsbestand der LWU (ab 4 WE pro Adresse),1310
1971,110030006018460086,Flurstück mit Wohnungsbestand der LWU (ab 4 WE pro Adresse),1336
1972,110030006021260101,Flurstück mit Wohnungsbestand der LWU (ab 4 WE pro Adresse),804
1973,110030006021870101,Flurstück mit Wohnungsbestand der LWU (ab 4 WE pro Adresse),992
1974,110030008000180001,Flurstück mit Wohnungsbestand der LWU (ab 4 WE pro Adresse),1309
1975,11003000800295____,Flurstück mit Wohnungsbestand der LWU (ab 4 WE pro Adresse),1158
1976,11003000800367____,Flurstück mit Wohnungsbestand der LWU (ab 4 WE pro Adresse),4218
1977,11003000800368____,Flurstück mit Wohnungsbestand der LWU (ab 4 WE pro Adresse),1300
1978,11003000800369____,Flurstück mit Wohnungsbestand der LWU (ab 4 WE pro Adresse),10641
1979,110030008031970028,Flurstück mit Wohnungsbestand der LWU (ab 4 WE pro Adresse),809
1980,110030008035930013,Flurstück mit Wohnungsbestand der LWU (ab 4 WE pro Adresse),913
1981,110031008000040090,Flurstück mit Wohnungsbestand der LWU (ab 4 WE pro Adresse),1182
1982,110031008000040138,Flurstück mit Wohnungsbestand der LWU (ab 4 WE pro Adresse),3144
1983,110031008000050209,Flurstück mit Wohnungsbestand der LWU (ab 4 WE pro Adresse),8080
1984,110031008000050351,Flurstück mit Wohnungsbestand der LWU (ab 4 WE pro Adresse),3073
1985,110031008000050475,Flurstück mit Wohnungsbestand der LWU (ab 4 WE pro Adresse),3461
1986,110031008006950005,Flurstück mit Wohnungsbestand der LWU (ab 4 WE pro Adresse),2353
1987,11003100900113____,Flurstück mit Wohnungsbestand der LWU (ab 4 WE pro Adresse),15787
1988,110031011000480003,Flurstück mit Wohnungsbestand der LWU (ab 4 WE pro Adresse),7282
1989,110032001000300013,Flurstück mit Wohnungsbestand der LWU (ab 4 WE pro Adresse),484
1990,110032001000610026,Flurstück mit Wohnungsbestand der LWU (ab 4 WE pro Adresse),3698
1991,110032001000630008,Flurstück mit Wohnungsbestand der LWU (ab 4 WE pro Adresse),2747
1992,110032001000630012,Flurstück mit Wohnungsbestand der LWU (ab 4 WE pro Adresse),967
1993,110032001000960018,Flurstück mit Wohnungsbestand der LWU (ab 4 WE pro Adresse),8897
1994,11003200100183____,Flurstück mit Wohnungsbestand der LWU (ab 4 WE pro Adresse),5030
1995,11003200100210____,Flurstück mit Wohnungsbestand der LWU (ab 4 WE pro Adresse),7466
1996,110032001021100011,Flurstück mit Wohnungsbestand der LWU (ab 4 WE pro Adresse),4915
1997,110032001021110011,Flurstück mit Wohnungsbestand der LWU (ab 4 WE pro Adresse),2752
1998,110032001025440011,Flurstück mit Wohnungsbestand der LWU (ab 4 WE pro Adresse),2400
1999,110032002000350001,Flurstück mit Wohnungsbestand der LWU (ab 4 WE pro Adresse),5021
2000,110032002000350004,Flurstück mit Wohnungsbestand der LWU (ab 4 WE pro Adresse),5438
2001,110032002000620124,Flurstück mit Wohnungsbestand der LWU (ab 4 WE pro Adresse),4411
2002,110032002008830035,Flurstück mit Wohnungsbestand der LWU (ab 4 WE pro Adresse),1605
2003,110032002011000029,Flurstück mit Wohnungsbestand der LWU (ab 4 WE pro Adresse),1386
2004,11003500402029____,Flurstück mit Wohnungsbestand der LWU (ab 4 WE pro Adresse),3354
2005,11003500500373____,Flurstück mit Wohnungsbestand der LWU (ab 4 WE pro Adresse),1997
2006,11003500501297____,Flurstück mit Wohnungsbestand der LWU (ab 4 WE pro Adresse),9340
2007,110035009000110013,Flurstück mit Wohnungsbestand der LWU (ab 4 WE pro Adresse),7389
2008,110035009000110020,Flurstück mit Wohnungsbestand der LWU (ab 4 WE pro Adresse),6991
2009,11003501000407____,Flurstück mit Wohnungsbestand der LWU (ab 4 WE pro Adresse),4194
2010,11003501000408____,Flurstück mit Wohnungsbestand der LWU (ab 4 WE pro Adresse),2649
2011,11003501000838____,Flurstück mit Wohnungsbestand der LWU (ab 4 WE pro Adresse),4021
2012,11003501000839____,Flurstück mit Wohnungsbestand der LWU (ab 4 WE pro Adresse),1213
2013,11003501100551____,Flurstück mit Wohnungsbestand der LWU (ab 4 WE pro Adresse),3168
2014,11003501101201____,Flurstück mit Wohnungsbestand der LWU (ab 4 WE pro Adresse),2077
2015,11003501101202____,Flurstück mit Wohnungsbestand der LWU (ab 4 WE pro Adresse),2201
2016,11003501101206____,Flurstück mit Wohnungsbestand der LWU (ab 4 WE pro Adresse),2591
2017,11003501101207____,Flurstück mit Wohnungsbestand der LWU (ab 4 WE pro Adresse),1835
2018,11003501101209____,Flurstück mit Wohnungsbestand der LWU (ab 4 WE pro Adresse),2686
2019,11003501101210____,Flurstück mit Wohnungsbestand der LWU (ab 4 WE pro Adresse),2034
2020,11003501101214____,Flurstück mit Wohnungsbestand der LWU (ab 4 WE pro Adresse),873
2021,11003501101224____,Flurstück mit Wohnungsbestand der LWU (ab 4 WE pro Adresse),1777
2022,11003501101227____,Flurstück mit Wohnungsbestand der LWU (ab 4 WE pro Adresse),4023
2023,11003501101232____,Flurstück mit Wohnungsbestand der LWU (ab 4 WE pro Adresse),2174
2024,11003501101278____,Flurstück mit Wohnungsbestand der LWU (ab 4 WE pro Adresse),3235
2025,11003501101310____,Flurstück mit Wohnungsbestand der LWU (ab 4 WE pro Adresse),2864
2026,11003501101313____,Flurstück mit Wohnungsbestand der LWU (ab 4 WE pro Adresse),4744
2027,11003501101314____,Flurstück mit Wohnungsbestand der LWU (ab 4 WE pro Adresse),2318
2028,110035011046040108,Flurstück mit Wohnungsbestand der LWU (ab 4 WE pro Adresse),2099
2029,11003602400015____,Flurstück mit Wohnungsbestand der LWU (ab 4 WE pro Adresse),19441
2030,11003602400016____,Flurstück mit Wohnungsbestand der LWU (ab 4 WE pro Adresse),1441
2031,11003700101303____,Flurstück mit Wohnungsbestand der LWU (ab 4 WE pro Adresse),2559
2032,11003700700140____,Flurstück mit Wohnungsbestand der LWU (ab 4 WE pro Adresse),1237
2033,11003701100192____,Flurstück mit Wohnungsbestand der LWU (ab 4 WE pro Adresse),5512
2034,11003800200167____,Flurstück mit Wohnungsbestand der LWU (ab 4 WE pro Adresse),1385
2035,11003800200226____,Flurstück mit Wohnungsbestand der LWU (ab 4 WE pro Adresse),624
2036,11003800200254____,Flurstück mit Wohnungsbestand der LWU (ab 4 WE pro Adresse),613
2037,11003800200275____,Flurstück mit Wohnungsbestand der LWU (ab 4 WE pro Adresse),646
2038,11003800200298____,Flurstück mit Wohnungsbestand der LWU (ab 4 WE pro Adresse),500
2039,11003800200308____,Flurstück mit Wohnungsbestand der LWU (ab 4 WE pro Adresse),499
2040,11003800200334____,Flurstück mit Wohnungsbestand der LWU (ab 4 WE pro Adresse),1875
2041,11003800200352____,Flurstück mit Wohnungsbestand der LWU (ab 4 WE pro Adresse),7797
2042,11003800200755____,Flurstück mit Wohnungsbestand der LWU (ab 4 WE pro Adresse),15958
2043,11003800300194____,Flurstück mit Wohnungsbestand der LWU (ab 4 WE pro Adresse),10974
2044,11003800300195____,Flurstück mit Wohnungsbestand der LWU (ab 4 WE pro Adresse),11734
2045,11003900100119____,Flurstück mit Wohnungsbestand der LWU (ab 4 WE pro Adresse),3080
2046,11003900300368____,Flurstück mit Wohnungsbestand der LWU (ab 4 WE pro Adresse),3034
2047,11004500300193____,Flurstück mit Wohnungsbestand der LWU (ab 4 WE pro Adresse),1043
2048,11004500400115____,Flurstück mit Wohnungsbestand der LWU (ab 4 WE pro Adresse),641
2049,110045004001590002,Flurstück mit Wohnungsbestand der LWU (ab 4 WE pro Adresse),4080
2050,11004500400173____,Flurstück mit Wohnungsbestand der LWU (ab 4 WE pro Adresse),1717
2051,110045005000960004,Flurstück mit Wohnungsbestand der LWU (ab 4 WE pro Adresse),981
2052,11004500500149____,Flurstück mit Wohnungsbestand der LWU (ab 4 WE pro Adresse),463
2053,11004500500175____,Flurstück mit Wohnungsbestand der LWU (ab 4 WE pro Adresse),7411
2054,110045006001810001,Flurstück mit Wohnungsbestand der LWU (ab 4 WE pro Adresse),3361
2055,110045006002390001,Flurstück mit Wohnungsbestand der LWU (ab 4 WE pro Adresse),2122
2056,11004500600267____,Flurstück mit Wohnungsbestand der LWU (ab 4 WE pro Adresse),958
2057,11004500700152____,Flurstück mit Wohnungsbestand der LWU (ab 4 WE pro Adresse),794
2058,11004500700155____,Flurstück mit Wohnungsbestand der LWU (ab 4 WE pro Adresse),901
2059,110045008001400001,Flurstück mit Wohnungsbestand der LWU (ab 4 WE pro Adresse),4010
2060,110045008001420001,Flurstück mit Wohnungsbestand der LWU (ab 4 WE pro Adresse),1268
2061,11004500800161____,Flurstück mit Wohnungsbestand der LWU (ab 4 WE pro Adresse),812
2062,11004500800163____,Flurstück mit Wohnungsbestand der LWU (ab 4 WE pro Adresse),993
2063,110045009000030001,Flurstück mit Wohnungsbestand der LWU (ab 4 WE pro Adresse),2405
2064,11004500900014____,Flurstück mit Wohnungsbestand der LWU (ab 4 WE pro Adresse),902
2065,11004500900073____,Flurstück mit Wohnungsbestand der LWU (ab 4 WE pro Adresse),758
2066,110045012000090001,Flurstück mit Wohnungsbestand der LWU (ab 4 WE pro Adresse),1218
2067,11004501200034____,Flurstück mit Wohnungsbestand der LWU (ab 4 WE pro Adresse),1437
2068,110045012000360001,Flurstück mit Wohnungsbestand der LWU (ab 4 WE pro Adresse),2359
2069,110045014000060003,Flurstück mit Wohnungsbestand der LWU (ab 4 WE pro Adresse),541
2070,11004501400014____,Flurstück mit Wohnungsbestand der LWU (ab 4 WE pro Adresse),289
2071,11004501400015____,Flurstück mit Wohnungsbestand der LWU (ab 4 WE pro Adresse),333
2072,11004501400017____,Flurstück mit Wohnungsbestand der LWU (ab 4 WE pro Adresse),374
2073,11004501400024____,Flurstück mit Wohnungsbestand der LWU (ab 4 WE pro Adresse),1023
2074,11004501400035____,Flurstück mit Wohnungsbestand der LWU (ab 4 WE pro Adresse),373
2075,11004501400036____,Flurstück mit Wohnungsbestand der LWU (ab 4 WE pro Adresse),486
2076,11004501400039____,Flurstück mit Wohnungsbestand der LWU (ab 4 WE pro Adresse),510
2077,11004501400067____,Flurstück mit Wohnungsbestand der LWU (ab 4 WE pro Adresse),675
2078,11004501400073____,Flurstück mit Wohnungsbestand der LWU (ab 4 WE pro Adresse),1014
2079,11004501400076____,Flurstück mit Wohnungsbestand der LWU (ab 4 WE pro Adresse),633
2080,11004501400077____,Flurstück mit Wohnungsbestand der LWU (ab 4 WE pro Adresse),537
2081,11004501400079____,Flurstück mit Wohnungsbestand der LWU (ab 4 WE pro Adresse),501
2082,11004501400080____,Flurstück mit Wohnungsbestand der LWU (ab 4 WE pro Adresse),737
2083,11004501400081____,Flurstück mit Wohnungsbestand der LWU (ab 4 WE pro Adresse),646
2084,11004501400082____,Flurstück mit Wohnungsbestand der LWU (ab 4 WE pro Adresse),611
2085,11004501400083____,Flurstück mit Wohnungsbestand der LWU (ab 4 WE pro Adresse),618
2086,11004501400084____,Flurstück mit Wohnungsbestand der LWU (ab 4 WE pro Adresse),519
2087,11004501400085____,Flurstück mit Wohnungsbestand der LWU (ab 4 WE pro Adresse),657
2088,11004501400092____,Flurstück mit Wohnungsbestand der LWU (ab 4 WE pro Adresse),515
2089,11004501400093____,Flurstück mit Wohnungsbestand der LWU (ab 4 WE pro Adresse),549
2090,11004501400103____,Flurstück mit Wohnungsbestand der LWU (ab 4 WE pro Adresse),674
2091,11004501400183____,Flurstück mit Wohnungsbestand der LWU (ab 4 WE pro Adresse),3985
2092,11004501500052____,Flurstück mit Wohnungsbestand der LWU (ab 4 WE pro Adresse),646
2093,11004501500122____,Flurstück mit Wohnungsbestand der LWU (ab 4 WE pro Adresse),4441
2094,11004501600032____,Flurstück mit Wohnungsbestand der LWU (ab 4 WE pro Adresse),727
2095,11004501700099____,Flurstück mit Wohnungsbestand der LWU (ab 4 WE pro Adresse),451
2096,11004501900027____,Flurstück mit Wohnungsbestand der LWU (ab 4 WE pro Adresse),1164
2097,110045019000290001,Flurstück mit Wohnungsbestand der LWU (ab 4 WE pro Adresse),5366
2098,11004501900032____,Flurstück mit Wohnungsbestand der LWU (ab 4 WE pro Adresse),3273
2099,11004501900054____,Flurstück mit Wohnungsbestand der LWU (ab 4 WE pro Adresse),1096
2100,11004502000021____,Flurstück mit Wohnungsbestand der LWU (ab 4 WE pro Adresse),876
2101,11004502100039____,Flurstück mit Wohnungsbestand der LWU (ab 4 WE pro Adresse),1709
2102,11004502100040____,Flurstück mit Wohnungsbestand der LWU (ab 4 WE pro Adresse),1633
2103,11004502100068____,Flurstück mit Wohnungsbestand der LWU (ab 4 WE pro Adresse),620
2104,11004502100081____,Flurstück mit Wohnungsbestand der LWU (ab 4 WE pro Adresse),2606
2105,11004502200001____,Flurstück mit Wohnungsbestand der LWU (ab 4 WE pro Adresse),869
2106,11004502200002____,Flurstück mit Wohnungsbestand der LWU (ab 4 WE pro Adresse),696
2107,11004502200018____,Flurstück mit Wohnungsbestand der LWU (ab 4 WE pro Adresse),1007
2108,11004502200020____,Flurstück mit Wohnungsbestand der LWU (ab 4 WE pro Adresse),404
2109,11004502200021____,Flurstück mit Wohnungsbestand der LWU (ab 4 WE pro Adresse),620
2110,11004502200023____,Flurstück mit Wohnungsbestand der LWU (ab 4 WE pro Adresse),1159
2111,11004502200027____,Flurstück mit Wohnungsbestand der LWU (ab 4 WE pro Adresse),948
2112,11004502200034____,Flurstück mit Wohnungsbestand der LWU (ab 4 WE pro Adresse),384
2113,11004502200038____,Flurstück mit Wohnungsbestand der LWU (ab 4 WE pro Adresse),512
2114,11004502200040____,Flurstück mit Wohnungsbestand der LWU (ab 4 WE pro Adresse),700
2115,11004502200041____,Flurstück mit Wohnungsbestand der LWU (ab 4 WE pro Adresse),824
2116,11004502200042____,Flurstück mit Wohnungsbestand der LWU (ab 4 WE pro Adresse),857
2117,11004502200043____,Flurstück mit Wohnungsbestand der LWU (ab 4 WE pro Adresse),932
2118,11004502200045____,Flurstück mit Wohnungsbestand der LWU (ab 4 WE pro Adresse),598
2119,11004502200047____,Flurstück mit Wohnungsbestand der LWU (ab 4 WE pro Adresse),806
2120,11004502200048____,Flurstück mit Wohnungsbestand der LWU (ab 4 WE pro Adresse),924
2121,11004502200051____,Flurstück mit Wohnungsbestand der LWU (ab 4 WE pro Adresse),1198
2122,11004502200052____,Flurstück mit Wohnungsbestand der LWU (ab 4 WE pro Adresse),1636
2123,11004502200054____,Flurstück mit Wohnungsbestand der LWU (ab 4 WE pro Adresse),547
2124,11004502200056____,Flurstück mit Wohnungsbestand der LWU (ab 4 WE pro Adresse),574
2125,11004502200059____,Flurstück mit Wohnungsbestand der LWU (ab 4 WE pro Adresse),191
2126,11004502200060____,Flurstück mit Wohnungsbestand der LWU (ab 4 WE pro Adresse),381
2127,11004502200061____,Flurstück mit Wohnungsbestand der LWU (ab 4 WE pro Adresse),280
2128,11004502200062____,Flurstück mit Wohnungsbestand der LWU (ab 4 WE pro Adresse),793
2129,11004502200064____,Flurstück mit Wohnungsbestand der LWU (ab 4 WE pro Adresse),711
2130,11004502200068____,Flurstück mit Wohnungsbestand der LWU (ab 4 WE pro Adresse),1131
2131,11004502200078____,Flurstück mit Wohnungsbestand der LWU (ab 4 WE pro Adresse),764
2132,110045022000910005,Flurstück mit Wohnungsbestand der LWU (ab 4 WE pro Adresse),3688
2133,11004502200097____,Flurstück mit Wohnungsbestand der LWU (ab 4 WE pro Adresse),1011
2134,11004502200098____,Flurstück mit Wohnungsbestand der LWU (ab 4 WE pro Adresse),899
2135,11004502200113____,Flurstück mit Wohnungsbestand der LWU (ab 4 WE pro Adresse),643
2136,11004502200122____,Flurstück mit Wohnungsbestand der LWU (ab 4 WE pro Adresse),581
2137,11004502200124____,Flurstück mit Wohnungsbestand der LWU (ab 4 WE pro Adresse),668
2138,11004502200128____,Flurstück mit Wohnungsbestand der LWU (ab 4 WE pro Adresse),970
2139,11004502300007____,Flurstück mit Wohnungsbestand der LWU (ab 4 WE pro Adresse),748
2140,11004502500002____,Flurstück mit Wohnungsbestand der LWU (ab 4 WE pro Adresse),411
2141,110045025000060001,Flurstück mit Wohnungsbestand der LWU (ab 4 WE pro Adresse),450
2142,11004502600041____,Flurstück mit Wohnungsbestand der LWU (ab 4 WE pro Adresse),504
2143,11004502600074____,Flurstück mit Wohnungsbestand der LWU (ab 4 WE pro Adresse),30101
2144,11004502700050____,Flurstück mit Wohnungsbestand der LWU (ab 4 WE pro Adresse),760
2145,11004502800042____,Flurstück mit Wohnungsbestand der LWU (ab 4 WE pro Adresse),829
2146,110045029000050001,Flurstück mit Wohnungsbestand der LWU (ab 4 WE pro Adresse),1593
2147,110045029000180005,Flurstück mit Wohnungsbestand der LWU (ab 4 WE pro Adresse),1635
2148,11004503300057____,Flurstück mit Wohnungsbestand der LWU (ab 4 WE pro Adresse),838
2149,11004503600063____,Flurstück mit Wohnungsbestand der LWU (ab 4 WE pro Adresse),699
2150,110045038000170002,Flurstück mit Wohnungsbestand der LWU (ab 4 WE pro Adresse),2684
2151,110045038000330006,Flurstück mit Wohnungsbestand der LWU (ab 4 WE pro Adresse),5386
2152,110045038000410001,Flurstück mit Wohnungsbestand der LWU (ab 4 WE pro Adresse),3964
2153,11004503800074____,Flurstück mit Wohnungsbestand der LWU (ab 4 WE pro Adresse),3270
2154,11004503800087____,Flurstück mit Wohnungsbestand der LWU (ab 4 WE pro Adresse),888
2155,11004503800089____,Flurstück mit Wohnungsbestand der LWU (ab 4 WE pro Adresse),1258
2156,110045043000450007,Flurstück mit Wohnungsbestand der LWU (ab 4 WE pro Adresse),6743
2157,110045045000520001,Flurstück mit Wohnungsbestand der LWU (ab 4 WE pro Adresse),5620
2158,11004504600181____,Flurstück mit Wohnungsbestand der LWU (ab 4 WE pro Adresse),2438
2159,11004505000040____,Flurstück mit Wohnungsbestand der LWU (ab 4 WE pro Adresse),872
2160,110045051000260002,Flurstück mit Wohnungsbestand der LWU (ab 4 WE pro Adresse),961
2161,110045053000770001,Flurstück mit Wohnungsbestand der LWU (ab 4 WE pro Adresse),6409
2162,11004505500186____,Flurstück mit Wohnungsbestand der LWU (ab 4 WE pro Adresse),5268
2163,11004505500196____,Flurstück mit Wohnungsbestand der LWU (ab 4 WE pro Adresse),2336
2164,11004505500220____,Flurstück mit Wohnungsbestand der LWU (ab 4 WE pro Adresse),1914
2165,11004505900020____,Flurstück mit Wohnungsbestand der LWU (ab 4 WE pro Adresse),553
2166,11004505900036____,Flurstück mit Wohnungsbestand der LWU (ab 4 WE pro Adresse),284
2167,11004506000046____,Flurstück mit Wohnungsbestand der LWU (ab 4 WE pro Adresse),595
2168,11004506500013____,Flurstück mit Wohnungsbestand der LWU (ab 4 WE pro Adresse),1973
2169,110045081000780001,Flurstück mit Wohnungsbestand der LWU (ab 4 WE pro Adresse),710
2170,110045081000780002,Flurstück mit Wohnungsbestand der LWU (ab 4 WE pro Adresse),673
2171,110045081000810008,Flurstück mit Wohnungsbestand der LWU (ab 4 WE pro Adresse),2741
2172,110045081000860002,Flurstück mit Wohnungsbestand der LWU (ab 4 WE pro Adresse),1983
2173,110045081000870001,Flurstück mit Wohnungsbestand der LWU (ab 4 WE pro Adresse),1022
2174,110045081000880001,Flurstück mit Wohnungsbestand der LWU (ab 4 WE pro Adresse),765
2175,110045081001120001,Flurstück mit Wohnungsbestand der LWU (ab 4 WE pro Adresse),842
2176,110045081001410007,Flurstück mit Wohnungsbestand der LWU (ab 4 WE pro Adresse),6665
2177,110045081001500010,Flurstück mit Wohnungsbestand der LWU (ab 4 WE pro Adresse),275
2178,110045081001500013,Flurstück mit Wohnungsbestand der LWU (ab 4 WE pro Adresse),3938
2179,110045081001530025,Flurstück mit Wohnungsbestand der LWU (ab 4 WE pro Adresse),1311
2180,110045081001810003,Flurstück mit Wohnungsbestand der LWU (ab 4 WE pro Adresse),344
2181,110045081001900001,Flurstück mit Wohnungsbestand der LWU (ab 4 WE pro Adresse),553
2182,110045081002090003,Flurstück mit Wohnungsbestand der LWU (ab 4 WE pro Adresse),537
2183,110045081002090007,Flurstück mit Wohnungsbestand der LWU (ab 4 WE pro Adresse),1258
2184,11004508100217____,Flurstück mit Wohnungsbestand der LWU (ab 4 WE pro Adresse),216
2185,11004508100219____,Flurstück mit Wohnungsbestand der LWU (ab 4 WE pro Adresse),1818
2186,11004508100229____,Flurstück mit Wohnungsbestand der LWU (ab 4 WE pro Adresse),3561
2187,11004508100238____,Flurstück mit Wohnungsbestand der LWU (ab 4 WE pro Adresse),415
2188,11004508100251____,Flurstück mit Wohnungsbestand der LWU (ab 4 WE pro Adresse),988
2189,11004508100255____,Flurstück mit Wohnungsbestand der LWU (ab 4 WE pro Adresse),4262
2190,11004508100259____,Flurstück mit Wohnungsbestand der LWU (ab 4 WE pro Adresse),3712
2191,11004508100260____,Flurstück mit Wohnungsbestand der LWU (ab 4 WE pro Adresse),1170
2192,11004508100264____,Flurstück mit Wohnungsbestand der LWU (ab 4 WE pro Adresse),5346
2193,11004508100267____,Flurstück mit Wohnungsbestand der LWU (ab 4 WE pro Adresse),2451
2194,11004508100268____,Flurstück mit Wohnungsbestand der LWU (ab 4 WE pro Adresse),3160
2195,11004508100274____,Flurstück mit Wohnungsbestand der LWU (ab 4 WE pro Adresse),1659
2196,11004508100287____,Flurstück mit Wohnungsbestand der LWU (ab 4 WE pro Adresse),2669
2197,11004508100289____,Flurstück mit Wohnungsbestand der LWU (ab 4 WE pro Adresse),2130
2198,11004508100290____,Flurstück mit Wohnungsbestand der LWU (ab 4 WE pro Adresse),2321
2199,11004508100310____,Flurstück mit Wohnungsbestand der LWU (ab 4 WE pro Adresse),1609
2200,11004508100313____,Flurstück mit Wohnungsbestand der LWU (ab 4 WE pro Adresse),1326
2201,11004508100320____,Flurstück mit Wohnungsbestand der LWU (ab 4 WE pro Adresse),268
2202,11004508100322____,Flurstück mit Wohnungsbestand der LWU (ab 4 WE pro Adresse),1131
2203,11004508100340____,Flurstück mit Wohnungsbestand der LWU (ab 4 WE pro Adresse),1582
2204,11004508100343____,Flurstück mit Wohnungsbestand der LWU (ab 4 WE pro Adresse),486
2205,11004508100347____,Flurstück mit Wohnungsbestand der LWU (ab 4 WE pro Adresse),487
2206,11004508100355____,Flurstück mit Wohnungsbestand der LWU (ab 4 WE pro Adresse),985
2207,11004508100358____,Flurstück mit Wohnungsbestand der LWU (ab 4 WE pro Adresse),699
2208,11004508100369____,Flurstück mit Wohnungsbestand der LWU (ab 4 WE pro Adresse),368
2209,11004508100374____,Flurstück mit Wohnungsbestand der LWU (ab 4 WE pro Adresse),1477
2210,11004508100376____,Flurstück mit Wohnungsbestand der LWU (ab 4 WE pro Adresse),778
2211,11004508100378____,Flurstück mit Wohnungsbestand der LWU (ab 4 WE pro Adresse),617
2212,11004508100380____,Flurstück mit Wohnungsbestand der LWU (ab 4 WE pro Adresse),486
2213,11004508100386____,Flurstück mit Wohnungsbestand der LWU (ab 4 WE pro Adresse),824
2214,11004508100387____,Flurstück mit Wohnungsbestand der LWU (ab 4 WE pro Adresse),4013
2215,11004508100402____,Flurstück mit Wohnungsbestand der LWU (ab 4 WE pro Adresse),1284
2216,11004508100412____,Flurstück mit Wohnungsbestand der LWU (ab 4 WE pro Adresse),508
2217,11004508100414____,Flurstück mit Wohnungsbestand der LWU (ab 4 WE pro Adresse),659
2218,11004508100416____,Flurstück mit Wohnungsbestand der LWU (ab 4 WE pro Adresse),468
2219,11004508100418____,Flurstück mit Wohnungsbestand der LWU (ab 4 WE pro Adresse),595
2220,11004508100432____,Flurstück mit Wohnungsbestand der LWU (ab 4 WE pro Adresse),1280
2221,11004508100442____,Flurstück mit Wohnungsbestand der LWU (ab 4 WE pro Adresse),701
2222,11004508100447____,Flurstück mit Wohnungsbestand der LWU (ab 4 WE pro Adresse),3519
2223,11004508100456____,Flurstück mit Wohnungsbestand der LWU (ab 4 WE pro Adresse),3862
2224,11004508100463____,Flurstück mit Wohnungsbestand der LWU (ab 4 WE pro Adresse),3340
2225,11004508100465____,Flurstück mit Wohnungsbestand der LWU (ab 4 WE pro Adresse),2001
2226,11004508100471____,Flurstück mit Wohnungsbestand der LWU (ab 4 WE pro Adresse),1707
2227,11004508100479____,Flurstück mit Wohnungsbestand der LWU (ab 4 WE pro Adresse),226
2228,11004508100490____,Flurstück mit Wohnungsbestand der LWU (ab 4 WE pro Adresse),797
2229,11004508100503____,Flurstück mit Wohnungsbestand der LWU (ab 4 WE pro Adresse),480
2230,11004508100526____,Flurstück mit Wohnungsbestand der LWU (ab 4 WE pro Adresse),566
2231,11004508100527____,Flurstück mit Wohnungsbestand der LWU (ab 4 WE pro Adresse),532
2232,11004508100528____,Flurstück mit Wohnungsbestand der LWU (ab 4 WE pro Adresse),731
2233,11004508100529____,Flurstück mit Wohnungsbestand der LWU (ab 4 WE pro Adresse),516
2234,11004508100533____,Flurstück mit Wohnungsbestand der LWU (ab 4 WE pro Adresse),8737
2235,110045081007770158,Flurstück mit Wohnungsbestand der LWU (ab 4 WE pro Adresse),491
2236,110045081008390200,Flurstück mit Wohnungsbestand der LWU (ab 4 WE pro Adresse),984
2237,110045081008570190,Flurstück mit Wohnungsbestand der LWU (ab 4 WE pro Adresse),529
2238,110045081008670183,Flurstück mit Wohnungsbestand der LWU (ab 4 WE pro Adresse),489
2239,110045081008680183,Flurstück mit Wohnungsbestand der LWU (ab 4 WE pro Adresse),438
2240,110045081009080099,Flurstück mit Wohnungsbestand der LWU (ab 4 WE pro Adresse),541
2241,110045081009430158,Flurstück mit Wohnungsbestand der LWU (ab 4 WE pro Adresse),580
2242,110045081009940112,Flurstück mit Wohnungsbestand der LWU (ab 4 WE pro Adresse),269
2243,110045081010180181,Flurstück mit Wohnungsbestand der LWU (ab 4 WE pro Adresse),765
2244,110045081010210198,Flurstück mit Wohnungsbestand der LWU (ab 4 WE pro Adresse),541
2245,110045081010220198,Flurstück mit Wohnungsbestand der LWU (ab 4 WE pro Adresse),539
2246,110045081010250181,Flurstück mit Wohnungsbestand der LWU (ab 4 WE pro Adresse),816
2247,110045081010770198,Flurstück mit Wohnungsbestand der LWU (ab 4 WE pro Adresse),381
2248,110045081010870096,Flurstück mit Wohnungsbestand der LWU (ab 4 WE pro Adresse),355
2249,110045081010880096,Flurstück mit Wohnungsbestand der LWU (ab 4 WE pro Adresse),237
2250,110045081011230155,Flurstück mit Wohnungsbestand der LWU (ab 4 WE pro Adresse),266
2251,110045081011870088,Flurstück mit Wohnungsbestand der LWU (ab 4 WE pro Adresse),340
2252,110045081014570178,Flurstück mit Wohnungsbestand der LWU (ab 4 WE pro Adresse),641
2253,110045081016240209,Flurstück mit Wohnungsbestand der LWU (ab 4 WE pro Adresse),514
2254,110045081016320067,Flurstück mit Wohnungsbestand der LWU (ab 4 WE pro Adresse),944
2255,110045081016450158,Flurstück mit Wohnungsbestand der LWU (ab 4 WE pro Adresse),301
2256,110045081016610086,Flurstück mit Wohnungsbestand der LWU (ab 4 WE pro Adresse),357
2257,110045081016640078,Flurstück mit Wohnungsbestand der LWU (ab 4 WE pro Adresse),595
2258,110045081016710209,Flurstück mit Wohnungsbestand der LWU (ab 4 WE pro Adresse),813
2259,110045081016900086,Flurstück mit Wohnungsbestand der LWU (ab 4 WE pro Adresse),781
2260,110045081016970067,Flurstück mit Wohnungsbestand der LWU (ab 4 WE pro Adresse),902
2261,110045081016990078,Flurstück mit Wohnungsbestand der LWU (ab 4 WE pro Adresse),445
2262,110045081017010067,Flurstück mit Wohnungsbestand der LWU (ab 4 WE pro Adresse),623
2263,110045081017050086,Flurstück mit Wohnungsbestand der LWU (ab 4 WE pro Adresse),526
2264,110045081017110152,Flurstück mit Wohnungsbestand der LWU (ab 4 WE pro Adresse),465
2265,110045081017550078,Flurstück mit Wohnungsbestand der LWU (ab 4 WE pro Adresse),525
2266,110045081017820067,Flurstück mit Wohnungsbestand der LWU (ab 4 WE pro Adresse),922
2267,110045081017830067,Flurstück mit Wohnungsbestand der LWU (ab 4 WE pro Adresse),902
2268,110045081017890067,Flurstück mit Wohnungsbestand der LWU (ab 4 WE pro Adresse),618
2269,110045081018000168,Flurstück mit Wohnungsbestand der LWU (ab 4 WE pro Adresse),984
2270,110045081018010086,Flurstück mit Wohnungsbestand der LWU (ab 4 WE pro Adresse),411
2271,110045081018210088,Flurstück mit Wohnungsbestand der LWU (ab 4 WE pro Adresse),594
2272,110045081018260078,Flurstück mit Wohnungsbestand der LWU (ab 4 WE pro Adresse),317
2273,110045081018290171,Flurstück mit Wohnungsbestand der LWU (ab 4 WE pro Adresse),1139
2274,110045081018410086,Flurstück mit Wohnungsbestand der LWU (ab 4 WE pro Adresse),586
2275,110045081018470086,Flurstück mit Wohnungsbestand der LWU (ab 4 WE pro Adresse),598
2276,110045081018520078,Flurstück mit Wohnungsbestand der LWU (ab 4 WE pro Adresse),653
2277,110045081018540088,Flurstück mit Wohnungsbestand der LWU (ab 4 WE pro Adresse),597
2278,110045081018560099,Flurstück mit Wohnungsbestand der LWU (ab 4 WE pro Adresse),953
2279,110045081018570099,Flurstück mit Wohnungsbestand der LWU (ab 4 WE pro Adresse),952
2280,110045081018580078,Flurstück mit Wohnungsbestand der LWU (ab 4 WE pro Adresse),808
2281,110045081019010098,Flurstück mit Wohnungsbestand der LWU (ab 4 WE pro Adresse),725
2282,110045081019030078,Flurstück mit Wohnungsbestand der LWU (ab 4 WE pro Adresse),647
2283,110045081019070078,Flurstück mit Wohnungsbestand der LWU (ab 4 WE pro Adresse),443
2284,110045081019240086,Flurstück mit Wohnungsbestand der LWU (ab 4 WE pro Adresse),440
2285,110045081019260086,Flurstück mit Wohnungsbestand der LWU (ab 4 WE pro Adresse),632
2286,110045081020400086,Flurstück mit Wohnungsbestand der LWU (ab 4 WE pro Adresse),611
2287,110045081020640086,Flurstück mit Wohnungsbestand der LWU (ab 4 WE pro Adresse),840
2288,110045081021240171,Flurstück mit Wohnungsbestand der LWU (ab 4 WE pro Adresse),1185
2289,110045081021550071,Flurstück mit Wohnungsbestand der LWU (ab 4 WE pro Adresse),559
2290,110045081021560071,Flurstück mit Wohnungsbestand der LWU (ab 4 WE pro Adresse),486
2291,110045081022560097,Flurstück mit Wohnungsbestand der LWU (ab 4 WE pro Adresse),904
2292,110045081022960067,Flurstück mit Wohnungsbestand der LWU (ab 4 WE pro Adresse),2650
2293,110045081022970067,Flurstück mit Wohnungsbestand der LWU (ab 4 WE pro Adresse),804
2294,110045081022980067,Flurstück mit Wohnungsbestand der LWU (ab 4 WE pro Adresse),591
2295,110045081023060033,Flurstück mit Wohnungsbestand der LWU (ab 4 WE pro Adresse),1039
2296,110045081023070033,Flurstück mit Wohnungsbestand der LWU (ab 4 WE pro Adresse),1070
2297,110045081023080033,Flurstück mit Wohnungsbestand der LWU (ab 4 WE pro Adresse),1127
2298,110045081023160071,Flurstück mit Wohnungsbestand der LWU (ab 4 WE pro Adresse),308
2299,110045081023180071,Flurstück mit Wohnungsbestand der LWU (ab 4 WE pro Adresse),671
2300,110045081023230078,Flurstück mit Wohnungsbestand der LWU (ab 4 WE pro Adresse),738
2301,110045081023260078,Flurstück mit Wohnungsbestand der LWU (ab 4 WE pro Adresse),775
2302,110045081023270078,Flurstück mit Wohnungsbestand der LWU (ab 4 WE pro Adresse),789
2303,110045081023280078,Flurstück mit Wohnungsbestand der LWU (ab 4 WE pro Adresse),787
2304,110045081023360092,Flurstück mit Wohnungsbestand der LWU (ab 4 WE pro Adresse),761
2305,110045081023420091,Flurstück mit Wohnungsbestand der LWU (ab 4 WE pro Adresse),829
2306,110045081023430091,Flurstück mit Wohnungsbestand der LWU (ab 4 WE pro Adresse),817
2307,110045081023580171,Flurstück mit Wohnungsbestand der LWU (ab 4 WE pro Adresse),1216
2308,110045081023740043,Flurstück mit Wohnungsbestand der LWU (ab 4 WE pro Adresse),1034
2309,110045081023760043,Flurstück mit Wohnungsbestand der LWU (ab 4 WE pro Adresse),935
2310,110045081023830067,Flurstück mit Wohnungsbestand der LWU (ab 4 WE pro Adresse),3097
2311,110045081023840067,Flurstück mit Wohnungsbestand der LWU (ab 4 WE pro Adresse),3130
2312,110045081024220112,Flurstück mit Wohnungsbestand der LWU (ab 4 WE pro Adresse),485
2313,110045081024630043,Flurstück mit Wohnungsbestand der LWU (ab 4 WE pro Adresse),732
2314,110045081024640043,Flurstück mit Wohnungsbestand der LWU (ab 4 WE pro Adresse),276
2315,110045081024650043,Flurstück mit Wohnungsbestand der LWU (ab 4 WE pro Adresse),593
2316,110045081026250047,Flurstück mit Wohnungsbestand der LWU (ab 4 WE pro Adresse),1155
2317,110045081026510112,Flurstück mit Wohnungsbestand der LWU (ab 4 WE pro Adresse),437
2318,110045081027110055,Flurstück mit Wohnungsbestand der LWU (ab 4 WE pro Adresse),866
2319,110045081027120055,Flurstück mit Wohnungsbestand der LWU (ab 4 WE pro Adresse),869
2320,110045081027130055,Flurstück mit Wohnungsbestand der LWU (ab 4 WE pro Adresse),873
2321,110045081027140055,Flurstück mit Wohnungsbestand der LWU (ab 4 WE pro Adresse),858
2322,110045081027150055,Flurstück mit Wohnungsbestand der LWU (ab 4 WE pro Adresse),860
2323,110045081027160055,Flurstück mit Wohnungsbestand der LWU (ab 4 WE pro Adresse),828
2324,110045081027230112,Flurstück mit Wohnungsbestand der LWU (ab 4 WE pro Adresse),498
2325,110045081027440129,Flurstück mit Wohnungsbestand der LWU (ab 4 WE pro Adresse),1912
2326,110045081027450129,Flurstück mit Wohnungsbestand der LWU (ab 4 WE pro Adresse),1859
2327,110045081027460129,Flurstück mit Wohnungsbestand der LWU (ab 4 WE pro Adresse),1831
2328,110045081027710177,Flurstück mit Wohnungsbestand der LWU (ab 4 WE pro Adresse),536
2329,110045081028000165,Flurstück mit Wohnungsbestand der LWU (ab 4 WE pro Adresse),1336
2330,110045081028150168,Flurstück mit Wohnungsbestand der LWU (ab 4 WE pro Adresse),1942
2331,110045081030220171,Flurstück mit Wohnungsbestand der LWU (ab 4 WE pro Adresse),1194
2332,110045081033690156,Flurstück mit Wohnungsbestand der LWU (ab 4 WE pro Adresse),621
2333,110045082000560106,Flurstück mit Wohnungsbestand der LWU (ab 4 WE pro Adresse),434
2334,110045082000810018,Flurstück mit Wohnungsbestand der LWU (ab 4 WE pro Adresse),7567
2335,11004508200102____,Flurstück mit Wohnungsbestand der LWU (ab 4 WE pro Adresse),955
2336,110045082031500056,Flurstück mit Wohnungsbestand der LWU (ab 4 WE pro Adresse),702
2337,110046001000950017,Flurstück mit Wohnungsbestand der LWU (ab 4 WE pro Adresse),966
2338,11004600100354____,Flurstück mit Wohnungsbestand der LWU (ab 4 WE pro Adresse),4179
2339,11004600100429____,Flurstück mit Wohnungsbestand der LWU (ab 4 WE pro Adresse),6189
2340,110050001000560035,Flurstück mit Wohnungsbestand der LWU (ab 4 WE pro Adresse),372
2341,110050001000580014,Flurstück mit Wohnungsbestand der LWU (ab 4 WE pro Adresse),733
2342,110050001000620060,Flurstück mit Wohnungsbestand der LWU (ab 4 WE pro Adresse),2512
2343,110050001000620091,Flurstück mit Wohnungsbestand der LWU (ab 4 WE pro Adresse),797
2344,110050001000630046,Flurstück mit Wohnungsbestand der LWU (ab 4 WE pro Adresse),2140
2345,110050001033200063,Flurstück mit Wohnungsbestand der LWU (ab 4 WE pro Adresse),1196
2346,110050001033330025,Flurstück mit Wohnungsbestand der LWU (ab 4 WE pro Adresse),519
2347,110050001041170062,Flurstück mit Wohnungsbestand der LWU (ab 4 WE pro Adresse),4032
2348,110050001041340062,Flurstück mit Wohnungsbestand der LWU (ab 4 WE pro Adresse),7808
2349,110050002000090017,Flurstück mit Wohnungsbestand der LWU (ab 4 WE pro Adresse),5985
2350,110050002000090018,Flurstück mit Wohnungsbestand der LWU (ab 4 WE pro Adresse),970
2351,110050003000700002,Flurstück mit Wohnungsbestand der LWU (ab 4 WE pro Adresse),943
2352,110050003001150013,Flurstück mit Wohnungsbestand der LWU (ab 4 WE pro Adresse),836
2353,110050003001150021,Flurstück mit Wohnungsbestand der LWU (ab 4 WE pro Adresse),1314
2354,110050003001150031,Flurstück mit Wohnungsbestand der LWU (ab 4 WE pro Adresse),1980
2355,110050003026260026,Flurstück mit Wohnungsbestand der LWU (ab 4 WE pro Adresse),435
2356,110050003031620145,Flurstück mit Wohnungsbestand der LWU (ab 4 WE pro Adresse),1026
2357,110050003031780144,Flurstück mit Wohnungsbestand der LWU (ab 4 WE pro Adresse),1094
2358,110050003043210117,Flurstück mit Wohnungsbestand der LWU (ab 4 WE pro Adresse),1248
2359,11005000305308____,Flurstück mit Wohnungsbestand der LWU (ab 4 WE pro Adresse),1512
2360,110051001000850156,Flurstück mit Wohnungsbestand der LWU (ab 4 WE pro Adresse),5372
2361,110051001000850166,Flurstück mit Wohnungsbestand der LWU (ab 4 WE pro Adresse),3284
2362,110051001000850202,Flurstück mit Wohnungsbestand der LWU (ab 4 WE pro Adresse),4793
2363,110051001000850261,Flurstück mit Wohnungsbestand der LWU (ab 4 WE pro Adresse),1303
2364,110051001000850263,Flurstück mit Wohnungsbestand der LWU (ab 4 WE pro Adresse),6187
2365,110051001001400007,Flurstück mit Wohnungsbestand der LWU (ab 4 WE pro Adresse),3183
2366,110051001001460001,Flurstück mit Wohnungsbestand der LWU (ab 4 WE pro Adresse),497
2367,110051001001460011,Flurstück mit Wohnungsbestand der LWU (ab 4 WE pro Adresse),261
2368,110051001001840222,Flurstück mit Wohnungsbestand der LWU (ab 4 WE pro Adresse),5920
2369,110051001001840242,Flurstück mit Wohnungsbestand der LWU (ab 4 WE pro Adresse),3120
2370,110051001001940075,Flurstück mit Wohnungsbestand der LWU (ab 4 WE pro Adresse),5489
2371,110051001001940076,Flurstück mit Wohnungsbestand der LWU (ab 4 WE pro Adresse),5068
2372,110051001001940086,Flurstück mit Wohnungsbestand der LWU (ab 4 WE pro Adresse),2057
2373,110051001001940098,Flurstück mit Wohnungsbestand der LWU (ab 4 WE pro Adresse),5112
2374,110051001001940113,Flurstück mit Wohnungsbestand der LWU (ab 4 WE pro Adresse),2053
2375,110051001001940114,Flurstück mit Wohnungsbestand der LWU (ab 4 WE pro Adresse),994
2376,110051001001940115,Flurstück mit Wohnungsbestand der LWU (ab 4 WE pro Adresse),1360
2377,110051001001940117,Flurstück mit Wohnungsbestand der LWU (ab 4 WE pro Adresse),802
2378,110051001001940120,Flurstück mit Wohnungsbestand der LWU (ab 4 WE pro Adresse),7511
2379,110051001001990034,Flurstück mit Wohnungsbestand der LWU (ab 4 WE pro Adresse),754
2380,110051001001990094,Flurstück mit Wohnungsbestand der LWU (ab 4 WE pro Adresse),3417
2381,11005100100276____,Flurstück mit Wohnungsbestand der LWU (ab 4 WE pro Adresse),32353
2382,11005100100394____,Flurstück mit Wohnungsbestand der LWU (ab 4 WE pro Adresse),1703
2383,11005100100395____,Flurstück mit Wohnungsbestand der LWU (ab 4 WE pro Adresse),1182
2384,11005100100548____,Flurstück mit Wohnungsbestand der LWU (ab 4 WE pro Adresse),3767
2385,11005100100720____,Flurstück mit Wohnungsbestand der LWU (ab 4 WE pro Adresse),10058
2386,11005100101175____,Flurstück mit Wohnungsbestand der LWU (ab 4 WE pro Adresse),22164
2387,11005100101178____,Flurstück mit Wohnungsbestand der LWU (ab 4 WE pro Adresse),6706
2388,11005100101250____,Flurstück mit Wohnungsbestand der LWU (ab 4 WE pro Adresse),2271
2389,11005100101301____,Flurstück mit Wohnungsbestand der LWU (ab 4 WE pro Adresse),7891
2390,110051001067290194,Flurstück mit Wohnungsbestand der LWU (ab 4 WE pro Adresse),7001
2391,110051001076780085,Flurstück mit Wohnungsbestand der LWU (ab 4 WE pro Adresse),788
2392,11005100110961____,Flurstück mit Wohnungsbestand der LWU (ab 4 WE pro Adresse),15303
2393,11005100110972____,Flurstück mit Wohnungsbestand der LWU (ab 4 WE pro Adresse),24159
2394,110052001000290024,Flurstück mit Wohnungsbestand der LWU (ab 4 WE pro Adresse),3679
2395,110052001000620012,Flurstück mit Wohnungsbestand der LWU (ab 4 WE pro Adresse),3570
2396,110052001011200087,Flurstück mit Wohnungsbestand der LWU (ab 4 WE pro Adresse),607
2397,110052001022420062,Flurstück mit Wohnungsbestand der LWU (ab 4 WE pro Adresse),1389
2398,110052001024680060,Flurstück mit Wohnungsbestand der LWU (ab 4 WE pro Adresse),670
2399,110052001025850060,Flurstück mit Wohnungsbestand der LWU (ab 4 WE pro Adresse),848
2400,110052001033280062,Flurstück mit Wohnungsbestand der LWU (ab 4 WE pro Adresse),8972
2401,110052001035360029,Flurstück mit Wohnungsbestand der LWU (ab 4 WE pro Adresse),578
2402,110052001041090021,Flurstück mit Wohnungsbestand der LWU (ab 4 WE pro Adresse),4622
2403,11005200104257____,Flurstück mit Wohnungsbestand der LWU (ab 4 WE pro Adresse),633
2404,11005200104368____,Flurstück mit Wohnungsbestand der LWU (ab 4 WE pro Adresse),1383
2405,110052002000900008,Flurstück mit Wohnungsbestand der LWU (ab 4 WE pro Adresse),1215
2406,110052002001630002,Flurstück mit Wohnungsbestand der LWU (ab 4 WE pro Adresse),2827
2407,110052002005930090,Flurstück mit Wohnungsbestand der LWU (ab 4 WE pro Adresse),3227
2408,110052002027920088,Flurstück mit Wohnungsbestand der LWU (ab 4 WE pro Adresse),1485
2409,11005200205205____,Flurstück mit Wohnungsbestand der LWU (ab 4 WE pro Adresse),1510
2410,11005200205230____,Flurstück mit Wohnungsbestand der LWU (ab 4 WE pro Adresse),6054
2411,11005200205401____,Flurstück mit Wohnungsbestand der LWU (ab 4 WE pro Adresse),940
2412,11005200205595____,Flurstück mit Wohnungsbestand der LWU (ab 4 WE pro Adresse),1307
2413,11005200205687____,Flurstück mit Wohnungsbestand der LWU (ab 4 WE pro Adresse),647
2414,11005200205715____,Flurstück mit Wohnungsbestand der LWU (ab 4 WE pro Adresse),586
2415,11005200205720____,Flurstück mit Wohnungsbestand der LWU (ab 4 WE pro Adresse),653
2416,11005200205741____,Flurstück mit Wohnungsbestand der LWU (ab 4 WE pro Adresse),744
2417,11005200205746____,Flurstück mit Wohnungsbestand der LWU (ab 4 WE pro Adresse),616
2418,11005200205775____,Flurstück mit Wohnungsbestand der LWU (ab 4 WE pro Adresse),549
2419,11005200205776____,Flurstück mit Wohnungsbestand der LWU (ab 4 WE pro Adresse),602
2420,11005200205806____,Flurstück mit Wohnungsbestand der LWU (ab 4 WE pro Adresse),2433
2421,11005200205807____,Flurstück mit Wohnungsbestand der LWU (ab 4 WE pro Adresse),1738
2422,11005200205808____,Flurstück mit Wohnungsbestand der LWU (ab 4 WE pro Adresse),4030
2423,11005200205809____,Flurstück mit Wohnungsbestand der LWU (ab 4 WE pro Adresse),3986
2424,11005200205810____,Flurstück mit Wohnungsbestand der LWU (ab 4 WE pro Adresse),4028
2425,11005200302058____,Flurstück mit Wohnungsbestand der LWU (ab 4 WE pro Adresse),1256
2426,110052004000090004,Flurstück mit Wohnungsbestand der LWU (ab 4 WE pro Adresse),2961
2427,110052005000270159,Flurstück mit Wohnungsbestand der LWU (ab 4 WE pro Adresse),37945
2428,110052005000270167,Flurstück mit Wohnungsbestand der LWU (ab 4 WE pro Adresse),10074
2429,110052005000410016,Flurstück mit Wohnungsbestand der LWU (ab 4 WE pro Adresse),8271
2430,110052005000410017,Flurstück mit Wohnungsbestand der LWU (ab 4 WE pro Adresse),5729
2431,110052005000420032,Flurstück mit Wohnungsbestand der LWU (ab 4 WE pro Adresse),34506
2432,110052005000420041,Flurstück mit Wohnungsbestand der LWU (ab 4 WE pro Adresse),17896
2433,110052005001130004,Flurstück mit Wohnungsbestand der LWU (ab 4 WE pro Adresse),792
2434,11005200504106____,Flurstück mit Wohnungsbestand der LWU (ab 4 WE pro Adresse),8136
2435,11005200504107____,Flurstück mit Wohnungsbestand der LWU (ab 4 WE pro Adresse),5382
2436,11005200504108____,Flurstück mit Wohnungsbestand der LWU (ab 4 WE pro Adresse),12044
2437,11005200504148____,Flurstück mit Wohnungsbestand der LWU (ab 4 WE pro Adresse),32883
2438,11005200504150____,Flurstück mit Wohnungsbestand der LWU (ab 4 WE pro Adresse),6725
2439,11005200504152____,Flurstück mit Wohnungsbestand der LWU (ab 4 WE pro Adresse),10032
2440,11005200504154____,Flurstück mit Wohnungsbestand der LWU (ab 4 WE pro Adresse),9047
2441,11005200504304____,Flurstück mit Wohnungsbestand der LWU (ab 4 WE pro Adresse),16601
2442,11005200504318____,Flurstück mit Wohnungsbestand der LWU (ab 4 WE pro Adresse),2067
2443,11005200504319____,Flurstück mit Wohnungsbestand der LWU (ab 4 WE pro Adresse),6481
2444,11005200504329____,Flurstück mit Wohnungsbestand der LWU (ab 4 WE pro Adresse),875
2445,11005200504330____,Flurstück mit Wohnungsbestand der LWU (ab 4 WE pro Adresse),29687
2446,110052006001690018,Flurstück mit Wohnungsbestand der LWU (ab 4 WE pro Adresse),4915
2447,11005200601489____,Flurstück mit Wohnungsbestand der LWU (ab 4 WE pro Adresse),5757
2448,110055001000020036,Flurstück mit Wohnungsbestand der LWU (ab 4 WE pro Adresse),26350
2449,110055001000020068,Flurstück mit Wohnungsbestand der LWU (ab 4 WE pro Adresse),2094
2450,110055001000020075,Flurstück mit Wohnungsbestand der LWU (ab 4 WE pro Adresse),10043
2451,110055001000020077,Flurstück mit Wohnungsbestand der LWU (ab 4 WE pro Adresse),9851
2452,110055001000020078,Flurstück mit Wohnungsbestand der LWU (ab 4 WE pro Adresse),9952
2453,110055001000020082,Flurstück mit Wohnungsbestand der LWU (ab 4 WE pro Adresse),5559
2454,110055001000020083,Flurstück mit Wohnungsbestand der LWU (ab 4 WE pro Adresse),32657
2455,110055001000020084,Flurstück mit Wohnungsbestand der LWU (ab 4 WE pro Adresse),3361
2456,11005500100077____,Flurstück mit Wohnungsbestand der LWU (ab 4 WE pro Adresse),25493
2457,11005500100078____,Flurstück mit Wohnungsbestand der LWU (ab 4 WE pro Adresse),10531
2458,110055001004830002,Flurstück mit Wohnungsbestand der LWU (ab 4 WE pro Adresse),15916
2459,110055002000420010,Flurstück mit Wohnungsbestand der LWU (ab 4 WE pro Adresse),1492
2460,110055002000880002,Flurstück mit Wohnungsbestand der LWU (ab 4 WE pro Adresse),1262
2461,110055002001610140,Flurstück mit Wohnungsbestand der LWU (ab 4 WE pro Adresse),5961
2462,110055002022990086,Flurstück mit Wohnungsbestand der LWU (ab 4 WE pro Adresse),1234
2463,110055002035340178,Flurstück mit Wohnungsbestand der LWU (ab 4 WE pro Adresse),1871
2464,110055002035350178,Flurstück mit Wohnungsbestand der LWU (ab 4 WE pro Adresse),999
2465,110055002037620015,Flurstück mit Wohnungsbestand der LWU (ab 4 WE pro Adresse),1099
2466,110055002041170161,Flurstück mit Wohnungsbestand der LWU (ab 4 WE pro Adresse),13798
2467,110055002041190161,Flurstück mit Wohnungsbestand der LWU (ab 4 WE pro Adresse),8823
2468,110055002042970161,Flurstück mit Wohnungsbestand der LWU (ab 4 WE pro Adresse),13367
2469,110055002042980161,Flurstück mit Wohnungsbestand der LWU (ab 4 WE pro Adresse),14263
2470,110055003000090001,Flurstück mit Wohnungsbestand der LWU (ab 4 WE pro Adresse),749
2471,110055003000130001,Flurstück mit Wohnungsbestand der LWU (ab 4 WE pro Adresse),1852
2472,110055003000410001,Flurstück mit Wohnungsbestand der LWU (ab 4 WE pro Adresse),749
2473,110055003004240080,Flurstück mit Wohnungsbestand der LWU (ab 4 WE pro Adresse),986
2474,110055003007650110,Flurstück mit Wohnungsbestand der LWU (ab 4 WE pro Adresse),1124
2475,110055003007810001,Flurstück mit Wohnungsbestand der LWU (ab 4 WE pro Adresse),1145
2476,110055003008290110,Flurstück mit Wohnungsbestand der LWU (ab 4 WE pro Adresse),954
2477,110055003008800110,Flurstück mit Wohnungsbestand der LWU (ab 4 WE pro Adresse),680
2478,110055003009690116,Flurstück mit Wohnungsbestand der LWU (ab 4 WE pro Adresse),1133
2479,110055003009910116,Flurstück mit Wohnungsbestand der LWU (ab 4 WE pro Adresse),1167
2480,110055004000010007,Flurstück mit Wohnungsbestand der LWU (ab 4 WE pro Adresse),30233
2481,110055004000010008,Flurstück mit Wohnungsbestand der LWU (ab 4 WE pro Adresse),3007
2482,110055004000010009,Flurstück mit Wohnungsbestand der LWU (ab 4 WE pro Adresse),10536
2483,110055004000010010,Flurstück mit Wohnungsbestand der LWU (ab 4 WE pro Adresse),9148
2484,110055004000040002,Flurstück mit Wohnungsbestand der LWU (ab 4 WE pro Adresse),11737
2485,110055004000040008,Flurstück mit Wohnungsbestand der LWU (ab 4 WE pro Adresse),22706
2486,110055004000040011,Flurstück mit Wohnungsbestand der LWU (ab 4 WE pro Adresse),3929
2487,110055004000050002,Flurstück mit Wohnungsbestand der LWU (ab 4 WE pro Adresse),1434
2488,110055004000050029,Flurstück mit Wohnungsbestand der LWU (ab 4 WE pro Adresse),2191
2489,110055004000060005,Flurstück mit Wohnungsbestand der LWU (ab 4 WE pro Adresse),12833
2490,110055004000090001,Flurstück mit Wohnungsbestand der LWU (ab 4 WE pro Adresse),4953
2491,110055004000670001,Flurstück mit Wohnungsbestand der LWU (ab 4 WE pro Adresse),5960
2492,110055006001100009,Flurstück mit Wohnungsbestand der LWU (ab 4 WE pro Adresse),2006
2493,110055006004550111,Flurstück mit Wohnungsbestand der LWU (ab 4 WE pro Adresse),1546
2494,110055006007090111,Flurstück mit Wohnungsbestand der LWU (ab 4 WE pro Adresse),4912
2495,110055007000040004,Flurstück mit Wohnungsbestand der LWU (ab 4 WE pro Adresse),551
2496,110056001000420017,Flurstück mit Wohnungsbestand der LWU (ab 4 WE pro Adresse),7597
2497,110056001000780047,Flurstück mit Wohnungsbestand der LWU (ab 4 WE pro Adresse),2675
2498,11005600100126____,Flurstück mit Wohnungsbestand der LWU (ab 4 WE pro Adresse),48733
2499,110056001010510078,Flurstück mit Wohnungsbestand der LWU (ab 4 WE pro Adresse),1163
2500,110056002001030010,Flurstück mit Wohnungsbestand der LWU (ab 4 WE pro Adresse),974
2501,110056002007210012,Flurstück mit Wohnungsbestand der LWU (ab 4 WE pro Adresse),2455
2502,110056002010350096,Flurstück mit Wohnungsbestand der LWU (ab 4 WE pro Adresse),482
2503,110056002012610012,Flurstück mit Wohnungsbestand der LWU (ab 4 WE pro Adresse),452
2504,110056003000010106,Flurstück mit Wohnungsbestand der LWU (ab 4 WE pro Adresse),7082
2505,110056003000030031,Flurstück mit Wohnungsbestand der LWU (ab 4 WE pro Adresse),13986
2506,110056003000080514,Flurstück mit Wohnungsbestand der LWU (ab 4 WE pro Adresse),24327
2507,11005600300297____,Flurstück mit Wohnungsbestand der LWU (ab 4 WE pro Adresse),9806
2508,110056003003080010,Flurstück mit Wohnungsbestand der LWU (ab 4 WE pro Adresse),1157
2509,110056004000360211,Flurstück mit Wohnungsbestand der LWU (ab 4 WE pro Adresse),2249
2510,110056004000360302,Flurstück mit Wohnungsbestand der LWU (ab 4 WE pro Adresse),10515
2511,11005600400191____,Flurstück mit Wohnungsbestand der LWU (ab 4 WE pro Adresse),2342
2512,11005600400228____,Flurstück mit Wohnungsbestand der LWU (ab 4 WE pro Adresse),4901
2513,11005600400229____,Flurstück mit Wohnungsbestand der LWU (ab 4 WE pro Adresse),1676
2514,11005600400230____,Flurstück mit Wohnungsbestand der LWU (ab 4 WE pro Adresse),19386
2515,110056004016140036,Flurstück mit Wohnungsbestand der LWU (ab 4 WE pro Adresse),1511
2516,110056004016170036,Flurstück mit Wohnungsbestand der LWU (ab 4 WE pro Adresse),1295
2517,110056520000530002,Flurstück mit Wohnungsbestand der LWU (ab 4 WE pro Adresse),2160
2518,110056520000840002,Flurstück mit Wohnungsbestand der LWU (ab 4 WE pro Adresse),1366
2519,110056520000840003,Flurstück mit Wohnungsbestand der LWU (ab 4 WE pro Adresse),4731
2520,11005652000135____,Flurstück mit Wohnungsbestand der LWU (ab 4 WE pro Adresse),10685
2521,110057001000010104,Flurstück mit Wohnungsbestand der LWU (ab 4 WE pro Adresse),4892
2522,110057001000010305,Flurstück mit Wohnungsbestand der LWU (ab 4 WE pro Adresse),13817
2523,110057001000010406,Flurstück mit Wohnungsbestand der LWU (ab 4 WE pro Adresse),3559
2524,110057001000010466,Flurstück mit Wohnungsbestand der LWU (ab 4 WE pro Adresse),9174
2525,110057001000060056,Flurstück mit Wohnungsbestand der LWU (ab 4 WE pro Adresse),3234
2526,110057001000060061,Flurstück mit Wohnungsbestand der LWU (ab 4 WE pro Adresse),3064
2527,110057001000060065,Flurstück mit Wohnungsbestand der LWU (ab 4 WE pro Adresse),3010
2528,110057001000570007,Flurstück mit Wohnungsbestand der LWU (ab 4 WE pro Adresse),2003
2529,110057001000660208,Flurstück mit Wohnungsbestand der LWU (ab 4 WE pro Adresse),5986
2530,110057001000660286,Flurstück mit Wohnungsbestand der LWU (ab 4 WE pro Adresse),4300
2531,110057001000660342,Flurstück mit Wohnungsbestand der LWU (ab 4 WE pro Adresse),19021
2532,110057001000660377,Flurstück mit Wohnungsbestand der LWU (ab 4 WE pro Adresse),15930
2533,110057001000660382,Flurstück mit Wohnungsbestand der LWU (ab 4 WE pro Adresse),16091
2534,110057001000660475,Flurstück mit Wohnungsbestand der LWU (ab 4 WE pro Adresse),23752
2535,110057001000660636,Flurstück mit Wohnungsbestand der LWU (ab 4 WE pro Adresse),4380
2536,110057001000660667,Flurstück mit Wohnungsbestand der LWU (ab 4 WE pro Adresse),7399
2537,110057001000660765,Flurstück mit Wohnungsbestand der LWU (ab 4 WE pro Adresse),27346
2538,110057001000660766,Flurstück mit Wohnungsbestand der LWU (ab 4 WE pro Adresse),11650
2539,110057001000660767,Flurstück mit Wohnungsbestand der LWU (ab 4 WE pro Adresse),7940
2540,110057001000660769,Flurstück mit Wohnungsbestand der LWU (ab 4 WE pro Adresse),5581
2541,110057001000660770,Flurstück mit Wohnungsbestand der LWU (ab 4 WE pro Adresse),6691
2542,110057001000660771,Flurstück mit Wohnungsbestand der LWU (ab 4 WE pro Adresse),11454
2543,110057001000660773,Flurstück mit Wohnungsbestand der LWU (ab 4 WE pro Adresse),16399
2544,110057001000660920,Flurstück mit Wohnungsbestand der LWU (ab 4 WE pro Adresse),11188
2545,110057001000660921,Flurstück mit Wohnungsbestand der LWU (ab 4 WE pro Adresse),33498
2546,110057001000660922,Flurstück mit Wohnungsbestand der LWU (ab 4 WE pro Adresse),10406
2547,110057001000660937,Flurstück mit Wohnungsbestand der LWU (ab 4 WE pro Adresse),5883
2548,110057001000660962,Flurstück mit Wohnungsbestand der LWU (ab 4 WE pro Adresse),15338
2549,11005700100658____,Flurstück mit Wohnungsbestand der LWU (ab 4 WE pro Adresse),2676
2550,11005700100659____,Flurstück mit Wohnungsbestand der LWU (ab 4 WE pro Adresse),14455
2551,11005700101298____,Flurstück mit Wohnungsbestand der LWU (ab 4 WE pro Adresse),3024
2552,11005700101299____,Flurstück mit Wohnungsbestand der LWU (ab 4 WE pro Adresse),8999
2553,11005700101313____,Flurstück mit Wohnungsbestand der LWU (ab 4 WE pro Adresse),24694
2554,11005700101407____,Flurstück mit Wohnungsbestand der LWU (ab 4 WE pro Adresse),20661
2555,11005700101419____,Flurstück mit Wohnungsbestand der LWU (ab 4 WE pro Adresse),19132
2556,11005700101546____,Flurstück mit Wohnungsbestand der LWU (ab 4 WE pro Adresse),9055
2557,11005700101547____,Flurstück mit Wohnungsbestand der LWU (ab 4 WE pro Adresse),5139
2558,110058001000050156,Flurstück mit Wohnungsbestand der LWU (ab 4 WE pro Adresse),13975
2559,110058001000110016,Flurstück mit Wohnungsbestand der LWU (ab 4 WE pro Adresse),8372
2560,110058001000110177,Flurstück mit Wohnungsbestand der LWU (ab 4 WE pro Adresse),447
2561,110058001000110192,Flurstück mit Wohnungsbestand der LWU (ab 4 WE pro Adresse),4778
2562,110058001000110236,Flurstück mit Wohnungsbestand der LWU (ab 4 WE pro Adresse),5402
2563,110058001000680010,Flurstück mit Wohnungsbestand der LWU (ab 4 WE pro Adresse),541
2564,110058001000700111,Flurstück mit Wohnungsbestand der LWU (ab 4 WE pro Adresse),12770
2565,110058001000700178,Flurstück mit Wohnungsbestand der LWU (ab 4 WE pro Adresse),8058
2566,110058001000700356,Flurstück mit Wohnungsbestand der LWU (ab 4 WE pro Adresse),671
2567,110058001001300127,Flurstück mit Wohnungsbestand der LWU (ab 4 WE pro Adresse),560
2568,110058001001330035,Flurstück mit Wohnungsbestand der LWU (ab 4 WE pro Adresse),11985
2569,110058001001380254,Flurstück mit Wohnungsbestand der LWU (ab 4 WE pro Adresse),9697
2570,110058001001380255,Flurstück mit Wohnungsbestand der LWU (ab 4 WE pro Adresse),2567
2571,11005800100155____,Flurstück mit Wohnungsbestand der LWU (ab 4 WE pro Adresse),7497
2572,11005800100413____,Flurstück mit Wohnungsbestand der LWU (ab 4 WE pro Adresse),6259
2573,11005800100638____,Flurstück mit Wohnungsbestand der LWU (ab 4 WE pro Adresse),20781
2574,11005800100728____,Flurstück mit Wohnungsbestand der LWU (ab 4 WE pro Adresse),6751
2575,11005800100729____,Flurstück mit Wohnungsbestand der LWU (ab 4 WE pro Adresse),1742
2576,11005800101004____,Flurstück mit Wohnungsbestand der LWU (ab 4 WE pro Adresse),4571
2577,11005800101005____,Flurstück mit Wohnungsbestand der LWU (ab 4 WE pro Adresse),22639
2578,11005800101038____,Flurstück mit Wohnungsbestand der LWU (ab 4 WE pro Adresse),28626
2579,11005800101041____,Flurstück mit Wohnungsbestand der LWU (ab 4 WE pro Adresse),744
2580,11005800101043____,Flurstück mit Wohnungsbestand der LWU (ab 4 WE pro Adresse),1721
2581,11005800101044____,Flurstück mit Wohnungsbestand der LWU (ab 4 WE pro Adresse),20538
2582,11005800101045____,Flurstück mit Wohnungsbestand der LWU (ab 4 WE pro Adresse),6072
2583,11005800101428____,Flurstück mit Wohnungsbestand der LWU (ab 4 WE pro Adresse),20265
2584,11005800101896____,Flurstück mit Wohnungsbestand der LWU (ab 4 WE pro Adresse),5446
2585,11005800101927____,Flurstück mit Wohnungsbestand der LWU (ab 4 WE pro Adresse),20980
2586,11005800102127____,Flurstück mit Wohnungsbestand der LWU (ab 4 WE pro Adresse),2910
2587,11005800102200____,Flurstück mit Wohnungsbestand der LWU (ab 4 WE pro Adresse),17627
2588,11005800102460____,Flurstück mit Wohnungsbestand der LWU (ab 4 WE pro Adresse),17741
2589,11005800102461____,Flurstück mit Wohnungsbestand der LWU (ab 4 WE pro Adresse),7282
2590,11005800102462____,Flurstück mit Wohnungsbestand der LWU (ab 4 WE pro Adresse),43660
2591,11005800102495____,Flurstück mit Wohnungsbestand der LWU (ab 4 WE pro Adresse),15793
2592,110058001060500004,Flurstück mit Wohnungsbestand der LWU (ab 4 WE pro Adresse),1587
2593,11005800200172____,Flurstück mit Wohnungsbestand der LWU (ab 4 WE pro Adresse),936
2594,110058003000240010,Flurstück mit Wohnungsbestand der LWU (ab 4 WE pro Adresse),10792
2595,110058003000240012,Flurstück mit Wohnungsbestand der LWU (ab 4 WE pro Adresse),4529
2596,110058003000240014,Flurstück mit Wohnungsbestand der LWU (ab 4 WE pro Adresse),5897
2597,11005800400133____,Flurstück mit Wohnungsbestand der LWU (ab 4 WE pro Adresse),4061
2598,11006010400011____,Flurstück mit Wohnungsbestand der LWU (ab 4 WE pro Adresse),585
2599,11006010400032____,Flurstück mit Wohnungsbestand der LWU (ab 4 WE pro Adresse),982
2600,11006010500028____,Flurstück mit Wohnungsbestand der LWU (ab 4 WE pro Adresse),364
2601,11006010500086____,Flurstück mit Wohnungsbestand der LWU (ab 4 WE pro Adresse),721
2602,11006010500092____,Flurstück mit Wohnungsbestand der LWU (ab 4 WE pro Adresse),1622
2603,11006010500113____,Flurstück mit Wohnungsbestand der LWU (ab 4 WE pro Adresse),875
2604,11006010500119____,Flurstück mit Wohnungsbestand der LWU (ab 4 WE pro Adresse),804
2605,11006010500121____,Flurstück mit Wohnungsbestand der LWU (ab 4 WE pro Adresse),1013
2606,11006010500132____,Flurstück mit Wohnungsbestand der LWU (ab 4 WE pro Adresse),929
2607,11006010500133____,Flurstück mit Wohnungsbestand der LWU (ab 4 WE pro Adresse),1862
2608,11006010500202____,Flurstück mit Wohnungsbestand der LWU (ab 4 WE pro Adresse),1024
2609,11006010500205____,Flurstück mit Wohnungsbestand der LWU (ab 4 WE pro Adresse),692
2610,11006010500228____,Flurstück mit Wohnungsbestand der LWU (ab 4 WE pro Adresse),929
2611,11006010500239____,Flurstück mit Wohnungsbestand der LWU (ab 4 WE pro Adresse),883
2612,11006010600012____,Flurstück mit Wohnungsbestand der LWU (ab 4 WE pro Adresse),1104
2613,11006010600013____,Flurstück mit Wohnungsbestand der LWU (ab 4 WE pro Adresse),1123
2614,11006010800004____,Flurstück mit Wohnungsbestand der LWU (ab 4 WE pro Adresse),790
2615,11006010800019____,Flurstück mit Wohnungsbestand der LWU (ab 4 WE pro Adresse),1086
2616,11006010800021____,Flurstück mit Wohnungsbestand der LWU (ab 4 WE pro Adresse),879
2617,11006010800028____,Flurstück mit Wohnungsbestand der LWU (ab 4 WE pro Adresse),461
2618,11006010800031____,Flurstück mit Wohnungsbestand der LWU (ab 4 WE pro Adresse),527
2619,11006010800033____,Flurstück mit Wohnungsbestand der LWU (ab 4 WE pro Adresse),529
2620,11006010800036____,Flurstück mit Wohnungsbestand der LWU (ab 4 WE pro Adresse),599
2621,11006010800039____,Flurstück mit Wohnungsbestand der LWU (ab 4 WE pro Adresse),642
2622,11006010800049____,Flurstück mit Wohnungsbestand der LWU (ab 4 WE pro Adresse),827
2623,11006010800053____,Flurstück mit Wohnungsbestand der LWU (ab 4 WE pro Adresse),756
2624,11006010800060____,Flurstück mit Wohnungsbestand der LWU (ab 4 WE pro Adresse),591
2625,11006010800084____,Flurstück mit Wohnungsbestand der LWU (ab 4 WE pro Adresse),668
2626,11006010800086____,Flurstück mit Wohnungsbestand der LWU (ab 4 WE pro Adresse),658
2627,11006010800095____,Flurstück mit Wohnungsbestand der LWU (ab 4 WE pro Adresse),833
2628,11006010800096____,Flurstück mit Wohnungsbestand der LWU (ab 4 WE pro Adresse),881
2629,11006010900072____,Flurstück mit Wohnungsbestand der LWU (ab 4 WE pro Adresse),744
2630,11006010900117____,Flurstück mit Wohnungsbestand der LWU (ab 4 WE pro Adresse),785
2631,11006010900138____,Flurstück mit Wohnungsbestand der LWU (ab 4 WE pro Adresse),1147
2632,11006010900144____,Flurstück mit Wohnungsbestand der LWU (ab 4 WE pro Adresse),3478
2633,11006010900174____,Flurstück mit Wohnungsbestand der LWU (ab 4 WE pro Adresse),527
2634,11006010900202____,Flurstück mit Wohnungsbestand der LWU (ab 4 WE pro Adresse),1309
2635,11006010900244____,Flurstück mit Wohnungsbestand der LWU (ab 4 WE pro Adresse),1426
2636,11006010900269____,Flurstück mit Wohnungsbestand der LWU (ab 4 WE pro Adresse),654
2637,11006010900358____,Flurstück mit Wohnungsbestand der LWU (ab 4 WE pro Adresse),1220
2638,11006010900359____,Flurstück mit Wohnungsbestand der LWU (ab 4 WE pro Adresse),881
2639,11006010900361____,Flurstück mit Wohnungsbestand der LWU (ab 4 WE pro Adresse),434
2640,11006010900366____,Flurstück mit Wohnungsbestand der LWU (ab 4 WE pro Adresse),770
2641,11006010900401____,Flurstück mit Wohnungsbestand der LWU (ab 4 WE pro Adresse),810
2642,11006010900403____,Flurstück mit Wohnungsbestand der LWU (ab 4 WE pro Adresse),1061
2643,11006011000049____,Flurstück mit Wohnungsbestand der LWU (ab 4 WE pro Adresse),691
2644,110060110000590002,Flurstück mit Wohnungsbestand der LWU (ab 4 WE pro Adresse),3051
2645,11006011000182____,Flurstück mit Wohnungsbestand der LWU (ab 4 WE pro Adresse),3969
2646,11006011000215____,Flurstück mit Wohnungsbestand der LWU (ab 4 WE pro Adresse),6971
2647,11006011000263____,Flurstück mit Wohnungsbestand der LWU (ab 4 WE pro Adresse),2473
2648,11006011100016____,Flurstück mit Wohnungsbestand der LWU (ab 4 WE pro Adresse),2188
2649,11006011100113____,Flurstück mit Wohnungsbestand der LWU (ab 4 WE pro Adresse),2263
2650,11006011400022____,Flurstück mit Wohnungsbestand der LWU (ab 4 WE pro Adresse),461
2651,11006011400025____,Flurstück mit Wohnungsbestand der LWU (ab 4 WE pro Adresse),554
2652,11006011400051____,Flurstück mit Wohnungsbestand der LWU (ab 4 WE pro Adresse),693
2653,11006011400070____,Flurstück mit Wohnungsbestand der LWU (ab 4 WE pro Adresse),868
2654,110060114001530001,Flurstück mit Wohnungsbestand der LWU (ab 4 WE pro Adresse),1339
2655,11006011400155____,Flurstück mit Wohnungsbestand der LWU (ab 4 WE pro Adresse),803
2656,11006011500015____,Flurstück mit Wohnungsbestand der LWU (ab 4 WE pro Adresse),803
2657,11006011500020____,Flurstück mit Wohnungsbestand der LWU (ab 4 WE pro Adresse),541
2658,11006011500050____,Flurstück mit Wohnungsbestand der LWU (ab 4 WE pro Adresse),502
2659,11006011500058____,Flurstück mit Wohnungsbestand der LWU (ab 4 WE pro Adresse),767
2660,11006011500060____,Flurstück mit Wohnungsbestand der LWU (ab 4 WE pro Adresse),632
2661,11006011500144____,Flurstück mit Wohnungsbestand der LWU (ab 4 WE pro Adresse),708
2662,11006011500145____,Flurstück mit Wohnungsbestand der LWU (ab 4 WE pro Adresse),701
2663,11006011500174____,Flurstück mit Wohnungsbestand der LWU (ab 4 WE pro Adresse),478
2664,11006011500175____,Flurstück mit Wohnungsbestand der LWU (ab 4 WE pro Adresse),466
2665,110060115002200001,Flurstück mit Wohnungsbestand der LWU (ab 4 WE pro Adresse),3007
2666,110060115002240001,Flurstück mit Wohnungsbestand der LWU (ab 4 WE pro Adresse),483
2667,110060115002300003,Flurstück mit Wohnungsbestand der LWU (ab 4 WE pro Adresse),3896
2668,110060115002390003,Flurstück mit Wohnungsbestand der LWU (ab 4 WE pro Adresse),5184
2669,11006011500242____,Flurstück mit Wohnungsbestand der LWU (ab 4 WE pro Adresse),341
2670,11006011500247____,Flurstück mit Wohnungsbestand der LWU (ab 4 WE pro Adresse),270
2671,11006011500249____,Flurstück mit Wohnungsbestand der LWU (ab 4 WE pro Adresse),411
2672,110060115003000001,Flurstück mit Wohnungsbestand der LWU (ab 4 WE pro Adresse),6920
2673,11006011500308____,Flurstück mit Wohnungsbestand der LWU (ab 4 WE pro Adresse),1515
2674,110060115003090001,Flurstück mit Wohnungsbestand der LWU (ab 4 WE pro Adresse),2032
2675,11006011500320____,Flurstück mit Wohnungsbestand der LWU (ab 4 WE pro Adresse),663
2676,11006011500329____,Flurstück mit Wohnungsbestand der LWU (ab 4 WE pro Adresse),509
2677,11006011500332____,Flurstück mit Wohnungsbestand der LWU (ab 4 WE pro Adresse),1023
2678,11006011500334____,Flurstück mit Wohnungsbestand der LWU (ab 4 WE pro Adresse),835
2679,11006011500337____,Flurstück mit Wohnungsbestand der LWU (ab 4 WE pro Adresse),3232
2680,11006011500339____,Flurstück mit Wohnungsbestand der LWU (ab 4 WE pro Adresse),2810
2681,11006011500341____,Flurstück mit Wohnungsbestand der LWU (ab 4 WE pro Adresse),1533
2682,11006011500345____,Flurstück mit Wohnungsbestand der LWU (ab 4 WE pro Adresse),728
2683,11006011500355____,Flurstück mit Wohnungsbestand der LWU (ab 4 WE pro Adresse),495
2684,11006011500356____,Flurstück mit Wohnungsbestand der LWU (ab 4 WE pro Adresse),1032
2685,11006011500373____,Flurstück mit Wohnungsbestand der LWU (ab 4 WE pro Adresse),1037
2686,11006011500388____,Flurstück mit Wohnungsbestand der LWU (ab 4 WE pro Adresse),644
2687,11006011500395____,Flurstück mit Wohnungsbestand der LWU (ab 4 WE pro Adresse),1734
2688,11006011500397____,Flurstück mit Wohnungsbestand der LWU (ab 4 WE pro Adresse),203
2689,11006011500399____,Flurstück mit Wohnungsbestand der LWU (ab 4 WE pro Adresse),207
2690,11006011500401____,Flurstück mit Wohnungsbestand der LWU (ab 4 WE pro Adresse),208
2691,11006011500402____,Flurstück mit Wohnungsbestand der LWU (ab 4 WE pro Adresse),5877
2692,11006011500412____,Flurstück mit Wohnungsbestand der LWU (ab 4 WE pro Adresse),5456
2693,11006011500413____,Flurstück mit Wohnungsbestand der LWU (ab 4 WE pro Adresse),28611
2694,11006011500416____,Flurstück mit Wohnungsbestand der LWU (ab 4 WE pro Adresse),913
2695,11006011500459____,Flurstück mit Wohnungsbestand der LWU (ab 4 WE pro Adresse),2822
2696,11006011500462____,Flurstück mit Wohnungsbestand der LWU (ab 4 WE pro Adresse),7701
2697,11006011500472____,Flurstück mit Wohnungsbestand der LWU (ab 4 WE pro Adresse),3742
2698,11006011500476____,Flurstück mit Wohnungsbestand der LWU (ab 4 WE pro Adresse),3420
2699,11006011600040____,Flurstück mit Wohnungsbestand der LWU (ab 4 WE pro Adresse),460
2700,11006011600171____,Flurstück mit Wohnungsbestand der LWU (ab 4 WE pro Adresse),774
2701,11006011600173____,Flurstück mit Wohnungsbestand der LWU (ab 4 WE pro Adresse),780
2702,11006011600196____,Flurstück mit Wohnungsbestand der LWU (ab 4 WE pro Adresse),700
2703,11006011600198____,Flurstück mit Wohnungsbestand der LWU (ab 4 WE pro Adresse),2299
2704,11006011600206____,Flurstück mit Wohnungsbestand der LWU (ab 4 WE pro Adresse),1747
2705,11006011600210____,Flurstück mit Wohnungsbestand der LWU (ab 4 WE pro Adresse),832
2706,110060116002300001,Flurstück mit Wohnungsbestand der LWU (ab 4 WE pro Adresse),1091
2707,11006011600252____,Flurstück mit Wohnungsbestand der LWU (ab 4 WE pro Adresse),1929
2708,11006011600257____,Flurstück mit Wohnungsbestand der LWU (ab 4 WE pro Adresse),629
2709,11006011600258____,Flurstück mit Wohnungsbestand der LWU (ab 4 WE pro Adresse),603
2710,11006011600291____,Flurstück mit Wohnungsbestand der LWU (ab 4 WE pro Adresse),591
2711,11006011600295____,Flurstück mit Wohnungsbestand der LWU (ab 4 WE pro Adresse),668
2712,11006011600297____,Flurstück mit Wohnungsbestand der LWU (ab 4 WE pro Adresse),646
2713,11006011600298____,Flurstück mit Wohnungsbestand der LWU (ab 4 WE pro Adresse),424
2714,11006011600300____,Flurstück mit Wohnungsbestand der LWU (ab 4 WE pro Adresse),986
2715,11006011700079____,Flurstück mit Wohnungsbestand der LWU (ab 4 WE pro Adresse),453
2716,11006011700082____,Flurstück mit Wohnungsbestand der LWU (ab 4 WE pro Adresse),618
2717,11006011700083____,Flurstück mit Wohnungsbestand der LWU (ab 4 WE pro Adresse),440
2718,11006011700084____,Flurstück mit Wohnungsbestand der LWU (ab 4 WE pro Adresse),674
2719,11006011700091____,Flurstück mit Wohnungsbestand der LWU (ab 4 WE pro Adresse),1057
2720,11006011800011____,Flurstück mit Wohnungsbestand der LWU (ab 4 WE pro Adresse),2412
2721,11006011900049____,Flurstück mit Wohnungsbestand der LWU (ab 4 WE pro Adresse),7610
2722,11006011900078____,Flurstück mit Wohnungsbestand der LWU (ab 4 WE pro Adresse),699
2723,11006011900098____,Flurstück mit Wohnungsbestand der LWU (ab 4 WE pro Adresse),8130
2724,110060120000220001,Flurstück mit Wohnungsbestand der LWU (ab 4 WE pro Adresse),5381
2725,11006012000033____,Flurstück mit Wohnungsbestand der LWU (ab 4 WE pro Adresse),360
2726,11006012000034____,Flurstück mit Wohnungsbestand der LWU (ab 4 WE pro Adresse),362
2727,11006012000046____,Flurstück mit Wohnungsbestand der LWU (ab 4 WE pro Adresse),599
2728,110060120000710004,Flurstück mit Wohnungsbestand der LWU (ab 4 WE pro Adresse),5124
2729,110060120000860003,Flurstück mit Wohnungsbestand der LWU (ab 4 WE pro Adresse),2294
2730,11006012000095____,Flurstück mit Wohnungsbestand der LWU (ab 4 WE pro Adresse),367
2731,11006012000103____,Flurstück mit Wohnungsbestand der LWU (ab 4 WE pro Adresse),387
2732,11006012000116____,Flurstück mit Wohnungsbestand der LWU (ab 4 WE pro Adresse),900
2733,11006012000139____,Flurstück mit Wohnungsbestand der LWU (ab 4 WE pro Adresse),3567
2734,11006012000223____,Flurstück mit Wohnungsbestand der LWU (ab 4 WE pro Adresse),744
2735,11006012000250____,Flurstück mit Wohnungsbestand der LWU (ab 4 WE pro Adresse),1908
2736,11006012100002____,Flurstück mit Wohnungsbestand der LWU (ab 4 WE pro Adresse),2214
2737,11006012100014____,Flurstück mit Wohnungsbestand der LWU (ab 4 WE pro Adresse),2282
2738,11006012100044____,Flurstück mit Wohnungsbestand der LWU (ab 4 WE pro Adresse),511
2739,11006012100089____,Flurstück mit Wohnungsbestand der LWU (ab 4 WE pro Adresse),417
2740,11006012100090____,Flurstück mit Wohnungsbestand der LWU (ab 4 WE pro Adresse),611
2741,11006012100091____,Flurstück mit Wohnungsbestand der LWU (ab 4 WE pro Adresse),390
2742,11006012100092____,Flurstück mit Wohnungsbestand der LWU (ab 4 WE pro Adresse),392
2743,11006012100093____,Flurstück mit Wohnungsbestand der LWU (ab 4 WE pro Adresse),449
2744,11006012100095____,Flurstück mit Wohnungsbestand der LWU (ab 4 WE pro Adresse),489
2745,11006012100096____,Flurstück mit Wohnungsbestand der LWU (ab 4 WE pro Adresse),392
2746,11006012100097____,Flurstück mit Wohnungsbestand der LWU (ab 4 WE pro Adresse),402
2747,11006012100108____,Flurstück mit Wohnungsbestand der LWU (ab 4 WE pro Adresse),601
2748,11006012100286____,Flurstück mit Wohnungsbestand der LWU (ab 4 WE pro Adresse),474
2749,11006012100300____,Flurstück mit Wohnungsbestand der LWU (ab 4 WE pro Adresse),518
2750,11006012100318____,Flurstück mit Wohnungsbestand der LWU (ab 4 WE pro Adresse),552
2751,11006012100332____,Flurstück mit Wohnungsbestand der LWU (ab 4 WE pro Adresse),2552
2752,11006012100358____,Flurstück mit Wohnungsbestand der LWU (ab 4 WE pro Adresse),1511
2753,11006012100388____,Flurstück mit Wohnungsbestand der LWU (ab 4 WE pro Adresse),3127
2754,110060121003910002,Flurstück mit Wohnungsbestand der LWU (ab 4 WE pro Adresse),1396
2755,11006012100416____,Flurstück mit Wohnungsbestand der LWU (ab 4 WE pro Adresse),430
2756,11006012100448____,Flurstück mit Wohnungsbestand der LWU (ab 4 WE pro Adresse),796
2757,11006012100473____,Flurstück mit Wohnungsbestand der LWU (ab 4 WE pro Adresse),2447
2758,11006012100477____,Flurstück mit Wohnungsbestand der LWU (ab 4 WE pro Adresse),1151
2759,11006012100488____,Flurstück mit Wohnungsbestand der LWU (ab 4 WE pro Adresse),1218
2760,11006012200001____,Flurstück mit Wohnungsbestand der LWU (ab 4 WE pro Adresse),3361
2761,11006012200008____,Flurstück mit Wohnungsbestand der LWU (ab 4 WE pro Adresse),2709
2762,11006012200105____,Flurstück mit Wohnungsbestand der LWU (ab 4 WE pro Adresse),1137
2763,11006012200117____,Flurstück mit Wohnungsbestand der LWU (ab 4 WE pro Adresse),537
2764,11006012200179____,Flurstück mit Wohnungsbestand der LWU (ab 4 WE pro Adresse),498
2765,11006012200182____,Flurstück mit Wohnungsbestand der LWU (ab 4 WE pro Adresse),457
2766,110060123000070002,Flurstück mit Wohnungsbestand der LWU (ab 4 WE pro Adresse),2720
2767,11006012300009____,Flurstück mit Wohnungsbestand der LWU (ab 4 WE pro Adresse),2410
2768,11006012300011____,Flurstück mit Wohnungsbestand der LWU (ab 4 WE pro Adresse),2411
2769,11006012300013____,Flurstück mit Wohnungsbestand der LWU (ab 4 WE pro Adresse),2405
2770,11006012300015____,Flurstück mit Wohnungsbestand der LWU (ab 4 WE pro Adresse),2422
2771,11006012300017____,Flurstück mit Wohnungsbestand der LWU (ab 4 WE pro Adresse),2404
2772,11006012400003____,Flurstück mit Wohnungsbestand der LWU (ab 4 WE pro Adresse),4243
2773,11006012400004____,Flurstück mit Wohnungsbestand der LWU (ab 4 WE pro Adresse),2192
2774,11006012400007____,Flurstück mit Wohnungsbestand der LWU (ab 4 WE pro Adresse),357
2775,11006012400008____,Flurstück mit Wohnungsbestand der LWU (ab 4 WE pro Adresse),1738
2776,11006012400012____,Flurstück mit Wohnungsbestand der LWU (ab 4 WE pro Adresse),1825
2777,11006012400014____,Flurstück mit Wohnungsbestand der LWU (ab 4 WE pro Adresse),7597
2778,11006012400043____,Flurstück mit Wohnungsbestand der LWU (ab 4 WE pro Adresse),971
2779,11006012500031____,Flurstück mit Wohnungsbestand der LWU (ab 4 WE pro Adresse),450
2780,11006012500059____,Flurstück mit Wohnungsbestand der LWU (ab 4 WE pro Adresse),1031
2781,11006012500079____,Flurstück mit Wohnungsbestand der LWU (ab 4 WE pro Adresse),767
2782,11006012500099____,Flurstück mit Wohnungsbestand der LWU (ab 4 WE pro Adresse),362
2783,11006012500100____,Flurstück mit Wohnungsbestand der LWU (ab 4 WE pro Adresse),730
2784,11006012500286____,Flurstück mit Wohnungsbestand der LWU (ab 4 WE pro Adresse),1802
2785,11006012600178____,Flurstück mit Wohnungsbestand der LWU (ab 4 WE pro Adresse),414
2786,11006012600185____,Flurstück mit Wohnungsbestand der LWU (ab 4 WE pro Adresse),405
2787,11006012600221____,Flurstück mit Wohnungsbestand der LWU (ab 4 WE pro Adresse),429
2788,11006012600238____,Flurstück mit Wohnungsbestand der LWU (ab 4 WE pro Adresse),1134
2789,11006012700002____,Flurstück mit Wohnungsbestand der LWU (ab 4 WE pro Adresse),745
2790,11006012800015____,Flurstück mit Wohnungsbestand der LWU (ab 4 WE pro Adresse),3010
2791,110060128000700001,Flurstück mit Wohnungsbestand der LWU (ab 4 WE pro Adresse),2335
2792,110060128000700003,Flurstück mit Wohnungsbestand der LWU (ab 4 WE pro Adresse),2428
2793,11006012800082____,Flurstück mit Wohnungsbestand der LWU (ab 4 WE pro Adresse),5691
2794,11006012800091____,Flurstück mit Wohnungsbestand der LWU (ab 4 WE pro Adresse),5173
2795,11006012800160____,Flurstück mit Wohnungsbestand der LWU (ab 4 WE pro Adresse),17734
2796,11006012900012____,Flurstück mit Wohnungsbestand der LWU (ab 4 WE pro Adresse),13326
2797,11006013000005____,Flurstück mit Wohnungsbestand der LWU (ab 4 WE pro Adresse),815
2798,11006013000006____,Flurstück mit Wohnungsbestand der LWU (ab 4 WE pro Adresse),812
2799,11006013000009____,Flurstück mit Wohnungsbestand der LWU (ab 4 WE pro Adresse),814
2800,110060131000280001,Flurstück mit Wohnungsbestand der LWU (ab 4 WE pro Adresse),756
2801,11006013100041____,Flurstück mit Wohnungsbestand der LWU (ab 4 WE pro Adresse),449
2802,11006013200085____,Flurstück mit Wohnungsbestand der LWU (ab 4 WE pro Adresse),856
2803,11006013200092____,Flurstück mit Wohnungsbestand der LWU (ab 4 WE pro Adresse),699
2804,11006013200110____,Flurstück mit Wohnungsbestand der LWU (ab 4 WE pro Adresse),376
2805,11006013200150____,Flurstück mit Wohnungsbestand der LWU (ab 4 WE pro Adresse),1623
2806,11006013400021____,Flurstück mit Wohnungsbestand der LWU (ab 4 WE pro Adresse),8802
2807,110060134000250001,Flurstück mit Wohnungsbestand der LWU (ab 4 WE pro Adresse),3911
2808,110060134000250002,Flurstück mit Wohnungsbestand der LWU (ab 4 WE pro Adresse),13492
2809,110060134000250004,Flurstück mit Wohnungsbestand der LWU (ab 4 WE pro Adresse),3422
2810,110060134000250005,Flurstück mit Wohnungsbestand der LWU (ab 4 WE pro Adresse),6750
2811,110060134000250006,Flurstück mit Wohnungsbestand der LWU (ab 4 WE pro Adresse),6659
2812,110060134000250007,Flurstück mit Wohnungsbestand der LWU (ab 4 WE pro Adresse),7827
2813,11006013400102____,Flurstück mit Wohnungsbestand der LWU (ab 4 WE pro Adresse),9211
2814,110060135000030005,Flurstück mit Wohnungsbestand der LWU (ab 4 WE pro Adresse),888
2815,110060135000060003,Flurstück mit Wohnungsbestand der LWU (ab 4 WE pro Adresse),4017
2816,110060135000060007,Flurstück mit Wohnungsbestand der LWU (ab 4 WE pro Adresse),13398
2817,110060135000060014,Flurstück mit Wohnungsbestand der LWU (ab 4 WE pro Adresse),5420
2818,110060135000060034,Flurstück mit Wohnungsbestand der LWU (ab 4 WE pro Adresse),4040
2819,110060135000080006,Flurstück mit Wohnungsbestand der LWU (ab 4 WE pro Adresse),16802
2820,110060135000080010,Flurstück mit Wohnungsbestand der LWU (ab 4 WE pro Adresse),3843
2821,110060135000080011,Flurstück mit Wohnungsbestand der LWU (ab 4 WE pro Adresse),11985
2822,110060135000080012,Flurstück mit Wohnungsbestand der LWU (ab 4 WE pro Adresse),6112
2823,11006013500012____,Flurstück mit Wohnungsbestand der LWU (ab 4 WE pro Adresse),3400
2824,11006013500014____,Flurstück mit Wohnungsbestand der LWU (ab 4 WE pro Adresse),3213
2825,11006013500015____,Flurstück mit Wohnungsbestand der LWU (ab 4 WE pro Adresse),3830
2826,11006013500016____,Flurstück mit Wohnungsbestand der LWU (ab 4 WE pro Adresse),3443
2827,11006013500022____,Flurstück mit Wohnungsbestand der LWU (ab 4 WE pro Adresse),23306
2828,11006013500026____,Flurstück mit Wohnungsbestand der LWU (ab 4 WE pro Adresse),8082
2829,11006101700161____,Flurstück mit Wohnungsbestand der LWU (ab 4 WE pro Adresse),2569
2830,11006101700163____,Flurstück mit Wohnungsbestand der LWU (ab 4 WE pro Adresse),1607
2831,110061032000090244,Flurstück mit Wohnungsbestand der LWU (ab 4 WE pro Adresse),1749
2832,110061032000090334,Flurstück mit Wohnungsbestand der LWU (ab 4 WE pro Adresse),1464
2833,110061032000090343,Flurstück mit Wohnungsbestand der LWU (ab 4 WE pro Adresse),3616
2834,110061032000090367,Flurstück mit Wohnungsbestand der LWU (ab 4 WE pro Adresse),734
2835,110061032000090454,Flurstück mit Wohnungsbestand der LWU (ab 4 WE pro Adresse),683
2836,110061032000090458,Flurstück mit Wohnungsbestand der LWU (ab 4 WE pro Adresse),11713
2837,11006103200590____,Flurstück mit Wohnungsbestand der LWU (ab 4 WE pro Adresse),1727
2838,11006103200591____,Flurstück mit Wohnungsbestand der LWU (ab 4 WE pro Adresse),1233
2839,11006103200592____,Flurstück mit Wohnungsbestand der LWU (ab 4 WE pro Adresse),1697
2840,11006103200595____,Flurstück mit Wohnungsbestand der LWU (ab 4 WE pro Adresse),3971
2841,11006103200598____,Flurstück mit Wohnungsbestand der LWU (ab 4 WE pro Adresse),3334
2842,110061034000060016,Flurstück mit Wohnungsbestand der LWU (ab 4 WE pro Adresse),6356
2843,110061034000060059,Flurstück mit Wohnungsbestand der LWU (ab 4 WE pro Adresse),19591
2844,11006103500843____,Flurstück mit Wohnungsbestand der LWU (ab 4 WE pro Adresse),3986
2845,11006120200120____,Flurstück mit Wohnungsbestand der LWU (ab 4 WE pro Adresse),434
2846,11006120200121____,Flurstück mit Wohnungsbestand der LWU (ab 4 WE pro Adresse),436
2847,11006120200276____,Flurstück mit Wohnungsbestand der LWU (ab 4 WE pro Adresse),7750
2848,11006120200305____,Flurstück mit Wohnungsbestand der LWU (ab 4 WE pro Adresse),1981
2849,11006120300157____,Flurstück mit Wohnungsbestand der LWU (ab 4 WE pro Adresse),601
2850,11006120600079____,Flurstück mit Wohnungsbestand der LWU (ab 4 WE pro Adresse),1458
2851,11006120600092____,Flurstück mit Wohnungsbestand der LWU (ab 4 WE pro Adresse),1714
2852,11006120600095____,Flurstück mit Wohnungsbestand der LWU (ab 4 WE pro Adresse),17029
2853,11006120600097____,Flurstück mit Wohnungsbestand der LWU (ab 4 WE pro Adresse),10095
2854,11006120600100____,Flurstück mit Wohnungsbestand der LWU (ab 4 WE pro Adresse),9044
2855,11006120600102____,Flurstück mit Wohnungsbestand der LWU (ab 4 WE pro Adresse),10617
2856,11006120600130____,Flurstück mit Wohnungsbestand der LWU (ab 4 WE pro Adresse),1004
2857,11006120700015____,Flurstück mit Wohnungsbestand der LWU (ab 4 WE pro Adresse),3768
2858,11006120700016____,Flurstück mit Wohnungsbestand der LWU (ab 4 WE pro Adresse),1239
2859,11006120700045____,Flurstück mit Wohnungsbestand der LWU (ab 4 WE pro Adresse),8475
2860,11006120700047____,Flurstück mit Wohnungsbestand der LWU (ab 4 WE pro Adresse),206
2861,110061207000530001,Flurstück mit Wohnungsbestand der LWU (ab 4 WE pro Adresse),952
2862,11006120700064____,Flurstück mit Wohnungsbestand der LWU (ab 4 WE pro Adresse),2874
2863,11006120700082____,Flurstück mit Wohnungsbestand der LWU (ab 4 WE pro Adresse),560
2864,11006121000007____,Flurstück mit Wohnungsbestand der LWU (ab 4 WE pro Adresse),12996
2865,11006121000008____,Flurstück mit Wohnungsbestand der LWU (ab 4 WE pro Adresse),10065
2866,11006121000011____,Flurstück mit Wohnungsbestand der LWU (ab 4 WE pro Adresse),11078
2867,11006121000017____,Flurstück mit Wohnungsbestand der LWU (ab 4 WE pro Adresse),7230
2868,11006121000033____,Flurstück mit Wohnungsbestand der LWU (ab 4 WE pro Adresse),3030
2869,11006121100038____,Flurstück mit Wohnungsbestand der LWU (ab 4 WE pro Adresse),569
2870,11006121100067____,Flurstück mit Wohnungsbestand der LWU (ab 4 WE pro Adresse),6539
2871,11006121200033____,Flurstück mit Wohnungsbestand der LWU (ab 4 WE pro Adresse),4104
2872,11006121200137____,Flurstück mit Wohnungsbestand der LWU (ab 4 WE pro Adresse),12037
2873,11006121200233____,Flurstück mit Wohnungsbestand der LWU (ab 4 WE pro Adresse),12164
2874,11006123100002____,Flurstück mit Wohnungsbestand der LWU (ab 4 WE pro Adresse),17473
2875,110061231000070002,Flurstück mit Wohnungsbestand der LWU (ab 4 WE pro Adresse),12908
2876,11006123500056____,Flurstück mit Wohnungsbestand der LWU (ab 4 WE pro Adresse),7257
2877,110062003000120006,Flurstück mit Wohnungsbestand der LWU (ab 4 WE pro Adresse),11334
2878,110062003000120007,Flurstück mit Wohnungsbestand der LWU (ab 4 WE pro Adresse),10917
2879,110062003000140010,Flurstück mit Wohnungsbestand der LWU (ab 4 WE pro Adresse),5535
2880,110062003000140011,Flurstück mit Wohnungsbestand der LWU (ab 4 WE pro Adresse),6986
2881,110062003001120004,Flurstück mit Wohnungsbestand der LWU (ab 4 WE pro Adresse),2282
2882,110062003001130005,Flurstück mit Wohnungsbestand der LWU (ab 4 WE pro Adresse),1572
2883,110062003001150001,Flurstück mit Wohnungsbestand der LWU (ab 4 WE pro Adresse),2925
2884,110062003001740040,Flurstück mit Wohnungsbestand der LWU (ab 4 WE pro Adresse),3040
2885,11006230500228____,Flurstück mit Wohnungsbestand der LWU (ab 4 WE pro Adresse),4959
2886,11006231100408____,Flurstück mit Wohnungsbestand der LWU (ab 4 WE pro Adresse),11576
2887,110062315002720002,Flurstück mit Wohnungsbestand der LWU (ab 4 WE pro Adresse),1530
2888,110062315003310004,Flurstück mit Wohnungsbestand der LWU (ab 4 WE pro Adresse),7657
2889,11006231600111____,Flurstück mit Wohnungsbestand der LWU (ab 4 WE pro Adresse),3953
2890,11006231600114____,Flurstück mit Wohnungsbestand der LWU (ab 4 WE pro Adresse),3086
2891,110062317000150006,Flurstück mit Wohnungsbestand der LWU (ab 4 WE pro Adresse),24567
2892,11006231900008____,Flurstück mit Wohnungsbestand der LWU (ab 4 WE pro Adresse),967
2893,11006231900010____,Flurstück mit Wohnungsbestand der LWU (ab 4 WE pro Adresse),10857
2894,11006231900013____,Flurstück mit Wohnungsbestand der LWU (ab 4 WE pro Adresse),8620
2895,110062320000140009,Flurstück mit Wohnungsbestand der LWU (ab 4 WE pro Adresse),15827
2896,11006232000255____,Flurstück mit Wohnungsbestand der LWU (ab 4 WE pro Adresse),6292
2897,11006232000256____,Flurstück mit Wohnungsbestand der LWU (ab 4 WE pro Adresse),1895
2898,11006232000257____,Flurstück mit Wohnungsbestand der LWU (ab 4 WE pro Adresse),1713
2899,11006232000269____,Flurstück mit Wohnungsbestand der LWU (ab 4 WE pro Adresse),9352
2900,110062321000050155,Flurstück mit Wohnungsbestand der LWU (ab 4 WE pro Adresse),14892
2901,110062321000990007,Flurstück mit Wohnungsbestand der LWU (ab 4 WE pro Adresse),10529
2902,110062321000990008,Flurstück mit Wohnungsbestand der LWU (ab 4 WE pro Adresse),3206
2903,110062321001080001,Flurstück mit Wohnungsbestand der LWU (ab 4 WE pro Adresse),1394
2904,11006232100283____,Flurstück mit Wohnungsbestand der LWU (ab 4 WE pro Adresse),7530
2905,110062322000920021,Flurstück mit Wohnungsbestand der LWU (ab 4 WE pro Adresse),11755
2906,110062322000930025,Flurstück mit Wohnungsbestand der LWU (ab 4 WE pro Adresse),5726
2907,110062323000550005,Flurstück mit Wohnungsbestand der LWU (ab 4 WE pro Adresse),2652
2908,110062323001330004,Flurstück mit Wohnungsbestand der LWU (ab 4 WE pro Adresse),4811
2909,110062323001330006,Flurstück mit Wohnungsbestand der LWU (ab 4 WE pro Adresse),4300
2910,110062323001390008,Flurstück mit Wohnungsbestand der LWU (ab 4 WE pro Adresse),4377
2911,110062323001390013,Flurstück mit Wohnungsbestand der LWU (ab 4 WE pro Adresse),37690
2912,11006232300219____,Flurstück mit Wohnungsbestand der LWU (ab 4 WE pro Adresse),26056
2913,110062324000070002,Flurstück mit Wohnungsbestand der LWU (ab 4 WE pro Adresse),4873
2914,11006232400219____,Flurstück mit Wohnungsbestand der LWU (ab 4 WE pro Adresse),4495
2915,11006232400392____,Flurstück mit Wohnungsbestand der LWU (ab 4 WE pro Adresse),15258
2916,11006232600001____,Flurstück mit Wohnungsbestand der LWU (ab 4 WE pro Adresse),4643
2917,110062327000010001,Flurstück mit Wohnungsbestand der LWU (ab 4 WE pro Adresse),534
2918,110062327000010002,Flurstück mit Wohnungsbestand der LWU (ab 4 WE pro Adresse),15738
2919,11006232700277____,Flurstück mit Wohnungsbestand der LWU (ab 4 WE pro Adresse),3845
2920,11006232700279____,Flurstück mit Wohnungsbestand der LWU (ab 4 WE pro Adresse),7093
2921,11006232700280____,Flurstück mit Wohnungsbestand der LWU (ab 4 WE pro Adresse),5584
2922,11006232700282____,Flurstück mit Wohnungsbestand der LWU (ab 4 WE pro Adresse),2756
2923,11006232800309____,Flurstück mit Wohnungsbestand der LWU (ab 4 WE pro Adresse),8866
2924,11006232800356____,Flurstück mit Wohnungsbestand der LWU (ab 4 WE pro Adresse),1056
2925,11006232800357____,Flurstück mit Wohnungsbestand der LWU (ab 4 WE pro Adresse),1171
2926,11006232800358____,Flurstück mit Wohnungsbestand der LWU (ab 4 WE pro Adresse),4154
2927,11006232800359____,Flurstück mit Wohnungsbestand der LWU (ab 4 WE pro Adresse),954
2928,11006232800360____,Flurstück mit Wohnungsbestand der LWU (ab 4 WE pro Adresse),4451
2929,11006232800361____,Flurstück mit Wohnungsbestand der LWU (ab 4 WE pro Adresse),388
2930,110062329000280005,Flurstück mit Wohnungsbestand der LWU (ab 4 WE pro Adresse),2444
2931,110062329000280023,Flurstück mit Wohnungsbestand der LWU (ab 4 WE pro Adresse),10672
2932,11006232900138____,Flurstück mit Wohnungsbestand der LWU (ab 4 WE pro Adresse),3407
2933,11006232900145____,Flurstück mit Wohnungsbestand der LWU (ab 4 WE pro Adresse),1935
2934,11006232900146____,Flurstück mit Wohnungsbestand der LWU (ab 4 WE pro Adresse),4364
2935,11006232900152____,Flurstück mit Wohnungsbestand der LWU (ab 4 WE pro Adresse),2146
2936,11006232900157____,Flurstück mit Wohnungsbestand der LWU (ab 4 WE pro Adresse),4276
2937,11006232900166____,Flurstück mit Wohnungsbestand der LWU (ab 4 WE pro Adresse),3505
2938,11006232900170____,Flurstück mit Wohnungsbestand der LWU (ab 4 WE pro Adresse),5290
2939,11006232900171____,Flurstück mit Wohnungsbestand der LWU (ab 4 WE pro Adresse),5848
2940,11006232900176____,Flurstück mit Wohnungsbestand der LWU (ab 4 WE pro Adresse),2505
2941,11006232900179____,Flurstück mit Wohnungsbestand der LWU (ab 4 WE pro Adresse),4858
2942,11006232900183____,Flurstück mit Wohnungsbestand der LWU (ab 4 WE pro Adresse),439
2943,11006232900185____,Flurstück mit Wohnungsbestand der LWU (ab 4 WE pro Adresse),1636
2944,11006233000165____,Flurstück mit Wohnungsbestand der LWU (ab 4 WE pro Adresse),3192
2945,11006233000196____,Flurstück mit Wohnungsbestand der LWU (ab 4 WE pro Adresse),2106
2946,11006233000202____,Flurstück mit Wohnungsbestand der LWU (ab 4 WE pro Adresse),3289
2947,11006341000044____,Flurstück mit Wohnungsbestand der LWU (ab 4 WE pro Adresse),2535
2948,11006341000045____,Flurstück mit Wohnungsbestand der LWU (ab 4 WE pro Adresse),8551
2949,110063411001390007,Flurstück mit Wohnungsbestand der LWU (ab 4 WE pro Adresse),7183
2950,110063411001390014,Flurstück mit Wohnungsbestand der LWU (ab 4 WE pro Adresse),26605
2951,110063411001390018,Flurstück mit Wohnungsbestand der LWU (ab 4 WE pro Adresse),4586
2952,110063411001390022,Flurstück mit Wohnungsbestand der LWU (ab 4 WE pro Adresse),14046
2953,110063411001390024,Flurstück mit Wohnungsbestand der LWU (ab 4 WE pro Adresse),10570
2954,110063411001390025,Flurstück mit Wohnungsbestand der LWU (ab 4 WE pro Adresse),942
2955,110063411001390075,Flurstück mit Wohnungsbestand der LWU (ab 4 WE pro Adresse),2644
2956,110063411001390080,Flurstück mit Wohnungsbestand der LWU (ab 4 WE pro Adresse),4801
2957,11006341100154____,Flurstück mit Wohnungsbestand der LWU (ab 4 WE pro Adresse),3759
2958,11006341100159____,Flurstück mit Wohnungsbestand der LWU (ab 4 WE pro Adresse),2187
2959,11006341100187____,Flurstück mit Wohnungsbestand der LWU (ab 4 WE pro Adresse),6778
2960,11006341100204____,Flurstück mit Wohnungsbestand der LWU (ab 4 WE pro Adresse),3101
2961,11006341100210____,Flurstück mit Wohnungsbestand der LWU (ab 4 WE pro Adresse),10712
2962,11006341100214____,Flurstück mit Wohnungsbestand der LWU (ab 4 WE pro Adresse),3647
2963,11006341100215____,Flurstück mit Wohnungsbestand der LWU (ab 4 WE pro Adresse),8511
2964,11006341100218____,Flurstück mit Wohnungsbestand der LWU (ab 4 WE pro Adresse),3706
2965,11006341100219____,Flurstück mit Wohnungsbestand der LWU (ab 4 WE pro Adresse),12776
2966,11006341100220____,Flurstück mit Wohnungsbestand der LWU (ab 4 WE pro Adresse),1831
2967,11006341100221____,Flurstück mit Wohnungsbestand der LWU (ab 4 WE pro Adresse),12205
2968,11006341100222____,Flurstück mit Wohnungsbestand der LWU (ab 4 WE pro Adresse),3501
2969,11006341100223____,Flurstück mit Wohnungsbestand der LWU (ab 4 WE pro Adresse),2889
2970,11006341100224____,Flurstück mit Wohnungsbestand der LWU (ab 4 WE pro Adresse),17361
2971,11006341200440____,Flurstück mit Wohnungsbestand der LWU (ab 4 WE pro Adresse),1560
2972,11006341300473____,Flurstück mit Wohnungsbestand der LWU (ab 4 WE pro Adresse),3844
2973,110063415000110009,Flurstück mit Wohnungsbestand der LWU (ab 4 WE pro Adresse),6678
2974,11006341500084____,Flurstück mit Wohnungsbestand der LWU (ab 4 WE pro Adresse),6852
2975,11006341500085____,Flurstück mit Wohnungsbestand der LWU (ab 4 WE pro Adresse),4459
2976,110063416000010009,Flurstück mit Wohnungsbestand der LWU (ab 4 WE pro Adresse),11793
2977,110063416000010012,Flurstück mit Wohnungsbestand der LWU (ab 4 WE pro Adresse),6316
2978,110063416000010022,Flurstück mit Wohnungsbestand der LWU (ab 4 WE pro Adresse),11164
2979,110063416000010023,Flurstück mit Wohnungsbestand der LWU (ab 4 WE pro Adresse),6641
2980,11006341600267____,Flurstück mit Wohnungsbestand der LWU (ab 4 WE pro Adresse),6192
2981,11006341600268____,Flurstück mit Wohnungsbestand der LWU (ab 4 WE pro Adresse),1364
2982,11006341600294____,Flurstück mit Wohnungsbestand der LWU (ab 4 WE pro Adresse),24702
2983,11006341600323____,Flurstück mit Wohnungsbestand der LWU (ab 4 WE pro Adresse),7782
2984,11006341600324____,Flurstück mit Wohnungsbestand der LWU (ab 4 WE pro Adresse),16678
2985,110063417000810003,Flurstück mit Wohnungsbestand der LWU (ab 4 WE pro Adresse),1456
2986,110063417000810009,Flurstück mit Wohnungsbestand der LWU (ab 4 WE pro Adresse),22079
2987,110063417000820002,Flurstück mit Wohnungsbestand der LWU (ab 4 WE pro Adresse),254
2988,110063417000980001,Flurstück mit Wohnungsbestand der LWU (ab 4 WE pro Adresse),2336
2989,110063418001530009,Flurstück mit Wohnungsbestand der LWU (ab 4 WE pro Adresse),8512
2990,110063418001540012,Flurstück mit Wohnungsbestand der LWU (ab 4 WE pro Adresse),14966
2991,110063419001760005,Flurstück mit Wohnungsbestand der LWU (ab 4 WE pro Adresse),4560
2992,110063419001760007,Flurstück mit Wohnungsbestand der LWU (ab 4 WE pro Adresse),14131
2993,11006341900263____,Flurstück mit Wohnungsbestand der LWU (ab 4 WE pro Adresse),887
2994,110063424000310004,Flurstück mit Wohnungsbestand der LWU (ab 4 WE pro Adresse),63153
2995,110063424000310005,Flurstück mit Wohnungsbestand der LWU (ab 4 WE pro Adresse),11678
2996,110063424000320003,Flurstück mit Wohnungsbestand der LWU (ab 4 WE pro Adresse),8598
2997,110063424000320004,Flurstück mit Wohnungsbestand der LWU (ab 4 WE pro Adresse),12962
2998,110063425000010004,Flurstück mit Wohnungsbestand der LWU (ab 4 WE pro Adresse),4389
2999,110063425000020055,Flurstück mit Wohnungsbestand der LWU (ab 4 WE pro Adresse),21640
3000,110063425000450002,Flurstück mit Wohnungsbestand der LWU (ab 4 WE pro Adresse),19469
3001,110063428002170001,Flurstück mit Wohnungsbestand der LWU (ab 4 WE pro Adresse),2326
3002,110063430000480008,Flurstück mit Wohnungsbestand der LWU (ab 4 WE pro Adresse),32820
3003,11006343400151____,Flurstück mit Wohnungsbestand der LWU (ab 4 WE pro Adresse),1668
3004,11006343400170____,Flurstück mit Wohnungsbestand der LWU (ab 4 WE pro Adresse),4954
3005,11006343400173____,Flurstück mit Wohnungsbestand der LWU (ab 4 WE pro Adresse),6976
3006,11006343400185____,Flurstück mit Wohnungsbestand der LWU (ab 4 WE pro Adresse),1513
3007,11006343400198____,Flurstück mit Wohnungsbestand der LWU (ab 4 WE pro Adresse),1292
3008,11006343400199____,Flurstück mit Wohnungsbestand der LWU (ab 4 WE pro Adresse),1288
3009,11006343400205____,Flurstück mit Wohnungsbestand der LWU (ab 4 WE pro Adresse),1345
3010,11006343400206____,Flurstück mit Wohnungsbestand der LWU (ab 4 WE pro Adresse),4410
3011,11006343400210____,Flurstück mit Wohnungsbestand der LWU (ab 4 WE pro Adresse),4408
3012,11006343400229____,Flurstück mit Wohnungsbestand der LWU (ab 4 WE pro Adresse),2986
3013,11006343400230____,Flurstück mit Wohnungsbestand der LWU (ab 4 WE pro Adresse),2597
3014,11006343400622____,Flurstück mit Wohnungsbestand der LWU (ab 4 WE pro Adresse),4425
3015,11006343400647____,Flurstück mit Wohnungsbestand der LWU (ab 4 WE pro Adresse),7618
3016,11006343400658____,Flurstück mit Wohnungsbestand der LWU (ab 4 WE pro Adresse),1340
3017,11006343400721____,Flurstück mit Wohnungsbestand der LWU (ab 4 WE pro Adresse),5582
3018,11006343500155____,Flurstück mit Wohnungsbestand der LWU (ab 4 WE pro Adresse),4750
3019,11006343500162____,Flurstück mit Wohnungsbestand der LWU (ab 4 WE pro Adresse),4775
3020,11006343500176____,Flurstück mit Wohnungsbestand der LWU (ab 4 WE pro Adresse),2302
3021,11006343500178____,Flurstück mit Wohnungsbestand der LWU (ab 4 WE pro Adresse),5349
3022,11006343500196____,Flurstück mit Wohnungsbestand der LWU (ab 4 WE pro Adresse),486
3023,11006343500197____,Flurstück mit Wohnungsbestand der LWU (ab 4 WE pro Adresse),1725
3024,11006343500199____,Flurstück mit Wohnungsbestand der LWU (ab 4 WE pro Adresse),1055
3025,110065001000090014,Flurstück mit Wohnungsbestand der LWU (ab 4 WE pro Adresse),3812
3026,110065001000220030,Flurstück mit Wohnungsbestand der LWU (ab 4 WE pro Adresse),934
3027,110065001000340055,Flurstück mit Wohnungsbestand der LWU (ab 4 WE pro Adresse),1240
3028,110065001016500033,Flurstück mit Wohnungsbestand der LWU (ab 4 WE pro Adresse),2342
3029,110065001020150034,Flurstück mit Wohnungsbestand der LWU (ab 4 WE pro Adresse),639
3030,110065001021280036,Flurstück mit Wohnungsbestand der LWU (ab 4 WE pro Adresse),968
3031,110065001021330036,Flurstück mit Wohnungsbestand der LWU (ab 4 WE pro Adresse),1157
3032,110065002000120053,Flurstück mit Wohnungsbestand der LWU (ab 4 WE pro Adresse),5968
3033,110065002000120059,Flurstück mit Wohnungsbestand der LWU (ab 4 WE pro Adresse),28079
3034,110065002000420024,Flurstück mit Wohnungsbestand der LWU (ab 4 WE pro Adresse),12400
3035,110065002000420028,Flurstück mit Wohnungsbestand der LWU (ab 4 WE pro Adresse),789
3036,11006500200427____,Flurstück mit Wohnungsbestand der LWU (ab 4 WE pro Adresse),1473
3037,11006500200589____,Flurstück mit Wohnungsbestand der LWU (ab 4 WE pro Adresse),3695
3038,11006500200590____,Flurstück mit Wohnungsbestand der LWU (ab 4 WE pro Adresse),6845
3039,11006500200592____,Flurstück mit Wohnungsbestand der LWU (ab 4 WE pro Adresse),57746
3040,110065003000660007,Flurstück mit Wohnungsbestand der LWU (ab 4 WE pro Adresse),2807
3041,110065003000680024,Flurstück mit Wohnungsbestand der LWU (ab 4 WE pro Adresse),1141
3042,110065003000730065,Flurstück mit Wohnungsbestand der LWU (ab 4 WE pro Adresse),519
3043,11006500300478____,Flurstück mit Wohnungsbestand der LWU (ab 4 WE pro Adresse),12132
3044,11006500300508____,Flurstück mit Wohnungsbestand der LWU (ab 4 WE pro Adresse),1990
3045,11006500300519____,Flurstück mit Wohnungsbestand der LWU (ab 4 WE pro Adresse),1486
3046,11006500300541____,Flurstück mit Wohnungsbestand der LWU (ab 4 WE pro Adresse),1138
3047,11006500300543____,Flurstück mit Wohnungsbestand der LWU (ab 4 WE pro Adresse),1803
3048,11006500300547____,Flurstück mit Wohnungsbestand der LWU (ab 4 WE pro Adresse),599
3049,11006500300574____,Flurstück mit Wohnungsbestand der LWU (ab 4 WE pro Adresse),11257
3050,11006500300812____,Flurstück mit Wohnungsbestand der LWU (ab 4 WE pro Adresse),5657
3051,110065003018130086,Flurstück mit Wohnungsbestand der LWU (ab 4 WE pro Adresse),706
3052,110065003033450066,Flurstück mit Wohnungsbestand der LWU (ab 4 WE pro Adresse),598
3053,110065003033460066,Flurstück mit Wohnungsbestand der LWU (ab 4 WE pro Adresse),621
3054,110065003036720098,Flurstück mit Wohnungsbestand der LWU (ab 4 WE pro Adresse),1805
3055,110065003038140067,Flurstück mit Wohnungsbestand der LWU (ab 4 WE pro Adresse),961
3056,110065003049890089,Flurstück mit Wohnungsbestand der LWU (ab 4 WE pro Adresse),5622
3057,110065003049920089,Flurstück mit Wohnungsbestand der LWU (ab 4 WE pro Adresse),676
3058,110065003049940089,Flurstück mit Wohnungsbestand der LWU (ab 4 WE pro Adresse),6163
3059,110065003053400076,Flurstück mit Wohnungsbestand der LWU (ab 4 WE pro Adresse),2179
3060,110065004000040061,Flurstück mit Wohnungsbestand der LWU (ab 4 WE pro Adresse),6509
3061,110065004000540006,Flurstück mit Wohnungsbestand der LWU (ab 4 WE pro Adresse),476
3062,11006500400306____,Flurstück mit Wohnungsbestand der LWU (ab 4 WE pro Adresse),700
3063,110065004007480018,Flurstück mit Wohnungsbestand der LWU (ab 4 WE pro Adresse),2089
3064,110065004008130015,Flurstück mit Wohnungsbestand der LWU (ab 4 WE pro Adresse),580
3065,110067002001930019,Flurstück mit Wohnungsbestand der LWU (ab 4 WE pro Adresse),7083
3066,110067002002270019,Flurstück mit Wohnungsbestand der LWU (ab 4 WE pro Adresse),121760
3067,110067003000490465,Flurstück mit Wohnungsbestand der LWU (ab 4 WE pro Adresse),2141
3068,110067003000490510,Flurstück mit Wohnungsbestand der LWU (ab 4 WE pro Adresse),3722
3069,110067003054700049,Flurstück mit Wohnungsbestand der LWU (ab 4 WE pro Adresse),1139
3070,110068001000260002,Flurstück mit Wohnungsbestand der LWU (ab 4 WE pro Adresse),14418
3071,110068001002050001,Flurstück mit Wohnungsbestand der LWU (ab 4 WE pro Adresse),3834
3072,110068001006700156,Flurstück mit Wohnungsbestand der LWU (ab 4 WE pro Adresse),1838
3073,110069002001320019,Flurstück mit Wohnungsbestand der LWU (ab 4 WE pro Adresse),4485
3074,110069002001320035,Flurstück mit Wohnungsbestand der LWU (ab 4 WE pro Adresse),78236
3075,110069002001410027,Flurstück mit Wohnungsbestand der LWU (ab 4 WE pro Adresse),14015
3076,11006900200301____,Flurstück mit Wohnungsbestand der LWU (ab 4 WE pro Adresse),22434
3077,11006900200393____,Flurstück mit Wohnungsbestand der LWU (ab 4 WE pro Adresse),8902
3078,11006900200394____,Flurstück mit Wohnungsbestand der LWU (ab 4 WE pro Adresse),16305
3079,11006900200420____,Flurstück mit Wohnungsbestand der LWU (ab 4 WE pro Adresse),25170
3080,11006900200421____,Flurstück mit Wohnungsbestand der LWU (ab 4 WE pro Adresse),14654
3081,11006900200422____,Flurstück mit Wohnungsbestand der LWU (ab 4 WE pro Adresse),9624
3082,11006901500415____,Flurstück mit Wohnungsbestand der LWU (ab 4 WE pro Adresse),16625
3083,110070001001630030,Flurstück mit Wohnungsbestand der LWU (ab 4 WE pro Adresse),3294
3084,11007000101385____,Flurstück mit Wohnungsbestand der LWU (ab 4 WE pro Adresse),993
3085,110070001028960162,Flurstück mit Wohnungsbestand der LWU (ab 4 WE pro Adresse),783
3086,110070001038930132,Flurstück mit Wohnungsbestand der LWU (ab 4 WE pro Adresse),13560
3087,110070001040300132,Flurstück mit Wohnungsbestand der LWU (ab 4 WE pro Adresse),14808
3088,110070001040320132,Flurstück mit Wohnungsbestand der LWU (ab 4 WE pro Adresse),13373
3089,110070001040330132,Flurstück mit Wohnungsbestand der LWU (ab 4 WE pro Adresse),13726
3090,110070002000750029,Flurstück mit Wohnungsbestand der LWU (ab 4 WE pro Adresse),5383
3091,11007000200389____,Flurstück mit Wohnungsbestand der LWU (ab 4 WE pro Adresse),3010
3092,11007000200653____,Flurstück mit Wohnungsbestand der LWU (ab 4 WE pro Adresse),398
3093,11007000200654____,Flurstück mit Wohnungsbestand der LWU (ab 4 WE pro Adresse),2933
3094,11007000200659____,Flurstück mit Wohnungsbestand der LWU (ab 4 WE pro Adresse),1723
3095,11007000200672____,Flurstück mit Wohnungsbestand der LWU (ab 4 WE pro Adresse),4010
3096,11007000200776____,Flurstück mit Wohnungsbestand der LWU (ab 4 WE pro Adresse),26356
3097,11007000200791____,Flurstück mit Wohnungsbestand der LWU (ab 4 WE pro Adresse),7159
3098,11007000200793____,Flurstück mit Wohnungsbestand der LWU (ab 4 WE pro Adresse),9588
3099,11007000200794____,Flurstück mit Wohnungsbestand der LWU (ab 4 WE pro Adresse),11410
3100,11007000200934____,Flurstück mit Wohnungsbestand der LWU (ab 4 WE pro Adresse),10831
3101,11007000200935____,Flurstück mit Wohnungsbestand der LWU (ab 4 WE pro Adresse),29266
3102,11007000200995____,Flurstück mit Wohnungsbestand der LWU (ab 4 WE pro Adresse),35224
3103,11007000201028____,Flurstück mit Wohnungsbestand der LWU (ab 4 WE pro Adresse),2664
3104,110070002011180049,Flurstück mit Wohnungsbestand der LWU (ab 4 WE pro Adresse),1008
3105,110070002011190049,Flurstück mit Wohnungsbestand der LWU (ab 4 WE pro Adresse),1009
3106,110070002011200049,Flurstück mit Wohnungsbestand der LWU (ab 4 WE pro Adresse),1014
3107,110070002011230049,Flurstück mit Wohnungsbestand der LWU (ab 4 WE pro Adresse),853
3108,110070002013200079,Flurstück mit Wohnungsbestand der LWU (ab 4 WE pro Adresse),1210
3109,110070002025270025,Flurstück mit Wohnungsbestand der LWU (ab 4 WE pro Adresse),929
3110,110070002025290025,Flurstück mit Wohnungsbestand der LWU (ab 4 WE pro Adresse),918
3111,110070002025300025,Flurstück mit Wohnungsbestand der LWU (ab 4 WE pro Adresse),928
3112,110070002025310025,Flurstück mit Wohnungsbestand der LWU (ab 4 WE pro Adresse),915
3113,110070002025320025,Flurstück mit Wohnungsbestand der LWU (ab 4 WE pro Adresse),883
3114,110070002025330025,Flurstück mit Wohnungsbestand der LWU (ab 4 WE pro Adresse),889
3115,110070002025340025,Flurstück mit Wohnungsbestand der LWU (ab 4 WE pro Adresse),880
3116,110070002025350025,Flurstück mit Wohnungsbestand der LWU (ab 4 WE pro Adresse),875
3117,110070002025360025,Flurstück mit Wohnungsbestand der LWU (ab 4 WE pro Adresse),899
3118,110070002025380025,Flurstück mit Wohnungsbestand der LWU (ab 4 WE pro Adresse),651
3119,110070002025390025,Flurstück mit Wohnungsbestand der LWU (ab 4 WE pro Adresse),1111
3120,110070002025400025,Flurstück mit Wohnungsbestand der LWU (ab 4 WE pro Adresse),763
3121,110070002025420025,Flurstück mit Wohnungsbestand der LWU (ab 4 WE pro Adresse),868
3122,110070002025430025,Flurstück mit Wohnungsbestand der LWU (ab 4 WE pro Adresse),875
3123,110070002027780049,Flurstück mit Wohnungsbestand der LWU (ab 4 WE pro Adresse),538
3124,110070002030700058,Flurstück mit Wohnungsbestand der LWU (ab 4 WE pro Adresse),486
3125,110070002030710052,Flurstück mit Wohnungsbestand der LWU (ab 4 WE pro Adresse),3445
3126,110070002030740052,Flurstück mit Wohnungsbestand der LWU (ab 4 WE pro Adresse),6314
3127,110070002030750052,Flurstück mit Wohnungsbestand der LWU (ab 4 WE pro Adresse),13745
3128,110070002030820052,Flurstück mit Wohnungsbestand der LWU (ab 4 WE pro Adresse),6765
3129,110070002030830052,Flurstück mit Wohnungsbestand der LWU (ab 4 WE pro Adresse),6884
3130,110070002030840052,Flurstück mit Wohnungsbestand der LWU (ab 4 WE pro Adresse),7176
3131,110070002030850052,Flurstück mit Wohnungsbestand der LWU (ab 4 WE pro Adresse),9229
3132,110071001000280159,Flurstück mit Wohnungsbestand der LWU (ab 4 WE pro Adresse),46097
3133,110071001000280178,Flurstück mit Wohnungsbestand der LWU (ab 4 WE pro Adresse),16904
3134,110071001000380041,Flurstück mit Wohnungsbestand der LWU (ab 4 WE pro Adresse),4962
3135,110071001000830004,Flurstück mit Wohnungsbestand der LWU (ab 4 WE pro Adresse),2422
3136,11007100100811____,Flurstück mit Wohnungsbestand der LWU (ab 4 WE pro Adresse),30373
3137,11007100101196____,Flurstück mit Wohnungsbestand der LWU (ab 4 WE pro Adresse),2559
3138,11007100200413____,Flurstück mit Wohnungsbestand der LWU (ab 4 WE pro Adresse),2317
3139,11007100200515____,Flurstück mit Wohnungsbestand der LWU (ab 4 WE pro Adresse),2874
3140,110071003000070013,Flurstück mit Wohnungsbestand der LWU (ab 4 WE pro Adresse),15139
3141,110071003000110005,Flurstück mit Wohnungsbestand der LWU (ab 4 WE pro Adresse),3805
3142,110071003000110007,Flurstück mit Wohnungsbestand der LWU (ab 4 WE pro Adresse),1533
3143,110071003000120040,Flurstück mit Wohnungsbestand der LWU (ab 4 WE pro Adresse),11224
3144,110071003000120041,Flurstück mit Wohnungsbestand der LWU (ab 4 WE pro Adresse),5743
3145,110071003000120078,Flurstück mit Wohnungsbestand der LWU (ab 4 WE pro Adresse),674
3146,110071003000120098,Flurstück mit Wohnungsbestand der LWU (ab 4 WE pro Adresse),4018
3147,110071003000310024,Flurstück mit Wohnungsbestand der LWU (ab 4 WE pro Adresse),39494
3148,110071003000400031,Flurstück mit Wohnungsbestand der LWU (ab 4 WE pro Adresse),1042
3149,110071003000480019,Flurstück mit Wohnungsbestand der LWU (ab 4 WE pro Adresse),8589
3150,110071003000480033,Flurstück mit Wohnungsbestand der LWU (ab 4 WE pro Adresse),18364
3151,110071003000480042,Flurstück mit Wohnungsbestand der LWU (ab 4 WE pro Adresse),3690
3152,110071003002740012,Flurstück mit Wohnungsbestand der LWU (ab 4 WE pro Adresse),750
3153,110071003005700012,Flurstück mit Wohnungsbestand der LWU (ab 4 WE pro Adresse),934
3154,11007100300646____,Flurstück mit Wohnungsbestand der LWU (ab 4 WE pro Adresse),4570
3155,11007100300648____,Flurstück mit Wohnungsbestand der LWU (ab 4 WE pro Adresse),14442
3156,11007100300649____,Flurstück mit Wohnungsbestand der LWU (ab 4 WE pro Adresse),7775
3157,11007100300651____,Flurstück mit Wohnungsbestand der LWU (ab 4 WE pro Adresse),34246
3158,110071003007010012,Flurstück mit Wohnungsbestand der LWU (ab 4 WE pro Adresse),763
3159,110071003007020012,Flurstück mit Wohnungsbestand der LWU (ab 4 WE pro Adresse),765
3160,11007100300709____,Flurstück mit Wohnungsbestand der LWU (ab 4 WE pro Adresse),6324
3161,11007100300710____,Flurstück mit Wohnungsbestand der LWU (ab 4 WE pro Adresse),2266
3162,110071003023530012,Flurstück mit Wohnungsbestand der LWU (ab 4 WE pro Adresse),522
3163,110071003023540012,Flurstück mit Wohnungsbestand der LWU (ab 4 WE pro Adresse),467
3164,110071003023560012,Flurstück mit Wohnungsbestand der LWU (ab 4 WE pro Adresse),387
3165,110071003025960012,Flurstück mit Wohnungsbestand der LWU (ab 4 WE pro Adresse),869
3166,110071003025970012,Flurstück mit Wohnungsbestand der LWU (ab 4 WE pro Adresse),1247
3167,110071003025980012,Flurstück mit Wohnungsbestand der LWU (ab 4 WE pro Adresse),731
3168,110071003025990012,Flurstück mit Wohnungsbestand der LWU (ab 4 WE pro Adresse),2146
3169,110071003026170012,Flurstück mit Wohnungsbestand der LWU (ab 4 WE pro Adresse),1415
3170,110071003026200012,Flurstück mit Wohnungsbestand der LWU (ab 4 WE pro Adresse),555
3171,110072001000100011,Flurstück mit Wohnungsbestand der LWU (ab 4 WE pro Adresse),8439
3172,110072001000180034,Flurstück mit Wohnungsbestand der LWU (ab 4 WE pro Adresse),81000
3173,110072001000210014,Flurstück mit Wohnungsbestand der LWU (ab 4 WE pro Adresse),42181
3174,110072001000380029,Flurstück mit Wohnungsbestand der LWU (ab 4 WE pro Adresse),52258
3175,110072003000260018,Flurstück mit Wohnungsbestand der LWU (ab 4 WE pro Adresse),3300
3176,110072003000260021,Flurstück mit Wohnungsbestand der LWU (ab 4 WE pro Adresse),26245
3177,110072003000280015,Flurstück mit Wohnungsbestand der LWU (ab 4 WE pro Adresse),6391
3178,110072003000290002,Flurstück mit Wohnungsbestand der LWU (ab 4 WE pro Adresse),1285
3179,110072003000460050,Flurstück mit Wohnungsbestand der LWU (ab 4 WE pro Adresse),8614
3180,110072003000460064,Flurstück mit Wohnungsbestand der LWU (ab 4 WE pro Adresse),21223
3181,110072003000480021,Flurstück mit Wohnungsbestand der LWU (ab 4 WE pro Adresse),12034
3182,110072003000480029,Flurstück mit Wohnungsbestand der LWU (ab 4 WE pro Adresse),49469
3183,110072003000500023,Flurstück mit Wohnungsbestand der LWU (ab 4 WE pro Adresse),72979
3184,110072003000560017,Flurstück mit Wohnungsbestand der LWU (ab 4 WE pro Adresse),4327
3185,110072003000560026,Flurstück mit Wohnungsbestand der LWU (ab 4 WE pro Adresse),18580
3186,110072003000560039,Flurstück mit Wohnungsbestand der LWU (ab 4 WE pro Adresse),4412
3187,110072003000620031,Flurstück mit Wohnungsbestand der LWU (ab 4 WE pro Adresse),9215
3188,110072003000620035,Flurstück mit Wohnungsbestand der LWU (ab 4 WE pro Adresse),184
3189,110072003000620038,Flurstück mit Wohnungsbestand der LWU (ab 4 WE pro Adresse),54689
3190,110072003000630007,Flurstück mit Wohnungsbestand der LWU (ab 4 WE pro Adresse),10646
3191,110072003000640011,Flurstück mit Wohnungsbestand der LWU (ab 4 WE pro Adresse),20445
3192,110072003000640014,Flurstück mit Wohnungsbestand der LWU (ab 4 WE pro Adresse),8500
3193,110072003000640017,Flurstück mit Wohnungsbestand der LWU (ab 4 WE pro Adresse),2785
3194,110072003000640018,Flurstück mit Wohnungsbestand der LWU (ab 4 WE pro Adresse),2441
3195,11007200300359____,Flurstück mit Wohnungsbestand der LWU (ab 4 WE pro Adresse),7423
3196,11007200300407____,Flurstück mit Wohnungsbestand der LWU (ab 4 WE pro Adresse),4326
3197,11007200300408____,Flurstück mit Wohnungsbestand der LWU (ab 4 WE pro Adresse),2274
3198,11007200300412____,Flurstück mit Wohnungsbestand der LWU (ab 4 WE pro Adresse),33560
3199,11007200300425____,Flurstück mit Wohnungsbestand der LWU (ab 4 WE pro Adresse),41368
3200,110072004000170029,Flurstück mit Wohnungsbestand der LWU (ab 4 WE pro Adresse),29576
3201,110072004000230008,Flurstück mit Wohnungsbestand der LWU (ab 4 WE pro Adresse),48341
3202,110072004000320051,Flurstück mit Wohnungsbestand der LWU (ab 4 WE pro Adresse),16453
3203,110072004000320061,Flurstück mit Wohnungsbestand der LWU (ab 4 WE pro Adresse),11503
3204,110072004000320096,Flurstück mit Wohnungsbestand der LWU (ab 4 WE pro Adresse),4273
3205,110072004000320099,Flurstück mit Wohnungsbestand der LWU (ab 4 WE pro Adresse),4100
3206,110072004000320145,Flurstück mit Wohnungsbestand der LWU (ab 4 WE pro Adresse),6987
3207,110072004000320150,Flurstück mit Wohnungsbestand der LWU (ab 4 WE pro Adresse),33586
3208,110072004000320162,Flurstück mit Wohnungsbestand der LWU (ab 4 WE pro Adresse),40735
3209,110072004000320165,Flurstück mit Wohnungsbestand der LWU (ab 4 WE pro Adresse),23561
3210,110072004000360011,Flurstück mit Wohnungsbestand der LWU (ab 4 WE pro Adresse),2884
3211,110072004000450019,Flurstück mit Wohnungsbestand der LWU (ab 4 WE pro Adresse),4129
3212,110072004000800048,Flurstück mit Wohnungsbestand der LWU (ab 4 WE pro Adresse),3368
3213,110072004000820028,Flurstück mit Wohnungsbestand der LWU (ab 4 WE pro Adresse),66093
3214,11007200400318____,Flurstück mit Wohnungsbestand der LWU (ab 4 WE pro Adresse),2926
3215,11007200400322____,Flurstück mit Wohnungsbestand der LWU (ab 4 WE pro Adresse),15991
3216,11007200400327____,Flurstück mit Wohnungsbestand der LWU (ab 4 WE pro Adresse),1911
3217,11007200400331____,Flurstück mit Wohnungsbestand der LWU (ab 4 WE pro Adresse),2839
3218,11007200400342____,Flurstück mit Wohnungsbestand der LWU (ab 4 WE pro Adresse),83192
3219,11007200400362____,Flurstück mit Wohnungsbestand der LWU (ab 4 WE pro Adresse),10938
3220,11007200400368____,Flurstück mit Wohnungsbestand der LWU (ab 4 WE pro Adresse),73759
3221,11007300300355____,Flurstück mit Wohnungsbestand der LWU (ab 4 WE pro Adresse),3552
3222,11007300300486____,Flurstück mit Wohnungsbestand der LWU (ab 4 WE pro Adresse),1374
3223,11007300300512____,Flurstück mit Wohnungsbestand der LWU (ab 4 WE pro Adresse),6267
3224,11007300300540____,Flurstück mit Wohnungsbestand der LWU (ab 4 WE pro Adresse),31789
3225,110073005000280270,Flurstück mit Wohnungsbestand der LWU (ab 4 WE pro Adresse),11173
3226,11007300500475____,Flurstück mit Wohnungsbestand der LWU (ab 4 WE pro Adresse),3678
3227,11007300500971____,Flurstück mit Wohnungsbestand der LWU (ab 4 WE pro Adresse),1334
3228,11007300501189____,Flurstück mit Wohnungsbestand der LWU (ab 4 WE pro Adresse),10444
3229,11007300501190____,Flurstück mit Wohnungsbestand der LWU (ab 4 WE pro Adresse),1695
3230,11050010200098____,Flurstück mit Wohnungsbestand der LWU (ab 4 WE pro Adresse),3980
3231,11050010200099____,Flurstück mit Wohnungsbestand der LWU (ab 4 WE pro Adresse),7544
3232,11050010400002____,Flurstück mit Wohnungsbestand der LWU (ab 4 WE pro Adresse),1731
3233,11050010400058____,Flurstück mit Wohnungsbestand der LWU (ab 4 WE pro Adresse),1001
3234,11050010400073____,Flurstück mit Wohnungsbestand der LWU (ab 4 WE pro Adresse),877
3235,11050010400087____,Flurstück mit Wohnungsbestand der LWU (ab 4 WE pro Adresse),425
3236,11050010400089____,Flurstück mit Wohnungsbestand der LWU (ab 4 WE pro Adresse),747
3237,11050010400090____,Flurstück mit Wohnungsbestand der LWU (ab 4 WE pro Adresse),751
3238,11050010400091____,Flurstück mit Wohnungsbestand der LWU (ab 4 WE pro Adresse),2388
3239,11050010400101____,Flurstück mit Wohnungsbestand der LWU (ab 4 WE pro Adresse),362
3240,11050010400103____,Flurstück mit Wohnungsbestand der LWU (ab 4 WE pro Adresse),297
3241,11050010400134____,Flurstück mit Wohnungsbestand der LWU (ab 4 WE pro Adresse),415
3242,11050010400135____,Flurstück mit Wohnungsbestand der LWU (ab 4 WE pro Adresse),343
3243,11050010400183____,Flurstück mit Wohnungsbestand der LWU (ab 4 WE pro Adresse),1052
3244,11050010400187____,Flurstück mit Wohnungsbestand der LWU (ab 4 WE pro Adresse),1467
3245,11050010400210____,Flurstück mit Wohnungsbestand der LWU (ab 4 WE pro Adresse),653
3246,11050010400211____,Flurstück mit Wohnungsbestand der LWU (ab 4 WE pro Adresse),1190
3247,11050010500006____,Flurstück mit Wohnungsbestand der LWU (ab 4 WE pro Adresse),1604
3248,11050010500010____,Flurstück mit Wohnungsbestand der LWU (ab 4 WE pro Adresse),899
3249,11050010500015____,Flurstück mit Wohnungsbestand der LWU (ab 4 WE pro Adresse),938
3250,11050010500032____,Flurstück mit Wohnungsbestand der LWU (ab 4 WE pro Adresse),762
3251,11050010500033____,Flurstück mit Wohnungsbestand der LWU (ab 4 WE pro Adresse),1060
3252,11050010500037____,Flurstück mit Wohnungsbestand der LWU (ab 4 WE pro Adresse),470
3253,11050010500039____,Flurstück mit Wohnungsbestand der LWU (ab 4 WE pro Adresse),979
3254,11050010500043____,Flurstück mit Wohnungsbestand der LWU (ab 4 WE pro Adresse),854
3255,11050010500050____,Flurstück mit Wohnungsbestand der LWU (ab 4 WE pro Adresse),692
3256,11050010500055____,Flurstück mit Wohnungsbestand der LWU (ab 4 WE pro Adresse),815
3257,11050010500072____,Flurstück mit Wohnungsbestand der LWU (ab 4 WE pro Adresse),809
3258,11050010500104____,Flurstück mit Wohnungsbestand der LWU (ab 4 WE pro Adresse),2647
3259,11050010500121____,Flurstück mit Wohnungsbestand der LWU (ab 4 WE pro Adresse),4182
3260,11050010500179____,Flurstück mit Wohnungsbestand der LWU (ab 4 WE pro Adresse),3479
3261,11050010500232____,Flurstück mit Wohnungsbestand der LWU (ab 4 WE pro Adresse),802
3262,11050010600053____,Flurstück mit Wohnungsbestand der LWU (ab 4 WE pro Adresse),2242
3263,11050010600055____,Flurstück mit Wohnungsbestand der LWU (ab 4 WE pro Adresse),2745
3264,11050010900116____,Flurstück mit Wohnungsbestand der LWU (ab 4 WE pro Adresse),3974
3265,11050011000080____,Flurstück mit Wohnungsbestand der LWU (ab 4 WE pro Adresse),2464
3266,11050011000096____,Flurstück mit Wohnungsbestand der LWU (ab 4 WE pro Adresse),5936
3267,11050011000127____,Flurstück mit Wohnungsbestand der LWU (ab 4 WE pro Adresse),726
3268,11050011000129____,Flurstück mit Wohnungsbestand der LWU (ab 4 WE pro Adresse),929
3269,11050011000141____,Flurstück mit Wohnungsbestand der LWU (ab 4 WE pro Adresse),3593
3270,11050011000162____,Flurstück mit Wohnungsbestand der LWU (ab 4 WE pro Adresse),1162
3271,11050011101104____,Flurstück mit Wohnungsbestand der LWU (ab 4 WE pro Adresse),4524
3272,11050011400020____,Flurstück mit Wohnungsbestand der LWU (ab 4 WE pro Adresse),806
3273,11050011400021____,Flurstück mit Wohnungsbestand der LWU (ab 4 WE pro Adresse),771
3274,11050011400022____,Flurstück mit Wohnungsbestand der LWU (ab 4 WE pro Adresse),771
3275,11050011400023____,Flurstück mit Wohnungsbestand der LWU (ab 4 WE pro Adresse),807
3276,11050011400117____,Flurstück mit Wohnungsbestand der LWU (ab 4 WE pro Adresse),7894
3277,11050011400161____,Flurstück mit Wohnungsbestand der LWU (ab 4 WE pro Adresse),20200
3278,11050011400177____,Flurstück mit Wohnungsbestand der LWU (ab 4 WE pro Adresse),22078
3279,11050011400190____,Flurstück mit Wohnungsbestand der LWU (ab 4 WE pro Adresse),2232
3280,11050011400194____,Flurstück mit Wohnungsbestand der LWU (ab 4 WE pro Adresse),3366
3281,11050011400199____,Flurstück mit Wohnungsbestand der LWU (ab 4 WE pro Adresse),21576
3282,11050011700088____,Flurstück mit Wohnungsbestand der LWU (ab 4 WE pro Adresse),22284
3283,11050011700131____,Flurstück mit Wohnungsbestand der LWU (ab 4 WE pro Adresse),2705
3284,11050011700132____,Flurstück mit Wohnungsbestand der LWU (ab 4 WE pro Adresse),3315
3285,11050011700133____,Flurstück mit Wohnungsbestand der LWU (ab 4 WE pro Adresse),4878
3286,11050011800012____,Flurstück mit Wohnungsbestand der LWU (ab 4 WE pro Adresse),5135
3287,11050011800021____,Flurstück mit Wohnungsbestand der LWU (ab 4 WE pro Adresse),2585
3288,11050011800043____,Flurstück mit Wohnungsbestand der LWU (ab 4 WE pro Adresse),2516
3289,11050011800090____,Flurstück mit Wohnungsbestand der LWU (ab 4 WE pro Adresse),4407
3290,11050012000024____,Flurstück mit Wohnungsbestand der LWU (ab 4 WE pro Adresse),872
3291,11050012000056____,Flurstück mit Wohnungsbestand der LWU (ab 4 WE pro Adresse),2589
3292,11050012000057____,Flurstück mit Wohnungsbestand der LWU (ab 4 WE pro Adresse),3401
3293,11050012100105____,Flurstück mit Wohnungsbestand der LWU (ab 4 WE pro Adresse),395
3294,11050012100181____,Flurstück mit Wohnungsbestand der LWU (ab 4 WE pro Adresse),1138
3295,11050012100199____,Flurstück mit Wohnungsbestand der LWU (ab 4 WE pro Adresse),1191
3296,11050012100207____,Flurstück mit Wohnungsbestand der LWU (ab 4 WE pro Adresse),482
3297,11050012100210____,Flurstück mit Wohnungsbestand der LWU (ab 4 WE pro Adresse),276
3298,11050012100279____,Flurstück mit Wohnungsbestand der LWU (ab 4 WE pro Adresse),3622
3299,11050012100282____,Flurstück mit Wohnungsbestand der LWU (ab 4 WE pro Adresse),15853
3300,11050012300030____,Flurstück mit Wohnungsbestand der LWU (ab 4 WE pro Adresse),7029
3301,11050012300032____,Flurstück mit Wohnungsbestand der LWU (ab 4 WE pro Adresse),2554
3302,11050012300048____,Flurstück mit Wohnungsbestand der LWU (ab 4 WE pro Adresse),684
3303,11050012300092____,Flurstück mit Wohnungsbestand der LWU (ab 4 WE pro Adresse),976
3304,11050012400032____,Flurstück mit Wohnungsbestand der LWU (ab 4 WE pro Adresse),3752
3305,11050012400110____,Flurstück mit Wohnungsbestand der LWU (ab 4 WE pro Adresse),696
3306,11050012400150____,Flurstück mit Wohnungsbestand der LWU (ab 4 WE pro Adresse),7354
3307,11050012900063____,Flurstück mit Wohnungsbestand der LWU (ab 4 WE pro Adresse),6354
3308,11050013200016____,Flurstück mit Wohnungsbestand der LWU (ab 4 WE pro Adresse),843
3309,11050013200020____,Flurstück mit Wohnungsbestand der LWU (ab 4 WE pro Adresse),538
3310,11050013200042____,Flurstück mit Wohnungsbestand der LWU (ab 4 WE pro Adresse),618
3311,11050013200045____,Flurstück mit Wohnungsbestand der LWU (ab 4 WE pro Adresse),594
3312,11050013200046____,Flurstück mit Wohnungsbestand der LWU (ab 4 WE pro Adresse),597
3313,11050013200055____,Flurstück mit Wohnungsbestand der LWU (ab 4 WE pro Adresse),857
3314,11050013200062____,Flurstück mit Wohnungsbestand der LWU (ab 4 WE pro Adresse),1033
3315,11050013200063____,Flurstück mit Wohnungsbestand der LWU (ab 4 WE pro Adresse),538
3316,11050013200104____,Flurstück mit Wohnungsbestand der LWU (ab 4 WE pro Adresse),1434
3317,11050013200105____,Flurstück mit Wohnungsbestand der LWU (ab 4 WE pro Adresse),527
3318,11050013200116____,Flurstück mit Wohnungsbestand der LWU (ab 4 WE pro Adresse),796
3319,11050013200119____,Flurstück mit Wohnungsbestand der LWU (ab 4 WE pro Adresse),572
3320,11050013200153____,Flurstück mit Wohnungsbestand der LWU (ab 4 WE pro Adresse),558
3321,11050013200155____,Flurstück mit Wohnungsbestand der LWU (ab 4 WE pro Adresse),466
3322,11050013200160____,Flurstück mit Wohnungsbestand der LWU (ab 4 WE pro Adresse),590
3323,11050013200171____,Flurstück mit Wohnungsbestand der LWU (ab 4 WE pro Adresse),857
3324,11050013200182____,Flurstück mit Wohnungsbestand der LWU (ab 4 WE pro Adresse),941
3325,11050013200196____,Flurstück mit Wohnungsbestand der LWU (ab 4 WE pro Adresse),1000
3326,11050014200016____,Flurstück mit Wohnungsbestand der LWU (ab 4 WE pro Adresse),519
3327,11050014200017____,Flurstück mit Wohnungsbestand der LWU (ab 4 WE pro Adresse),536
3328,11050014200021____,Flurstück mit Wohnungsbestand der LWU (ab 4 WE pro Adresse),590
3329,11050014200023____,Flurstück mit Wohnungsbestand der LWU (ab 4 WE pro Adresse),524
3330,11050014200024____,Flurstück mit Wohnungsbestand der LWU (ab 4 WE pro Adresse),598
3331,11050014200025____,Flurstück mit Wohnungsbestand der LWU (ab 4 WE pro Adresse),602
3332,11050014200028____,Flurstück mit Wohnungsbestand der LWU (ab 4 WE pro Adresse),581
3333,11050014200136____,Flurstück mit Wohnungsbestand der LWU (ab 4 WE pro Adresse),2099
3334,11050014200140____,Flurstück mit Wohnungsbestand der LWU (ab 4 WE pro Adresse),387
3335,11050014200142____,Flurstück mit Wohnungsbestand der LWU (ab 4 WE pro Adresse),463
3336,11050014200144____,Flurstück mit Wohnungsbestand der LWU (ab 4 WE pro Adresse),671
3337,11050014200180____,Flurstück mit Wohnungsbestand der LWU (ab 4 WE pro Adresse),387
3338,11050014900212____,Flurstück mit Wohnungsbestand der LWU (ab 4 WE pro Adresse),1169
3339,11050014900289____,Flurstück mit Wohnungsbestand der LWU (ab 4 WE pro Adresse),3710
3340,11050014900299____,Flurstück mit Wohnungsbestand der LWU (ab 4 WE pro Adresse),4123
3341,11050014900324____,Flurstück mit Wohnungsbestand der LWU (ab 4 WE pro Adresse),2500
3342,11050014900339____,Flurstück mit Wohnungsbestand der LWU (ab 4 WE pro Adresse),1560
3343,11050015100044____,Flurstück mit Wohnungsbestand der LWU (ab 4 WE pro Adresse),3408
3344,11050015600004____,Flurstück mit Wohnungsbestand der LWU (ab 4 WE pro Adresse),968
3345,11050015600008____,Flurstück mit Wohnungsbestand der LWU (ab 4 WE pro Adresse),1527
3346,11050015600018____,Flurstück mit Wohnungsbestand der LWU (ab 4 WE pro Adresse),1425
3347,11050015600022____,Flurstück mit Wohnungsbestand der LWU (ab 4 WE pro Adresse),1157
3348,11050015700004____,Flurstück mit Wohnungsbestand der LWU (ab 4 WE pro Adresse),1336
3349,11050015700031____,Flurstück mit Wohnungsbestand der LWU (ab 4 WE pro Adresse),1604
3350,11050015700192____,Flurstück mit Wohnungsbestand der LWU (ab 4 WE pro Adresse),598
3351,11050015700193____,Flurstück mit Wohnungsbestand der LWU (ab 4 WE pro Adresse),5349
3352,11050015700194____,Flurstück mit Wohnungsbestand der LWU (ab 4 WE pro Adresse),1060
3353,11050015700199____,Flurstück mit Wohnungsbestand der LWU (ab 4 WE pro Adresse),804
3354,11050015700200____,Flurstück mit Wohnungsbestand der LWU (ab 4 WE pro Adresse),719
3355,11050015700201____,Flurstück mit Wohnungsbestand der LWU (ab 4 WE pro Adresse),744
3356,11050015700202____,Flurstück mit Wohnungsbestand der LWU (ab 4 WE pro Adresse),4281
3357,11050015700203____,Flurstück mit Wohnungsbestand der LWU (ab 4 WE pro Adresse),748
3358,11050015700204____,Flurstück mit Wohnungsbestand der LWU (ab 4 WE pro Adresse),2430
3359,11050015700250____,Flurstück mit Wohnungsbestand der LWU (ab 4 WE pro Adresse),183
3360,11050015700257____,Flurstück mit Wohnungsbestand der LWU (ab 4 WE pro Adresse),2514
3361,11050015700262____,Flurstück mit Wohnungsbestand der LWU (ab 4 WE pro Adresse),1025
3362,11050015700416____,Flurstück mit Wohnungsbestand der LWU (ab 4 WE pro Adresse),5001
3363,11050015700421____,Flurstück mit Wohnungsbestand der LWU (ab 4 WE pro Adresse),2617
3364,11050015700424____,Flurstück mit Wohnungsbestand der LWU (ab 4 WE pro Adresse),1597
3365,11050015700425____,Flurstück mit Wohnungsbestand der LWU (ab 4 WE pro Adresse),1993
3366,11050015700430____,Flurstück mit Wohnungsbestand der LWU (ab 4 WE pro Adresse),3637
3367,11050015700508____,Flurstück mit Wohnungsbestand der LWU (ab 4 WE pro Adresse),5356
3368,11050015700516____,Flurstück mit Wohnungsbestand der LWU (ab 4 WE pro Adresse),3025
3369,11050016100114____,Flurstück mit Wohnungsbestand der LWU (ab 4 WE pro Adresse),384
3370,11050016100165____,Flurstück mit Wohnungsbestand der LWU (ab 4 WE pro Adresse),1723
3371,11050016100180____,Flurstück mit Wohnungsbestand der LWU (ab 4 WE pro Adresse),474
3372,11050016100192____,Flurstück mit Wohnungsbestand der LWU (ab 4 WE pro Adresse),710
3373,11050016100199____,Flurstück mit Wohnungsbestand der LWU (ab 4 WE pro Adresse),891
3374,11050016100319____,Flurstück mit Wohnungsbestand der LWU (ab 4 WE pro Adresse),671
3375,11050016100334____,Flurstück mit Wohnungsbestand der LWU (ab 4 WE pro Adresse),2795
3376,11050016100344____,Flurstück mit Wohnungsbestand der LWU (ab 4 WE pro Adresse),928
3377,11050016100347____,Flurstück mit Wohnungsbestand der LWU (ab 4 WE pro Adresse),832
3378,11050016100385____,Flurstück mit Wohnungsbestand der LWU (ab 4 WE pro Adresse),668
3379,11050016100386____,Flurstück mit Wohnungsbestand der LWU (ab 4 WE pro Adresse),5070
3380,11050016300001____,Flurstück mit Wohnungsbestand der LWU (ab 4 WE pro Adresse),902
3381,11050016300005____,Flurstück mit Wohnungsbestand der LWU (ab 4 WE pro Adresse),981
3382,11050016300007____,Flurstück mit Wohnungsbestand der LWU (ab 4 WE pro Adresse),1230
3383,11050016400353____,Flurstück mit Wohnungsbestand der LWU (ab 4 WE pro Adresse),8671
3384,11050016400358____,Flurstück mit Wohnungsbestand der LWU (ab 4 WE pro Adresse),1884
3385,11050016400362____,Flurstück mit Wohnungsbestand der LWU (ab 4 WE pro Adresse),10389
3386,11050016400369____,Flurstück mit Wohnungsbestand der LWU (ab 4 WE pro Adresse),8598
3387,11050016400477____,Flurstück mit Wohnungsbestand der LWU (ab 4 WE pro Adresse),3030
3388,11050016400485____,Flurstück mit Wohnungsbestand der LWU (ab 4 WE pro Adresse),8695
3389,11050016800018____,Flurstück mit Wohnungsbestand der LWU (ab 4 WE pro Adresse),488
3390,11050016800032____,Flurstück mit Wohnungsbestand der LWU (ab 4 WE pro Adresse),924
3391,11050016800041____,Flurstück mit Wohnungsbestand der LWU (ab 4 WE pro Adresse),546
3392,11050016800045____,Flurstück mit Wohnungsbestand der LWU (ab 4 WE pro Adresse),721
3393,11050016800065____,Flurstück mit Wohnungsbestand der LWU (ab 4 WE pro Adresse),652
3394,11050016800116____,Flurstück mit Wohnungsbestand der LWU (ab 4 WE pro Adresse),844
3395,11050016800117____,Flurstück mit Wohnungsbestand der LWU (ab 4 WE pro Adresse),850
3396,11050016800127____,Flurstück mit Wohnungsbestand der LWU (ab 4 WE pro Adresse),4759
3397,11050016800129____,Flurstück mit Wohnungsbestand der LWU (ab 4 WE pro Adresse),575
3398,11050016800130____,Flurstück mit Wohnungsbestand der LWU (ab 4 WE pro Adresse),863
3399,11050016800177____,Flurstück mit Wohnungsbestand der LWU (ab 4 WE pro Adresse),440
3400,11050016800189____,Flurstück mit Wohnungsbestand der LWU (ab 4 WE pro Adresse),421
3401,11050016800195____,Flurstück mit Wohnungsbestand der LWU (ab 4 WE pro Adresse),1292
3402,11050016800204____,Flurstück mit Wohnungsbestand der LWU (ab 4 WE pro Adresse),659
3403,11050016800254____,Flurstück mit Wohnungsbestand der LWU (ab 4 WE pro Adresse),322
3404,11050016800255____,Flurstück mit Wohnungsbestand der LWU (ab 4 WE pro Adresse),545
3405,11050016800256____,Flurstück mit Wohnungsbestand der LWU (ab 4 WE pro Adresse),220
3406,11050016800282____,Flurstück mit Wohnungsbestand der LWU (ab 4 WE pro Adresse),627
3407,11050016800283____,Flurstück mit Wohnungsbestand der LWU (ab 4 WE pro Adresse),628
3408,11050016800284____,Flurstück mit Wohnungsbestand der LWU (ab 4 WE pro Adresse),647
3409,11050016800295____,Flurstück mit Wohnungsbestand der LWU (ab 4 WE pro Adresse),741
3410,11050016800296____,Flurstück mit Wohnungsbestand der LWU (ab 4 WE pro Adresse),692
3411,11050016800307____,Flurstück mit Wohnungsbestand der LWU (ab 4 WE pro Adresse),11733
3412,11050016800308____,Flurstück mit Wohnungsbestand der LWU (ab 4 WE pro Adresse),880
3413,11050016800311____,Flurstück mit Wohnungsbestand der LWU (ab 4 WE pro Adresse),1886
3414,11050016800334____,Flurstück mit Wohnungsbestand der LWU (ab 4 WE pro Adresse),4332
3415,11050016800335____,Flurstück mit Wohnungsbestand der LWU (ab 4 WE pro Adresse),804
3416,11050016800340____,Flurstück mit Wohnungsbestand der LWU (ab 4 WE pro Adresse),859
3417,11050016800344____,Flurstück mit Wohnungsbestand der LWU (ab 4 WE pro Adresse),1156
3418,11050016800373____,Flurstück mit Wohnungsbestand der LWU (ab 4 WE pro Adresse),711
3419,11050016800375____,Flurstück mit Wohnungsbestand der LWU (ab 4 WE pro Adresse),304
3420,11050016800376____,Flurstück mit Wohnungsbestand der LWU (ab 4 WE pro Adresse),1085
3421,11050016800382____,Flurstück mit Wohnungsbestand der LWU (ab 4 WE pro Adresse),1313
3422,11050016800384____,Flurstück mit Wohnungsbestand der LWU (ab 4 WE pro Adresse),1204
3423,11050016800387____,Flurstück mit Wohnungsbestand der LWU (ab 4 WE pro Adresse),1011
3424,11050016800388____,Flurstück mit Wohnungsbestand der LWU (ab 4 WE pro Adresse),1294
3425,11050016800395____,Flurstück mit Wohnungsbestand der LWU (ab 4 WE pro Adresse),837
3426,11050016800396____,Flurstück mit Wohnungsbestand der LWU (ab 4 WE pro Adresse),523
3427,11050016800404____,Flurstück mit Wohnungsbestand der LWU (ab 4 WE pro Adresse),3032
3428,11050016800406____,Flurstück mit Wohnungsbestand der LWU (ab 4 WE pro Adresse),3875
3429,11050016800428____,Flurstück mit Wohnungsbestand der LWU (ab 4 WE pro Adresse),3415
3430,11050016800430____,Flurstück mit Wohnungsbestand der LWU (ab 4 WE pro Adresse),1311
3431,11050016800491____,Flurstück mit Wohnungsbestand der LWU (ab 4 WE pro Adresse),1181
3432,11050016800493____,Flurstück mit Wohnungsbestand der LWU (ab 4 WE pro Adresse),306
3433,11050019000125____,Flurstück mit Wohnungsbestand der LWU (ab 4 WE pro Adresse),9185
3434,11050019400436____,Flurstück mit Wohnungsbestand der LWU (ab 4 WE pro Adresse),1918
3435,11050019400438____,Flurstück mit Wohnungsbestand der LWU (ab 4 WE pro Adresse),1357
3436,11050019400441____,Flurstück mit Wohnungsbestand der LWU (ab 4 WE pro Adresse),4311
3437,11050100100130____,Flurstück mit Wohnungsbestand der LWU (ab 4 WE pro Adresse),1770
3438,11050100100135____,Flurstück mit Wohnungsbestand der LWU (ab 4 WE pro Adresse),12450
3439,11050100100138____,Flurstück mit Wohnungsbestand der LWU (ab 4 WE pro Adresse),9027
3440,11050100100166____,Flurstück mit Wohnungsbestand der LWU (ab 4 WE pro Adresse),3914
3441,11050100100167____,Flurstück mit Wohnungsbestand der LWU (ab 4 WE pro Adresse),2253
3442,11050100100254____,Flurstück mit Wohnungsbestand der LWU (ab 4 WE pro Adresse),1862
3443,11050100100261____,Flurstück mit Wohnungsbestand der LWU (ab 4 WE pro Adresse),1999
3444,110504002000510007,Flurstück mit Wohnungsbestand der LWU (ab 4 WE pro Adresse),891
3445,110504002001390001,Flurstück mit Wohnungsbestand der LWU (ab 4 WE pro Adresse),13527
3446,110504002001450004,Flurstück mit Wohnungsbestand der LWU (ab 4 WE pro Adresse),1267
3447,110504002043940214,Flurstück mit Wohnungsbestand der LWU (ab 4 WE pro Adresse),4775
3448,11050400207321____,Flurstück mit Wohnungsbestand der LWU (ab 4 WE pro Adresse),15044
3449,11050400207591____,Flurstück mit Wohnungsbestand der LWU (ab 4 WE pro Adresse),14565
3450,11050400207593____,Flurstück mit Wohnungsbestand der LWU (ab 4 WE pro Adresse),28346
3451,11050400207700____,Flurstück mit Wohnungsbestand der LWU (ab 4 WE pro Adresse),17361
3452,11050400303181____,Flurstück mit Wohnungsbestand der LWU (ab 4 WE pro Adresse),2790
3453,11050400306571____,Flurstück mit Wohnungsbestand der LWU (ab 4 WE pro Adresse),2848
3454,11050400306572____,Flurstück mit Wohnungsbestand der LWU (ab 4 WE pro Adresse),5246
3455,11050400306575____,Flurstück mit Wohnungsbestand der LWU (ab 4 WE pro Adresse),8082
3456,11050400306577____,Flurstück mit Wohnungsbestand der LWU (ab 4 WE pro Adresse),8869
3457,11050400306578____,Flurstück mit Wohnungsbestand der LWU (ab 4 WE pro Adresse),8441
3458,110504004000400002,Flurstück mit Wohnungsbestand der LWU (ab 4 WE pro Adresse),1045
3459,110504004025450040,Flurstück mit Wohnungsbestand der LWU (ab 4 WE pro Adresse),1778
3460,11050400402875____,Flurstück mit Wohnungsbestand der LWU (ab 4 WE pro Adresse),2966
3461,11050400402876____,Flurstück mit Wohnungsbestand der LWU (ab 4 WE pro Adresse),3174
3462,11050400402877____,Flurstück mit Wohnungsbestand der LWU (ab 4 WE pro Adresse),4052
3463,11050400402938____,Flurstück mit Wohnungsbestand der LWU (ab 4 WE pro Adresse),10810
3464,11050400402961____,Flurstück mit Wohnungsbestand der LWU (ab 4 WE pro Adresse),3838
3465,11050400402973____,Flurstück mit Wohnungsbestand der LWU (ab 4 WE pro Adresse),2594
3466,11050400402974____,Flurstück mit Wohnungsbestand der LWU (ab 4 WE pro Adresse),2160
3467,11050400402982____,Flurstück mit Wohnungsbestand der LWU (ab 4 WE pro Adresse),2085
3468,11050400402985____,Flurstück mit Wohnungsbestand der LWU (ab 4 WE pro Adresse),21447
3469,11050400402987____,Flurstück mit Wohnungsbestand der LWU (ab 4 WE pro Adresse),5405
3470,11050400402990____,Flurstück mit Wohnungsbestand der LWU (ab 4 WE pro Adresse),8429
3471,11050400402993____,Flurstück mit Wohnungsbestand der LWU (ab 4 WE pro Adresse),7416
3472,11050400402994____,Flurstück mit Wohnungsbestand der LWU (ab 4 WE pro Adresse),15380
3473,11050400402996____,Flurstück mit Wohnungsbestand der LWU (ab 4 WE pro Adresse),3389
3474,11050400403079____,Flurstück mit Wohnungsbestand der LWU (ab 4 WE pro Adresse),5517
3475,11050400403080____,Flurstück mit Wohnungsbestand der LWU (ab 4 WE pro Adresse),5339
3476,11050400403084____,Flurstück mit Wohnungsbestand der LWU (ab 4 WE pro Adresse),2117
3477,11050400403085____,Flurstück mit Wohnungsbestand der LWU (ab 4 WE pro Adresse),2312
3478,11050400403089____,Flurstück mit Wohnungsbestand der LWU (ab 4 WE pro Adresse),1111
3479,11050400403091____,Flurstück mit Wohnungsbestand der LWU (ab 4 WE pro Adresse),3351
3480,11050400403092____,Flurstück mit Wohnungsbestand der LWU (ab 4 WE pro Adresse),4426
3481,11050400403111____,Flurstück mit Wohnungsbestand der LWU (ab 4 WE pro Adresse),433
3482,11050400403117____,Flurstück mit Wohnungsbestand der LWU (ab 4 WE pro Adresse),2472
3483,11050400403122____,Flurstück mit Wohnungsbestand der LWU (ab 4 WE pro Adresse),3270
3484,11050400403129____,Flurstück mit Wohnungsbestand der LWU (ab 4 WE pro Adresse),7931
3485,11050400403140____,Flurstück mit Wohnungsbestand der LWU (ab 4 WE pro Adresse),2867
3486,11050400403141____,Flurstück mit Wohnungsbestand der LWU (ab 4 WE pro Adresse),847
3487,11050400403142____,Flurstück mit Wohnungsbestand der LWU (ab 4 WE pro Adresse),817
3488,11050400403151____,Flurstück mit Wohnungsbestand der LWU (ab 4 WE pro Adresse),2808
3489,11050400403153____,Flurstück mit Wohnungsbestand der LWU (ab 4 WE pro Adresse),1450
3490,11050400403155____,Flurstück mit Wohnungsbestand der LWU (ab 4 WE pro Adresse),11013
3491,11050400403160____,Flurstück mit Wohnungsbestand der LWU (ab 4 WE pro Adresse),13972
3492,11050400403168____,Flurstück mit Wohnungsbestand der LWU (ab 4 WE pro Adresse),8286
3493,11050400403171____,Flurstück mit Wohnungsbestand der LWU (ab 4 WE pro Adresse),8554
3494,11050400403174____,Flurstück mit Wohnungsbestand der LWU (ab 4 WE pro Adresse),2174
3495,11050400403177____,Flurstück mit Wohnungsbestand der LWU (ab 4 WE pro Adresse),2979
3496,11050400403178____,Flurstück mit Wohnungsbestand der LWU (ab 4 WE pro Adresse),4773
3497,11050400403179____,Flurstück mit Wohnungsbestand der LWU (ab 4 WE pro Adresse),9197
3498,11050400403183____,Flurstück mit Wohnungsbestand der LWU (ab 4 WE pro Adresse),9119
3499,11050400403185____,Flurstück mit Wohnungsbestand der LWU (ab 4 WE pro Adresse),4128
3500,11050400403220____,Flurstück mit Wohnungsbestand der LWU (ab 4 WE pro Adresse),2246
3501,11050400403228____,Flurstück mit Wohnungsbestand der LWU (ab 4 WE pro Adresse),4425
3502,11050400403229____,Flurstück mit Wohnungsbestand der LWU (ab 4 WE pro Adresse),2043
3503,11050400403230____,Flurstück mit Wohnungsbestand der LWU (ab 4 WE pro Adresse),1097
3504,11050400403296____,Flurstück mit Wohnungsbestand der LWU (ab 4 WE pro Adresse),2908
3505,11050400403298____,Flurstück mit Wohnungsbestand der LWU (ab 4 WE pro Adresse),15540
3506,11050400403301____,Flurstück mit Wohnungsbestand der LWU (ab 4 WE pro Adresse),13741
3507,11050400403319____,Flurstück mit Wohnungsbestand der LWU (ab 4 WE pro Adresse),20173
3508,11050400403320____,Flurstück mit Wohnungsbestand der LWU (ab 4 WE pro Adresse),12525
3509,11050400403321____,Flurstück mit Wohnungsbestand der LWU (ab 4 WE pro Adresse),1729
3510,11050400403610____,Flurstück mit Wohnungsbestand der LWU (ab 4 WE pro Adresse),12262
3511,11050400403612____,Flurstück mit Wohnungsbestand der LWU (ab 4 WE pro Adresse),8347
3512,11050400403614____,Flurstück mit Wohnungsbestand der LWU (ab 4 WE pro Adresse),4997
3513,11050400403717____,Flurstück mit Wohnungsbestand der LWU (ab 4 WE pro Adresse),5358
3514,11050400403894____,Flurstück mit Wohnungsbestand der LWU (ab 4 WE pro Adresse),15407
3515,11050400403896____,Flurstück mit Wohnungsbestand der LWU (ab 4 WE pro Adresse),13270
3516,11050400403939____,Flurstück mit Wohnungsbestand der LWU (ab 4 WE pro Adresse),6204
3517,11050401400035____,Flurstück mit Wohnungsbestand der LWU (ab 4 WE pro Adresse),624
3518,11050401400040____,Flurstück mit Wohnungsbestand der LWU (ab 4 WE pro Adresse),1334
3519,11050401400146____,Flurstück mit Wohnungsbestand der LWU (ab 4 WE pro Adresse),2462
3520,11050401400155____,Flurstück mit Wohnungsbestand der LWU (ab 4 WE pro Adresse),7634
3521,11050600900032____,Flurstück mit Wohnungsbestand der LWU (ab 4 WE pro Adresse),3891
3522,11050601200006____,Flurstück mit Wohnungsbestand der LWU (ab 4 WE pro Adresse),4234
3523,11050601200008____,Flurstück mit Wohnungsbestand der LWU (ab 4 WE pro Adresse),8692
3524,11050601200009____,Flurstück mit Wohnungsbestand der LWU (ab 4 WE pro Adresse),7751
3525,11050601200011____,Flurstück mit Wohnungsbestand der LWU (ab 4 WE pro Adresse),10945
3526,11050601300002____,Flurstück mit Wohnungsbestand der LWU (ab 4 WE pro Adresse),11305
3527,11050601300016____,Flurstück mit Wohnungsbestand der LWU (ab 4 WE pro Adresse),4829
3528,11050601400015____,Flurstück mit Wohnungsbestand der LWU (ab 4 WE pro Adresse),1121
3529,110506021000400013,Flurstück mit Wohnungsbestand der LWU (ab 4 WE pro Adresse),3469
3530,110507001000230019,Flurstück mit Wohnungsbestand der LWU (ab 4 WE pro Adresse),1321
3531,110507001022080023,Flurstück mit Wohnungsbestand der LWU (ab 4 WE pro Adresse),1050
3532,110507002000010009,Flurstück mit Wohnungsbestand der LWU (ab 4 WE pro Adresse),12850
3533,110507002000010010,Flurstück mit Wohnungsbestand der LWU (ab 4 WE pro Adresse),6452
3534,110507002000030002,Flurstück mit Wohnungsbestand der LWU (ab 4 WE pro Adresse),706
3535,110507002008800090,Flurstück mit Wohnungsbestand der LWU (ab 4 WE pro Adresse),1109
3536,110507002013060090,Flurstück mit Wohnungsbestand der LWU (ab 4 WE pro Adresse),579
3537,11050700205563____,Flurstück mit Wohnungsbestand der LWU (ab 4 WE pro Adresse),3729
3538,11050700205832____,Flurstück mit Wohnungsbestand der LWU (ab 4 WE pro Adresse),3690
3539,11050700205854____,Flurstück mit Wohnungsbestand der LWU (ab 4 WE pro Adresse),18811
3540,11050700205992____,Flurstück mit Wohnungsbestand der LWU (ab 4 WE pro Adresse),6828
3541,11050700206154____,Flurstück mit Wohnungsbestand der LWU (ab 4 WE pro Adresse),15861
3542,11050700206291____,Flurstück mit Wohnungsbestand der LWU (ab 4 WE pro Adresse),1496
3543,11050700207622____,Flurstück mit Wohnungsbestand der LWU (ab 4 WE pro Adresse),4494
3544,11050700207663____,Flurstück mit Wohnungsbestand der LWU (ab 4 WE pro Adresse),2796
3545,11050700207761____,Flurstück mit Wohnungsbestand der LWU (ab 4 WE pro Adresse),1326
3546,11050700207782____,Flurstück mit Wohnungsbestand der LWU (ab 4 WE pro Adresse),8128
3547,11050700207870____,Flurstück mit Wohnungsbestand der LWU (ab 4 WE pro Adresse),1327
3548,11050700207871____,Flurstück mit Wohnungsbestand der LWU (ab 4 WE pro Adresse),3070
3549,11050700208157____,Flurstück mit Wohnungsbestand der LWU (ab 4 WE pro Adresse),13222
3550,11050700208158____,Flurstück mit Wohnungsbestand der LWU (ab 4 WE pro Adresse),25652
3551,11050700208159____,Flurstück mit Wohnungsbestand der LWU (ab 4 WE pro Adresse),13538
3552,11050700208184____,Flurstück mit Wohnungsbestand der LWU (ab 4 WE pro Adresse),8546
3553,11050700208185____,Flurstück mit Wohnungsbestand der LWU (ab 4 WE pro Adresse),31196
3554,110507004001730003,Flurstück mit Wohnungsbestand der LWU (ab 4 WE pro Adresse),258
3555,110507004010030139,Flurstück mit Wohnungsbestand der LWU (ab 4 WE pro Adresse),1016
3556,110507004013170099,Flurstück mit Wohnungsbestand der LWU (ab 4 WE pro Adresse),951
3557,110507004013180099,Flurstück mit Wohnungsbestand der LWU (ab 4 WE pro Adresse),1102
3558,110507004013220099,Flurstück mit Wohnungsbestand der LWU (ab 4 WE pro Adresse),977
3559,110507004015780139,Flurstück mit Wohnungsbestand der LWU (ab 4 WE pro Adresse),1063
3560,110507004016940139,Flurstück mit Wohnungsbestand der LWU (ab 4 WE pro Adresse),815
3561,110507004029370173,Flurstück mit Wohnungsbestand der LWU (ab 4 WE pro Adresse),1181
3562,110507004034890011,Flurstück mit Wohnungsbestand der LWU (ab 4 WE pro Adresse),1167
3563,110507004036300001,Flurstück mit Wohnungsbestand der LWU (ab 4 WE pro Adresse),6502
3564,11050700404065____,Flurstück mit Wohnungsbestand der LWU (ab 4 WE pro Adresse),8960
3565,11050700404068____,Flurstück mit Wohnungsbestand der LWU (ab 4 WE pro Adresse),11833
3566,11050700404133____,Flurstück mit Wohnungsbestand der LWU (ab 4 WE pro Adresse),1424
3567,11050700404140____,Flurstück mit Wohnungsbestand der LWU (ab 4 WE pro Adresse),3199
3568,11050700404175____,Flurstück mit Wohnungsbestand der LWU (ab 4 WE pro Adresse),2591
3569,11050700404184____,Flurstück mit Wohnungsbestand der LWU (ab 4 WE pro Adresse),4272
3570,11050700404186____,Flurstück mit Wohnungsbestand der LWU (ab 4 WE pro Adresse),229
3571,11050900102845____,Flurstück mit Wohnungsbestand der LWU (ab 4 WE pro Adresse),3119
3572,11050900102870____,Flurstück mit Wohnungsbestand der LWU (ab 4 WE pro Adresse),4493
3573,11050900102872____,Flurstück mit Wohnungsbestand der LWU (ab 4 WE pro Adresse),2545
3574,11050900102874____,Flurstück mit Wohnungsbestand der LWU (ab 4 WE pro Adresse),15099
3575,11050900102876____,Flurstück mit Wohnungsbestand der LWU (ab 4 WE pro Adresse),1531
3576,11050900102878____,Flurstück mit Wohnungsbestand der LWU (ab 4 WE pro Adresse),4768
3577,11051500908322____,Flurstück mit Wohnungsbestand der LWU (ab 4 WE pro Adresse),6087
3578,11051500908332____,Flurstück mit Wohnungsbestand der LWU (ab 4 WE pro Adresse),7486
3579,11051500908333____,Flurstück mit Wohnungsbestand der LWU (ab 4 WE pro Adresse),4118
3580,11051500908334____,Flurstück mit Wohnungsbestand der LWU (ab 4 WE pro Adresse),75813
3581,11051500908345____,Flurstück mit Wohnungsbestand der LWU (ab 4 WE pro Adresse),14852
3582,11051500908383____,Flurstück mit Wohnungsbestand der LWU (ab 4 WE pro Adresse),82
3583,11051500908618____,Flurstück mit Wohnungsbestand der LWU (ab 4 WE pro Adresse),7110
3584,11051511000106____,Flurstück mit Wohnungsbestand der LWU (ab 4 WE pro Adresse),14861
3585,11051511000116____,Flurstück mit Wohnungsbestand der LWU (ab 4 WE pro Adresse),10669
3586,11051511800645____,Flurstück mit Wohnungsbestand der LWU (ab 4 WE pro Adresse),9754
3587,11051512800843____,Flurstück mit Wohnungsbestand der LWU (ab 4 WE pro Adresse),1716
3588,11051512800844____,Flurstück mit Wohnungsbestand der LWU (ab 4 WE pro Adresse),5328
3589,11051512800845____,Flurstück mit Wohnungsbestand der LWU (ab 4 WE pro Adresse),852
3590,11051512801097____,Flurstück mit Wohnungsbestand der LWU (ab 4 WE pro Adresse),22909
3591,11051512801098____,Flurstück mit Wohnungsbestand der LWU (ab 4 WE pro Adresse),9645
3592,11051514600136____,Flurstück mit Wohnungsbestand der LWU (ab 4 WE pro Adresse),745
3593,11051515100001____,Flurstück mit Wohnungsbestand der LWU (ab 4 WE pro Adresse),1665
3594,11051515100003____,Flurstück mit Wohnungsbestand der LWU (ab 4 WE pro Adresse),2066
3595,11051515100093____,Flurstück mit Wohnungsbestand der LWU (ab 4 WE pro Adresse),536
3596,11051515100094____,Flurstück mit Wohnungsbestand der LWU (ab 4 WE pro Adresse),539
3597,11051515100098____,Flurstück mit Wohnungsbestand der LWU (ab 4 WE pro Adresse),519
3598,11051515100099____,Flurstück mit Wohnungsbestand der LWU (ab 4 WE pro Adresse),618
3599,11051515100101____,Flurstück mit Wohnungsbestand der LWU (ab 4 WE pro Adresse),1596
3600,11051515100146____,Flurstück mit Wohnungsbestand der LWU (ab 4 WE pro Adresse),539
3601,11051515100148____,Flurstück mit Wohnungsbestand der LWU (ab 4 WE pro Adresse),537
3602,11051515100150____,Flurstück mit Wohnungsbestand der LWU (ab 4 WE pro Adresse),538
3603,11051515100151____,Flurstück mit Wohnungsbestand der LWU (ab 4 WE pro Adresse),593
3604,11051515100160____,Flurstück mit Wohnungsbestand der LWU (ab 4 WE pro Adresse),4620
3605,11051515100169____,Flurstück mit Wohnungsbestand der LWU (ab 4 WE pro Adresse),1670
3606,11051515100192____,Flurstück mit Wohnungsbestand der LWU (ab 4 WE pro Adresse),1179
3607,11051515100211____,Flurstück mit Wohnungsbestand der LWU (ab 4 WE pro Adresse),740
3608,11051515100242____,Flurstück mit Wohnungsbestand der LWU (ab 4 WE pro Adresse),634
3609,11051515100246____,Flurstück mit Wohnungsbestand der LWU (ab 4 WE pro Adresse),818
3610,11051515100279____,Flurstück mit Wohnungsbestand der LWU (ab 4 WE pro Adresse),459
3611,11051515100345____,Flurstück mit Wohnungsbestand der LWU (ab 4 WE pro Adresse),687
3612,11051515100374____,Flurstück mit Wohnungsbestand der LWU (ab 4 WE pro Adresse),3820
3613,11051515100410____,Flurstück mit Wohnungsbestand der LWU (ab 4 WE pro Adresse),889
3614,11051515100416____,Flurstück mit Wohnungsbestand der LWU (ab 4 WE pro Adresse),1836
3615,11051515100455____,Flurstück mit Wohnungsbestand der LWU (ab 4 WE pro Adresse),7599
3616,11051516100013____,Flurstück mit Wohnungsbestand der LWU (ab 4 WE pro Adresse),1553
3617,11051516100021____,Flurstück mit Wohnungsbestand der LWU (ab 4 WE pro Adresse),703
3618,11051516100022____,Flurstück mit Wohnungsbestand der LWU (ab 4 WE pro Adresse),726
3619,11051516100045____,Flurstück mit Wohnungsbestand der LWU (ab 4 WE pro Adresse),657
3620,11051516100110____,Flurstück mit Wohnungsbestand der LWU (ab 4 WE pro Adresse),1488
3621,11051516100162____,Flurstück mit Wohnungsbestand der LWU (ab 4 WE pro Adresse),979
3622,11051516100207____,Flurstück mit Wohnungsbestand der LWU (ab 4 WE pro Adresse),784
3623,11051516100259____,Flurstück mit Wohnungsbestand der LWU (ab 4 WE pro Adresse),637
3624,11051516100299____,Flurstück mit Wohnungsbestand der LWU (ab 4 WE pro Adresse),776
3625,11051516100300____,Flurstück mit Wohnungsbestand der LWU (ab 4 WE pro Adresse),529
3626,11051516100301____,Flurstück mit Wohnungsbestand der LWU (ab 4 WE pro Adresse),582
3627,11051516100351____,Flurstück mit Wohnungsbestand der LWU (ab 4 WE pro Adresse),1099
3628,11051516100383____,Flurstück mit Wohnungsbestand der LWU (ab 4 WE pro Adresse),1337
3629,11051516100440____,Flurstück mit Wohnungsbestand der LWU (ab 4 WE pro Adresse),4657
3630,11051516100507____,Flurstück mit Wohnungsbestand der LWU (ab 4 WE pro Adresse),3467
3631,11051516100539____,Flurstück mit Wohnungsbestand der LWU (ab 4 WE pro Adresse),461
3632,11051516100540____,Flurstück mit Wohnungsbestand der LWU (ab 4 WE pro Adresse),1082
3633,11051516100542____,Flurstück mit Wohnungsbestand der LWU (ab 4 WE pro Adresse),768
3634,11051516100618____,Flurstück mit Wohnungsbestand der LWU (ab 4 WE pro Adresse),2535
3635,11051516100626____,Flurstück mit Wohnungsbestand der LWU (ab 4 WE pro Adresse),2708
3636,11051516100627____,Flurstück mit Wohnungsbestand der LWU (ab 4 WE pro Adresse),897
3637,11051516100647____,Flurstück mit Wohnungsbestand der LWU (ab 4 WE pro Adresse),4263
3638,11051516200013____,Flurstück mit Wohnungsbestand der LWU (ab 4 WE pro Adresse),2374
3639,11051517100239____,Flurstück mit Wohnungsbestand der LWU (ab 4 WE pro Adresse),3177
3640,11051517100341____,Flurstück mit Wohnungsbestand der LWU (ab 4 WE pro Adresse),973
3641,11051517100342____,Flurstück mit Wohnungsbestand der LWU (ab 4 WE pro Adresse),590
3642,11051517100394____,Flurstück mit Wohnungsbestand der LWU (ab 4 WE pro Adresse),563
3643,11051517100423____,Flurstück mit Wohnungsbestand der LWU (ab 4 WE pro Adresse),1028
3644,11051520300212____,Flurstück mit Wohnungsbestand der LWU (ab 4 WE pro Adresse),1346
3645,11051540500037____,Flurstück mit Wohnungsbestand der LWU (ab 4 WE pro Adresse),525
3646,11051540500271____,Flurstück mit Wohnungsbestand der LWU (ab 4 WE pro Adresse),1618
3647,11051541500137____,Flurstück mit Wohnungsbestand der LWU (ab 4 WE pro Adresse),737
3648,11051543400692____,Flurstück mit Wohnungsbestand der LWU (ab 4 WE pro Adresse),5305
3649,11051543400693____,Flurstück mit Wohnungsbestand der LWU (ab 4 WE pro Adresse),13133
3650,11051543400702____,Flurstück mit Wohnungsbestand der LWU (ab 4 WE pro Adresse),1800
3651,11051544200068____,Flurstück mit Wohnungsbestand der LWU (ab 4 WE pro Adresse),12399
3652,11051544300255____,Flurstück mit Wohnungsbestand der LWU (ab 4 WE pro Adresse),12204
3653,11051544300259____,Flurstück mit Wohnungsbestand der LWU (ab 4 WE pro Adresse),7733
3654,11051544300275____,Flurstück mit Wohnungsbestand der LWU (ab 4 WE pro Adresse),18519
3655,11051544300279____,Flurstück mit Wohnungsbestand der LWU (ab 4 WE pro Adresse),21996
3656,11051544400030____,Flurstück mit Wohnungsbestand der LWU (ab 4 WE pro Adresse),251
3657,11051544400033____,Flurstück mit Wohnungsbestand der LWU (ab 4 WE pro Adresse),1387
3658,11051544400039____,Flurstück mit Wohnungsbestand der LWU (ab 4 WE pro Adresse),1759
3659,11051544400041____,Flurstück mit Wohnungsbestand der LWU (ab 4 WE pro Adresse),549
3660,11051544400077____,Flurstück mit Wohnungsbestand der LWU (ab 4 WE pro Adresse),731
3661,11051544400116____,Flurstück mit Wohnungsbestand der LWU (ab 4 WE pro Adresse),700
3662,11051544400117____,Flurstück mit Wohnungsbestand der LWU (ab 4 WE pro Adresse),537
3663,11051544400124____,Flurstück mit Wohnungsbestand der LWU (ab 4 WE pro Adresse),1305
3664,11051544400161____,Flurstück mit Wohnungsbestand der LWU (ab 4 WE pro Adresse),565
3665,11051544400162____,Flurstück mit Wohnungsbestand der LWU (ab 4 WE pro Adresse),628
3666,11051544400170____,Flurstück mit Wohnungsbestand der LWU (ab 4 WE pro Adresse),655
3667,11051544400173____,Flurstück mit Wohnungsbestand der LWU (ab 4 WE pro Adresse),1005
3668,11051544400174____,Flurstück mit Wohnungsbestand der LWU (ab 4 WE pro Adresse),673
3669,11051544400180____,Flurstück mit Wohnungsbestand der LWU (ab 4 WE pro Adresse),448
3670,11051544400193____,Flurstück mit Wohnungsbestand der LWU (ab 4 WE pro Adresse),490
3671,11051544400194____,Flurstück mit Wohnungsbestand der LWU (ab 4 WE pro Adresse),550
3672,11051544400195____,Flurstück mit Wohnungsbestand der LWU (ab 4 WE pro Adresse),570
3673,11051544400202____,Flurstück mit Wohnungsbestand der LWU (ab 4 WE pro Adresse),558
3674,11051544400203____,Flurstück mit Wohnungsbestand der LWU (ab 4 WE pro Adresse),556
3675,11051544400205____,Flurstück mit Wohnungsbestand der LWU (ab 4 WE pro Adresse),519
3676,11051544400206____,Flurstück mit Wohnungsbestand der LWU (ab 4 WE pro Adresse),487
3677,11051544400212____,Flurstück mit Wohnungsbestand der LWU (ab 4 WE pro Adresse),654
3678,11051544400227____,Flurstück mit Wohnungsbestand der LWU (ab 4 WE pro Adresse),2763
3679,11051544400238____,Flurstück mit Wohnungsbestand der LWU (ab 4 WE pro Adresse),745
3680,11051544400263____,Flurstück mit Wohnungsbestand der LWU (ab 4 WE pro Adresse),639
3681,11051544400266____,Flurstück mit Wohnungsbestand der LWU (ab 4 WE pro Adresse),1717
3682,11051544400267____,Flurstück mit Wohnungsbestand der LWU (ab 4 WE pro Adresse),1202
3683,11051544400268____,Flurstück mit Wohnungsbestand der LWU (ab 4 WE pro Adresse),893
3684,11051544400269____,Flurstück mit Wohnungsbestand der LWU (ab 4 WE pro Adresse),1678
3685,11051544400271____,Flurstück mit Wohnungsbestand der LWU (ab 4 WE pro Adresse),928
3686,11051544400275____,Flurstück mit Wohnungsbestand der LWU (ab 4 WE pro Adresse),951
3687,11051544400328____,Flurstück mit Wohnungsbestand der LWU (ab 4 WE pro Adresse),917
3688,11051544400358____,Flurstück mit Wohnungsbestand der LWU (ab 4 WE pro Adresse),755
3689,11051544400360____,Flurstück mit Wohnungsbestand der LWU (ab 4 WE pro Adresse),172
3690,11051544400369____,Flurstück mit Wohnungsbestand der LWU (ab 4 WE pro Adresse),379
3691,11051544400371____,Flurstück mit Wohnungsbestand der LWU (ab 4 WE pro Adresse),344
3692,11051544400372____,Flurstück mit Wohnungsbestand der LWU (ab 4 WE pro Adresse),350
3693,11051544400377____,Flurstück mit Wohnungsbestand der LWU (ab 4 WE pro Adresse),396
3694,11051544400433____,Flurstück mit Wohnungsbestand der LWU (ab 4 WE pro Adresse),2205
3695,11051544400436____,Flurstück mit Wohnungsbestand der LWU (ab 4 WE pro Adresse),12381
3696,11051544400442____,Flurstück mit Wohnungsbestand der LWU (ab 4 WE pro Adresse),383
3697,11051544400454____,Flurstück mit Wohnungsbestand der LWU (ab 4 WE pro Adresse),1420
3698,11051544400455____,Flurstück mit Wohnungsbestand der LWU (ab 4 WE pro Adresse),585
3699,11051544400462____,Flurstück mit Wohnungsbestand der LWU (ab 4 WE pro Adresse),2858
3700,11051544400463____,Flurstück mit Wohnungsbestand der LWU (ab 4 WE pro Adresse),4854
3701,11051544400495____,Flurstück mit Wohnungsbestand der LWU (ab 4 WE pro Adresse),5951
3702,11051544400515____,Flurstück mit Wohnungsbestand der LWU (ab 4 WE pro Adresse),655
3703,11051544400517____,Flurstück mit Wohnungsbestand der LWU (ab 4 WE pro Adresse),800
3704,11051544400521____,Flurstück mit Wohnungsbestand der LWU (ab 4 WE pro Adresse),1305
3705,11051544400523____,Flurstück mit Wohnungsbestand der LWU (ab 4 WE pro Adresse),581
3706,11051544400528____,Flurstück mit Wohnungsbestand der LWU (ab 4 WE pro Adresse),2102
3707,11051544400530____,Flurstück mit Wohnungsbestand der LWU (ab 4 WE pro Adresse),416
3708,11051544400535____,Flurstück mit Wohnungsbestand der LWU (ab 4 WE pro Adresse),591
3709,11051544400537____,Flurstück mit Wohnungsbestand der LWU (ab 4 WE pro Adresse),336
3710,11051544400540____,Flurstück mit Wohnungsbestand der LWU (ab 4 WE pro Adresse),483
3711,11051544400542____,Flurstück mit Wohnungsbestand der LWU (ab 4 WE pro Adresse),919
3712,11051544400543____,Flurstück mit Wohnungsbestand der LWU (ab 4 WE pro Adresse),994
3713,11051544400550____,Flurstück mit Wohnungsbestand der LWU (ab 4 WE pro Adresse),1955
3714,11051544400559____,Flurstück mit Wohnungsbestand der LWU (ab 4 WE pro Adresse),812
3715,11051544400569____,Flurstück mit Wohnungsbestand der LWU (ab 4 WE pro Adresse),1543
3716,11051544400572____,Flurstück mit Wohnungsbestand der LWU (ab 4 WE pro Adresse),547
3717,11051544400591____,Flurstück mit Wohnungsbestand der LWU (ab 4 WE pro Adresse),1946
3718,11051544400607____,Flurstück mit Wohnungsbestand der LWU (ab 4 WE pro Adresse),1147
3719,11051544400609____,Flurstück mit Wohnungsbestand der LWU (ab 4 WE pro Adresse),4695
3720,11051544400630____,Flurstück mit Wohnungsbestand der LWU (ab 4 WE pro Adresse),442
3721,11051544400631____,Flurstück mit Wohnungsbestand der LWU (ab 4 WE pro Adresse),448
3722,11051544400637____,Flurstück mit Wohnungsbestand der LWU (ab 4 WE pro Adresse),2171
3723,11051544400638____,Flurstück mit Wohnungsbestand der LWU (ab 4 WE pro Adresse),12119
3724,11051544400643____,Flurstück mit Wohnungsbestand der LWU (ab 4 WE pro Adresse),770
3725,11051544400646____,Flurstück mit Wohnungsbestand der LWU (ab 4 WE pro Adresse),2681
3726,11051544400659____,Flurstück mit Wohnungsbestand der LWU (ab 4 WE pro Adresse),1530
3727,11051544500022____,Flurstück mit Wohnungsbestand der LWU (ab 4 WE pro Adresse),433
3728,11051544500025____,Flurstück mit Wohnungsbestand der LWU (ab 4 WE pro Adresse),895
3729,11051544500029____,Flurstück mit Wohnungsbestand der LWU (ab 4 WE pro Adresse),874
3730,11051544500035____,Flurstück mit Wohnungsbestand der LWU (ab 4 WE pro Adresse),601
3731,11051544500040____,Flurstück mit Wohnungsbestand der LWU (ab 4 WE pro Adresse),414
3732,11051544500044____,Flurstück mit Wohnungsbestand der LWU (ab 4 WE pro Adresse),848
3733,11051544500231____,Flurstück mit Wohnungsbestand der LWU (ab 4 WE pro Adresse),693
3734,11051544500232____,Flurstück mit Wohnungsbestand der LWU (ab 4 WE pro Adresse),552
3735,11051544500267____,Flurstück mit Wohnungsbestand der LWU (ab 4 WE pro Adresse),763
3736,11051544500268____,Flurstück mit Wohnungsbestand der LWU (ab 4 WE pro Adresse),864
3737,11051544500365____,Flurstück mit Wohnungsbestand der LWU (ab 4 WE pro Adresse),170
3738,11051544500368____,Flurstück mit Wohnungsbestand der LWU (ab 4 WE pro Adresse),1258
3739,11051544500414____,Flurstück mit Wohnungsbestand der LWU (ab 4 WE pro Adresse),256
3740,11051544500415____,Flurstück mit Wohnungsbestand der LWU (ab 4 WE pro Adresse),284
3741,11051544500518____,Flurstück mit Wohnungsbestand der LWU (ab 4 WE pro Adresse),1148
3742,11051544500519____,Flurstück mit Wohnungsbestand der LWU (ab 4 WE pro Adresse),510
3743,11051544500520____,Flurstück mit Wohnungsbestand der LWU (ab 4 WE pro Adresse),758
3744,11051544500522____,Flurstück mit Wohnungsbestand der LWU (ab 4 WE pro Adresse),313
3745,11051544500524____,Flurstück mit Wohnungsbestand der LWU (ab 4 WE pro Adresse),427
3746,11051544500543____,Flurstück mit Wohnungsbestand der LWU (ab 4 WE pro Adresse),707
3747,11051544500599____,Flurstück mit Wohnungsbestand der LWU (ab 4 WE pro Adresse),3856
3748,11051544500623____,Flurstück mit Wohnungsbestand der LWU (ab 4 WE pro Adresse),435
3749,11051544500625____,Flurstück mit Wohnungsbestand der LWU (ab 4 WE pro Adresse),558
3750,11051544500627____,Flurstück mit Wohnungsbestand der LWU (ab 4 WE pro Adresse),712
3751,11051544604061____,Flurstück mit Wohnungsbestand der LWU (ab 4 WE pro Adresse),3158
3752,11051544604071____,Flurstück mit Wohnungsbestand der LWU (ab 4 WE pro Adresse),3985
3753,11051544604081____,Flurstück mit Wohnungsbestand der LWU (ab 4 WE pro Adresse),5857
3754,11051545100086____,Flurstück mit Wohnungsbestand der LWU (ab 4 WE pro Adresse),916
3755,11051545100214____,Flurstück mit Wohnungsbestand der LWU (ab 4 WE pro Adresse),1501
3756,11051545300303____,Flurstück mit Wohnungsbestand der LWU (ab 4 WE pro Adresse),5442
3757,11051545300311____,Flurstück mit Wohnungsbestand der LWU (ab 4 WE pro Adresse),18688
3758,11051545400250____,Flurstück mit Wohnungsbestand der LWU (ab 4 WE pro Adresse),4164
3759,11051545400263____,Flurstück mit Wohnungsbestand der LWU (ab 4 WE pro Adresse),478
3760,11051545400266____,Flurstück mit Wohnungsbestand der LWU (ab 4 WE pro Adresse),1268
3761,11051545400272____,Flurstück mit Wohnungsbestand der LWU (ab 4 WE pro Adresse),521
3762,11051545500015____,Flurstück mit Wohnungsbestand der LWU (ab 4 WE pro Adresse),1263
3763,11051545500016____,Flurstück mit Wohnungsbestand der LWU (ab 4 WE pro Adresse),4487
3764,11051545500017____,Flurstück mit Wohnungsbestand der LWU (ab 4 WE pro Adresse),618
3765,11051545500019____,Flurstück mit Wohnungsbestand der LWU (ab 4 WE pro Adresse),1340
3766,11051545500020____,Flurstück mit Wohnungsbestand der LWU (ab 4 WE pro Adresse),1351
3767,11051545500021____,Flurstück mit Wohnungsbestand der LWU (ab 4 WE pro Adresse),1010
3768,11051545500022____,Flurstück mit Wohnungsbestand der LWU (ab 4 WE pro Adresse),1052
3769,11051545500040____,Flurstück mit Wohnungsbestand der LWU (ab 4 WE pro Adresse),1831
3770,11051545500041____,Flurstück mit Wohnungsbestand der LWU (ab 4 WE pro Adresse),583
3771,11051545500049____,Flurstück mit Wohnungsbestand der LWU (ab 4 WE pro Adresse),655
3772,11051545500073____,Flurstück mit Wohnungsbestand der LWU (ab 4 WE pro Adresse),5162
3773,11051545500083____,Flurstück mit Wohnungsbestand der LWU (ab 4 WE pro Adresse),488
3774,11051545500091____,Flurstück mit Wohnungsbestand der LWU (ab 4 WE pro Adresse),1031
3775,11051545500103____,Flurstück mit Wohnungsbestand der LWU (ab 4 WE pro Adresse),664
3776,11051545500129____,Flurstück mit Wohnungsbestand der LWU (ab 4 WE pro Adresse),755
3777,11051545500138____,Flurstück mit Wohnungsbestand der LWU (ab 4 WE pro Adresse),859
3778,11051545500144____,Flurstück mit Wohnungsbestand der LWU (ab 4 WE pro Adresse),571
3779,11051545500213____,Flurstück mit Wohnungsbestand der LWU (ab 4 WE pro Adresse),316
3780,11051545500229____,Flurstück mit Wohnungsbestand der LWU (ab 4 WE pro Adresse),543
3781,11051545500396____,Flurstück mit Wohnungsbestand der LWU (ab 4 WE pro Adresse),2406
3782,11051545500406____,Flurstück mit Wohnungsbestand der LWU (ab 4 WE pro Adresse),573
3783,11051545500407____,Flurstück mit Wohnungsbestand der LWU (ab 4 WE pro Adresse),622
3784,11051545500408____,Flurstück mit Wohnungsbestand der LWU (ab 4 WE pro Adresse),736
3785,11051545500414____,Flurstück mit Wohnungsbestand der LWU (ab 4 WE pro Adresse),7898
3786,11051545500423____,Flurstück mit Wohnungsbestand der LWU (ab 4 WE pro Adresse),811
3787,11051545500465____,Flurstück mit Wohnungsbestand der LWU (ab 4 WE pro Adresse),458
3788,11051545500472____,Flurstück mit Wohnungsbestand der LWU (ab 4 WE pro Adresse),5271
3789,11051545604209____,Flurstück mit Wohnungsbestand der LWU (ab 4 WE pro Adresse),761
3790,11051545604219____,Flurstück mit Wohnungsbestand der LWU (ab 4 WE pro Adresse),520
3791,11051545604231____,Flurstück mit Wohnungsbestand der LWU (ab 4 WE pro Adresse),669
3792,11051545604233____,Flurstück mit Wohnungsbestand der LWU (ab 4 WE pro Adresse),1224
3793,11051545604234____,Flurstück mit Wohnungsbestand der LWU (ab 4 WE pro Adresse),332
3794,11051545604235____,Flurstück mit Wohnungsbestand der LWU (ab 4 WE pro Adresse),1002
3795,11051545604236____,Flurstück mit Wohnungsbestand der LWU (ab 4 WE pro Adresse),633
3796,11051545604238____,Flurstück mit Wohnungsbestand der LWU (ab 4 WE pro Adresse),802
3797,11051545604239____,Flurstück mit Wohnungsbestand der LWU (ab 4 WE pro Adresse),1075
3798,11051545604241____,Flurstück mit Wohnungsbestand der LWU (ab 4 WE pro Adresse),937
3799,11051545604242____,Flurstück mit Wohnungsbestand der LWU (ab 4 WE pro Adresse),773
3800,11051545604243____,Flurstück mit Wohnungsbestand der LWU (ab 4 WE pro Adresse),521
3801,11051545604268____,Flurstück mit Wohnungsbestand der LWU (ab 4 WE pro Adresse),653
3802,11051545604275____,Flurstück mit Wohnungsbestand der LWU (ab 4 WE pro Adresse),6687
3803,11051545604278____,Flurstück mit Wohnungsbestand der LWU (ab 4 WE pro Adresse),1253
3804,11051545604286____,Flurstück mit Wohnungsbestand der LWU (ab 4 WE pro Adresse),5273
3805,11051545604288____,Flurstück mit Wohnungsbestand der LWU (ab 4 WE pro Adresse),914
3806,11051545604294____,Flurstück mit Wohnungsbestand der LWU (ab 4 WE pro Adresse),1219
3807,11051545604295____,Flurstück mit Wohnungsbestand der LWU (ab 4 WE pro Adresse),1258
3808,11051545604308____,Flurstück mit Wohnungsbestand der LWU (ab 4 WE pro Adresse),18282
3809,11051545604309____,Flurstück mit Wohnungsbestand der LWU (ab 4 WE pro Adresse),6124
3810,11051545604310____,Flurstück mit Wohnungsbestand der LWU (ab 4 WE pro Adresse),2118
3811,11051545604311____,Flurstück mit Wohnungsbestand der LWU (ab 4 WE pro Adresse),685
3812,11051546100092____,Flurstück mit Wohnungsbestand der LWU (ab 4 WE pro Adresse),499
3813,11051546100142____,Flurstück mit Wohnungsbestand der LWU (ab 4 WE pro Adresse),234
3814,11051546100161____,Flurstück mit Wohnungsbestand der LWU (ab 4 WE pro Adresse),1140
3815,11051546100202____,Flurstück mit Wohnungsbestand der LWU (ab 4 WE pro Adresse),1038
3816,11051546100206____,Flurstück mit Wohnungsbestand der LWU (ab 4 WE pro Adresse),611
3817,11051546100208____,Flurstück mit Wohnungsbestand der LWU (ab 4 WE pro Adresse),601
3818,11051546100244____,Flurstück mit Wohnungsbestand der LWU (ab 4 WE pro Adresse),681
3819,11051546100250____,Flurstück mit Wohnungsbestand der LWU (ab 4 WE pro Adresse),360
3820,11051546100268____,Flurstück mit Wohnungsbestand der LWU (ab 4 WE pro Adresse),9700
3821,11051546100278____,Flurstück mit Wohnungsbestand der LWU (ab 4 WE pro Adresse),690
3822,11051546100307____,Flurstück mit Wohnungsbestand der LWU (ab 4 WE pro Adresse),3022
3823,11051546100331____,Flurstück mit Wohnungsbestand der LWU (ab 4 WE pro Adresse),562
3824,11051546100338____,Flurstück mit Wohnungsbestand der LWU (ab 4 WE pro Adresse),4442
3825,11051546100365____,Flurstück mit Wohnungsbestand der LWU (ab 4 WE pro Adresse),343
3826,11051546100380____,Flurstück mit Wohnungsbestand der LWU (ab 4 WE pro Adresse),4980
3827,11051546100381____,Flurstück mit Wohnungsbestand der LWU (ab 4 WE pro Adresse),3160
3828,11051546100382____,Flurstück mit Wohnungsbestand der LWU (ab 4 WE pro Adresse),5696
3829,11051546100386____,Flurstück mit Wohnungsbestand der LWU (ab 4 WE pro Adresse),6076
3830,11051546100388____,Flurstück mit Wohnungsbestand der LWU (ab 4 WE pro Adresse),3022
3831,11051546100455____,Flurstück mit Wohnungsbestand der LWU (ab 4 WE pro Adresse),19807
3832,11051546200026____,Flurstück mit Wohnungsbestand der LWU (ab 4 WE pro Adresse),610
3833,11051546200029____,Flurstück mit Wohnungsbestand der LWU (ab 4 WE pro Adresse),778
3834,11051546200030____,Flurstück mit Wohnungsbestand der LWU (ab 4 WE pro Adresse),609
3835,11051546200031____,Flurstück mit Wohnungsbestand der LWU (ab 4 WE pro Adresse),618
3836,11051546200032____,Flurstück mit Wohnungsbestand der LWU (ab 4 WE pro Adresse),458
3837,11051546200046____,Flurstück mit Wohnungsbestand der LWU (ab 4 WE pro Adresse),8875
3838,11051546200049____,Flurstück mit Wohnungsbestand der LWU (ab 4 WE pro Adresse),12290
3839,11051546200091____,Flurstück mit Wohnungsbestand der LWU (ab 4 WE pro Adresse),6304
3840,11051546200093____,Flurstück mit Wohnungsbestand der LWU (ab 4 WE pro Adresse),9715
3841,11051546200105____,Flurstück mit Wohnungsbestand der LWU (ab 4 WE pro Adresse),552
3842,11051546200107____,Flurstück mit Wohnungsbestand der LWU (ab 4 WE pro Adresse),1826
3843,11051546200108____,Flurstück mit Wohnungsbestand der LWU (ab 4 WE pro Adresse),7889
3844,11051546200110____,Flurstück mit Wohnungsbestand der LWU (ab 4 WE pro Adresse),4624
3845,11051546400012____,Flurstück mit Wohnungsbestand der LWU (ab 4 WE pro Adresse),974
3846,11051546400032____,Flurstück mit Wohnungsbestand der LWU (ab 4 WE pro Adresse),2977
3847,11051546400182____,Flurstück mit Wohnungsbestand der LWU (ab 4 WE pro Adresse),7541
3848,11051546400184____,Flurstück mit Wohnungsbestand der LWU (ab 4 WE pro Adresse),1232
3849,11051546400185____,Flurstück mit Wohnungsbestand der LWU (ab 4 WE pro Adresse),1503
3850,11051546500116____,Flurstück mit Wohnungsbestand der LWU (ab 4 WE pro Adresse),653
3851,11051546500132____,Flurstück mit Wohnungsbestand der LWU (ab 4 WE pro Adresse),405
3852,11051546500244____,Flurstück mit Wohnungsbestand der LWU (ab 4 WE pro Adresse),862
3853,11051546500303____,Flurstück mit Wohnungsbestand der LWU (ab 4 WE pro Adresse),1439
3854,11051546500305____,Flurstück mit Wohnungsbestand der LWU (ab 4 WE pro Adresse),303
3855,11051546500307____,Flurstück mit Wohnungsbestand der LWU (ab 4 WE pro Adresse),600
3856,11051546500320____,Flurstück mit Wohnungsbestand der LWU (ab 4 WE pro Adresse),1094
3857,11051546500371____,Flurstück mit Wohnungsbestand der LWU (ab 4 WE pro Adresse),2224
3858,11051546500372____,Flurstück mit Wohnungsbestand der LWU (ab 4 WE pro Adresse),1361
3859,11051546500378____,Flurstück mit Wohnungsbestand der LWU (ab 4 WE pro Adresse),10879
3860,11051547100128____,Flurstück mit Wohnungsbestand der LWU (ab 4 WE pro Adresse),773
3861,11051547100131____,Flurstück mit Wohnungsbestand der LWU (ab 4 WE pro Adresse),586
3862,11051547100139____,Flurstück mit Wohnungsbestand der LWU (ab 4 WE pro Adresse),948
3863,11051547100202____,Flurstück mit Wohnungsbestand der LWU (ab 4 WE pro Adresse),6618
3864,11051547100212____,Flurstück mit Wohnungsbestand der LWU (ab 4 WE pro Adresse),8743
3865,11051547200059____,Flurstück mit Wohnungsbestand der LWU (ab 4 WE pro Adresse),5161
3866,11051547200143____,Flurstück mit Wohnungsbestand der LWU (ab 4 WE pro Adresse),653
3867,11051547200147____,Flurstück mit Wohnungsbestand der LWU (ab 4 WE pro Adresse),1259
3868,11051547200148____,Flurstück mit Wohnungsbestand der LWU (ab 4 WE pro Adresse),1112
3869,11051547200167____,Flurstück mit Wohnungsbestand der LWU (ab 4 WE pro Adresse),16020
3870,11051547200282____,Flurstück mit Wohnungsbestand der LWU (ab 4 WE pro Adresse),5040
3871,11051547300067____,Flurstück mit Wohnungsbestand der LWU (ab 4 WE pro Adresse),642
3872,11051547400168____,Flurstück mit Wohnungsbestand der LWU (ab 4 WE pro Adresse),1355
3873,11051547400169____,Flurstück mit Wohnungsbestand der LWU (ab 4 WE pro Adresse),1212
3874,11051547400198____,Flurstück mit Wohnungsbestand der LWU (ab 4 WE pro Adresse),616
3875,11051547400305____,Flurstück mit Wohnungsbestand der LWU (ab 4 WE pro Adresse),6298
3876,11051547500009____,Flurstück mit Wohnungsbestand der LWU (ab 4 WE pro Adresse),3253
3877,11051547500085____,Flurstück mit Wohnungsbestand der LWU (ab 4 WE pro Adresse),536
3878,11051547500086____,Flurstück mit Wohnungsbestand der LWU (ab 4 WE pro Adresse),386
3879,11051547800015____,Flurstück mit Wohnungsbestand der LWU (ab 4 WE pro Adresse),644
3880,11051547800016____,Flurstück mit Wohnungsbestand der LWU (ab 4 WE pro Adresse),618
3881,11051547800017____,Flurstück mit Wohnungsbestand der LWU (ab 4 WE pro Adresse),498
3882,11051547800048____,Flurstück mit Wohnungsbestand der LWU (ab 4 WE pro Adresse),23788
3883,11051547800176____,Flurstück mit Wohnungsbestand der LWU (ab 4 WE pro Adresse),12439
3884,11051547900018____,Flurstück mit Wohnungsbestand der LWU (ab 4 WE pro Adresse),600
3885,11051547900026____,Flurstück mit Wohnungsbestand der LWU (ab 4 WE pro Adresse),685
3886,11051547900029____,Flurstück mit Wohnungsbestand der LWU (ab 4 WE pro Adresse),883
3887,11051547900031____,Flurstück mit Wohnungsbestand der LWU (ab 4 WE pro Adresse),876
3888,11051547900033____,Flurstück mit Wohnungsbestand der LWU (ab 4 WE pro Adresse),1301
3889,11051547900036____,Flurstück mit Wohnungsbestand der LWU (ab 4 WE pro Adresse),800
3890,11051547900038____,Flurstück mit Wohnungsbestand der LWU (ab 4 WE pro Adresse),733
3891,11051547900087____,Flurstück mit Wohnungsbestand der LWU (ab 4 WE pro Adresse),998
3892,11051547900104____,Flurstück mit Wohnungsbestand der LWU (ab 4 WE pro Adresse),1431
3893,11051547900186____,Flurstück mit Wohnungsbestand der LWU (ab 4 WE pro Adresse),1239
3894,11051548000227____,Flurstück mit Wohnungsbestand der LWU (ab 4 WE pro Adresse),1912
3895,11051548000230____,Flurstück mit Wohnungsbestand der LWU (ab 4 WE pro Adresse),838
3896,11051548000278____,Flurstück mit Wohnungsbestand der LWU (ab 4 WE pro Adresse),377
3897,11051548000282____,Flurstück mit Wohnungsbestand der LWU (ab 4 WE pro Adresse),1043
3898,11051548000314____,Flurstück mit Wohnungsbestand der LWU (ab 4 WE pro Adresse),656
3899,11051548000325____,Flurstück mit Wohnungsbestand der LWU (ab 4 WE pro Adresse),1565
3900,11051548000327____,Flurstück mit Wohnungsbestand der LWU (ab 4 WE pro Adresse),3262
3901,11051548000334____,Flurstück mit Wohnungsbestand der LWU (ab 4 WE pro Adresse),5575
3902,11051548000345____,Flurstück mit Wohnungsbestand der LWU (ab 4 WE pro Adresse),1059
3903,11051548000346____,Flurstück mit Wohnungsbestand der LWU (ab 4 WE pro Adresse),1259
3904,11051548000348____,Flurstück mit Wohnungsbestand der LWU (ab 4 WE pro Adresse),6243
3905,11051548000359____,Flurstück mit Wohnungsbestand der LWU (ab 4 WE pro Adresse),5708
3906,11051548000361____,Flurstück mit Wohnungsbestand der LWU (ab 4 WE pro Adresse),2859
3907,11051548000363____,Flurstück mit Wohnungsbestand der LWU (ab 4 WE pro Adresse),865
3908,11051548000370____,Flurstück mit Wohnungsbestand der LWU (ab 4 WE pro Adresse),870
3909,11051548000377____,Flurstück mit Wohnungsbestand der LWU (ab 4 WE pro Adresse),5908
3910,11051548000379____,Flurstück mit Wohnungsbestand der LWU (ab 4 WE pro Adresse),7421
3911,11051548000381____,Flurstück mit Wohnungsbestand der LWU (ab 4 WE pro Adresse),2473
3912,11051548000388____,Flurstück mit Wohnungsbestand der LWU (ab 4 WE pro Adresse),854
3913,11051548000458____,Flurstück mit Wohnungsbestand der LWU (ab 4 WE pro Adresse),455
3914,11051548000503____,Flurstück mit Wohnungsbestand der LWU (ab 4 WE pro Adresse),1127
3915,11051548400008____,Flurstück mit Wohnungsbestand der LWU (ab 4 WE pro Adresse),3215
3916,11051548400059____,Flurstück mit Wohnungsbestand der LWU (ab 4 WE pro Adresse),3220
3917,11051548400323____,Flurstück mit Wohnungsbestand der LWU (ab 4 WE pro Adresse),2223
3918,11051548400446____,Flurstück mit Wohnungsbestand der LWU (ab 4 WE pro Adresse),14385
3919,11051548500257____,Flurstück mit Wohnungsbestand der LWU (ab 4 WE pro Adresse),1085
3920,11051548500344____,Flurstück mit Wohnungsbestand der LWU (ab 4 WE pro Adresse),3289
3921,11051548600013____,Flurstück mit Wohnungsbestand der LWU (ab 4 WE pro Adresse),267
3922,11051548800036____,Flurstück mit Wohnungsbestand der LWU (ab 4 WE pro Adresse),7472
3923,11051548800037____,Flurstück mit Wohnungsbestand der LWU (ab 4 WE pro Adresse),2906
3924,11051548800040____,Flurstück mit Wohnungsbestand der LWU (ab 4 WE pro Adresse),5882
3925,11051548900003____,Flurstück mit Wohnungsbestand der LWU (ab 4 WE pro Adresse),4091
3926,11051548900028____,Flurstück mit Wohnungsbestand der LWU (ab 4 WE pro Adresse),11836
3927,11051548900030____,Flurstück mit Wohnungsbestand der LWU (ab 4 WE pro Adresse),1661
3928,11051548900038____,Flurstück mit Wohnungsbestand der LWU (ab 4 WE pro Adresse),5852
3929,11051548900040____,Flurstück mit Wohnungsbestand der LWU (ab 4 WE pro Adresse),6996
3930,11051548900050____,Flurstück mit Wohnungsbestand der LWU (ab 4 WE pro Adresse),7775
3931,11051548900123____,Flurstück mit Wohnungsbestand der LWU (ab 4 WE pro Adresse),956
3932,11051548900130____,Flurstück mit Wohnungsbestand der LWU (ab 4 WE pro Adresse),884
3933,11051548900145____,Flurstück mit Wohnungsbestand der LWU (ab 4 WE pro Adresse),1250
3934,11051548900147____,Flurstück mit Wohnungsbestand der LWU (ab 4 WE pro Adresse),629
3935,11051548900148____,Flurstück mit Wohnungsbestand der LWU (ab 4 WE pro Adresse),928
3936,11051548900198____,Flurstück mit Wohnungsbestand der LWU (ab 4 WE pro Adresse),10451
3937,11051548900202____,Flurstück mit Wohnungsbestand der LWU (ab 4 WE pro Adresse),10284
3938,11051548900204____,Flurstück mit Wohnungsbestand der LWU (ab 4 WE pro Adresse),1331
3939,11051548900207____,Flurstück mit Wohnungsbestand der LWU (ab 4 WE pro Adresse),34116
3940,11051548900215____,Flurstück mit Wohnungsbestand der LWU (ab 4 WE pro Adresse),960
3941,11051549000016____,Flurstück mit Wohnungsbestand der LWU (ab 4 WE pro Adresse),744
3942,11051549000022____,Flurstück mit Wohnungsbestand der LWU (ab 4 WE pro Adresse),1005
3943,11051549000024____,Flurstück mit Wohnungsbestand der LWU (ab 4 WE pro Adresse),1331
3944,11051549000027____,Flurstück mit Wohnungsbestand der LWU (ab 4 WE pro Adresse),1478
3945,11051549000029____,Flurstück mit Wohnungsbestand der LWU (ab 4 WE pro Adresse),678
3946,11051549000031____,Flurstück mit Wohnungsbestand der LWU (ab 4 WE pro Adresse),607
3947,11051549000032____,Flurstück mit Wohnungsbestand der LWU (ab 4 WE pro Adresse),1028
3948,11051549000033____,Flurstück mit Wohnungsbestand der LWU (ab 4 WE pro Adresse),1106
3949,11051549000034____,Flurstück mit Wohnungsbestand der LWU (ab 4 WE pro Adresse),1156
3950,11051549000038____,Flurstück mit Wohnungsbestand der LWU (ab 4 WE pro Adresse),1102
3951,11051549000068____,Flurstück mit Wohnungsbestand der LWU (ab 4 WE pro Adresse),1031
3952,11051549000069____,Flurstück mit Wohnungsbestand der LWU (ab 4 WE pro Adresse),1010
3953,11051549000102____,Flurstück mit Wohnungsbestand der LWU (ab 4 WE pro Adresse),5726
3954,11051549000118____,Flurstück mit Wohnungsbestand der LWU (ab 4 WE pro Adresse),13899
3955,11051549000128____,Flurstück mit Wohnungsbestand der LWU (ab 4 WE pro Adresse),2419
3956,11051549000232____,Flurstück mit Wohnungsbestand der LWU (ab 4 WE pro Adresse),371
3957,11051549000241____,Flurstück mit Wohnungsbestand der LWU (ab 4 WE pro Adresse),1055
3958,11051549000242____,Flurstück mit Wohnungsbestand der LWU (ab 4 WE pro Adresse),629
3959,11051549400374____,Flurstück mit Wohnungsbestand der LWU (ab 4 WE pro Adresse),7275
3960,11051549400460____,Flurstück mit Wohnungsbestand der LWU (ab 4 WE pro Adresse),3919
3961,11051549400462____,Flurstück mit Wohnungsbestand der LWU (ab 4 WE pro Adresse),3463
3962,11051549400464____,Flurstück mit Wohnungsbestand der LWU (ab 4 WE pro Adresse),6327
3963,11051549400525____,Flurstück mit Wohnungsbestand der LWU (ab 4 WE pro Adresse),16378
3964,11051549500619____,Flurstück mit Wohnungsbestand der LWU (ab 4 WE pro Adresse),7086
3965,11051549500649____,Flurstück mit Wohnungsbestand der LWU (ab 4 WE pro Adresse),2621
3966,11051549900006____,Flurstück mit Wohnungsbestand der LWU (ab 4 WE pro Adresse),5492
3967,11051549900007____,Flurstück mit Wohnungsbestand der LWU (ab 4 WE pro Adresse),4220
3968,11051549900008____,Flurstück mit Wohnungsbestand der LWU (ab 4 WE pro Adresse),1848
3969,11051549900010____,Flurstück mit Wohnungsbestand der LWU (ab 4 WE pro Adresse),3309
3970,11051578107025____,Flurstück mit Wohnungsbestand der LWU (ab 4 WE pro Adresse),767
3971,110521001003550006,Flurstück mit Wohnungsbestand der LWU (ab 4 WE pro Adresse),2728
3972,11052100202321____,Flurstück mit Wohnungsbestand der LWU (ab 4 WE pro Adresse),12170
3973,11052100203089____,Flurstück mit Wohnungsbestand der LWU (ab 4 WE pro Adresse),10456
3974,110521003007440067,Flurstück mit Wohnungsbestand der LWU (ab 4 WE pro Adresse),491
3975,110521003009160071,Flurstück mit Wohnungsbestand der LWU (ab 4 WE pro Adresse),2344
3976,110521003009410046,Flurstück mit Wohnungsbestand der LWU (ab 4 WE pro Adresse),1215
3977,110521003012610060,Flurstück mit Wohnungsbestand der LWU (ab 4 WE pro Adresse),1014
3978,11052100301365____,Flurstück mit Wohnungsbestand der LWU (ab 4 WE pro Adresse),1611
3979,11052100301382____,Flurstück mit Wohnungsbestand der LWU (ab 4 WE pro Adresse),5831
3980,11053001100186____,Flurstück mit Wohnungsbestand der LWU (ab 4 WE pro Adresse),10353
3981,11053001300115____,Flurstück mit Wohnungsbestand der LWU (ab 4 WE pro Adresse),1408
3982,11053001300225____,Flurstück mit Wohnungsbestand der LWU (ab 4 WE pro Adresse),8239
3983,11053001300228____,Flurstück mit Wohnungsbestand der LWU (ab 4 WE pro Adresse),4028
3984,11053001300229____,Flurstück mit Wohnungsbestand der LWU (ab 4 WE pro Adresse),7415
3985,11053001300233____,Flurstück mit Wohnungsbestand der LWU (ab 4 WE pro Adresse),2163
3986,11053001401095____,Flurstück mit Wohnungsbestand der LWU (ab 4 WE pro Adresse),4492
3987,11053001401161____,Flurstück mit Wohnungsbestand der LWU (ab 4 WE pro Adresse),5407
3988,11053001401194____,Flurstück mit Wohnungsbestand der LWU (ab 4 WE pro Adresse),2164
3989,11053001401200____,Flurstück mit Wohnungsbestand der LWU (ab 4 WE pro Adresse),10977
3990,11053001401254____,Flurstück mit Wohnungsbestand der LWU (ab 4 WE pro Adresse),6573
3991,11053001401283____,Flurstück mit Wohnungsbestand der LWU (ab 4 WE pro Adresse),7419
3992,11053001401284____,Flurstück mit Wohnungsbestand der LWU (ab 4 WE pro Adresse),5310
3993,11053001401285____,Flurstück mit Wohnungsbestand der LWU (ab 4 WE pro Adresse),6077
3994,11053001401292____,Flurstück mit Wohnungsbestand der LWU (ab 4 WE pro Adresse),9137
3995,11053001401293____,Flurstück mit Wohnungsbestand der LWU (ab 4 WE pro Adresse),13448
3996,11053001401294____,Flurstück mit Wohnungsbestand der LWU (ab 4 WE pro Adresse),4336
3997,11053001509016____,Flurstück mit Wohnungsbestand der LWU (ab 4 WE pro Adresse),7316
3998,11053001509018____,Flurstück mit Wohnungsbestand der LWU (ab 4 WE pro Adresse),3738
3999,11053001509042____,Flurstück mit Wohnungsbestand der LWU (ab 4 WE pro Adresse),13319
4000,11053010800023____,Flurstück mit Wohnungsbestand der LWU (ab 4 WE pro Adresse),997
4001,11053010800066____,Flurstück mit Wohnungsbestand der LWU (ab 4 WE pro Adresse),1793
4002,11053010800069____,Flurstück mit Wohnungsbestand der LWU (ab 4 WE pro Adresse),1166
4003,11053010800076____,Flurstück mit Wohnungsbestand der LWU (ab 4 WE pro Adresse),1276
4004,11053010800081____,Flurstück mit Wohnungsbestand der LWU (ab 4 WE pro Adresse),18589
4005,11053010800139____,Flurstück mit Wohnungsbestand der LWU (ab 4 WE pro Adresse),5550
4006,11053010800145____,Flurstück mit Wohnungsbestand der LWU (ab 4 WE pro Adresse),2470
4007,11053010900059____,Flurstück mit Wohnungsbestand der LWU (ab 4 WE pro Adresse),772
4008,11053010900103____,Flurstück mit Wohnungsbestand der LWU (ab 4 WE pro Adresse),694
4009,11053010900135____,Flurstück mit Wohnungsbestand der LWU (ab 4 WE pro Adresse),900
4010,11053010900235____,Flurstück mit Wohnungsbestand der LWU (ab 4 WE pro Adresse),6323
4011,11053010900463____,Flurstück mit Wohnungsbestand der LWU (ab 4 WE pro Adresse),6369
4012,11053010900507____,Flurstück mit Wohnungsbestand der LWU (ab 4 WE pro Adresse),607
4013,11053010900529____,Flurstück mit Wohnungsbestand der LWU (ab 4 WE pro Adresse),8298
4014,11053011001021____,Flurstück mit Wohnungsbestand der LWU (ab 4 WE pro Adresse),9031
4015,11053011001022____,Flurstück mit Wohnungsbestand der LWU (ab 4 WE pro Adresse),5318
4016,11053011001036____,Flurstück mit Wohnungsbestand der LWU (ab 4 WE pro Adresse),6470
4017,11053011001044____,Flurstück mit Wohnungsbestand der LWU (ab 4 WE pro Adresse),1918
4018,11053011001045____,Flurstück mit Wohnungsbestand der LWU (ab 4 WE pro Adresse),1505
4019,11053011204019____,Flurstück mit Wohnungsbestand der LWU (ab 4 WE pro Adresse),10168
4020,11053011204020____,Flurstück mit Wohnungsbestand der LWU (ab 4 WE pro Adresse),766
4021,11053011300108____,Flurstück mit Wohnungsbestand der LWU (ab 4 WE pro Adresse),9048
4022,11053011300142____,Flurstück mit Wohnungsbestand der LWU (ab 4 WE pro Adresse),10079
4023,11053011300143____,Flurstück mit Wohnungsbestand der LWU (ab 4 WE pro Adresse),3537
4024,11053011300144____,Flurstück mit Wohnungsbestand der LWU (ab 4 WE pro Adresse),6953
4025,11053011300146____,Flurstück mit Wohnungsbestand der LWU (ab 4 WE pro Adresse),13091
4026,11053011300149____,Flurstück mit Wohnungsbestand der LWU (ab 4 WE pro Adresse),9691
4027,11053011300156____,Flurstück mit Wohnungsbestand der LWU (ab 4 WE pro Adresse),19063
4028,11053011403033____,Flurstück mit Wohnungsbestand der LWU (ab 4 WE pro Adresse),1038
4029,11053011403034____,Flurstück mit Wohnungsbestand der LWU (ab 4 WE pro Adresse),1319
4030,11053011403035____,Flurstück mit Wohnungsbestand der LWU (ab 4 WE pro Adresse),1015
4031,11053011403075____,Flurstück mit Wohnungsbestand der LWU (ab 4 WE pro Adresse),1128
4032,11053011403084____,Flurstück mit Wohnungsbestand der LWU (ab 4 WE pro Adresse),1009
4033,11053011403085____,Flurstück mit Wohnungsbestand der LWU (ab 4 WE pro Adresse),1576
4034,11053011403124____,Flurstück mit Wohnungsbestand der LWU (ab 4 WE pro Adresse),1007
4035,11053011403129____,Flurstück mit Wohnungsbestand der LWU (ab 4 WE pro Adresse),10743
4036,11053011403194____,Flurstück mit Wohnungsbestand der LWU (ab 4 WE pro Adresse),9351
4037,11053018000165____,Flurstück mit Wohnungsbestand der LWU (ab 4 WE pro Adresse),700
4038,11053018000204____,Flurstück mit Wohnungsbestand der LWU (ab 4 WE pro Adresse),2252
4039,11053018000205____,Flurstück mit Wohnungsbestand der LWU (ab 4 WE pro Adresse),702
4040,11053018000247____,Flurstück mit Wohnungsbestand der LWU (ab 4 WE pro Adresse),1337
4041,11053018000249____,Flurstück mit Wohnungsbestand der LWU (ab 4 WE pro Adresse),985
4042,11053018000314____,Flurstück mit Wohnungsbestand der LWU (ab 4 WE pro Adresse),999
4043,11053018000332____,Flurstück mit Wohnungsbestand der LWU (ab 4 WE pro Adresse),1569
4044,11053018000408____,Flurstück mit Wohnungsbestand der LWU (ab 4 WE pro Adresse),1472
4045,11053018000578____,Flurstück mit Wohnungsbestand der LWU (ab 4 WE pro Adresse),1596
4046,11053020900013____,Flurstück mit Wohnungsbestand der LWU (ab 4 WE pro Adresse),402
4047,11053020900015____,Flurstück mit Wohnungsbestand der LWU (ab 4 WE pro Adresse),639
4048,11053020900021____,Flurstück mit Wohnungsbestand der LWU (ab 4 WE pro Adresse),811
4049,11053020900022____,Flurstück mit Wohnungsbestand der LWU (ab 4 WE pro Adresse),823
4050,11053020900027____,Flurstück mit Wohnungsbestand der LWU (ab 4 WE pro Adresse),1029
4051,11053020900031____,Flurstück mit Wohnungsbestand der LWU (ab 4 WE pro Adresse),894
4052,11053020900033____,Flurstück mit Wohnungsbestand der LWU (ab 4 WE pro Adresse),671
4053,11053020900050____,Flurstück mit Wohnungsbestand der LWU (ab 4 WE pro Adresse),976
4054,11053020900088____,Flurstück mit Wohnungsbestand der LWU (ab 4 WE pro Adresse),1197
4055,11053020900110____,Flurstück mit Wohnungsbestand der LWU (ab 4 WE pro Adresse),824
4056,11053020900127____,Flurstück mit Wohnungsbestand der LWU (ab 4 WE pro Adresse),534
4057,11053020900141____,Flurstück mit Wohnungsbestand der LWU (ab 4 WE pro Adresse),724
4058,11053020900188____,Flurstück mit Wohnungsbestand der LWU (ab 4 WE pro Adresse),889
4059,11053020900198____,Flurstück mit Wohnungsbestand der LWU (ab 4 WE pro Adresse),1428
4060,11053020900204____,Flurstück mit Wohnungsbestand der LWU (ab 4 WE pro Adresse),1038
4061,11053020900232____,Flurstück mit Wohnungsbestand der LWU (ab 4 WE pro Adresse),897
4062,11053020900237____,Flurstück mit Wohnungsbestand der LWU (ab 4 WE pro Adresse),885
4063,11053020900242____,Flurstück mit Wohnungsbestand der LWU (ab 4 WE pro Adresse),1268
4064,11053020900417____,Flurstück mit Wohnungsbestand der LWU (ab 4 WE pro Adresse),3263
4065,11053020900519____,Flurstück mit Wohnungsbestand der LWU (ab 4 WE pro Adresse),2213
4066,11053020900522____,Flurstück mit Wohnungsbestand der LWU (ab 4 WE pro Adresse),1644
4067,11053021000050____,Flurstück mit Wohnungsbestand der LWU (ab 4 WE pro Adresse),5564
4068,11053021000063____,Flurstück mit Wohnungsbestand der LWU (ab 4 WE pro Adresse),1234
4069,11053021000092____,Flurstück mit Wohnungsbestand der LWU (ab 4 WE pro Adresse),520
4070,11053021000125____,Flurstück mit Wohnungsbestand der LWU (ab 4 WE pro Adresse),3868
4071,11053030800508____,Flurstück mit Wohnungsbestand der LWU (ab 4 WE pro Adresse),1553
4072,11053030900047____,Flurstück mit Wohnungsbestand der LWU (ab 4 WE pro Adresse),3078
4073,11053030900051____,Flurstück mit Wohnungsbestand der LWU (ab 4 WE pro Adresse),2797
4074,11053030900052____,Flurstück mit Wohnungsbestand der LWU (ab 4 WE pro Adresse),2683
4075,11053030900054____,Flurstück mit Wohnungsbestand der LWU (ab 4 WE pro Adresse),3136
4076,11053030900095____,Flurstück mit Wohnungsbestand der LWU (ab 4 WE pro Adresse),3091
4077,11053030900100____,Flurstück mit Wohnungsbestand der LWU (ab 4 WE pro Adresse),778
4078,11053030900106____,Flurstück mit Wohnungsbestand der LWU (ab 4 WE pro Adresse),1499
4079,11053030900112____,Flurstück mit Wohnungsbestand der LWU (ab 4 WE pro Adresse),470
4080,11053030900121____,Flurstück mit Wohnungsbestand der LWU (ab 4 WE pro Adresse),1928
4081,11053030900122____,Flurstück mit Wohnungsbestand der LWU (ab 4 WE pro Adresse),1603
4082,11053030900123____,Flurstück mit Wohnungsbestand der LWU (ab 4 WE pro Adresse),1874
4083,11053030900179____,Flurstück mit Wohnungsbestand der LWU (ab 4 WE pro Adresse),594
4084,11053030900201____,Flurstück mit Wohnungsbestand der LWU (ab 4 WE pro Adresse),748
4085,11053030900461____,Flurstück mit Wohnungsbestand der LWU (ab 4 WE pro Adresse),765
4086,11053030900462____,Flurstück mit Wohnungsbestand der LWU (ab 4 WE pro Adresse),916
4087,11053030900468____,Flurstück mit Wohnungsbestand der LWU (ab 4 WE pro Adresse),1563
4088,11053030900490____,Flurstück mit Wohnungsbestand der LWU (ab 4 WE pro Adresse),674
4089,11053030900491____,Flurstück mit Wohnungsbestand der LWU (ab 4 WE pro Adresse),2501
4090,11053030900512____,Flurstück mit Wohnungsbestand der LWU (ab 4 WE pro Adresse),1011
4091,11053030900641____,Flurstück mit Wohnungsbestand der LWU (ab 4 WE pro Adresse),26868
4092,11053030900659____,Flurstück mit Wohnungsbestand der LWU (ab 4 WE pro Adresse),1872
4093,11053030900660____,Flurstück mit Wohnungsbestand der LWU (ab 4 WE pro Adresse),1925
4094,11053030900661____,Flurstück mit Wohnungsbestand der LWU (ab 4 WE pro Adresse),1403
4095,11053030900669____,Flurstück mit Wohnungsbestand der LWU (ab 4 WE pro Adresse),4328
4096,11053030900706____,Flurstück mit Wohnungsbestand der LWU (ab 4 WE pro Adresse),3006
4097,11053031000018____,Flurstück mit Wohnungsbestand der LWU (ab 4 WE pro Adresse),3213
4098,11053031000038____,Flurstück mit Wohnungsbestand der LWU (ab 4 WE pro Adresse),8129
4099,11053031000039____,Flurstück mit Wohnungsbestand der LWU (ab 4 WE pro Adresse),1833
4100,11053031000152____,Flurstück mit Wohnungsbestand der LWU (ab 4 WE pro Adresse),1569
4101,11053031000160____,Flurstück mit Wohnungsbestand der LWU (ab 4 WE pro Adresse),740
4102,11053031000172____,Flurstück mit Wohnungsbestand der LWU (ab 4 WE pro Adresse),2234
4103,11053031000173____,Flurstück mit Wohnungsbestand der LWU (ab 4 WE pro Adresse),16486
4104,11053031000174____,Flurstück mit Wohnungsbestand der LWU (ab 4 WE pro Adresse),15473
4105,11053031000175____,Flurstück mit Wohnungsbestand der LWU (ab 4 WE pro Adresse),24603
4106,11053031000218____,Flurstück mit Wohnungsbestand der LWU (ab 4 WE pro Adresse),15528
4107,11053040800280____,Flurstück mit Wohnungsbestand der LWU (ab 4 WE pro Adresse),8567
4108,11053040900284____,Flurstück mit Wohnungsbestand der LWU (ab 4 WE pro Adresse),2076
4109,11053040900286____,Flurstück mit Wohnungsbestand der LWU (ab 4 WE pro Adresse),4911
4110,11053040900289____,Flurstück mit Wohnungsbestand der LWU (ab 4 WE pro Adresse),2715
4111,11053040900292____,Flurstück mit Wohnungsbestand der LWU (ab 4 WE pro Adresse),4862
4112,11053040900295____,Flurstück mit Wohnungsbestand der LWU (ab 4 WE pro Adresse),5358
4113,11053040900393____,Flurstück mit Wohnungsbestand der LWU (ab 4 WE pro Adresse),2716
4114,11053041000054____,Flurstück mit Wohnungsbestand der LWU (ab 4 WE pro Adresse),2155
4115,11053041000070____,Flurstück mit Wohnungsbestand der LWU (ab 4 WE pro Adresse),2921
4116,11053041000081____,Flurstück mit Wohnungsbestand der LWU (ab 4 WE pro Adresse),4059
4117,11053041000137____,Flurstück mit Wohnungsbestand der LWU (ab 4 WE pro Adresse),1771
4118,11053041000145____,Flurstück mit Wohnungsbestand der LWU (ab 4 WE pro Adresse),1732
4119,11053041000146____,Flurstück mit Wohnungsbestand der LWU (ab 4 WE pro Adresse),1107
4120,11053041000147____,Flurstück mit Wohnungsbestand der LWU (ab 4 WE pro Adresse),1048
4121,11053041000213____,Flurstück mit Wohnungsbestand der LWU (ab 4 WE pro Adresse),14000
4122,11053041000237____,Flurstück mit Wohnungsbestand der LWU (ab 4 WE pro Adresse),2834
4123,11053041000261____,Flurstück mit Wohnungsbestand der LWU (ab 4 WE pro Adresse),3386
4124,11053041000313____,Flurstück mit Wohnungsbestand der LWU (ab 4 WE pro Adresse),2264
4125,11053041000318____,Flurstück mit Wohnungsbestand der LWU (ab 4 WE pro Adresse),25792
4126,11053041000328____,Flurstück mit Wohnungsbestand der LWU (ab 4 WE pro Adresse),16691
4127,11053041100010____,Flurstück mit Wohnungsbestand der LWU (ab 4 WE pro Adresse),1523
4128,11053041100029____,Flurstück mit Wohnungsbestand der LWU (ab 4 WE pro Adresse),1535
4129,11053041100031____,Flurstück mit Wohnungsbestand der LWU (ab 4 WE pro Adresse),971
4130,11053041100033____,Flurstück mit Wohnungsbestand der LWU (ab 4 WE pro Adresse),1795
4131,11053041100168____,Flurstück mit Wohnungsbestand der LWU (ab 4 WE pro Adresse),8779
4132,11053041100176____,Flurstück mit Wohnungsbestand der LWU (ab 4 WE pro Adresse),3755
4133,11053041100194____,Flurstück mit Wohnungsbestand der LWU (ab 4 WE pro Adresse),2936
4134,11053041100197____,Flurstück mit Wohnungsbestand der LWU (ab 4 WE pro Adresse),2861
4135,11053041100206____,Flurstück mit Wohnungsbestand der LWU (ab 4 WE pro Adresse),3053
4136,11053041100227____,Flurstück mit Wohnungsbestand der LWU (ab 4 WE pro Adresse),2662
4137,11053041100274____,Flurstück mit Wohnungsbestand der LWU (ab 4 WE pro Adresse),2629
4138,11053041100275____,Flurstück mit Wohnungsbestand der LWU (ab 4 WE pro Adresse),4357
4139,11053041100279____,Flurstück mit Wohnungsbestand der LWU (ab 4 WE pro Adresse),7368
4140,11053041100284____,Flurstück mit Wohnungsbestand der LWU (ab 4 WE pro Adresse),16387
4141,11053041100290____,Flurstück mit Wohnungsbestand der LWU (ab 4 WE pro Adresse),14975
4142,11053041200094____,Flurstück mit Wohnungsbestand der LWU (ab 4 WE pro Adresse),4083
4143,11053041200250____,Flurstück mit Wohnungsbestand der LWU (ab 4 WE pro Adresse),20204
4144,11053050900037____,Flurstück mit Wohnungsbestand der LWU (ab 4 WE pro Adresse),5784
4145,11053050900101____,Flurstück mit Wohnungsbestand der LWU (ab 4 WE pro Adresse),5810
4146,11053050900134____,Flurstück mit Wohnungsbestand der LWU (ab 4 WE pro Adresse),7866
4147,11053050900136____,Flurstück mit Wohnungsbestand der LWU (ab 4 WE pro Adresse),6168
4148,11053050900188____,Flurstück mit Wohnungsbestand der LWU (ab 4 WE pro Adresse),19193
4149,11053051000085____,Flurstück mit Wohnungsbestand der LWU (ab 4 WE pro Adresse),1536
4150,11053051000090____,Flurstück mit Wohnungsbestand der LWU (ab 4 WE pro Adresse),1673
4151,11053051000100____,Flurstück mit Wohnungsbestand der LWU (ab 4 WE pro Adresse),2135
4152,11053051000157____,Flurstück mit Wohnungsbestand der LWU (ab 4 WE pro Adresse),7309
4153,11053051000162____,Flurstück mit Wohnungsbestand der LWU (ab 4 WE pro Adresse),5133
4154,11053051000180____,Flurstück mit Wohnungsbestand der LWU (ab 4 WE pro Adresse),5149
4155,11053051000195____,Flurstück mit Wohnungsbestand der LWU (ab 4 WE pro Adresse),1952
4156,11053051000196____,Flurstück mit Wohnungsbestand der LWU (ab 4 WE pro Adresse),3545
4157,11053051000212____,Flurstück mit Wohnungsbestand der LWU (ab 4 WE pro Adresse),3341
4158,11053051000213____,Flurstück mit Wohnungsbestand der LWU (ab 4 WE pro Adresse),13877
4159,11053051000217____,Flurstück mit Wohnungsbestand der LWU (ab 4 WE pro Adresse),14596
4160,11053051000222____,Flurstück mit Wohnungsbestand der LWU (ab 4 WE pro Adresse),8533
4161,11053051000230____,Flurstück mit Wohnungsbestand der LWU (ab 4 WE pro Adresse),11336
4162,11053051000241____,Flurstück mit Wohnungsbestand der LWU (ab 4 WE pro Adresse),6861
4163,11053051100028____,Flurstück mit Wohnungsbestand der LWU (ab 4 WE pro Adresse),5353
4164,11053051100030____,Flurstück mit Wohnungsbestand der LWU (ab 4 WE pro Adresse),1231
4165,11053051100032____,Flurstück mit Wohnungsbestand der LWU (ab 4 WE pro Adresse),1008
4166,11053051100126____,Flurstück mit Wohnungsbestand der LWU (ab 4 WE pro Adresse),660
4167,11053051100127____,Flurstück mit Wohnungsbestand der LWU (ab 4 WE pro Adresse),4767
4168,11053051100130____,Flurstück mit Wohnungsbestand der LWU (ab 4 WE pro Adresse),1710
4169,11053051100135____,Flurstück mit Wohnungsbestand der LWU (ab 4 WE pro Adresse),697
4170,11053051100159____,Flurstück mit Wohnungsbestand der LWU (ab 4 WE pro Adresse),9143
4171,11053051100160____,Flurstück mit Wohnungsbestand der LWU (ab 4 WE pro Adresse),6924
4172,11053051100164____,Flurstück mit Wohnungsbestand der LWU (ab 4 WE pro Adresse),4828
4173,11053051100169____,Flurstück mit Wohnungsbestand der LWU (ab 4 WE pro Adresse),4804
4174,11053051100174____,Flurstück mit Wohnungsbestand der LWU (ab 4 WE pro Adresse),3557
4175,11053051100180____,Flurstück mit Wohnungsbestand der LWU (ab 4 WE pro Adresse),3028
4176,11053051100181____,Flurstück mit Wohnungsbestand der LWU (ab 4 WE pro Adresse),2191
4177,11053051100183____,Flurstück mit Wohnungsbestand der LWU (ab 4 WE pro Adresse),3343
4178,11053051100185____,Flurstück mit Wohnungsbestand der LWU (ab 4 WE pro Adresse),3312
4179,11053051100266____,Flurstück mit Wohnungsbestand der LWU (ab 4 WE pro Adresse),2346
4180,11053051100267____,Flurstück mit Wohnungsbestand der LWU (ab 4 WE pro Adresse),2553
4181,11053051100276____,Flurstück mit Wohnungsbestand der LWU (ab 4 WE pro Adresse),26274
4182,11053051100277____,Flurstück mit Wohnungsbestand der LWU (ab 4 WE pro Adresse),7847
4183,11053051100282____,Flurstück mit Wohnungsbestand der LWU (ab 4 WE pro Adresse),12477
4184,11053051100284____,Flurstück mit Wohnungsbestand der LWU (ab 4 WE pro Adresse),975
4185,11053051100314____,Flurstück mit Wohnungsbestand der LWU (ab 4 WE pro Adresse),2227
4186,11053051100315____,Flurstück mit Wohnungsbestand der LWU (ab 4 WE pro Adresse),2484
4187,11053051100316____,Flurstück mit Wohnungsbestand der LWU (ab 4 WE pro Adresse),5172
4188,11053051200030____,Flurstück mit Wohnungsbestand der LWU (ab 4 WE pro Adresse),497
4189,11053051200033____,Flurstück mit Wohnungsbestand der LWU (ab 4 WE pro Adresse),1865
4190,11053051200036____,Flurstück mit Wohnungsbestand der LWU (ab 4 WE pro Adresse),375
4191,11053051200070____,Flurstück mit Wohnungsbestand der LWU (ab 4 WE pro Adresse),897
4192,11053051200088____,Flurstück mit Wohnungsbestand der LWU (ab 4 WE pro Adresse),1516
4193,11053051200123____,Flurstück mit Wohnungsbestand der LWU (ab 4 WE pro Adresse),614
4194,11053051200134____,Flurstück mit Wohnungsbestand der LWU (ab 4 WE pro Adresse),668
4195,11053051200145____,Flurstück mit Wohnungsbestand der LWU (ab 4 WE pro Adresse),979
4196,11053051200146____,Flurstück mit Wohnungsbestand der LWU (ab 4 WE pro Adresse),971
4197,11053051200148____,Flurstück mit Wohnungsbestand der LWU (ab 4 WE pro Adresse),855
4198,11053051200200____,Flurstück mit Wohnungsbestand der LWU (ab 4 WE pro Adresse),218
4199,11053051200299____,Flurstück mit Wohnungsbestand der LWU (ab 4 WE pro Adresse),1431
4200,11053051200300____,Flurstück mit Wohnungsbestand der LWU (ab 4 WE pro Adresse),2560
4201,11053051200331____,Flurstück mit Wohnungsbestand der LWU (ab 4 WE pro Adresse),2056
4202,11053051200339____,Flurstück mit Wohnungsbestand der LWU (ab 4 WE pro Adresse),1062
4203,11053051200340____,Flurstück mit Wohnungsbestand der LWU (ab 4 WE pro Adresse),3066
4204,11053051200341____,Flurstück mit Wohnungsbestand der LWU (ab 4 WE pro Adresse),5232
4205,11053051200354____,Flurstück mit Wohnungsbestand der LWU (ab 4 WE pro Adresse),2395
4206,11053051200384____,Flurstück mit Wohnungsbestand der LWU (ab 4 WE pro Adresse),3797
4207,11053051200385____,Flurstück mit Wohnungsbestand der LWU (ab 4 WE pro Adresse),1161
4208,11053051200386____,Flurstück mit Wohnungsbestand der LWU (ab 4 WE pro Adresse),1943
4209,11053051200426____,Flurstück mit Wohnungsbestand der LWU (ab 4 WE pro Adresse),11287
4210,11053051200433____,Flurstück mit Wohnungsbestand der LWU (ab 4 WE pro Adresse),1265
4211,11053051200435____,Flurstück mit Wohnungsbestand der LWU (ab 4 WE pro Adresse),352
4212,11053051200448____,Flurstück mit Wohnungsbestand der LWU (ab 4 WE pro Adresse),437
4213,11053051200449____,Flurstück mit Wohnungsbestand der LWU (ab 4 WE pro Adresse),516
4214,11053051300005____,Flurstück mit Wohnungsbestand der LWU (ab 4 WE pro Adresse),311
4215,11053051300031____,Flurstück mit Wohnungsbestand der LWU (ab 4 WE pro Adresse),487
4216,11053051300060____,Flurstück mit Wohnungsbestand der LWU (ab 4 WE pro Adresse),498
4217,11053051300066____,Flurstück mit Wohnungsbestand der LWU (ab 4 WE pro Adresse),766
4218,11053051300097____,Flurstück mit Wohnungsbestand der LWU (ab 4 WE pro Adresse),265
4219,11053051300107____,Flurstück mit Wohnungsbestand der LWU (ab 4 WE pro Adresse),668
4220,11053051300260____,Flurstück mit Wohnungsbestand der LWU (ab 4 WE pro Adresse),675
4221,11053051300494____,Flurstück mit Wohnungsbestand der LWU (ab 4 WE pro Adresse),20203
4222,11053051408133____,Flurstück mit Wohnungsbestand der LWU (ab 4 WE pro Adresse),6721
4223,11053060900009____,Flurstück mit Wohnungsbestand der LWU (ab 4 WE pro Adresse),616
4224,11053060900053____,Flurstück mit Wohnungsbestand der LWU (ab 4 WE pro Adresse),6702
4225,11053060900082____,Flurstück mit Wohnungsbestand der LWU (ab 4 WE pro Adresse),4787
4226,11053060900085____,Flurstück mit Wohnungsbestand der LWU (ab 4 WE pro Adresse),3842
4227,11053060900087____,Flurstück mit Wohnungsbestand der LWU (ab 4 WE pro Adresse),5358
4228,11053060900088____,Flurstück mit Wohnungsbestand der LWU (ab 4 WE pro Adresse),4707
4229,11053060900091____,Flurstück mit Wohnungsbestand der LWU (ab 4 WE pro Adresse),4363
4230,11053060900101____,Flurstück mit Wohnungsbestand der LWU (ab 4 WE pro Adresse),4421
4231,11053060900141____,Flurstück mit Wohnungsbestand der LWU (ab 4 WE pro Adresse),633
4232,11053061000068____,Flurstück mit Wohnungsbestand der LWU (ab 4 WE pro Adresse),254
4233,11053061000071____,Flurstück mit Wohnungsbestand der LWU (ab 4 WE pro Adresse),300
4234,11053061000144____,Flurstück mit Wohnungsbestand der LWU (ab 4 WE pro Adresse),3614
4235,11053061000176____,Flurstück mit Wohnungsbestand der LWU (ab 4 WE pro Adresse),1789
4236,11053061000186____,Flurstück mit Wohnungsbestand der LWU (ab 4 WE pro Adresse),2823
4237,11053061000231____,Flurstück mit Wohnungsbestand der LWU (ab 4 WE pro Adresse),2897
4238,11053061000232____,Flurstück mit Wohnungsbestand der LWU (ab 4 WE pro Adresse),10000
4239,11053061000233____,Flurstück mit Wohnungsbestand der LWU (ab 4 WE pro Adresse),2504
4240,11053061000248____,Flurstück mit Wohnungsbestand der LWU (ab 4 WE pro Adresse),5298
4241,11053061000286____,Flurstück mit Wohnungsbestand der LWU (ab 4 WE pro Adresse),3785
4242,11053061000303____,Flurstück mit Wohnungsbestand der LWU (ab 4 WE pro Adresse),249
4243,11053061100007____,Flurstück mit Wohnungsbestand der LWU (ab 4 WE pro Adresse),1199
4244,11053061100038____,Flurstück mit Wohnungsbestand der LWU (ab 4 WE pro Adresse),595
4245,11053061100044____,Flurstück mit Wohnungsbestand der LWU (ab 4 WE pro Adresse),1200
4246,11053061100052____,Flurstück mit Wohnungsbestand der LWU (ab 4 WE pro Adresse),326
4247,11053061100078____,Flurstück mit Wohnungsbestand der LWU (ab 4 WE pro Adresse),2281
4248,11053061100079____,Flurstück mit Wohnungsbestand der LWU (ab 4 WE pro Adresse),890
4249,11053061100088____,Flurstück mit Wohnungsbestand der LWU (ab 4 WE pro Adresse),703
4250,11053061100090____,Flurstück mit Wohnungsbestand der LWU (ab 4 WE pro Adresse),325
4251,11053061100092____,Flurstück mit Wohnungsbestand der LWU (ab 4 WE pro Adresse),1294
4252,11053061100093____,Flurstück mit Wohnungsbestand der LWU (ab 4 WE pro Adresse),2906
4253,11053061100095____,Flurstück mit Wohnungsbestand der LWU (ab 4 WE pro Adresse),712
4254,11053061100104____,Flurstück mit Wohnungsbestand der LWU (ab 4 WE pro Adresse),692
4255,11053061100111____,Flurstück mit Wohnungsbestand der LWU (ab 4 WE pro Adresse),332
4256,11053061100115____,Flurstück mit Wohnungsbestand der LWU (ab 4 WE pro Adresse),1030
4257,11053061100123____,Flurstück mit Wohnungsbestand der LWU (ab 4 WE pro Adresse),1660
4258,11053061100131____,Flurstück mit Wohnungsbestand der LWU (ab 4 WE pro Adresse),1748
4259,11053061100143____,Flurstück mit Wohnungsbestand der LWU (ab 4 WE pro Adresse),1941
4260,11053061100165____,Flurstück mit Wohnungsbestand der LWU (ab 4 WE pro Adresse),5341
4261,11053061100168____,Flurstück mit Wohnungsbestand der LWU (ab 4 WE pro Adresse),525
4262,11053061100185____,Flurstück mit Wohnungsbestand der LWU (ab 4 WE pro Adresse),583
4263,11053061100197____,Flurstück mit Wohnungsbestand der LWU (ab 4 WE pro Adresse),585
4264,11053061100212____,Flurstück mit Wohnungsbestand der LWU (ab 4 WE pro Adresse),477
4265,11053061100215____,Flurstück mit Wohnungsbestand der LWU (ab 4 WE pro Adresse),711
4266,11053061100262____,Flurstück mit Wohnungsbestand der LWU (ab 4 WE pro Adresse),3971
4267,11053061100268____,Flurstück mit Wohnungsbestand der LWU (ab 4 WE pro Adresse),2709
4268,11053061100289____,Flurstück mit Wohnungsbestand der LWU (ab 4 WE pro Adresse),1800
4269,11053061100296____,Flurstück mit Wohnungsbestand der LWU (ab 4 WE pro Adresse),964
4270,11053061100299____,Flurstück mit Wohnungsbestand der LWU (ab 4 WE pro Adresse),614
4271,11053061100300____,Flurstück mit Wohnungsbestand der LWU (ab 4 WE pro Adresse),1363
4272,11053061100301____,Flurstück mit Wohnungsbestand der LWU (ab 4 WE pro Adresse),2054
4273,11053061100302____,Flurstück mit Wohnungsbestand der LWU (ab 4 WE pro Adresse),2608
4274,11053061100303____,Flurstück mit Wohnungsbestand der LWU (ab 4 WE pro Adresse),6146
4275,11053061100305____,Flurstück mit Wohnungsbestand der LWU (ab 4 WE pro Adresse),3934
4276,11053061100309____,Flurstück mit Wohnungsbestand der LWU (ab 4 WE pro Adresse),1854
4277,11053061100313____,Flurstück mit Wohnungsbestand der LWU (ab 4 WE pro Adresse),2081
4278,11053061100314____,Flurstück mit Wohnungsbestand der LWU (ab 4 WE pro Adresse),1555
4279,11053061100315____,Flurstück mit Wohnungsbestand der LWU (ab 4 WE pro Adresse),19238
4280,11053061200040____,Flurstück mit Wohnungsbestand der LWU (ab 4 WE pro Adresse),14456
4281,11053061200047____,Flurstück mit Wohnungsbestand der LWU (ab 4 WE pro Adresse),2926
4282,11053061200051____,Flurstück mit Wohnungsbestand der LWU (ab 4 WE pro Adresse),4552
4283,11053061200061____,Flurstück mit Wohnungsbestand der LWU (ab 4 WE pro Adresse),385
4284,11053061200070____,Flurstück mit Wohnungsbestand der LWU (ab 4 WE pro Adresse),732
4285,11053061200071____,Flurstück mit Wohnungsbestand der LWU (ab 4 WE pro Adresse),933
4286,11053061200077____,Flurstück mit Wohnungsbestand der LWU (ab 4 WE pro Adresse),1093
4287,11053061200079____,Flurstück mit Wohnungsbestand der LWU (ab 4 WE pro Adresse),1072
4288,11053061200098____,Flurstück mit Wohnungsbestand der LWU (ab 4 WE pro Adresse),1022
4289,11053061200102____,Flurstück mit Wohnungsbestand der LWU (ab 4 WE pro Adresse),530
4290,11053061200118____,Flurstück mit Wohnungsbestand der LWU (ab 4 WE pro Adresse),1206
4291,11053061200123____,Flurstück mit Wohnungsbestand der LWU (ab 4 WE pro Adresse),638
4292,11053061200201____,Flurstück mit Wohnungsbestand der LWU (ab 4 WE pro Adresse),233
4293,11053061200222____,Flurstück mit Wohnungsbestand der LWU (ab 4 WE pro Adresse),4323
4294,11053061200244____,Flurstück mit Wohnungsbestand der LWU (ab 4 WE pro Adresse),1401
4295,11053061200247____,Flurstück mit Wohnungsbestand der LWU (ab 4 WE pro Adresse),1775
4296,11053061200249____,Flurstück mit Wohnungsbestand der LWU (ab 4 WE pro Adresse),1149
4297,11053061200252____,Flurstück mit Wohnungsbestand der LWU (ab 4 WE pro Adresse),782
4298,11053061200253____,Flurstück mit Wohnungsbestand der LWU (ab 4 WE pro Adresse),5786
4299,11053061200254____,Flurstück mit Wohnungsbestand der LWU (ab 4 WE pro Adresse),2432
4300,11053061200280____,Flurstück mit Wohnungsbestand der LWU (ab 4 WE pro Adresse),1389
4301,11053061200283____,Flurstück mit Wohnungsbestand der LWU (ab 4 WE pro Adresse),1231
4302,11053061200290____,Flurstück mit Wohnungsbestand der LWU (ab 4 WE pro Adresse),7021
4303,11053061200291____,Flurstück mit Wohnungsbestand der LWU (ab 4 WE pro Adresse),1146
4304,11053061301116____,Flurstück mit Wohnungsbestand der LWU (ab 4 WE pro Adresse),514
4305,11053061301121____,Flurstück mit Wohnungsbestand der LWU (ab 4 WE pro Adresse),474
4306,11053061301134____,Flurstück mit Wohnungsbestand der LWU (ab 4 WE pro Adresse),541
4307,11053061301135____,Flurstück mit Wohnungsbestand der LWU (ab 4 WE pro Adresse),396
4308,11053061301149____,Flurstück mit Wohnungsbestand der LWU (ab 4 WE pro Adresse),680
4309,11053061301150____,Flurstück mit Wohnungsbestand der LWU (ab 4 WE pro Adresse),769
4310,11053061301152____,Flurstück mit Wohnungsbestand der LWU (ab 4 WE pro Adresse),777
4311,11053061301197____,Flurstück mit Wohnungsbestand der LWU (ab 4 WE pro Adresse),217
4312,11053061301198____,Flurstück mit Wohnungsbestand der LWU (ab 4 WE pro Adresse),392
4313,11053061301202____,Flurstück mit Wohnungsbestand der LWU (ab 4 WE pro Adresse),670
4314,11053061301242____,Flurstück mit Wohnungsbestand der LWU (ab 4 WE pro Adresse),834
4315,11053061301245____,Flurstück mit Wohnungsbestand der LWU (ab 4 WE pro Adresse),871
4316,11053061301247____,Flurstück mit Wohnungsbestand der LWU (ab 4 WE pro Adresse),942
4317,11053061301250____,Flurstück mit Wohnungsbestand der LWU (ab 4 WE pro Adresse),947
4318,11053061301258____,Flurstück mit Wohnungsbestand der LWU (ab 4 WE pro Adresse),574
4319,11053061301287____,Flurstück mit Wohnungsbestand der LWU (ab 4 WE pro Adresse),297
4320,11053061301324____,Flurstück mit Wohnungsbestand der LWU (ab 4 WE pro Adresse),400
4321,11053061301391____,Flurstück mit Wohnungsbestand der LWU (ab 4 WE pro Adresse),6104
4322,11053061301392____,Flurstück mit Wohnungsbestand der LWU (ab 4 WE pro Adresse),2197
4323,11053061301400____,Flurstück mit Wohnungsbestand der LWU (ab 4 WE pro Adresse),6719
4324,11053061301404____,Flurstück mit Wohnungsbestand der LWU (ab 4 WE pro Adresse),918
4325,11053061301491____,Flurstück mit Wohnungsbestand der LWU (ab 4 WE pro Adresse),494
4326,11053061301509____,Flurstück mit Wohnungsbestand der LWU (ab 4 WE pro Adresse),4834
4327,11053061301555____,Flurstück mit Wohnungsbestand der LWU (ab 4 WE pro Adresse),307
4328,11053061409004____,Flurstück mit Wohnungsbestand der LWU (ab 4 WE pro Adresse),1177
4329,11053070800107____,Flurstück mit Wohnungsbestand der LWU (ab 4 WE pro Adresse),9480
4330,11053070800108____,Flurstück mit Wohnungsbestand der LWU (ab 4 WE pro Adresse),1010
4331,11053070800109____,Flurstück mit Wohnungsbestand der LWU (ab 4 WE pro Adresse),930
4332,11053070800111____,Flurstück mit Wohnungsbestand der LWU (ab 4 WE pro Adresse),1227
4333,11053070800121____,Flurstück mit Wohnungsbestand der LWU (ab 4 WE pro Adresse),11583
4334,11053070800123____,Flurstück mit Wohnungsbestand der LWU (ab 4 WE pro Adresse),7681
4335,11053070800125____,Flurstück mit Wohnungsbestand der LWU (ab 4 WE pro Adresse),5896
4336,11053070900258____,Flurstück mit Wohnungsbestand der LWU (ab 4 WE pro Adresse),15301
4337,11053070900264____,Flurstück mit Wohnungsbestand der LWU (ab 4 WE pro Adresse),11286
4338,11053070900274____,Flurstück mit Wohnungsbestand der LWU (ab 4 WE pro Adresse),6187
4339,11053070900319____,Flurstück mit Wohnungsbestand der LWU (ab 4 WE pro Adresse),7876
4340,11053071000062____,Flurstück mit Wohnungsbestand der LWU (ab 4 WE pro Adresse),1494
4341,11053071000094____,Flurstück mit Wohnungsbestand der LWU (ab 4 WE pro Adresse),500
4342,11053071000271____,Flurstück mit Wohnungsbestand der LWU (ab 4 WE pro Adresse),6714
4343,11053071000277____,Flurstück mit Wohnungsbestand der LWU (ab 4 WE pro Adresse),3873
4344,11053071000280____,Flurstück mit Wohnungsbestand der LWU (ab 4 WE pro Adresse),5313
4345,11053071000286____,Flurstück mit Wohnungsbestand der LWU (ab 4 WE pro Adresse),8500
4346,11053071000346____,Flurstück mit Wohnungsbestand der LWU (ab 4 WE pro Adresse),9414
4347,11053071000348____,Flurstück mit Wohnungsbestand der LWU (ab 4 WE pro Adresse),3141
4348,11053071000388____,Flurstück mit Wohnungsbestand der LWU (ab 4 WE pro Adresse),4092
4349,11053071000493____,Flurstück mit Wohnungsbestand der LWU (ab 4 WE pro Adresse),2686
4350,11053071000504____,Flurstück mit Wohnungsbestand der LWU (ab 4 WE pro Adresse),5730
4351,11053071100025____,Flurstück mit Wohnungsbestand der LWU (ab 4 WE pro Adresse),731
4352,11053071100026____,Flurstück mit Wohnungsbestand der LWU (ab 4 WE pro Adresse),782
4353,11053071100033____,Flurstück mit Wohnungsbestand der LWU (ab 4 WE pro Adresse),452
4354,11053071100035____,Flurstück mit Wohnungsbestand der LWU (ab 4 WE pro Adresse),746
4355,11053071100052____,Flurstück mit Wohnungsbestand der LWU (ab 4 WE pro Adresse),474
4356,11053071100117____,Flurstück mit Wohnungsbestand der LWU (ab 4 WE pro Adresse),539
4357,11053071100121____,Flurstück mit Wohnungsbestand der LWU (ab 4 WE pro Adresse),1197
4358,11053071100158____,Flurstück mit Wohnungsbestand der LWU (ab 4 WE pro Adresse),2108
4359,11053071100398____,Flurstück mit Wohnungsbestand der LWU (ab 4 WE pro Adresse),884
4360,11053071100451____,Flurstück mit Wohnungsbestand der LWU (ab 4 WE pro Adresse),3537
4361,11053071100490____,Flurstück mit Wohnungsbestand der LWU (ab 4 WE pro Adresse),1445
4362,11053071100495____,Flurstück mit Wohnungsbestand der LWU (ab 4 WE pro Adresse),662
4363,11053071100514____,Flurstück mit Wohnungsbestand der LWU (ab 4 WE pro Adresse),4045
4364,11053071200034____,Flurstück mit Wohnungsbestand der LWU (ab 4 WE pro Adresse),782
4365,11053071200038____,Flurstück mit Wohnungsbestand der LWU (ab 4 WE pro Adresse),462
4366,11053071200052____,Flurstück mit Wohnungsbestand der LWU (ab 4 WE pro Adresse),2734
4367,11053071200054____,Flurstück mit Wohnungsbestand der LWU (ab 4 WE pro Adresse),505
4368,11053071200061____,Flurstück mit Wohnungsbestand der LWU (ab 4 WE pro Adresse),414
4369,11053071200070____,Flurstück mit Wohnungsbestand der LWU (ab 4 WE pro Adresse),764
4370,11053071200072____,Flurstück mit Wohnungsbestand der LWU (ab 4 WE pro Adresse),776
4371,11053071200073____,Flurstück mit Wohnungsbestand der LWU (ab 4 WE pro Adresse),770
4372,11053071200088____,Flurstück mit Wohnungsbestand der LWU (ab 4 WE pro Adresse),990
4373,11053071200206____,Flurstück mit Wohnungsbestand der LWU (ab 4 WE pro Adresse),425
4374,11053071200207____,Flurstück mit Wohnungsbestand der LWU (ab 4 WE pro Adresse),1080
4375,11053071200247____,Flurstück mit Wohnungsbestand der LWU (ab 4 WE pro Adresse),12510
4376,11053071200253____,Flurstück mit Wohnungsbestand der LWU (ab 4 WE pro Adresse),14124
4377,11053071200264____,Flurstück mit Wohnungsbestand der LWU (ab 4 WE pro Adresse),2831
4378,11053071200280____,Flurstück mit Wohnungsbestand der LWU (ab 4 WE pro Adresse),2067
4379,11053071200281____,Flurstück mit Wohnungsbestand der LWU (ab 4 WE pro Adresse),2297
4380,11053071200282____,Flurstück mit Wohnungsbestand der LWU (ab 4 WE pro Adresse),2521
4381,11053071200300____,Flurstück mit Wohnungsbestand der LWU (ab 4 WE pro Adresse),12903
4382,11053071200302____,Flurstück mit Wohnungsbestand der LWU (ab 4 WE pro Adresse),12420
4383,11053071200308____,Flurstück mit Wohnungsbestand der LWU (ab 4 WE pro Adresse),2885
4384,11053071200313____,Flurstück mit Wohnungsbestand der LWU (ab 4 WE pro Adresse),987
4385,11053071200314____,Flurstück mit Wohnungsbestand der LWU (ab 4 WE pro Adresse),2284
4386,11053071200345____,Flurstück mit Wohnungsbestand der LWU (ab 4 WE pro Adresse),4507
4387,11053071304273____,Flurstück mit Wohnungsbestand der LWU (ab 4 WE pro Adresse),13272
4388,11053071304288____,Flurstück mit Wohnungsbestand der LWU (ab 4 WE pro Adresse),1225
4389,11053071304299____,Flurstück mit Wohnungsbestand der LWU (ab 4 WE pro Adresse),9888
4390,11053071304300____,Flurstück mit Wohnungsbestand der LWU (ab 4 WE pro Adresse),8139
4391,11053071304305____,Flurstück mit Wohnungsbestand der LWU (ab 4 WE pro Adresse),8132
4392,11053071304306____,Flurstück mit Wohnungsbestand der LWU (ab 4 WE pro Adresse),2654
4393,11053071304309____,Flurstück mit Wohnungsbestand der LWU (ab 4 WE pro Adresse),6768
4394,11053071304311____,Flurstück mit Wohnungsbestand der LWU (ab 4 WE pro Adresse),7337
4395,11053071304312____,Flurstück mit Wohnungsbestand der LWU (ab 4 WE pro Adresse),2175
4396,11053071304340____,Flurstück mit Wohnungsbestand der LWU (ab 4 WE pro Adresse),14985
4397,11053071304346____,Flurstück mit Wohnungsbestand der LWU (ab 4 WE pro Adresse),8364
4398,11053071304352____,Flurstück mit Wohnungsbestand der LWU (ab 4 WE pro Adresse),2815
4399,11053081000283____,Flurstück mit Wohnungsbestand der LWU (ab 4 WE pro Adresse),52832
4400,11053081100013____,Flurstück mit Wohnungsbestand der LWU (ab 4 WE pro Adresse),764
4401,11053081100014____,Flurstück mit Wohnungsbestand der LWU (ab 4 WE pro Adresse),2830
4402,11053081100016____,Flurstück mit Wohnungsbestand der LWU (ab 4 WE pro Adresse),19962
4403,11053081100037____,Flurstück mit Wohnungsbestand der LWU (ab 4 WE pro Adresse),17904
4404,11053081100042____,Flurstück mit Wohnungsbestand der LWU (ab 4 WE pro Adresse),776
4405,11053081100061____,Flurstück mit Wohnungsbestand der LWU (ab 4 WE pro Adresse),4355
4406,11053081100062____,Flurstück mit Wohnungsbestand der LWU (ab 4 WE pro Adresse),3129
4407,11053081100063____,Flurstück mit Wohnungsbestand der LWU (ab 4 WE pro Adresse),516
4408,11053081100065____,Flurstück mit Wohnungsbestand der LWU (ab 4 WE pro Adresse),515
4409,11053081100073____,Flurstück mit Wohnungsbestand der LWU (ab 4 WE pro Adresse),2137
4410,11053081100074____,Flurstück mit Wohnungsbestand der LWU (ab 4 WE pro Adresse),1531
4411,11053081100076____,Flurstück mit Wohnungsbestand der LWU (ab 4 WE pro Adresse),4198
4412,11053081100078____,Flurstück mit Wohnungsbestand der LWU (ab 4 WE pro Adresse),1904
4413,11053081100083____,Flurstück mit Wohnungsbestand der LWU (ab 4 WE pro Adresse),3214
4414,11053081100084____,Flurstück mit Wohnungsbestand der LWU (ab 4 WE pro Adresse),426
4415,11053081100085____,Flurstück mit Wohnungsbestand der LWU (ab 4 WE pro Adresse),1109
4416,11053081100086____,Flurstück mit Wohnungsbestand der LWU (ab 4 WE pro Adresse),3139
4417,11053081200076____,Flurstück mit Wohnungsbestand der LWU (ab 4 WE pro Adresse),471
4418,11053081200097____,Flurstück mit Wohnungsbestand der LWU (ab 4 WE pro Adresse),347
4419,11053081200101____,Flurstück mit Wohnungsbestand der LWU (ab 4 WE pro Adresse),395
4420,11053081200105____,Flurstück mit Wohnungsbestand der LWU (ab 4 WE pro Adresse),776
4421,11053081200109____,Flurstück mit Wohnungsbestand der LWU (ab 4 WE pro Adresse),945
4422,11053081200123____,Flurstück mit Wohnungsbestand der LWU (ab 4 WE pro Adresse),17313
4423,11053081200158____,Flurstück mit Wohnungsbestand der LWU (ab 4 WE pro Adresse),6324
4424,11053081200167____,Flurstück mit Wohnungsbestand der LWU (ab 4 WE pro Adresse),804
4425,11053081200178____,Flurstück mit Wohnungsbestand der LWU (ab 4 WE pro Adresse),1398
4426,11053081200473____,Flurstück mit Wohnungsbestand der LWU (ab 4 WE pro Adresse),9386
4427,11053081302009____,Flurstück mit Wohnungsbestand der LWU (ab 4 WE pro Adresse),1424
4428,11053081302021____,Flurstück mit Wohnungsbestand der LWU (ab 4 WE pro Adresse),1188
4429,11053081302177____,Flurstück mit Wohnungsbestand der LWU (ab 4 WE pro Adresse),3858
4430,11053081302192____,Flurstück mit Wohnungsbestand der LWU (ab 4 WE pro Adresse),5980
4431,11053091200139____,Flurstück mit Wohnungsbestand der LWU (ab 4 WE pro Adresse),11517
4432,11053091200184____,Flurstück mit Wohnungsbestand der LWU (ab 4 WE pro Adresse),4397
4433,11053091301017____,Flurstück mit Wohnungsbestand der LWU (ab 4 WE pro Adresse),661
4434,11053091301025____,Flurstück mit Wohnungsbestand der LWU (ab 4 WE pro Adresse),4102
4435,11053091301027____,Flurstück mit Wohnungsbestand der LWU (ab 4 WE pro Adresse),4445
4436,11053091301033____,Flurstück mit Wohnungsbestand der LWU (ab 4 WE pro Adresse),763
4437,11053091301034____,Flurstück mit Wohnungsbestand der LWU (ab 4 WE pro Adresse),4677
4438,11053091301144____,Flurstück mit Wohnungsbestand der LWU (ab 4 WE pro Adresse),2886
4439,11053091301161____,Flurstück mit Wohnungsbestand der LWU (ab 4 WE pro Adresse),2007
4440,11053091301205____,Flurstück mit Wohnungsbestand der LWU (ab 4 WE pro Adresse),7630
4441,11053091301222____,Flurstück mit Wohnungsbestand der LWU (ab 4 WE pro Adresse),4557
4442,11053091301232____,Flurstück mit Wohnungsbestand der LWU (ab 4 WE pro Adresse),6315
4443,11053091301270____,Flurstück mit Wohnungsbestand der LWU (ab 4 WE pro Adresse),8556
4444,11053091301271____,Flurstück mit Wohnungsbestand der LWU (ab 4 WE pro Adresse),712
4445,11053091301272____,Flurstück mit Wohnungsbestand der LWU (ab 4 WE pro Adresse),8262
4446,11053091301297____,Flurstück mit Wohnungsbestand der LWU (ab 4 WE pro Adresse),7018
4447,11053091301326____,Flurstück mit Wohnungsbestand der LWU (ab 4 WE pro Adresse),34890
4448,11053091301327____,Flurstück mit Wohnungsbestand der LWU (ab 4 WE pro Adresse),3908
4449,11053091400052____,Flurstück mit Wohnungsbestand der LWU (ab 4 WE pro Adresse),4852
4450,11054523500003____,Flurstück mit Wohnungsbestand der LWU (ab 4 WE pro Adresse),1029
4451,11054523500004____,Flurstück mit Wohnungsbestand der LWU (ab 4 WE pro Adresse),531
4452,11054523500005____,Flurstück mit Wohnungsbestand der LWU (ab 4 WE pro Adresse),320
4453,11054523500007____,Flurstück mit Wohnungsbestand der LWU (ab 4 WE pro Adresse),484
4454,11054523500008____,Flurstück mit Wohnungsbestand der LWU (ab 4 WE pro Adresse),508
4455,11054523500035____,Flurstück mit Wohnungsbestand der LWU (ab 4 WE pro Adresse),560
4456,11054523500036____,Flurstück mit Wohnungsbestand der LWU (ab 4 WE pro Adresse),218
4457,11054523500044____,Flurstück mit Wohnungsbestand der LWU (ab 4 WE pro Adresse),525
4458,11054523500052____,Flurstück mit Wohnungsbestand der LWU (ab 4 WE pro Adresse),771
4459,11054523500059____,Flurstück mit Wohnungsbestand der LWU (ab 4 WE pro Adresse),703
4460,11054523500072____,Flurstück mit Wohnungsbestand der LWU (ab 4 WE pro Adresse),547
4461,11054523500110____,Flurstück mit Wohnungsbestand der LWU (ab 4 WE pro Adresse),5294
4462,11054523500125____,Flurstück mit Wohnungsbestand der LWU (ab 4 WE pro Adresse),902
4463,11054523500128____,Flurstück mit Wohnungsbestand der LWU (ab 4 WE pro Adresse),2485
4464,11054523500129____,Flurstück mit Wohnungsbestand der LWU (ab 4 WE pro Adresse),1950
4465,11054523500130____,Flurstück mit Wohnungsbestand der LWU (ab 4 WE pro Adresse),3609
4466,11054523500134____,Flurstück mit Wohnungsbestand der LWU (ab 4 WE pro Adresse),444
4467,11054523500141____,Flurstück mit Wohnungsbestand der LWU (ab 4 WE pro Adresse),1293
4468,11054524304055____,Flurstück mit Wohnungsbestand der LWU (ab 4 WE pro Adresse),34283
4469,11054524304056____,Flurstück mit Wohnungsbestand der LWU (ab 4 WE pro Adresse),11439
4470,11054524304058____,Flurstück mit Wohnungsbestand der LWU (ab 4 WE pro Adresse),4619
4471,11054524304060____,Flurstück mit Wohnungsbestand der LWU (ab 4 WE pro Adresse),2056
4472,11054524304064____,Flurstück mit Wohnungsbestand der LWU (ab 4 WE pro Adresse),5170
4473,11054524400047____,Flurstück mit Wohnungsbestand der LWU (ab 4 WE pro Adresse),951
4474,11054524400075____,Flurstück mit Wohnungsbestand der LWU (ab 4 WE pro Adresse),886
4475,11054524400078____,Flurstück mit Wohnungsbestand der LWU (ab 4 WE pro Adresse),894
4476,11054524400079____,Flurstück mit Wohnungsbestand der LWU (ab 4 WE pro Adresse),887
4477,11054524400082____,Flurstück mit Wohnungsbestand der LWU (ab 4 WE pro Adresse),6787
4478,11054524400099____,Flurstück mit Wohnungsbestand der LWU (ab 4 WE pro Adresse),2036
4479,11054524500090____,Flurstück mit Wohnungsbestand der LWU (ab 4 WE pro Adresse),1007
4480,11054524500091____,Flurstück mit Wohnungsbestand der LWU (ab 4 WE pro Adresse),700
4481,11054524500112____,Flurstück mit Wohnungsbestand der LWU (ab 4 WE pro Adresse),773
4482,11054524500113____,Flurstück mit Wohnungsbestand der LWU (ab 4 WE pro Adresse),926
4483,11054524500134____,Flurstück mit Wohnungsbestand der LWU (ab 4 WE pro Adresse),428
4484,11054524500138____,Flurstück mit Wohnungsbestand der LWU (ab 4 WE pro Adresse),892
4485,11054524500139____,Flurstück mit Wohnungsbestand der LWU (ab 4 WE pro Adresse),2306
4486,11054524500170____,Flurstück mit Wohnungsbestand der LWU (ab 4 WE pro Adresse),528
4487,11054524500188____,Flurstück mit Wohnungsbestand der LWU (ab 4 WE pro Adresse),579
4488,11054524500209____,Flurstück mit Wohnungsbestand der LWU (ab 4 WE pro Adresse),3426
4489,11054524500256____,Flurstück mit Wohnungsbestand der LWU (ab 4 WE pro Adresse),755
4490,11054524500262____,Flurstück mit Wohnungsbestand der LWU (ab 4 WE pro Adresse),217
4491,11054524500292____,Flurstück mit Wohnungsbestand der LWU (ab 4 WE pro Adresse),1010
4492,11054524500331____,Flurstück mit Wohnungsbestand der LWU (ab 4 WE pro Adresse),801
4493,11054524500342____,Flurstück mit Wohnungsbestand der LWU (ab 4 WE pro Adresse),439
4494,11054524500343____,Flurstück mit Wohnungsbestand der LWU (ab 4 WE pro Adresse),445
4495,11054524500385____,Flurstück mit Wohnungsbestand der LWU (ab 4 WE pro Adresse),479
4496,11054524500386____,Flurstück mit Wohnungsbestand der LWU (ab 4 WE pro Adresse),302
4497,11054524500389____,Flurstück mit Wohnungsbestand der LWU (ab 4 WE pro Adresse),685
4498,11054524500397____,Flurstück mit Wohnungsbestand der LWU (ab 4 WE pro Adresse),481
4499,11054524500433____,Flurstück mit Wohnungsbestand der LWU (ab 4 WE pro Adresse),410
4500,11054524500506____,Flurstück mit Wohnungsbestand der LWU (ab 4 WE pro Adresse),856
4501,11054524500519____,Flurstück mit Wohnungsbestand der LWU (ab 4 WE pro Adresse),1531
4502,11054524500595____,Flurstück mit Wohnungsbestand der LWU (ab 4 WE pro Adresse),3333
4503,11054524600013____,Flurstück mit Wohnungsbestand der LWU (ab 4 WE pro Adresse),509
4504,11054524600014____,Flurstück mit Wohnungsbestand der LWU (ab 4 WE pro Adresse),543
4505,11054524600025____,Flurstück mit Wohnungsbestand der LWU (ab 4 WE pro Adresse),430
4506,11054524600051____,Flurstück mit Wohnungsbestand der LWU (ab 4 WE pro Adresse),992
4507,11054524600087____,Flurstück mit Wohnungsbestand der LWU (ab 4 WE pro Adresse),1721
4508,11054524600103____,Flurstück mit Wohnungsbestand der LWU (ab 4 WE pro Adresse),754
4509,11054524600104____,Flurstück mit Wohnungsbestand der LWU (ab 4 WE pro Adresse),1865
4510,11054524600107____,Flurstück mit Wohnungsbestand der LWU (ab 4 WE pro Adresse),403
4511,11054524600108____,Flurstück mit Wohnungsbestand der LWU (ab 4 WE pro Adresse),335
4512,11054524600109____,Flurstück mit Wohnungsbestand der LWU (ab 4 WE pro Adresse),570
4513,11054524600110____,Flurstück mit Wohnungsbestand der LWU (ab 4 WE pro Adresse),733
4514,11054524600124____,Flurstück mit Wohnungsbestand der LWU (ab 4 WE pro Adresse),601
4515,11054524600141____,Flurstück mit Wohnungsbestand der LWU (ab 4 WE pro Adresse),729
4516,11054524600155____,Flurstück mit Wohnungsbestand der LWU (ab 4 WE pro Adresse),4332
4517,11054524600156____,Flurstück mit Wohnungsbestand der LWU (ab 4 WE pro Adresse),1966
4518,11054524600158____,Flurstück mit Wohnungsbestand der LWU (ab 4 WE pro Adresse),853
4519,11054524600159____,Flurstück mit Wohnungsbestand der LWU (ab 4 WE pro Adresse),833
4520,11054524600161____,Flurstück mit Wohnungsbestand der LWU (ab 4 WE pro Adresse),738
4521,11054524600162____,Flurstück mit Wohnungsbestand der LWU (ab 4 WE pro Adresse),539
4522,11054524600163____,Flurstück mit Wohnungsbestand der LWU (ab 4 WE pro Adresse),506
4523,11054524600164____,Flurstück mit Wohnungsbestand der LWU (ab 4 WE pro Adresse),887
4524,11054524600165____,Flurstück mit Wohnungsbestand der LWU (ab 4 WE pro Adresse),1123
4525,11054524600178____,Flurstück mit Wohnungsbestand der LWU (ab 4 WE pro Adresse),853
4526,11054524600179____,Flurstück mit Wohnungsbestand der LWU (ab 4 WE pro Adresse),624
4527,11054524600180____,Flurstück mit Wohnungsbestand der LWU (ab 4 WE pro Adresse),473
4528,11054524600182____,Flurstück mit Wohnungsbestand der LWU (ab 4 WE pro Adresse),1168
4529,11054524600183____,Flurstück mit Wohnungsbestand der LWU (ab 4 WE pro Adresse),602
4530,11054524600208____,Flurstück mit Wohnungsbestand der LWU (ab 4 WE pro Adresse),510
4531,11054524600210____,Flurstück mit Wohnungsbestand der LWU (ab 4 WE pro Adresse),482
4532,11054524600211____,Flurstück mit Wohnungsbestand der LWU (ab 4 WE pro Adresse),472
4533,11054524600256____,Flurstück mit Wohnungsbestand der LWU (ab 4 WE pro Adresse),1049
4534,11054524600292____,Flurstück mit Wohnungsbestand der LWU (ab 4 WE pro Adresse),666
4535,11054524600295____,Flurstück mit Wohnungsbestand der LWU (ab 4 WE pro Adresse),2789
4536,11054525300093____,Flurstück mit Wohnungsbestand der LWU (ab 4 WE pro Adresse),1959
4537,11054525300098____,Flurstück mit Wohnungsbestand der LWU (ab 4 WE pro Adresse),1115
4538,11054525300106____,Flurstück mit Wohnungsbestand der LWU (ab 4 WE pro Adresse),2236
4539,11054525300131____,Flurstück mit Wohnungsbestand der LWU (ab 4 WE pro Adresse),2890
4540,11054525300143____,Flurstück mit Wohnungsbestand der LWU (ab 4 WE pro Adresse),12579
4541,11054525300217____,Flurstück mit Wohnungsbestand der LWU (ab 4 WE pro Adresse),4748
4542,11054525300218____,Flurstück mit Wohnungsbestand der LWU (ab 4 WE pro Adresse),4696
4543,11054525300280____,Flurstück mit Wohnungsbestand der LWU (ab 4 WE pro Adresse),1682
4544,11054525400003____,Flurstück mit Wohnungsbestand der LWU (ab 4 WE pro Adresse),524
4545,11054525400060____,Flurstück mit Wohnungsbestand der LWU (ab 4 WE pro Adresse),3651
4546,11054525400069____,Flurstück mit Wohnungsbestand der LWU (ab 4 WE pro Adresse),1364
4547,11054525400167____,Flurstück mit Wohnungsbestand der LWU (ab 4 WE pro Adresse),1198
4548,11054525400189____,Flurstück mit Wohnungsbestand der LWU (ab 4 WE pro Adresse),4322
4549,11054525400216____,Flurstück mit Wohnungsbestand der LWU (ab 4 WE pro Adresse),482
4550,11054525400218____,Flurstück mit Wohnungsbestand der LWU (ab 4 WE pro Adresse),482
4551,11054525500058____,Flurstück mit Wohnungsbestand der LWU (ab 4 WE pro Adresse),1523
4552,11054525500086____,Flurstück mit Wohnungsbestand der LWU (ab 4 WE pro Adresse),570
4553,11054525500089____,Flurstück mit Wohnungsbestand der LWU (ab 4 WE pro Adresse),494
4554,11054525500090____,Flurstück mit Wohnungsbestand der LWU (ab 4 WE pro Adresse),711
4555,11054525500135____,Flurstück mit Wohnungsbestand der LWU (ab 4 WE pro Adresse),3495
4556,11054525500184____,Flurstück mit Wohnungsbestand der LWU (ab 4 WE pro Adresse),1344
4557,11054525500199____,Flurstück mit Wohnungsbestand der LWU (ab 4 WE pro Adresse),840
4558,11054525500238____,Flurstück mit Wohnungsbestand der LWU (ab 4 WE pro Adresse),1195
4559,11054525600005____,Flurstück mit Wohnungsbestand der LWU (ab 4 WE pro Adresse),2739
4560,11054525600034____,Flurstück mit Wohnungsbestand der LWU (ab 4 WE pro Adresse),856
4561,11054525600073____,Flurstück mit Wohnungsbestand der LWU (ab 4 WE pro Adresse),356
4562,11054525600074____,Flurstück mit Wohnungsbestand der LWU (ab 4 WE pro Adresse),354
4563,11054525600084____,Flurstück mit Wohnungsbestand der LWU (ab 4 WE pro Adresse),470
4564,11054525600086____,Flurstück mit Wohnungsbestand der LWU (ab 4 WE pro Adresse),1300
4565,11054525600100____,Flurstück mit Wohnungsbestand der LWU (ab 4 WE pro Adresse),691
4566,11054525600101____,Flurstück mit Wohnungsbestand der LWU (ab 4 WE pro Adresse),1208
4567,11054525600135____,Flurstück mit Wohnungsbestand der LWU (ab 4 WE pro Adresse),360
4568,11054525600163____,Flurstück mit Wohnungsbestand der LWU (ab 4 WE pro Adresse),559
4569,11054525600164____,Flurstück mit Wohnungsbestand der LWU (ab 4 WE pro Adresse),652
4570,11054525600167____,Flurstück mit Wohnungsbestand der LWU (ab 4 WE pro Adresse),6468
4571,11054525600168____,Flurstück mit Wohnungsbestand der LWU (ab 4 WE pro Adresse),582
4572,11054525600177____,Flurstück mit Wohnungsbestand der LWU (ab 4 WE pro Adresse),1670
4573,11054525600182____,Flurstück mit Wohnungsbestand der LWU (ab 4 WE pro Adresse),1448
4574,11054525600184____,Flurstück mit Wohnungsbestand der LWU (ab 4 WE pro Adresse),4413
4575,11054525600185____,Flurstück mit Wohnungsbestand der LWU (ab 4 WE pro Adresse),382
4576,11054525600189____,Flurstück mit Wohnungsbestand der LWU (ab 4 WE pro Adresse),4831
4577,11054525600190____,Flurstück mit Wohnungsbestand der LWU (ab 4 WE pro Adresse),1841
4578,11054525600199____,Flurstück mit Wohnungsbestand der LWU (ab 4 WE pro Adresse),1991
4579,11054525600219____,Flurstück mit Wohnungsbestand der LWU (ab 4 WE pro Adresse),672
4580,11054525600224____,Flurstück mit Wohnungsbestand der LWU (ab 4 WE pro Adresse),888
4581,11054525600229____,Flurstück mit Wohnungsbestand der LWU (ab 4 WE pro Adresse),1191
4582,11054525600238____,Flurstück mit Wohnungsbestand der LWU (ab 4 WE pro Adresse),3916
4583,11054525600239____,Flurstück mit Wohnungsbestand der LWU (ab 4 WE pro Adresse),411
4584,11054525600262____,Flurstück mit Wohnungsbestand der LWU (ab 4 WE pro Adresse),4327
4585,11054525600263____,Flurstück mit Wohnungsbestand der LWU (ab 4 WE pro Adresse),3285
4586,11054525600264____,Flurstück mit Wohnungsbestand der LWU (ab 4 WE pro Adresse),1138
4587,11054525600281____,Flurstück mit Wohnungsbestand der LWU (ab 4 WE pro Adresse),16094
4588,11054525704193____,Flurstück mit Wohnungsbestand der LWU (ab 4 WE pro Adresse),1287
4589,11054525704203____,Flurstück mit Wohnungsbestand der LWU (ab 4 WE pro Adresse),1060
4590,11054525704227____,Flurstück mit Wohnungsbestand der LWU (ab 4 WE pro Adresse),800
4591,11054525704325____,Flurstück mit Wohnungsbestand der LWU (ab 4 WE pro Adresse),1764
4592,11054526200003____,Flurstück mit Wohnungsbestand der LWU (ab 4 WE pro Adresse),836
4593,11054526200005____,Flurstück mit Wohnungsbestand der LWU (ab 4 WE pro Adresse),1423
4594,11054526300141____,Flurstück mit Wohnungsbestand der LWU (ab 4 WE pro Adresse),4295
4595,11054526300165____,Flurstück mit Wohnungsbestand der LWU (ab 4 WE pro Adresse),1535
4596,11054526300179____,Flurstück mit Wohnungsbestand der LWU (ab 4 WE pro Adresse),4277
4597,11054526400057____,Flurstück mit Wohnungsbestand der LWU (ab 4 WE pro Adresse),859
4598,11054526400059____,Flurstück mit Wohnungsbestand der LWU (ab 4 WE pro Adresse),4923
4599,11054526400079____,Flurstück mit Wohnungsbestand der LWU (ab 4 WE pro Adresse),21601
4600,11054526400081____,Flurstück mit Wohnungsbestand der LWU (ab 4 WE pro Adresse),8779
4601,11054526400086____,Flurstück mit Wohnungsbestand der LWU (ab 4 WE pro Adresse),475
4602,11054526400108____,Flurstück mit Wohnungsbestand der LWU (ab 4 WE pro Adresse),1180
4603,11054526400110____,Flurstück mit Wohnungsbestand der LWU (ab 4 WE pro Adresse),603
4604,11054526400111____,Flurstück mit Wohnungsbestand der LWU (ab 4 WE pro Adresse),577
4605,11054526400112____,Flurstück mit Wohnungsbestand der LWU (ab 4 WE pro Adresse),577
4606,11054526400115____,Flurstück mit Wohnungsbestand der LWU (ab 4 WE pro Adresse),581
4607,11054526400118____,Flurstück mit Wohnungsbestand der LWU (ab 4 WE pro Adresse),721
4608,11054526400135____,Flurstück mit Wohnungsbestand der LWU (ab 4 WE pro Adresse),5839
4609,11054526400164____,Flurstück mit Wohnungsbestand der LWU (ab 4 WE pro Adresse),921
4610,11054526400166____,Flurstück mit Wohnungsbestand der LWU (ab 4 WE pro Adresse),909
4611,11054526400185____,Flurstück mit Wohnungsbestand der LWU (ab 4 WE pro Adresse),755
4612,11054526500065____,Flurstück mit Wohnungsbestand der LWU (ab 4 WE pro Adresse),4762
4613,11054526500213____,Flurstück mit Wohnungsbestand der LWU (ab 4 WE pro Adresse),1192
4614,11054526500224____,Flurstück mit Wohnungsbestand der LWU (ab 4 WE pro Adresse),3475
4615,11054526500279____,Flurstück mit Wohnungsbestand der LWU (ab 4 WE pro Adresse),1734
4616,11054526601016____,Flurstück mit Wohnungsbestand der LWU (ab 4 WE pro Adresse),5726
4617,11054526601025____,Flurstück mit Wohnungsbestand der LWU (ab 4 WE pro Adresse),8318
4618,11054526601027____,Flurstück mit Wohnungsbestand der LWU (ab 4 WE pro Adresse),7487
4619,11054526601029____,Flurstück mit Wohnungsbestand der LWU (ab 4 WE pro Adresse),16706
4620,11054526601152____,Flurstück mit Wohnungsbestand der LWU (ab 4 WE pro Adresse),7917
4621,11054526601163____,Flurstück mit Wohnungsbestand der LWU (ab 4 WE pro Adresse),9312
4622,11054526709025____,Flurstück mit Wohnungsbestand der LWU (ab 4 WE pro Adresse),2809
4623,11054526709029____,Flurstück mit Wohnungsbestand der LWU (ab 4 WE pro Adresse),1768
4624,11054526709062____,Flurstück mit Wohnungsbestand der LWU (ab 4 WE pro Adresse),5305
4625,11054526709091____,Flurstück mit Wohnungsbestand der LWU (ab 4 WE pro Adresse),8429
4626,11054527600015____,Flurstück mit Wohnungsbestand der LWU (ab 4 WE pro Adresse),1523
4627,11054528600003____,Flurstück mit Wohnungsbestand der LWU (ab 4 WE pro Adresse),2584
4628,11054528600012____,Flurstück mit Wohnungsbestand der LWU (ab 4 WE pro Adresse),3543
4629,11054528700021____,Flurstück mit Wohnungsbestand der LWU (ab 4 WE pro Adresse),778
4630,11054528700281____,Flurstück mit Wohnungsbestand der LWU (ab 4 WE pro Adresse),1570
4631,11054528700348____,Flurstück mit Wohnungsbestand der LWU (ab 4 WE pro Adresse),4195
4632,11054528700389____,Flurstück mit Wohnungsbestand der LWU (ab 4 WE pro Adresse),2206
4633,11054528700395____,Flurstück mit Wohnungsbestand der LWU (ab 4 WE pro Adresse),793
4634,11054529600097____,Flurstück mit Wohnungsbestand der LWU (ab 4 WE pro Adresse),2389
4635,11054529700078____,Flurstück mit Wohnungsbestand der LWU (ab 4 WE pro Adresse),8640
4636,11054529700212____,Flurstück mit Wohnungsbestand der LWU (ab 4 WE pro Adresse),8375
4637,11054529700213____,Flurstück mit Wohnungsbestand der LWU (ab 4 WE pro Adresse),4852
4638,11054529700228____,Flurstück mit Wohnungsbestand der LWU (ab 4 WE pro Adresse),2853
4639,11054529700231____,Flurstück mit Wohnungsbestand der LWU (ab 4 WE pro Adresse),6906
4640,11054529700233____,Flurstück mit Wohnungsbestand der LWU (ab 4 WE pro Adresse),3900
4641,11054530600415____,Flurstück mit Wohnungsbestand der LWU (ab 4 WE pro Adresse),3087
4642,11054531500129____,Flurstück mit Wohnungsbestand der LWU (ab 4 WE pro Adresse),1710
4643,11054536200224____,Flurstück mit Wohnungsbestand der LWU (ab 4 WE pro Adresse),3260
4644,11054536200226____,Flurstück mit Wohnungsbestand der LWU (ab 4 WE pro Adresse),10450
4645,11054536200228____,Flurstück mit Wohnungsbestand der LWU (ab 4 WE pro Adresse),10047
4646,11054536200245____,Flurstück mit Wohnungsbestand der LWU (ab 4 WE pro Adresse),8627
4647,11054537200017____,Flurstück mit Wohnungsbestand der LWU (ab 4 WE pro Adresse),992
4648,11054537200295____,Flurstück mit Wohnungsbestand der LWU (ab 4 WE pro Adresse),8560
4649,11054537200299____,Flurstück mit Wohnungsbestand der LWU (ab 4 WE pro Adresse),1558
4650,11054537200300____,Flurstück mit Wohnungsbestand der LWU (ab 4 WE pro Adresse),4806
4651,11054537200317____,Flurstück mit Wohnungsbestand der LWU (ab 4 WE pro Adresse),1871
4652,11054537200327____,Flurstück mit Wohnungsbestand der LWU (ab 4 WE pro Adresse),566
4653,11054537200356____,Flurstück mit Wohnungsbestand der LWU (ab 4 WE pro Adresse),1789
4654,11054537200363____,Flurstück mit Wohnungsbestand der LWU (ab 4 WE pro Adresse),1839
4655,11054537200364____,Flurstück mit Wohnungsbestand der LWU (ab 4 WE pro Adresse),469
4656,11054537200394____,Flurstück mit Wohnungsbestand der LWU (ab 4 WE pro Adresse),5855
4657,11054537200401____,Flurstück mit Wohnungsbestand der LWU (ab 4 WE pro Adresse),1178
4658,11054537200403____,Flurstück mit Wohnungsbestand der LWU (ab 4 WE pro Adresse),1670
4659,11054537200406____,Flurstück mit Wohnungsbestand der LWU (ab 4 WE pro Adresse),1620
4660,11054537200409____,Flurstück mit Wohnungsbestand der LWU (ab 4 WE pro Adresse),2682
4661,11054537200465____,Flurstück mit Wohnungsbestand der LWU (ab 4 WE pro Adresse),997
4662,11054537200473____,Flurstück mit Wohnungsbestand der LWU (ab 4 WE pro Adresse),4006
4663,11054537300376____,Flurstück mit Wohnungsbestand der LWU (ab 4 WE pro Adresse),1815
4664,11054537300378____,Flurstück mit Wohnungsbestand der LWU (ab 4 WE pro Adresse),2292
4665,11054537300465____,Flurstück mit Wohnungsbestand der LWU (ab 4 WE pro Adresse),1096
4666,11054537300489____,Flurstück mit Wohnungsbestand der LWU (ab 4 WE pro Adresse),1052
4667,11054537300493____,Flurstück mit Wohnungsbestand der LWU (ab 4 WE pro Adresse),916
4668,11054537300495____,Flurstück mit Wohnungsbestand der LWU (ab 4 WE pro Adresse),1122
4669,11054538207018____,Flurstück mit Wohnungsbestand der LWU (ab 4 WE pro Adresse),5168
4670,11054538207029____,Flurstück mit Wohnungsbestand der LWU (ab 4 WE pro Adresse),5842
4671,11054538207034____,Flurstück mit Wohnungsbestand der LWU (ab 4 WE pro Adresse),5840
4672,11054538306050____,Flurstück mit Wohnungsbestand der LWU (ab 4 WE pro Adresse),5322
4673,11054538306053____,Flurstück mit Wohnungsbestand der LWU (ab 4 WE pro Adresse),4614
4674,11054538306056____,Flurstück mit Wohnungsbestand der LWU (ab 4 WE pro Adresse),4493
4675,11054538306057____,Flurstück mit Wohnungsbestand der LWU (ab 4 WE pro Adresse),1479
4676,11054538306060____,Flurstück mit Wohnungsbestand der LWU (ab 4 WE pro Adresse),8481
4677,11054538306065____,Flurstück mit Wohnungsbestand der LWU (ab 4 WE pro Adresse),584
4678,11054538306072____,Flurstück mit Wohnungsbestand der LWU (ab 4 WE pro Adresse),1302
4679,11056002800093____,Flurstück mit Wohnungsbestand der LWU (ab 4 WE pro Adresse),2384
4680,11056002800140____,Flurstück mit Wohnungsbestand der LWU (ab 4 WE pro Adresse),16491
4681,11056004000132____,Flurstück mit Wohnungsbestand der LWU (ab 4 WE pro Adresse),8762
4682,11056004000159____,Flurstück mit Wohnungsbestand der LWU (ab 4 WE pro Adresse),1827
4683,11056004000171____,Flurstück mit Wohnungsbestand der LWU (ab 4 WE pro Adresse),22304
4684,11056004100219____,Flurstück mit Wohnungsbestand der LWU (ab 4 WE pro Adresse),4022
4685,11056005200056____,Flurstück mit Wohnungsbestand der LWU (ab 4 WE pro Adresse),2628
4686,11056005200057____,Flurstück mit Wohnungsbestand der LWU (ab 4 WE pro Adresse),17318
4687,11056005300153____,Flurstück mit Wohnungsbestand der LWU (ab 4 WE pro Adresse),3372
4688,11056005300161____,Flurstück mit Wohnungsbestand der LWU (ab 4 WE pro Adresse),1751
4689,11056005300190____,Flurstück mit Wohnungsbestand der LWU (ab 4 WE pro Adresse),6325
4690,11056005400154____,Flurstück mit Wohnungsbestand der LWU (ab 4 WE pro Adresse),8434
4691,11056005400156____,Flurstück mit Wohnungsbestand der LWU (ab 4 WE pro Adresse),4219
4692,11056005400188____,Flurstück mit Wohnungsbestand der LWU (ab 4 WE pro Adresse),2548
4693,11056005400271____,Flurstück mit Wohnungsbestand der LWU (ab 4 WE pro Adresse),16396
4694,11056005400288____,Flurstück mit Wohnungsbestand der LWU (ab 4 WE pro Adresse),2650
4695,11056005500152____,Flurstück mit Wohnungsbestand der LWU (ab 4 WE pro Adresse),4608
4696,11056005500204____,Flurstück mit Wohnungsbestand der LWU (ab 4 WE pro Adresse),4099
4697,11056006700029____,Flurstück mit Wohnungsbestand der LWU (ab 4 WE pro Adresse),1182
4698,11056006700068____,Flurstück mit Wohnungsbestand der LWU (ab 4 WE pro Adresse),1808
4699,11056006700110____,Flurstück mit Wohnungsbestand der LWU (ab 4 WE pro Adresse),31478
4700,11056006800080____,Flurstück mit Wohnungsbestand der LWU (ab 4 WE pro Adresse),1178
4701,11056006800110____,Flurstück mit Wohnungsbestand der LWU (ab 4 WE pro Adresse),4537
4702,11056006800112____,Flurstück mit Wohnungsbestand der LWU (ab 4 WE pro Adresse),4675
4703,11056006800209____,Flurstück mit Wohnungsbestand der LWU (ab 4 WE pro Adresse),2110
4704,11056006800210____,Flurstück mit Wohnungsbestand der LWU (ab 4 WE pro Adresse),4198
4705,11056006800290____,Flurstück mit Wohnungsbestand der LWU (ab 4 WE pro Adresse),7158
4706,11056006800291____,Flurstück mit Wohnungsbestand der LWU (ab 4 WE pro Adresse),6825
4707,11056006800302____,Flurstück mit Wohnungsbestand der LWU (ab 4 WE pro Adresse),21117
4708,11056006900057____,Flurstück mit Wohnungsbestand der LWU (ab 4 WE pro Adresse),15824
4709,11056008000021____,Flurstück mit Wohnungsbestand der LWU (ab 4 WE pro Adresse),14528
4710,11056008000023____,Flurstück mit Wohnungsbestand der LWU (ab 4 WE pro Adresse),5223
4711,11056008000031____,Flurstück mit Wohnungsbestand der LWU (ab 4 WE pro Adresse),6990
4712,11056008000040____,Flurstück mit Wohnungsbestand der LWU (ab 4 WE pro Adresse),4829
4713,11056008100011____,Flurstück mit Wohnungsbestand der LWU (ab 4 WE pro Adresse),1640
4714,11056008100087____,Flurstück mit Wohnungsbestand der LWU (ab 4 WE pro Adresse),11469
4715,11056008100088____,Flurstück mit Wohnungsbestand der LWU (ab 4 WE pro Adresse),9970
4716,11056008400064____,Flurstück mit Wohnungsbestand der LWU (ab 4 WE pro Adresse),2915
4717,11056009000018____,Flurstück mit Wohnungsbestand der LWU (ab 4 WE pro Adresse),14835
4718,11056009900297____,Flurstück mit Wohnungsbestand der LWU (ab 4 WE pro Adresse),7515
4719,11056009900323____,Flurstück mit Wohnungsbestand der LWU (ab 4 WE pro Adresse),2836
4720,11056009900328____,Flurstück mit Wohnungsbestand der LWU (ab 4 WE pro Adresse),2021
4721,11056010100011____,Flurstück mit Wohnungsbestand der LWU (ab 4 WE pro Adresse),1728
4722,11056010600360____,Flurstück mit Wohnungsbestand der LWU (ab 4 WE pro Adresse),5112
4723,11056010600370____,Flurstück mit Wohnungsbestand der LWU (ab 4 WE pro Adresse),444
4724,11056010600387____,Flurstück mit Wohnungsbestand der LWU (ab 4 WE pro Adresse),2529
4725,11056010600425____,Flurstück mit Wohnungsbestand der LWU (ab 4 WE pro Adresse),712
4726,11056010600462____,Flurstück mit Wohnungsbestand der LWU (ab 4 WE pro Adresse),197
4727,11056010600481____,Flurstück mit Wohnungsbestand der LWU (ab 4 WE pro Adresse),3995
4728,11056010600483____,Flurstück mit Wohnungsbestand der LWU (ab 4 WE pro Adresse),2455
4729,11056010600486____,Flurstück mit Wohnungsbestand der LWU (ab 4 WE pro Adresse),1421
4730,11056010600487____,Flurstück mit Wohnungsbestand der LWU (ab 4 WE pro Adresse),3310
4731,11056010600488____,Flurstück mit Wohnungsbestand der LWU (ab 4 WE pro Adresse),2306
4732,11056010600489____,Flurstück mit Wohnungsbestand der LWU (ab 4 WE pro Adresse),3406
4733,11056010600491____,Flurstück mit Wohnungsbestand der LWU (ab 4 WE pro Adresse),5470
4734,11056010600492____,Flurstück mit Wohnungsbestand der LWU (ab 4 WE pro Adresse),1370
4735,11056010600496____,Flurstück mit Wohnungsbestand der LWU (ab 4 WE pro Adresse),4541
4736,11056010600498____,Flurstück mit Wohnungsbestand der LWU (ab 4 WE pro Adresse),2291
4737,11056010600501____,Flurstück mit Wohnungsbestand der LWU (ab 4 WE pro Adresse),3293
4738,11056010700277____,Flurstück mit Wohnungsbestand der LWU (ab 4 WE pro Adresse),789
4739,11056010700284____,Flurstück mit Wohnungsbestand der LWU (ab 4 WE pro Adresse),1692
4740,11056010700288____,Flurstück mit Wohnungsbestand der LWU (ab 4 WE pro Adresse),4362
4741,11056010700289____,Flurstück mit Wohnungsbestand der LWU (ab 4 WE pro Adresse),1949
4742,11056010700308____,Flurstück mit Wohnungsbestand der LWU (ab 4 WE pro Adresse),1491
4743,11056010800326____,Flurstück mit Wohnungsbestand der LWU (ab 4 WE pro Adresse),7028
4744,11056011100053____,Flurstück mit Wohnungsbestand der LWU (ab 4 WE pro Adresse),3437
4745,11056011400420____,Flurstück mit Wohnungsbestand der LWU (ab 4 WE pro Adresse),1848
4746,11056011400426____,Flurstück mit Wohnungsbestand der LWU (ab 4 WE pro Adresse),2534
4747,11056011500544____,Flurstück mit Wohnungsbestand der LWU (ab 4 WE pro Adresse),1298
4748,11056013000065____,Flurstück mit Wohnungsbestand der LWU (ab 4 WE pro Adresse),4579
4749,11056013000066____,Flurstück mit Wohnungsbestand der LWU (ab 4 WE pro Adresse),632
4750,11056013000070____,Flurstück mit Wohnungsbestand der LWU (ab 4 WE pro Adresse),5455
4751,11056013000330____,Flurstück mit Wohnungsbestand der LWU (ab 4 WE pro Adresse),2187
4752,11056013000332____,Flurstück mit Wohnungsbestand der LWU (ab 4 WE pro Adresse),8250
4753,11056013000626____,Flurstück mit Wohnungsbestand der LWU (ab 4 WE pro Adresse),321
4754,11056013100122____,Flurstück mit Wohnungsbestand der LWU (ab 4 WE pro Adresse),12713
4755,11056013300206____,Flurstück mit Wohnungsbestand der LWU (ab 4 WE pro Adresse),994
4756,11056013300566____,Flurstück mit Wohnungsbestand der LWU (ab 4 WE pro Adresse),3083
4757,11056013600137____,Flurstück mit Wohnungsbestand der LWU (ab 4 WE pro Adresse),1158
4758,11056013600144____,Flurstück mit Wohnungsbestand der LWU (ab 4 WE pro Adresse),3653
4759,11056013700469____,Flurstück mit Wohnungsbestand der LWU (ab 4 WE pro Adresse),1275
4760,11056013700483____,Flurstück mit Wohnungsbestand der LWU (ab 4 WE pro Adresse),769
4761,11056013900109____,Flurstück mit Wohnungsbestand der LWU (ab 4 WE pro Adresse),799
4762,11056013900125____,Flurstück mit Wohnungsbestand der LWU (ab 4 WE pro Adresse),892
4763,11056013900234____,Flurstück mit Wohnungsbestand der LWU (ab 4 WE pro Adresse),860
4764,11056013900393____,Flurstück mit Wohnungsbestand der LWU (ab 4 WE pro Adresse),673
4765,11056013900401____,Flurstück mit Wohnungsbestand der LWU (ab 4 WE pro Adresse),905
4766,11056014000233____,Flurstück mit Wohnungsbestand der LWU (ab 4 WE pro Adresse),633
4767,11056014000455____,Flurstück mit Wohnungsbestand der LWU (ab 4 WE pro Adresse),774
4768,11056014000514____,Flurstück mit Wohnungsbestand der LWU (ab 4 WE pro Adresse),2060
4769,11056014000685____,Flurstück mit Wohnungsbestand der LWU (ab 4 WE pro Adresse),1701
4770,11056014000687____,Flurstück mit Wohnungsbestand der LWU (ab 4 WE pro Adresse),2386
4771,11056014000689____,Flurstück mit Wohnungsbestand der LWU (ab 4 WE pro Adresse),1879
4772,11056014100250____,Flurstück mit Wohnungsbestand der LWU (ab 4 WE pro Adresse),6245
4773,11056014100264____,Flurstück mit Wohnungsbestand der LWU (ab 4 WE pro Adresse),3660
4774,11056014200169____,Flurstück mit Wohnungsbestand der LWU (ab 4 WE pro Adresse),2166
4775,11056014200356____,Flurstück mit Wohnungsbestand der LWU (ab 4 WE pro Adresse),5068
4776,11056014200366____,Flurstück mit Wohnungsbestand der LWU (ab 4 WE pro Adresse),6276
4777,11056014400058____,Flurstück mit Wohnungsbestand der LWU (ab 4 WE pro Adresse),6257
4778,11056014500193____,Flurstück mit Wohnungsbestand der LWU (ab 4 WE pro Adresse),849
4779,11056014700242____,Flurstück mit Wohnungsbestand der LWU (ab 4 WE pro Adresse),1026
4780,11056014700282____,Flurstück mit Wohnungsbestand der LWU (ab 4 WE pro Adresse),4073
4781,11056014800250____,Flurstück mit Wohnungsbestand der LWU (ab 4 WE pro Adresse),2676
4782,11056014800256____,Flurstück mit Wohnungsbestand der LWU (ab 4 WE pro Adresse),583
4783,11056014800271____,Flurstück mit Wohnungsbestand der LWU (ab 4 WE pro Adresse),499
4784,11056014800285____,Flurstück mit Wohnungsbestand der LWU (ab 4 WE pro Adresse),679
4785,11056014800382____,Flurstück mit Wohnungsbestand der LWU (ab 4 WE pro Adresse),3947
4786,11056014800468____,Flurstück mit Wohnungsbestand der LWU (ab 4 WE pro Adresse),9956
4787,11056014900008____,Flurstück mit Wohnungsbestand der LWU (ab 4 WE pro Adresse),884
4788,11056014900041____,Flurstück mit Wohnungsbestand der LWU (ab 4 WE pro Adresse),1479
4789,11056014900093____,Flurstück mit Wohnungsbestand der LWU (ab 4 WE pro Adresse),3013
4790,11056014900095____,Flurstück mit Wohnungsbestand der LWU (ab 4 WE pro Adresse),4229
4791,11056014900147____,Flurstück mit Wohnungsbestand der LWU (ab 4 WE pro Adresse),1108
4792,11056014900251____,Flurstück mit Wohnungsbestand der LWU (ab 4 WE pro Adresse),7030
4793,11056014900288____,Flurstück mit Wohnungsbestand der LWU (ab 4 WE pro Adresse),1621
4794,11056014900416____,Flurstück mit Wohnungsbestand der LWU (ab 4 WE pro Adresse),2355
4795,11056015000015____,Flurstück mit Wohnungsbestand der LWU (ab 4 WE pro Adresse),668
4796,11056015000246____,Flurstück mit Wohnungsbestand der LWU (ab 4 WE pro Adresse),2023
4797,11056015000249____,Flurstück mit Wohnungsbestand der LWU (ab 4 WE pro Adresse),1705
4798,11056015000255____,Flurstück mit Wohnungsbestand der LWU (ab 4 WE pro Adresse),5551
4799,11056015000259____,Flurstück mit Wohnungsbestand der LWU (ab 4 WE pro Adresse),3878
4800,11056015000262____,Flurstück mit Wohnungsbestand der LWU (ab 4 WE pro Adresse),1960
4801,11056015000264____,Flurstück mit Wohnungsbestand der LWU (ab 4 WE pro Adresse),1502
4802,11056015000265____,Flurstück mit Wohnungsbestand der LWU (ab 4 WE pro Adresse),2992
4803,11056015000267____,Flurstück mit Wohnungsbestand der LWU (ab 4 WE pro Adresse),579
4804,11056015000276____,Flurstück mit Wohnungsbestand der LWU (ab 4 WE pro Adresse),1696
4805,11056015000279____,Flurstück mit Wohnungsbestand der LWU (ab 4 WE pro Adresse),2028
4806,11056015000299____,Flurstück mit Wohnungsbestand der LWU (ab 4 WE pro Adresse),3500
4807,11056015200041____,Flurstück mit Wohnungsbestand der LWU (ab 4 WE pro Adresse),1407
4808,11056015300019____,Flurstück mit Wohnungsbestand der LWU (ab 4 WE pro Adresse),2226
4809,11056015300052____,Flurstück mit Wohnungsbestand der LWU (ab 4 WE pro Adresse),1104
4810,11056015300120____,Flurstück mit Wohnungsbestand der LWU (ab 4 WE pro Adresse),926
4811,11056015300124____,Flurstück mit Wohnungsbestand der LWU (ab 4 WE pro Adresse),531
4812,11056015300125____,Flurstück mit Wohnungsbestand der LWU (ab 4 WE pro Adresse),2025
4813,11056015300129____,Flurstück mit Wohnungsbestand der LWU (ab 4 WE pro Adresse),484
4814,11056015300130____,Flurstück mit Wohnungsbestand der LWU (ab 4 WE pro Adresse),450
4815,11056015300132____,Flurstück mit Wohnungsbestand der LWU (ab 4 WE pro Adresse),602
4816,11056015300337____,Flurstück mit Wohnungsbestand der LWU (ab 4 WE pro Adresse),1109
4817,11056015300371____,Flurstück mit Wohnungsbestand der LWU (ab 4 WE pro Adresse),1178
4818,11056015300392____,Flurstück mit Wohnungsbestand der LWU (ab 4 WE pro Adresse),3694
4819,11056015300506____,Flurstück mit Wohnungsbestand der LWU (ab 4 WE pro Adresse),1186
4820,11056015400131____,Flurstück mit Wohnungsbestand der LWU (ab 4 WE pro Adresse),1036
4821,11056015400160____,Flurstück mit Wohnungsbestand der LWU (ab 4 WE pro Adresse),1172
4822,11056015400166____,Flurstück mit Wohnungsbestand der LWU (ab 4 WE pro Adresse),868
4823,11056015400176____,Flurstück mit Wohnungsbestand der LWU (ab 4 WE pro Adresse),9097
4824,11056015400179____,Flurstück mit Wohnungsbestand der LWU (ab 4 WE pro Adresse),1787
4825,11056015400181____,Flurstück mit Wohnungsbestand der LWU (ab 4 WE pro Adresse),1752
4826,11056015400182____,Flurstück mit Wohnungsbestand der LWU (ab 4 WE pro Adresse),2754
4827,11056015400190____,Flurstück mit Wohnungsbestand der LWU (ab 4 WE pro Adresse),580
4828,11056015400196____,Flurstück mit Wohnungsbestand der LWU (ab 4 WE pro Adresse),1278
4829,11056015400202____,Flurstück mit Wohnungsbestand der LWU (ab 4 WE pro Adresse),781
4830,11056015400222____,Flurstück mit Wohnungsbestand der LWU (ab 4 WE pro Adresse),1599
4831,11056015400226____,Flurstück mit Wohnungsbestand der LWU (ab 4 WE pro Adresse),642
4832,11056015400228____,Flurstück mit Wohnungsbestand der LWU (ab 4 WE pro Adresse),992
4833,11056015400237____,Flurstück mit Wohnungsbestand der LWU (ab 4 WE pro Adresse),713
4834,11056015400303____,Flurstück mit Wohnungsbestand der LWU (ab 4 WE pro Adresse),2474
4835,11056015400311____,Flurstück mit Wohnungsbestand der LWU (ab 4 WE pro Adresse),1881
4836,11056015400312____,Flurstück mit Wohnungsbestand der LWU (ab 4 WE pro Adresse),17210
4837,11056015500077____,Flurstück mit Wohnungsbestand der LWU (ab 4 WE pro Adresse),832
4838,11056015500080____,Flurstück mit Wohnungsbestand der LWU (ab 4 WE pro Adresse),408
4839,11056015500083____,Flurstück mit Wohnungsbestand der LWU (ab 4 WE pro Adresse),899
4840,11056015500163____,Flurstück mit Wohnungsbestand der LWU (ab 4 WE pro Adresse),732
4841,11056015500165____,Flurstück mit Wohnungsbestand der LWU (ab 4 WE pro Adresse),590
4842,11056015500167____,Flurstück mit Wohnungsbestand der LWU (ab 4 WE pro Adresse),817
4843,11056015500168____,Flurstück mit Wohnungsbestand der LWU (ab 4 WE pro Adresse),806
4844,11056015500169____,Flurstück mit Wohnungsbestand der LWU (ab 4 WE pro Adresse),881
4845,11056015500191____,Flurstück mit Wohnungsbestand der LWU (ab 4 WE pro Adresse),1164
4846,11056015500193____,Flurstück mit Wohnungsbestand der LWU (ab 4 WE pro Adresse),18838
4847,11056015500218____,Flurstück mit Wohnungsbestand der LWU (ab 4 WE pro Adresse),577
4848,11056015500220____,Flurstück mit Wohnungsbestand der LWU (ab 4 WE pro Adresse),687
4849,11056015500255____,Flurstück mit Wohnungsbestand der LWU (ab 4 WE pro Adresse),7055
4850,11056015500259____,Flurstück mit Wohnungsbestand der LWU (ab 4 WE pro Adresse),9020
4851,11056015500260____,Flurstück mit Wohnungsbestand der LWU (ab 4 WE pro Adresse),3098
4852,11056015605128____,Flurstück mit Wohnungsbestand der LWU (ab 4 WE pro Adresse),503
4853,11056015605132____,Flurstück mit Wohnungsbestand der LWU (ab 4 WE pro Adresse),1857
4854,11056015900050____,Flurstück mit Wohnungsbestand der LWU (ab 4 WE pro Adresse),751
4855,11056015900051____,Flurstück mit Wohnungsbestand der LWU (ab 4 WE pro Adresse),565
4856,11056015900052____,Flurstück mit Wohnungsbestand der LWU (ab 4 WE pro Adresse),514
4857,11056015900062____,Flurstück mit Wohnungsbestand der LWU (ab 4 WE pro Adresse),1728
4858,11056015900102____,Flurstück mit Wohnungsbestand der LWU (ab 4 WE pro Adresse),920
4859,11056015900108____,Flurstück mit Wohnungsbestand der LWU (ab 4 WE pro Adresse),2304
4860,11056015900112____,Flurstück mit Wohnungsbestand der LWU (ab 4 WE pro Adresse),2297
4861,11056015900117____,Flurstück mit Wohnungsbestand der LWU (ab 4 WE pro Adresse),677
4862,11056015900125____,Flurstück mit Wohnungsbestand der LWU (ab 4 WE pro Adresse),1330
4863,11056015900136____,Flurstück mit Wohnungsbestand der LWU (ab 4 WE pro Adresse),543
4864,11056015900137____,Flurstück mit Wohnungsbestand der LWU (ab 4 WE pro Adresse),889
4865,11056015900142____,Flurstück mit Wohnungsbestand der LWU (ab 4 WE pro Adresse),383
4866,11056015900143____,Flurstück mit Wohnungsbestand der LWU (ab 4 WE pro Adresse),900
4867,11056015900145____,Flurstück mit Wohnungsbestand der LWU (ab 4 WE pro Adresse),3286
4868,11056015900149____,Flurstück mit Wohnungsbestand der LWU (ab 4 WE pro Adresse),586
4869,11056015900151____,Flurstück mit Wohnungsbestand der LWU (ab 4 WE pro Adresse),2328
4870,11056015900236____,Flurstück mit Wohnungsbestand der LWU (ab 4 WE pro Adresse),311
4871,11056015900289____,Flurstück mit Wohnungsbestand der LWU (ab 4 WE pro Adresse),1063
4872,11056015900392____,Flurstück mit Wohnungsbestand der LWU (ab 4 WE pro Adresse),1544
4873,11056015900396____,Flurstück mit Wohnungsbestand der LWU (ab 4 WE pro Adresse),90
4874,11056015900398____,Flurstück mit Wohnungsbestand der LWU (ab 4 WE pro Adresse),3718
4875,11056015900407____,Flurstück mit Wohnungsbestand der LWU (ab 4 WE pro Adresse),1726
4876,11056015900409____,Flurstück mit Wohnungsbestand der LWU (ab 4 WE pro Adresse),1894
4877,11056015900411____,Flurstück mit Wohnungsbestand der LWU (ab 4 WE pro Adresse),3711
4878,11056015900413____,Flurstück mit Wohnungsbestand der LWU (ab 4 WE pro Adresse),1203
4879,11056015900433____,Flurstück mit Wohnungsbestand der LWU (ab 4 WE pro Adresse),2504
4880,11056015900451____,Flurstück mit Wohnungsbestand der LWU (ab 4 WE pro Adresse),2151
4881,11056015900463____,Flurstück mit Wohnungsbestand der LWU (ab 4 WE pro Adresse),1366
4882,11056015900502____,Flurstück mit Wohnungsbestand der LWU (ab 4 WE pro Adresse),1811
4883,11056015900512____,Flurstück mit Wohnungsbestand der LWU (ab 4 WE pro Adresse),399
4884,11056015900513____,Flurstück mit Wohnungsbestand der LWU (ab 4 WE pro Adresse),2689
4885,11056015900539____,Flurstück mit Wohnungsbestand der LWU (ab 4 WE pro Adresse),2503
4886,11056016000001____,Flurstück mit Wohnungsbestand der LWU (ab 4 WE pro Adresse),844
4887,11056016000002____,Flurstück mit Wohnungsbestand der LWU (ab 4 WE pro Adresse),1007
4888,11056016000003____,Flurstück mit Wohnungsbestand der LWU (ab 4 WE pro Adresse),1128
4889,11056016000004____,Flurstück mit Wohnungsbestand der LWU (ab 4 WE pro Adresse),1135
4890,11056016000007____,Flurstück mit Wohnungsbestand der LWU (ab 4 WE pro Adresse),796
4891,11056016000010____,Flurstück mit Wohnungsbestand der LWU (ab 4 WE pro Adresse),516
4892,11056016000011____,Flurstück mit Wohnungsbestand der LWU (ab 4 WE pro Adresse),652
4893,11056016000012____,Flurstück mit Wohnungsbestand der LWU (ab 4 WE pro Adresse),1035
4894,11056016000013____,Flurstück mit Wohnungsbestand der LWU (ab 4 WE pro Adresse),1215
4895,11056016000014____,Flurstück mit Wohnungsbestand der LWU (ab 4 WE pro Adresse),1346
4896,11056016000023____,Flurstück mit Wohnungsbestand der LWU (ab 4 WE pro Adresse),974
4897,11056016000030____,Flurstück mit Wohnungsbestand der LWU (ab 4 WE pro Adresse),928
4898,11056016000040____,Flurstück mit Wohnungsbestand der LWU (ab 4 WE pro Adresse),1343
4899,11056016000068____,Flurstück mit Wohnungsbestand der LWU (ab 4 WE pro Adresse),1462
4900,11056016000070____,Flurstück mit Wohnungsbestand der LWU (ab 4 WE pro Adresse),1324
4901,11056016000074____,Flurstück mit Wohnungsbestand der LWU (ab 4 WE pro Adresse),636
4902,11056016000119____,Flurstück mit Wohnungsbestand der LWU (ab 4 WE pro Adresse),3981
4903,11056016000120____,Flurstück mit Wohnungsbestand der LWU (ab 4 WE pro Adresse),1106
4904,11056016000155____,Flurstück mit Wohnungsbestand der LWU (ab 4 WE pro Adresse),6331
4905,11056016200015____,Flurstück mit Wohnungsbestand der LWU (ab 4 WE pro Adresse),329
4906,11056016200093____,Flurstück mit Wohnungsbestand der LWU (ab 4 WE pro Adresse),1330
4907,11056016200101____,Flurstück mit Wohnungsbestand der LWU (ab 4 WE pro Adresse),945
4908,11056016200102____,Flurstück mit Wohnungsbestand der LWU (ab 4 WE pro Adresse),699
4909,11056016200108____,Flurstück mit Wohnungsbestand der LWU (ab 4 WE pro Adresse),692
4910,11056016200141____,Flurstück mit Wohnungsbestand der LWU (ab 4 WE pro Adresse),832
4911,11056016200156____,Flurstück mit Wohnungsbestand der LWU (ab 4 WE pro Adresse),1207
4912,11056016200157____,Flurstück mit Wohnungsbestand der LWU (ab 4 WE pro Adresse),723
4913,11056016200176____,Flurstück mit Wohnungsbestand der LWU (ab 4 WE pro Adresse),549
4914,11056016200181____,Flurstück mit Wohnungsbestand der LWU (ab 4 WE pro Adresse),447
4915,11056016200183____,Flurstück mit Wohnungsbestand der LWU (ab 4 WE pro Adresse),450
4916,11056016200185____,Flurstück mit Wohnungsbestand der LWU (ab 4 WE pro Adresse),431
4917,11056016200192____,Flurstück mit Wohnungsbestand der LWU (ab 4 WE pro Adresse),432
4918,11056016200195____,Flurstück mit Wohnungsbestand der LWU (ab 4 WE pro Adresse),430
4919,11056016200206____,Flurstück mit Wohnungsbestand der LWU (ab 4 WE pro Adresse),676
4920,11056016200224____,Flurstück mit Wohnungsbestand der LWU (ab 4 WE pro Adresse),474
4921,11056016200227____,Flurstück mit Wohnungsbestand der LWU (ab 4 WE pro Adresse),1087
4922,11056016200228____,Flurstück mit Wohnungsbestand der LWU (ab 4 WE pro Adresse),1473
4923,11056016200234____,Flurstück mit Wohnungsbestand der LWU (ab 4 WE pro Adresse),551
4924,11056016200244____,Flurstück mit Wohnungsbestand der LWU (ab 4 WE pro Adresse),1035
4925,11056016200269____,Flurstück mit Wohnungsbestand der LWU (ab 4 WE pro Adresse),2016
4926,11056016200289____,Flurstück mit Wohnungsbestand der LWU (ab 4 WE pro Adresse),1522
4927,11056016200308____,Flurstück mit Wohnungsbestand der LWU (ab 4 WE pro Adresse),578
4928,11056016200441____,Flurstück mit Wohnungsbestand der LWU (ab 4 WE pro Adresse),368
4929,11056016300030____,Flurstück mit Wohnungsbestand der LWU (ab 4 WE pro Adresse),759
4930,11056016300034____,Flurstück mit Wohnungsbestand der LWU (ab 4 WE pro Adresse),679
4931,11056016300038____,Flurstück mit Wohnungsbestand der LWU (ab 4 WE pro Adresse),541
4932,11056016300042____,Flurstück mit Wohnungsbestand der LWU (ab 4 WE pro Adresse),423
4933,11056016300061____,Flurstück mit Wohnungsbestand der LWU (ab 4 WE pro Adresse),2023
4934,11056016300073____,Flurstück mit Wohnungsbestand der LWU (ab 4 WE pro Adresse),1315
4935,11056016300143____,Flurstück mit Wohnungsbestand der LWU (ab 4 WE pro Adresse),534
4936,11056016300150____,Flurstück mit Wohnungsbestand der LWU (ab 4 WE pro Adresse),1022
4937,11056016300159____,Flurstück mit Wohnungsbestand der LWU (ab 4 WE pro Adresse),1199
4938,11056016300167____,Flurstück mit Wohnungsbestand der LWU (ab 4 WE pro Adresse),1077
4939,11056016300172____,Flurstück mit Wohnungsbestand der LWU (ab 4 WE pro Adresse),1293
4940,11056016300173____,Flurstück mit Wohnungsbestand der LWU (ab 4 WE pro Adresse),444
4941,11056016300185____,Flurstück mit Wohnungsbestand der LWU (ab 4 WE pro Adresse),1036
4942,11056016300189____,Flurstück mit Wohnungsbestand der LWU (ab 4 WE pro Adresse),4567
4943,11056016300196____,Flurstück mit Wohnungsbestand der LWU (ab 4 WE pro Adresse),899
4944,11056016300206____,Flurstück mit Wohnungsbestand der LWU (ab 4 WE pro Adresse),3277
4945,11056016300268____,Flurstück mit Wohnungsbestand der LWU (ab 4 WE pro Adresse),429
4946,11056016300269____,Flurstück mit Wohnungsbestand der LWU (ab 4 WE pro Adresse),1082
4947,11056016300286____,Flurstück mit Wohnungsbestand der LWU (ab 4 WE pro Adresse),511
4948,11056016300343____,Flurstück mit Wohnungsbestand der LWU (ab 4 WE pro Adresse),1183
4949,11056016300358____,Flurstück mit Wohnungsbestand der LWU (ab 4 WE pro Adresse),1469
4950,11056016300362____,Flurstück mit Wohnungsbestand der LWU (ab 4 WE pro Adresse),313
4951,11056016300367____,Flurstück mit Wohnungsbestand der LWU (ab 4 WE pro Adresse),1131
4952,11056016300382____,Flurstück mit Wohnungsbestand der LWU (ab 4 WE pro Adresse),4615
4953,11056016300395____,Flurstück mit Wohnungsbestand der LWU (ab 4 WE pro Adresse),930
4954,11056016300396____,Flurstück mit Wohnungsbestand der LWU (ab 4 WE pro Adresse),678
4955,11056016300482____,Flurstück mit Wohnungsbestand der LWU (ab 4 WE pro Adresse),2488
4956,11056016400006____,Flurstück mit Wohnungsbestand der LWU (ab 4 WE pro Adresse),538
4957,11056016400007____,Flurstück mit Wohnungsbestand der LWU (ab 4 WE pro Adresse),1783
4958,11056016400008____,Flurstück mit Wohnungsbestand der LWU (ab 4 WE pro Adresse),1195
4959,11056016400010____,Flurstück mit Wohnungsbestand der LWU (ab 4 WE pro Adresse),1011
4960,11056016400028____,Flurstück mit Wohnungsbestand der LWU (ab 4 WE pro Adresse),2426
4961,11056016400040____,Flurstück mit Wohnungsbestand der LWU (ab 4 WE pro Adresse),294
4962,11056016400052____,Flurstück mit Wohnungsbestand der LWU (ab 4 WE pro Adresse),1157
4963,11056016400058____,Flurstück mit Wohnungsbestand der LWU (ab 4 WE pro Adresse),7115
4964,11056016400060____,Flurstück mit Wohnungsbestand der LWU (ab 4 WE pro Adresse),6747
4965,11056016400063____,Flurstück mit Wohnungsbestand der LWU (ab 4 WE pro Adresse),1821
4966,11056016400065____,Flurstück mit Wohnungsbestand der LWU (ab 4 WE pro Adresse),1185
4967,11056016400074____,Flurstück mit Wohnungsbestand der LWU (ab 4 WE pro Adresse),3222
4968,11056016400081____,Flurstück mit Wohnungsbestand der LWU (ab 4 WE pro Adresse),612
4969,11056016400095____,Flurstück mit Wohnungsbestand der LWU (ab 4 WE pro Adresse),1194
4970,11056016400113____,Flurstück mit Wohnungsbestand der LWU (ab 4 WE pro Adresse),1676
4971,11056016400126____,Flurstück mit Wohnungsbestand der LWU (ab 4 WE pro Adresse),900
4972,11056016400128____,Flurstück mit Wohnungsbestand der LWU (ab 4 WE pro Adresse),872
4973,11056016400134____,Flurstück mit Wohnungsbestand der LWU (ab 4 WE pro Adresse),533
4974,11056016400135____,Flurstück mit Wohnungsbestand der LWU (ab 4 WE pro Adresse),911
4975,11056016400147____,Flurstück mit Wohnungsbestand der LWU (ab 4 WE pro Adresse),823
4976,11056016400177____,Flurstück mit Wohnungsbestand der LWU (ab 4 WE pro Adresse),1065
4977,11056016400179____,Flurstück mit Wohnungsbestand der LWU (ab 4 WE pro Adresse),1061
4978,11056016400218____,Flurstück mit Wohnungsbestand der LWU (ab 4 WE pro Adresse),889
4979,11056016400231____,Flurstück mit Wohnungsbestand der LWU (ab 4 WE pro Adresse),943
4980,11056016400233____,Flurstück mit Wohnungsbestand der LWU (ab 4 WE pro Adresse),561
4981,11056016400235____,Flurstück mit Wohnungsbestand der LWU (ab 4 WE pro Adresse),512
4982,11056016400237____,Flurstück mit Wohnungsbestand der LWU (ab 4 WE pro Adresse),398
4983,11056016400239____,Flurstück mit Wohnungsbestand der LWU (ab 4 WE pro Adresse),395
4984,11056016400241____,Flurstück mit Wohnungsbestand der LWU (ab 4 WE pro Adresse),552
4985,11056016400253____,Flurstück mit Wohnungsbestand der LWU (ab 4 WE pro Adresse),1269
4986,11056016400287____,Flurstück mit Wohnungsbestand der LWU (ab 4 WE pro Adresse),889
4987,11056016400288____,Flurstück mit Wohnungsbestand der LWU (ab 4 WE pro Adresse),480
4988,11056016400289____,Flurstück mit Wohnungsbestand der LWU (ab 4 WE pro Adresse),453
4989,11056016400292____,Flurstück mit Wohnungsbestand der LWU (ab 4 WE pro Adresse),589
4990,11056016400298____,Flurstück mit Wohnungsbestand der LWU (ab 4 WE pro Adresse),4862
4991,11056016506004____,Flurstück mit Wohnungsbestand der LWU (ab 4 WE pro Adresse),20707
4992,11056016506008____,Flurstück mit Wohnungsbestand der LWU (ab 4 WE pro Adresse),504
4993,11056016506015____,Flurstück mit Wohnungsbestand der LWU (ab 4 WE pro Adresse),1153
4994,11056016506198____,Flurstück mit Wohnungsbestand der LWU (ab 4 WE pro Adresse),779
4995,11056016506221____,Flurstück mit Wohnungsbestand der LWU (ab 4 WE pro Adresse),424
4996,11056016506222____,Flurstück mit Wohnungsbestand der LWU (ab 4 WE pro Adresse),479
4997,11056016506223____,Flurstück mit Wohnungsbestand der LWU (ab 4 WE pro Adresse),1120
4998,11056016506224____,Flurstück mit Wohnungsbestand der LWU (ab 4 WE pro Adresse),980
4999,11056016506226____,Flurstück mit Wohnungsbestand der LWU (ab 4 WE pro Adresse),505
5000,11056016506227____,Flurstück mit Wohnungsbestand der LWU (ab 4 WE pro Adresse),4547
5001,11056016600010____,Flurstück mit Wohnungsbestand der LWU (ab 4 WE pro Adresse),794
5002,11056016600029____,Flurstück mit Wohnungsbestand der LWU (ab 4 WE pro Adresse),1088
5003,11056016600046____,Flurstück mit Wohnungsbestand der LWU (ab 4 WE pro Adresse),2515
5004,11056016700011____,Flurstück mit Wohnungsbestand der LWU (ab 4 WE pro Adresse),3925
5005,11056016700018____,Flurstück mit Wohnungsbestand der LWU (ab 4 WE pro Adresse),15107
5006,11056016700048____,Flurstück mit Wohnungsbestand der LWU (ab 4 WE pro Adresse),947
5007,11056016700059____,Flurstück mit Wohnungsbestand der LWU (ab 4 WE pro Adresse),6708
5008,11056016700073____,Flurstück mit Wohnungsbestand der LWU (ab 4 WE pro Adresse),1034
5009,11056016700093____,Flurstück mit Wohnungsbestand der LWU (ab 4 WE pro Adresse),1421
5010,11056016700102____,Flurstück mit Wohnungsbestand der LWU (ab 4 WE pro Adresse),365
5011,11056016700137____,Flurstück mit Wohnungsbestand der LWU (ab 4 WE pro Adresse),363
5012,11056016700156____,Flurstück mit Wohnungsbestand der LWU (ab 4 WE pro Adresse),9918
5013,11056016700184____,Flurstück mit Wohnungsbestand der LWU (ab 4 WE pro Adresse),4475
5014,11056016700195____,Flurstück mit Wohnungsbestand der LWU (ab 4 WE pro Adresse),1010
5015,11056016700197____,Flurstück mit Wohnungsbestand der LWU (ab 4 WE pro Adresse),1170
5016,11056016700201____,Flurstück mit Wohnungsbestand der LWU (ab 4 WE pro Adresse),1031
5017,11056016700205____,Flurstück mit Wohnungsbestand der LWU (ab 4 WE pro Adresse),954
5018,11056016700209____,Flurstück mit Wohnungsbestand der LWU (ab 4 WE pro Adresse),298
5019,11056016700223____,Flurstück mit Wohnungsbestand der LWU (ab 4 WE pro Adresse),575
5020,11056016700243____,Flurstück mit Wohnungsbestand der LWU (ab 4 WE pro Adresse),1723
5021,11056016700244____,Flurstück mit Wohnungsbestand der LWU (ab 4 WE pro Adresse),2225
5022,11056016700245____,Flurstück mit Wohnungsbestand der LWU (ab 4 WE pro Adresse),499
5023,11056016700264____,Flurstück mit Wohnungsbestand der LWU (ab 4 WE pro Adresse),534
5024,11056016800015____,Flurstück mit Wohnungsbestand der LWU (ab 4 WE pro Adresse),869
5025,11056016800016____,Flurstück mit Wohnungsbestand der LWU (ab 4 WE pro Adresse),998
5026,11056016800017____,Flurstück mit Wohnungsbestand der LWU (ab 4 WE pro Adresse),804
5027,11056016800019____,Flurstück mit Wohnungsbestand der LWU (ab 4 WE pro Adresse),698
5028,11056016800032____,Flurstück mit Wohnungsbestand der LWU (ab 4 WE pro Adresse),2583
5029,11056016800041____,Flurstück mit Wohnungsbestand der LWU (ab 4 WE pro Adresse),5532
5030,11056016800051____,Flurstück mit Wohnungsbestand der LWU (ab 4 WE pro Adresse),1147
5031,11056016800060____,Flurstück mit Wohnungsbestand der LWU (ab 4 WE pro Adresse),1015
5032,11056016800063____,Flurstück mit Wohnungsbestand der LWU (ab 4 WE pro Adresse),1112
5033,11056016800068____,Flurstück mit Wohnungsbestand der LWU (ab 4 WE pro Adresse),486
5034,11056016800073____,Flurstück mit Wohnungsbestand der LWU (ab 4 WE pro Adresse),1007
5035,11056016800098____,Flurstück mit Wohnungsbestand der LWU (ab 4 WE pro Adresse),650
5036,11056016800101____,Flurstück mit Wohnungsbestand der LWU (ab 4 WE pro Adresse),561
5037,11056016800102____,Flurstück mit Wohnungsbestand der LWU (ab 4 WE pro Adresse),1638
5038,11056016800118____,Flurstück mit Wohnungsbestand der LWU (ab 4 WE pro Adresse),839
5039,11056016800119____,Flurstück mit Wohnungsbestand der LWU (ab 4 WE pro Adresse),4941
5040,11056016800121____,Flurstück mit Wohnungsbestand der LWU (ab 4 WE pro Adresse),1996
5041,11056016800125____,Flurstück mit Wohnungsbestand der LWU (ab 4 WE pro Adresse),822
5042,11056016800237____,Flurstück mit Wohnungsbestand der LWU (ab 4 WE pro Adresse),9321
5043,11056016800241____,Flurstück mit Wohnungsbestand der LWU (ab 4 WE pro Adresse),771
5044,11056016800261____,Flurstück mit Wohnungsbestand der LWU (ab 4 WE pro Adresse),9652
5045,11056016800284____,Flurstück mit Wohnungsbestand der LWU (ab 4 WE pro Adresse),12083
5046,11056016800285____,Flurstück mit Wohnungsbestand der LWU (ab 4 WE pro Adresse),2081
5047,11056016800286____,Flurstück mit Wohnungsbestand der LWU (ab 4 WE pro Adresse),4888
5048,11056016800309____,Flurstück mit Wohnungsbestand der LWU (ab 4 WE pro Adresse),6888
5049,11056016800312____,Flurstück mit Wohnungsbestand der LWU (ab 4 WE pro Adresse),632
5050,11056017000024____,Flurstück mit Wohnungsbestand der LWU (ab 4 WE pro Adresse),5637
5051,11056017000025____,Flurstück mit Wohnungsbestand der LWU (ab 4 WE pro Adresse),3279
5052,11056017000050____,Flurstück mit Wohnungsbestand der LWU (ab 4 WE pro Adresse),638
5053,11056017000051____,Flurstück mit Wohnungsbestand der LWU (ab 4 WE pro Adresse),291
5054,11056017000060____,Flurstück mit Wohnungsbestand der LWU (ab 4 WE pro Adresse),1192
5055,11056017000061____,Flurstück mit Wohnungsbestand der LWU (ab 4 WE pro Adresse),1191
5056,11056017000065____,Flurstück mit Wohnungsbestand der LWU (ab 4 WE pro Adresse),627
5057,11056017000096____,Flurstück mit Wohnungsbestand der LWU (ab 4 WE pro Adresse),864
5058,11056017000130____,Flurstück mit Wohnungsbestand der LWU (ab 4 WE pro Adresse),1154
5059,11056017000133____,Flurstück mit Wohnungsbestand der LWU (ab 4 WE pro Adresse),537
5060,11056017000134____,Flurstück mit Wohnungsbestand der LWU (ab 4 WE pro Adresse),853
5061,11056017000140____,Flurstück mit Wohnungsbestand der LWU (ab 4 WE pro Adresse),605
5062,11056017000141____,Flurstück mit Wohnungsbestand der LWU (ab 4 WE pro Adresse),846
5063,11056017000143____,Flurstück mit Wohnungsbestand der LWU (ab 4 WE pro Adresse),662
5064,11056017000167____,Flurstück mit Wohnungsbestand der LWU (ab 4 WE pro Adresse),1049
5065,11056017000179____,Flurstück mit Wohnungsbestand der LWU (ab 4 WE pro Adresse),682
5066,11056017000180____,Flurstück mit Wohnungsbestand der LWU (ab 4 WE pro Adresse),4571
5067,11056017000181____,Flurstück mit Wohnungsbestand der LWU (ab 4 WE pro Adresse),786
5068,11056017100039____,Flurstück mit Wohnungsbestand der LWU (ab 4 WE pro Adresse),822
5069,11057000300338____,Flurstück mit Wohnungsbestand der LWU (ab 4 WE pro Adresse),4034
5070,11057000300339____,Flurstück mit Wohnungsbestand der LWU (ab 4 WE pro Adresse),1889
5071,11057000300341____,Flurstück mit Wohnungsbestand der LWU (ab 4 WE pro Adresse),4748
5072,11057000300343____,Flurstück mit Wohnungsbestand der LWU (ab 4 WE pro Adresse),6525
5073,11057000300382____,Flurstück mit Wohnungsbestand der LWU (ab 4 WE pro Adresse),4395
5074,11057000300383____,Flurstück mit Wohnungsbestand der LWU (ab 4 WE pro Adresse),895
5075,11057016600007____,Flurstück mit Wohnungsbestand der LWU (ab 4 WE pro Adresse),633
5076,11057016600218____,Flurstück mit Wohnungsbestand der LWU (ab 4 WE pro Adresse),33048
5077,11057016700198____,Flurstück mit Wohnungsbestand der LWU (ab 4 WE pro Adresse),700
5078,11057016700200____,Flurstück mit Wohnungsbestand der LWU (ab 4 WE pro Adresse),712
5079,11057016700348____,Flurstück mit Wohnungsbestand der LWU (ab 4 WE pro Adresse),594
5080,11057017500250____,Flurstück mit Wohnungsbestand der LWU (ab 4 WE pro Adresse),12703
5081,11057018500030____,Flurstück mit Wohnungsbestand der LWU (ab 4 WE pro Adresse),564
5082,11057018600425____,Flurstück mit Wohnungsbestand der LWU (ab 4 WE pro Adresse),13101
5083,11057019500048____,Flurstück mit Wohnungsbestand der LWU (ab 4 WE pro Adresse),1612
5084,11057019600444____,Flurstück mit Wohnungsbestand der LWU (ab 4 WE pro Adresse),4132
5085,11057019600471____,Flurstück mit Wohnungsbestand der LWU (ab 4 WE pro Adresse),15850
5086,11057019700379____,Flurstück mit Wohnungsbestand der LWU (ab 4 WE pro Adresse),17091
5087,11057019700398____,Flurstück mit Wohnungsbestand der LWU (ab 4 WE pro Adresse),11643
5088,11057019700438____,Flurstück mit Wohnungsbestand der LWU (ab 4 WE pro Adresse),11616
5089,11057019700515____,Flurstück mit Wohnungsbestand der LWU (ab 4 WE pro Adresse),1972
5090,11057019800387____,Flurstück mit Wohnungsbestand der LWU (ab 4 WE pro Adresse),4345
5091,11057019800437____,Flurstück mit Wohnungsbestand der LWU (ab 4 WE pro Adresse),1860
5092,11057019800595____,Flurstück mit Wohnungsbestand der LWU (ab 4 WE pro Adresse),14843
5093,11057019800616____,Flurstück mit Wohnungsbestand der LWU (ab 4 WE pro Adresse),15159
5094,11057019900112____,Flurstück mit Wohnungsbestand der LWU (ab 4 WE pro Adresse),9585
5095,11057020500344____,Flurstück mit Wohnungsbestand der LWU (ab 4 WE pro Adresse),589
5096,11057020500414____,Flurstück mit Wohnungsbestand der LWU (ab 4 WE pro Adresse),12707
5097,11057020500428____,Flurstück mit Wohnungsbestand der LWU (ab 4 WE pro Adresse),4586
5098,11057020500429____,Flurstück mit Wohnungsbestand der LWU (ab 4 WE pro Adresse),10792
5099,11057020500430____,Flurstück mit Wohnungsbestand der LWU (ab 4 WE pro Adresse),26158
5100,11057020500436____,Flurstück mit Wohnungsbestand der LWU (ab 4 WE pro Adresse),3002
5101,11057020500510____,Flurstück mit Wohnungsbestand der LWU (ab 4 WE pro Adresse),20751
5102,11057020500511____,Flurstück mit Wohnungsbestand der LWU (ab 4 WE pro Adresse),18044
5103,11057020500543____,Flurstück mit Wohnungsbestand der LWU (ab 4 WE pro Adresse),2187
5104,11057020700313____,Flurstück mit Wohnungsbestand der LWU (ab 4 WE pro Adresse),4797
5105,11057020700317____,Flurstück mit Wohnungsbestand der LWU (ab 4 WE pro Adresse),14481
5106,11057020700351____,Flurstück mit Wohnungsbestand der LWU (ab 4 WE pro Adresse),23698
5107,11057020700387____,Flurstück mit Wohnungsbestand der LWU (ab 4 WE pro Adresse),5363
5108,11057020800158____,Flurstück mit Wohnungsbestand der LWU (ab 4 WE pro Adresse),4278
5109,11057020800178____,Flurstück mit Wohnungsbestand der LWU (ab 4 WE pro Adresse),7936
5110,11057020800247____,Flurstück mit Wohnungsbestand der LWU (ab 4 WE pro Adresse),5266
5111,11057021700368____,Flurstück mit Wohnungsbestand der LWU (ab 4 WE pro Adresse),3944
5112,11057022500025____,Flurstück mit Wohnungsbestand der LWU (ab 4 WE pro Adresse),5012
5113,11057022500026____,Flurstück mit Wohnungsbestand der LWU (ab 4 WE pro Adresse),2147
5114,11057022600014____,Flurstück mit Wohnungsbestand der LWU (ab 4 WE pro Adresse),1262
5115,11057022600095____,Flurstück mit Wohnungsbestand der LWU (ab 4 WE pro Adresse),2062
5116,11057022600096____,Flurstück mit Wohnungsbestand der LWU (ab 4 WE pro Adresse),2289
5117,11057022600301____,Flurstück mit Wohnungsbestand der LWU (ab 4 WE pro Adresse),10857
5118,11057022600303____,Flurstück mit Wohnungsbestand der LWU (ab 4 WE pro Adresse),13136
5119,11057022600304____,Flurstück mit Wohnungsbestand der LWU (ab 4 WE pro Adresse),6857
5120,11057022600388____,Flurstück mit Wohnungsbestand der LWU (ab 4 WE pro Adresse),2736
5121,11057022700639____,Flurstück mit Wohnungsbestand der LWU (ab 4 WE pro Adresse),9998
5122,11057022800262____,Flurstück mit Wohnungsbestand der LWU (ab 4 WE pro Adresse),4986
5123,11057023500149____,Flurstück mit Wohnungsbestand der LWU (ab 4 WE pro Adresse),15199
5124,11057023500155____,Flurstück mit Wohnungsbestand der LWU (ab 4 WE pro Adresse),9521
5125,11057023500156____,Flurstück mit Wohnungsbestand der LWU (ab 4 WE pro Adresse),8246
5126,11057023500163____,Flurstück mit Wohnungsbestand der LWU (ab 4 WE pro Adresse),1387
5127,11057023500165____,Flurstück mit Wohnungsbestand der LWU (ab 4 WE pro Adresse),1549
5128,11057023500170____,Flurstück mit Wohnungsbestand der LWU (ab 4 WE pro Adresse),4695
5129,11057023500171____,Flurstück mit Wohnungsbestand der LWU (ab 4 WE pro Adresse),1858
5130,11057023500176____,Flurstück mit Wohnungsbestand der LWU (ab 4 WE pro Adresse),1851
5131,11057023500177____,Flurstück mit Wohnungsbestand der LWU (ab 4 WE pro Adresse),2903
5132,11057023500186____,Flurstück mit Wohnungsbestand der LWU (ab 4 WE pro Adresse),6633
5133,11057023500188____,Flurstück mit Wohnungsbestand der LWU (ab 4 WE pro Adresse),2923
5134,11057023500189____,Flurstück mit Wohnungsbestand der LWU (ab 4 WE pro Adresse),857
5135,11057023500196____,Flurstück mit Wohnungsbestand der LWU (ab 4 WE pro Adresse),1732
5136,11057023500220____,Flurstück mit Wohnungsbestand der LWU (ab 4 WE pro Adresse),6617
5137,11057023500221____,Flurstück mit Wohnungsbestand der LWU (ab 4 WE pro Adresse),4198
5138,11057023500222____,Flurstück mit Wohnungsbestand der LWU (ab 4 WE pro Adresse),1828
5139,11057023500289____,Flurstück mit Wohnungsbestand der LWU (ab 4 WE pro Adresse),6648
5140,11057023500291____,Flurstück mit Wohnungsbestand der LWU (ab 4 WE pro Adresse),4039
5141,11057023500292____,Flurstück mit Wohnungsbestand der LWU (ab 4 WE pro Adresse),3755
5142,11057023500293____,Flurstück mit Wohnungsbestand der LWU (ab 4 WE pro Adresse),4292
5143,11057023500300____,Flurstück mit Wohnungsbestand der LWU (ab 4 WE pro Adresse),11224
5144,11057023500302____,Flurstück mit Wohnungsbestand der LWU (ab 4 WE pro Adresse),5188
5145,11057023500303____,Flurstück mit Wohnungsbestand der LWU (ab 4 WE pro Adresse),2838
5146,11057023600082____,Flurstück mit Wohnungsbestand der LWU (ab 4 WE pro Adresse),673
5147,11057023600273____,Flurstück mit Wohnungsbestand der LWU (ab 4 WE pro Adresse),2845
5148,11057023600274____,Flurstück mit Wohnungsbestand der LWU (ab 4 WE pro Adresse),727
5149,11057023600295____,Flurstück mit Wohnungsbestand der LWU (ab 4 WE pro Adresse),6882
5150,11057023600615____,Flurstück mit Wohnungsbestand der LWU (ab 4 WE pro Adresse),3223
5151,11057023700052____,Flurstück mit Wohnungsbestand der LWU (ab 4 WE pro Adresse),1570
5152,11057023700054____,Flurstück mit Wohnungsbestand der LWU (ab 4 WE pro Adresse),653
5153,11057023700062____,Flurstück mit Wohnungsbestand der LWU (ab 4 WE pro Adresse),1331
5154,11057023700065____,Flurstück mit Wohnungsbestand der LWU (ab 4 WE pro Adresse),626
5155,11057023700066____,Flurstück mit Wohnungsbestand der LWU (ab 4 WE pro Adresse),624
5156,11057023700071____,Flurstück mit Wohnungsbestand der LWU (ab 4 WE pro Adresse),3150
5157,11057023700082____,Flurstück mit Wohnungsbestand der LWU (ab 4 WE pro Adresse),4944
5158,11057023700086____,Flurstück mit Wohnungsbestand der LWU (ab 4 WE pro Adresse),686
5159,11057023700090____,Flurstück mit Wohnungsbestand der LWU (ab 4 WE pro Adresse),663
5160,11057023700221____,Flurstück mit Wohnungsbestand der LWU (ab 4 WE pro Adresse),16442
5161,11057023700226____,Flurstück mit Wohnungsbestand der LWU (ab 4 WE pro Adresse),9892
5162,11057023700288____,Flurstück mit Wohnungsbestand der LWU (ab 4 WE pro Adresse),3931
5163,11057023700305____,Flurstück mit Wohnungsbestand der LWU (ab 4 WE pro Adresse),11654
5164,11057024400060____,Flurstück mit Wohnungsbestand der LWU (ab 4 WE pro Adresse),23777
5165,11057024400063____,Flurstück mit Wohnungsbestand der LWU (ab 4 WE pro Adresse),20378
5166,11057024500389____,Flurstück mit Wohnungsbestand der LWU (ab 4 WE pro Adresse),4312
5167,11057024600010____,Flurstück mit Wohnungsbestand der LWU (ab 4 WE pro Adresse),648
5168,11057024600177____,Flurstück mit Wohnungsbestand der LWU (ab 4 WE pro Adresse),7044
5169,11057024600189____,Flurstück mit Wohnungsbestand der LWU (ab 4 WE pro Adresse),2658
5170,11057024600194____,Flurstück mit Wohnungsbestand der LWU (ab 4 WE pro Adresse),6607
5171,11057024700006____,Flurstück mit Wohnungsbestand der LWU (ab 4 WE pro Adresse),2524
5172,11057024700008____,Flurstück mit Wohnungsbestand der LWU (ab 4 WE pro Adresse),3088
5173,11057024700015____,Flurstück mit Wohnungsbestand der LWU (ab 4 WE pro Adresse),3009
5174,11057024700020____,Flurstück mit Wohnungsbestand der LWU (ab 4 WE pro Adresse),1605
5175,11057024700201____,Flurstück mit Wohnungsbestand der LWU (ab 4 WE pro Adresse),683
5176,11057024700202____,Flurstück mit Wohnungsbestand der LWU (ab 4 WE pro Adresse),862
5177,11057024700203____,Flurstück mit Wohnungsbestand der LWU (ab 4 WE pro Adresse),13503
5178,11057025400037____,Flurstück mit Wohnungsbestand der LWU (ab 4 WE pro Adresse),7010
5179,11057025500185____,Flurstück mit Wohnungsbestand der LWU (ab 4 WE pro Adresse),21714
5180,11057025500186____,Flurstück mit Wohnungsbestand der LWU (ab 4 WE pro Adresse),9541
5181,11057025500201____,Flurstück mit Wohnungsbestand der LWU (ab 4 WE pro Adresse),3880
5182,11057025500237____,Flurstück mit Wohnungsbestand der LWU (ab 4 WE pro Adresse),17079
5183,11057025600157____,Flurstück mit Wohnungsbestand der LWU (ab 4 WE pro Adresse),2588
5184,11057025600257____,Flurstück mit Wohnungsbestand der LWU (ab 4 WE pro Adresse),4228
5185,11057025600259____,Flurstück mit Wohnungsbestand der LWU (ab 4 WE pro Adresse),10916
5186,11057025600320____,Flurstück mit Wohnungsbestand der LWU (ab 4 WE pro Adresse),2573
5187,11057025600321____,Flurstück mit Wohnungsbestand der LWU (ab 4 WE pro Adresse),2860
5188,11057025600322____,Flurstück mit Wohnungsbestand der LWU (ab 4 WE pro Adresse),6008
5189,11057025600324____,Flurstück mit Wohnungsbestand der LWU (ab 4 WE pro Adresse),7300
5190,11057025600325____,Flurstück mit Wohnungsbestand der LWU (ab 4 WE pro Adresse),4091
5191,11057025600346____,Flurstück mit Wohnungsbestand der LWU (ab 4 WE pro Adresse),8728
5192,11057026600064____,Flurstück mit Wohnungsbestand der LWU (ab 4 WE pro Adresse),3951
5193,11057026600065____,Flurstück mit Wohnungsbestand der LWU (ab 4 WE pro Adresse),1002
5194,11057026600067____,Flurstück mit Wohnungsbestand der LWU (ab 4 WE pro Adresse),1995
5195,11057026600126____,Flurstück mit Wohnungsbestand der LWU (ab 4 WE pro Adresse),10385
5196,11057026600149____,Flurstück mit Wohnungsbestand der LWU (ab 4 WE pro Adresse),8648
5197,11057026600236____,Flurstück mit Wohnungsbestand der LWU (ab 4 WE pro Adresse),14967
5198,11057027600075____,Flurstück mit Wohnungsbestand der LWU (ab 4 WE pro Adresse),16506
5199,11057027600082____,Flurstück mit Wohnungsbestand der LWU (ab 4 WE pro Adresse),8872
5200,11057027600098____,Flurstück mit Wohnungsbestand der LWU (ab 4 WE pro Adresse),5436
5201,11057027600175____,Flurstück mit Wohnungsbestand der LWU (ab 4 WE pro Adresse),41097
5202,11057027700049____,Flurstück mit Wohnungsbestand der LWU (ab 4 WE pro Adresse),15183
5203,11057027700053____,Flurstück mit Wohnungsbestand der LWU (ab 4 WE pro Adresse),7512
5204,11057027700054____,Flurstück mit Wohnungsbestand der LWU (ab 4 WE pro Adresse),1759
5205,11057027700102____,Flurstück mit Wohnungsbestand der LWU (ab 4 WE pro Adresse),12255
5206,11057027700103____,Flurstück mit Wohnungsbestand der LWU (ab 4 WE pro Adresse),5488
5207,11057028607683____,Flurstück mit Wohnungsbestand der LWU (ab 4 WE pro Adresse),10863
5208,11057028607703____,Flurstück mit Wohnungsbestand der LWU (ab 4 WE pro Adresse),26653
5209,11057028607717____,Flurstück mit Wohnungsbestand der LWU (ab 4 WE pro Adresse),14128
5210,11057200100361____,Flurstück mit Wohnungsbestand der LWU (ab 4 WE pro Adresse),5257
5211,11057200100364____,Flurstück mit Wohnungsbestand der LWU (ab 4 WE pro Adresse),2912
5212,11057200100376____,Flurstück mit Wohnungsbestand der LWU (ab 4 WE pro Adresse),10128
5213,11057200100430____,Flurstück mit Wohnungsbestand der LWU (ab 4 WE pro Adresse),2462
5214,11057200100440____,Flurstück mit Wohnungsbestand der LWU (ab 4 WE pro Adresse),1189
5215,11057200100442____,Flurstück mit Wohnungsbestand der LWU (ab 4 WE pro Adresse),1899
5216,11057200100443____,Flurstück mit Wohnungsbestand der LWU (ab 4 WE pro Adresse),3166
5217,11057200100491____,Flurstück mit Wohnungsbestand der LWU (ab 4 WE pro Adresse),14137
5218,11057200100492____,Flurstück mit Wohnungsbestand der LWU (ab 4 WE pro Adresse),16230
5219,11057200100498____,Flurstück mit Wohnungsbestand der LWU (ab 4 WE pro Adresse),25241
5220,11057200100527____,Flurstück mit Wohnungsbestand der LWU (ab 4 WE pro Adresse),7008
5221,11057200100528____,Flurstück mit Wohnungsbestand der LWU (ab 4 WE pro Adresse),29513
5222,11057200100529____,Flurstück mit Wohnungsbestand der LWU (ab 4 WE pro Adresse),5102
5223,11057200100532____,Flurstück mit Wohnungsbestand der LWU (ab 4 WE pro Adresse),2000
5224,11057200100533____,Flurstück mit Wohnungsbestand der LWU (ab 4 WE pro Adresse),5769
5225,11057700300362____,Flurstück mit Wohnungsbestand der LWU (ab 4 WE pro Adresse),29269
5226,11057700300391____,Flurstück mit Wohnungsbestand der LWU (ab 4 WE pro Adresse),20872
5227,11057700300401____,Flurstück mit Wohnungsbestand der LWU (ab 4 WE pro Adresse),2721
5228,11057700300438____,Flurstück mit Wohnungsbestand der LWU (ab 4 WE pro Adresse),12341
5229,11057700300449____,Flurstück mit Wohnungsbestand der LWU (ab 4 WE pro Adresse),7430
5230,11057700300459____,Flurstück mit Wohnungsbestand der LWU (ab 4 WE pro Adresse),22649
5231,11057700300460____,Flurstück mit Wohnungsbestand der LWU (ab 4 WE pro Adresse),5842
5232,11057700300461____,Flurstück mit Wohnungsbestand der LWU (ab 4 WE pro Adresse),36243
5233,11057700300476____,Flurstück mit Wohnungsbestand der LWU (ab 4 WE pro Adresse),21178
5234,110580001064790114,Flurstück mit Wohnungsbestand der LWU (ab 4 WE pro Adresse),8808
5235,11058000106545____,Flurstück mit Wohnungsbestand der LWU (ab 4 WE pro Adresse),7563
5236,11058000106790____,Flurstück mit Wohnungsbestand der LWU (ab 4 WE pro Adresse),5954
5237,11058000106858____,Flurstück mit Wohnungsbestand der LWU (ab 4 WE pro Adresse),12520
5238,110580003026600001,Flurstück mit Wohnungsbestand der LWU (ab 4 WE pro Adresse),8677
5239,11058000302866____,Flurstück mit Wohnungsbestand der LWU (ab 4 WE pro Adresse),63141
5240,11058000600050____,Flurstück mit Wohnungsbestand der LWU (ab 4 WE pro Adresse),2242
5241,11058000700115____,Flurstück mit Wohnungsbestand der LWU (ab 4 WE pro Adresse),751
5242,11058000700122____,Flurstück mit Wohnungsbestand der LWU (ab 4 WE pro Adresse),2046
5243,11058000700123____,Flurstück mit Wohnungsbestand der LWU (ab 4 WE pro Adresse),1181
5244,11058000700144____,Flurstück mit Wohnungsbestand der LWU (ab 4 WE pro Adresse),6148
5245,11058000700153____,Flurstück mit Wohnungsbestand der LWU (ab 4 WE pro Adresse),2773
5246,11058000700161____,Flurstück mit Wohnungsbestand der LWU (ab 4 WE pro Adresse),815
5247,11058000700164____,Flurstück mit Wohnungsbestand der LWU (ab 4 WE pro Adresse),1134
5248,11058000700266____,Flurstück mit Wohnungsbestand der LWU (ab 4 WE pro Adresse),2537
5249,11058000700280____,Flurstück mit Wohnungsbestand der LWU (ab 4 WE pro Adresse),1253
5250,11058000700379____,Flurstück mit Wohnungsbestand der LWU (ab 4 WE pro Adresse),1290
5251,11058000800026____,Flurstück mit Wohnungsbestand der LWU (ab 4 WE pro Adresse),3398
5252,11058000800089____,Flurstück mit Wohnungsbestand der LWU (ab 4 WE pro Adresse),12271
5253,11058000800092____,Flurstück mit Wohnungsbestand der LWU (ab 4 WE pro Adresse),8136
5254,11058000800267____,Flurstück mit Wohnungsbestand der LWU (ab 4 WE pro Adresse),1507
5255,11058000800271____,Flurstück mit Wohnungsbestand der LWU (ab 4 WE pro Adresse),579
5256,11058000800347____,Flurstück mit Wohnungsbestand der LWU (ab 4 WE pro Adresse),19055
5257,11058000800452____,Flurstück mit Wohnungsbestand der LWU (ab 4 WE pro Adresse),4971
5258,11058000800458____,Flurstück mit Wohnungsbestand der LWU (ab 4 WE pro Adresse),10493
5259,11058000800459____,Flurstück mit Wohnungsbestand der LWU (ab 4 WE pro Adresse),9867
5260,11058000800583____,Flurstück mit Wohnungsbestand der LWU (ab 4 WE pro Adresse),5569
5261,11058000900272____,Flurstück mit Wohnungsbestand der LWU (ab 4 WE pro Adresse),895
5262,11058001300098____,Flurstück mit Wohnungsbestand der LWU (ab 4 WE pro Adresse),547
5263,11058001300099____,Flurstück mit Wohnungsbestand der LWU (ab 4 WE pro Adresse),575
5264,11058001300118____,Flurstück mit Wohnungsbestand der LWU (ab 4 WE pro Adresse),851
5265,11058001300184____,Flurstück mit Wohnungsbestand der LWU (ab 4 WE pro Adresse),1300
5266,11058001300187____,Flurstück mit Wohnungsbestand der LWU (ab 4 WE pro Adresse),1980
5267,11058001300208____,Flurstück mit Wohnungsbestand der LWU (ab 4 WE pro Adresse),758
5268,11058001300209____,Flurstück mit Wohnungsbestand der LWU (ab 4 WE pro Adresse),1385
5269,11058001300214____,Flurstück mit Wohnungsbestand der LWU (ab 4 WE pro Adresse),1887
5270,11058001300216____,Flurstück mit Wohnungsbestand der LWU (ab 4 WE pro Adresse),1299
5271,11058001300235____,Flurstück mit Wohnungsbestand der LWU (ab 4 WE pro Adresse),408
5272,11058001300236____,Flurstück mit Wohnungsbestand der LWU (ab 4 WE pro Adresse),714
5273,11058001300237____,Flurstück mit Wohnungsbestand der LWU (ab 4 WE pro Adresse),406
5274,11058001300240____,Flurstück mit Wohnungsbestand der LWU (ab 4 WE pro Adresse),3146
5275,11058001300241____,Flurstück mit Wohnungsbestand der LWU (ab 4 WE pro Adresse),452
5276,11058001300242____,Flurstück mit Wohnungsbestand der LWU (ab 4 WE pro Adresse),625
5277,11058001300243____,Flurstück mit Wohnungsbestand der LWU (ab 4 WE pro Adresse),796
5278,11058001300245____,Flurstück mit Wohnungsbestand der LWU (ab 4 WE pro Adresse),465
5279,11058001300246____,Flurstück mit Wohnungsbestand der LWU (ab 4 WE pro Adresse),811
5280,11058001300248____,Flurstück mit Wohnungsbestand der LWU (ab 4 WE pro Adresse),910
5281,11058001300250____,Flurstück mit Wohnungsbestand der LWU (ab 4 WE pro Adresse),615
5282,11058001300257____,Flurstück mit Wohnungsbestand der LWU (ab 4 WE pro Adresse),9407
5283,11058001300261____,Flurstück mit Wohnungsbestand der LWU (ab 4 WE pro Adresse),2266
5284,11058001300280____,Flurstück mit Wohnungsbestand der LWU (ab 4 WE pro Adresse),870
5285,11058001300314____,Flurstück mit Wohnungsbestand der LWU (ab 4 WE pro Adresse),624
5286,11058001300316____,Flurstück mit Wohnungsbestand der LWU (ab 4 WE pro Adresse),2411
5287,11058001300329____,Flurstück mit Wohnungsbestand der LWU (ab 4 WE pro Adresse),2788
5288,11058001300368____,Flurstück mit Wohnungsbestand der LWU (ab 4 WE pro Adresse),4307
5289,11058001300387____,Flurstück mit Wohnungsbestand der LWU (ab 4 WE pro Adresse),671
5290,11058001300389____,Flurstück mit Wohnungsbestand der LWU (ab 4 WE pro Adresse),3791
5291,11058001300393____,Flurstück mit Wohnungsbestand der LWU (ab 4 WE pro Adresse),6453
5292,11058001300394____,Flurstück mit Wohnungsbestand der LWU (ab 4 WE pro Adresse),4056
5293,11058001300401____,Flurstück mit Wohnungsbestand der LWU (ab 4 WE pro Adresse),4144
5294,11058001400008____,Flurstück mit Wohnungsbestand der LWU (ab 4 WE pro Adresse),4408
5295,11058001400080____,Flurstück mit Wohnungsbestand der LWU (ab 4 WE pro Adresse),1036
5296,11058001400172____,Flurstück mit Wohnungsbestand der LWU (ab 4 WE pro Adresse),2699
5297,11058001400180____,Flurstück mit Wohnungsbestand der LWU (ab 4 WE pro Adresse),8083
5298,11058001800056____,Flurstück mit Wohnungsbestand der LWU (ab 4 WE pro Adresse),522
5299,11058001800057____,Flurstück mit Wohnungsbestand der LWU (ab 4 WE pro Adresse),430
5300,11058001800058____,Flurstück mit Wohnungsbestand der LWU (ab 4 WE pro Adresse),832
5301,11058001800247____,Flurstück mit Wohnungsbestand der LWU (ab 4 WE pro Adresse),4381
5302,11058001800256____,Flurstück mit Wohnungsbestand der LWU (ab 4 WE pro Adresse),7803
5303,11058001900017____,Flurstück mit Wohnungsbestand der LWU (ab 4 WE pro Adresse),531
5304,11058001900018____,Flurstück mit Wohnungsbestand der LWU (ab 4 WE pro Adresse),576
5305,11058001900019____,Flurstück mit Wohnungsbestand der LWU (ab 4 WE pro Adresse),710
5306,11058001900026____,Flurstück mit Wohnungsbestand der LWU (ab 4 WE pro Adresse),5534
5307,11058001900034____,Flurstück mit Wohnungsbestand der LWU (ab 4 WE pro Adresse),2841
5308,11058001900035____,Flurstück mit Wohnungsbestand der LWU (ab 4 WE pro Adresse),2740
5309,11058001900036____,Flurstück mit Wohnungsbestand der LWU (ab 4 WE pro Adresse),3188
5310,11058001900060____,Flurstück mit Wohnungsbestand der LWU (ab 4 WE pro Adresse),2958
5311,11058001900082____,Flurstück mit Wohnungsbestand der LWU (ab 4 WE pro Adresse),9176
5312,11058001900097____,Flurstück mit Wohnungsbestand der LWU (ab 4 WE pro Adresse),9561
5313,11058001900114____,Flurstück mit Wohnungsbestand der LWU (ab 4 WE pro Adresse),29652
5314,11058001900115____,Flurstück mit Wohnungsbestand der LWU (ab 4 WE pro Adresse),15389
5315,11058001900149____,Flurstück mit Wohnungsbestand der LWU (ab 4 WE pro Adresse),14194
5316,11058001900244____,Flurstück mit Wohnungsbestand der LWU (ab 4 WE pro Adresse),919
5317,11058001900319____,Flurstück mit Wohnungsbestand der LWU (ab 4 WE pro Adresse),7312
5318,11058001900320____,Flurstück mit Wohnungsbestand der LWU (ab 4 WE pro Adresse),1626
5319,11058001900323____,Flurstück mit Wohnungsbestand der LWU (ab 4 WE pro Adresse),6057
5320,11058001900324____,Flurstück mit Wohnungsbestand der LWU (ab 4 WE pro Adresse),6523
5321,11058001900325____,Flurstück mit Wohnungsbestand der LWU (ab 4 WE pro Adresse),4705
5322,11058001900340____,Flurstück mit Wohnungsbestand der LWU (ab 4 WE pro Adresse),9991
5323,11058002000362____,Flurstück mit Wohnungsbestand der LWU (ab 4 WE pro Adresse),6852
5324,11058002000464____,Flurstück mit Wohnungsbestand der LWU (ab 4 WE pro Adresse),6899
5325,11058002000470____,Flurstück mit Wohnungsbestand der LWU (ab 4 WE pro Adresse),4125
5326,11058002000509____,Flurstück mit Wohnungsbestand der LWU (ab 4 WE pro Adresse),10201
5327,11058002000535____,Flurstück mit Wohnungsbestand der LWU (ab 4 WE pro Adresse),7573
5328,11058002000541____,Flurstück mit Wohnungsbestand der LWU (ab 4 WE pro Adresse),11358
5329,11058002000544____,Flurstück mit Wohnungsbestand der LWU (ab 4 WE pro Adresse),2505
5330,11058002000548____,Flurstück mit Wohnungsbestand der LWU (ab 4 WE pro Adresse),10722
5331,11058002000554____,Flurstück mit Wohnungsbestand der LWU (ab 4 WE pro Adresse),5348
5332,11058002406027____,Flurstück mit Wohnungsbestand der LWU (ab 4 WE pro Adresse),654
5333,11058002500099____,Flurstück mit Wohnungsbestand der LWU (ab 4 WE pro Adresse),2653
5334,11058002500176____,Flurstück mit Wohnungsbestand der LWU (ab 4 WE pro Adresse),6320
5335,11058002500177____,Flurstück mit Wohnungsbestand der LWU (ab 4 WE pro Adresse),3883
5336,11058002500184____,Flurstück mit Wohnungsbestand der LWU (ab 4 WE pro Adresse),10226
5337,11058002500188____,Flurstück mit Wohnungsbestand der LWU (ab 4 WE pro Adresse),6231
5338,11058002600149____,Flurstück mit Wohnungsbestand der LWU (ab 4 WE pro Adresse),21904
5339,11058002600160____,Flurstück mit Wohnungsbestand der LWU (ab 4 WE pro Adresse),6366
5340,11058002900057____,Flurstück mit Wohnungsbestand der LWU (ab 4 WE pro Adresse),4283
5341,11058003000039____,Flurstück mit Wohnungsbestand der LWU (ab 4 WE pro Adresse),4306
5342,11058003000057____,Flurstück mit Wohnungsbestand der LWU (ab 4 WE pro Adresse),3337
5343,11058003000058____,Flurstück mit Wohnungsbestand der LWU (ab 4 WE pro Adresse),2350
5344,11058003400456____,Flurstück mit Wohnungsbestand der LWU (ab 4 WE pro Adresse),8816
5345,11058003400457____,Flurstück mit Wohnungsbestand der LWU (ab 4 WE pro Adresse),9114
5346,11058003400458____,Flurstück mit Wohnungsbestand der LWU (ab 4 WE pro Adresse),11277
5347,11058100100742____,Flurstück mit Wohnungsbestand der LWU (ab 4 WE pro Adresse),6471
5348,11058100100743____,Flurstück mit Wohnungsbestand der LWU (ab 4 WE pro Adresse),6946
5349,11058100100744____,Flurstück mit Wohnungsbestand der LWU (ab 4 WE pro Adresse),7821
5350,11058100200234____,Flurstück mit Wohnungsbestand der LWU (ab 4 WE pro Adresse),24139
5351,11058200200287____,Flurstück mit Wohnungsbestand der LWU (ab 4 WE pro Adresse),14250
5352,110584001000310005,Flurstück mit Wohnungsbestand der LWU (ab 4 WE pro Adresse),2445
5353,110584001000310006,Flurstück mit Wohnungsbestand der LWU (ab 4 WE pro Adresse),2468
5354,11058400101313____,Flurstück mit Wohnungsbestand der LWU (ab 4 WE pro Adresse),9509
5355,11058400101330____,Flurstück mit Wohnungsbestand der LWU (ab 4 WE pro Adresse),18423
5356,11058400101356____,Flurstück mit Wohnungsbestand der LWU (ab 4 WE pro Adresse),757
5357,11058400101367____,Flurstück mit Wohnungsbestand der LWU (ab 4 WE pro Adresse),11618
5358,11058400101485____,Flurstück mit Wohnungsbestand der LWU (ab 4 WE pro Adresse),4193
5359,11058400101488____,Flurstück mit Wohnungsbestand der LWU (ab 4 WE pro Adresse),5531
5360,11058400101582____,Flurstück mit Wohnungsbestand der LWU (ab 4 WE pro Adresse),1882
5361,11058400101590____,Flurstück mit Wohnungsbestand der LWU (ab 4 WE pro Adresse),4128
5362,11058400101609____,Flurstück mit Wohnungsbestand der LWU (ab 4 WE pro Adresse),2979
5363,11058400101610____,Flurstück mit Wohnungsbestand der LWU (ab 4 WE pro Adresse),3582
5364,11058400101612____,Flurstück mit Wohnungsbestand der LWU (ab 4 WE pro Adresse),3693
5365,11058400101622____,Flurstück mit Wohnungsbestand der LWU (ab 4 WE pro Adresse),11003
5366,11058400101722____,Flurstück mit Wohnungsbestand der LWU (ab 4 WE pro Adresse),5161
5367,11058400101797____,Flurstück mit Wohnungsbestand der LWU (ab 4 WE pro Adresse),7150
5368,11058400101798____,Flurstück mit Wohnungsbestand der LWU (ab 4 WE pro Adresse),17625
5369,11058400101807____,Flurstück mit Wohnungsbestand der LWU (ab 4 WE pro Adresse),3945
5370,11058400101818____,Flurstück mit Wohnungsbestand der LWU (ab 4 WE pro Adresse),4982
5371,11058400101819____,Flurstück mit Wohnungsbestand der LWU (ab 4 WE pro Adresse),8282
5372,11058400101831____,Flurstück mit Wohnungsbestand der LWU (ab 4 WE pro Adresse),22804
5373,11058400101832____,Flurstück mit Wohnungsbestand der LWU (ab 4 WE pro Adresse),19682
5374,11058400101833____,Flurstück mit Wohnungsbestand der LWU (ab 4 WE pro Adresse),14008
5375,11058400101834____,Flurstück mit Wohnungsbestand der LWU (ab 4 WE pro Adresse),2572
5376,11058400101848____,Flurstück mit Wohnungsbestand der LWU (ab 4 WE pro Adresse),6494
5377,11058400101872____,Flurstück mit Wohnungsbestand der LWU (ab 4 WE pro Adresse),11152
5378,11058400101873____,Flurstück mit Wohnungsbestand der LWU (ab 4 WE pro Adresse),1862
5379,11058400101876____,Flurstück mit Wohnungsbestand der LWU (ab 4 WE pro Adresse),15006
5380,11058400101891____,Flurstück mit Wohnungsbestand der LWU (ab 4 WE pro Adresse),4902
5381,110586002001990005,Flurstück mit Wohnungsbestand der LWU (ab 4 WE pro Adresse),24167
5382,11058600200360____,Flurstück mit Wohnungsbestand der LWU (ab 4 WE pro Adresse),3553
5383,11058600200505____,Flurstück mit Wohnungsbestand der LWU (ab 4 WE pro Adresse),4508
5384,11058600200537____,Flurstück mit Wohnungsbestand der LWU (ab 4 WE pro Adresse),24406
5385,11058600200560____,Flurstück mit Wohnungsbestand der LWU (ab 4 WE pro Adresse),21114
5386,11058600201255____,Flurstück mit Wohnungsbestand der LWU (ab 4 WE pro Adresse),9412
5387,11058600201342____,Flurstück mit Wohnungsbestand der LWU (ab 4 WE pro Adresse),16383
5388,11058600201347____,Flurstück mit Wohnungsbestand der LWU (ab 4 WE pro Adresse),34771
5389,11058600201354____,Flurstück mit Wohnungsbestand der LWU (ab 4 WE pro Adresse),16533
5390,11058600201360____,Flurstück mit Wohnungsbestand der LWU (ab 4 WE pro Adresse),22894
5391,11058600201361____,Flurstück mit Wohnungsbestand der LWU (ab 4 WE pro Adresse),8811
5392,11058600201362____,Flurstück mit Wohnungsbestand der LWU (ab 4 WE pro Adresse),11371
5393,11058600201363____,Flurstück mit Wohnungsbestand der LWU (ab 4 WE pro Adresse),17677
5394,11058600201364____,Flurstück mit Wohnungsbestand der LWU (ab 4 WE pro Adresse),15710
5395,11058600201397____,Flurstück mit Wohnungsbestand der LWU (ab 4 WE pro Adresse),22984
5396,11058600201469____,Flurstück mit Wohnungsbestand der LWU (ab 4 WE pro Adresse),2667
5397,11058600201470____,Flurstück mit Wohnungsbestand der LWU (ab 4 WE pro Adresse),19471
5398,11058600201471____,Flurstück mit Wohnungsbestand der LWU (ab 4 WE pro Adresse),25427
5399,11058600201548____,Flurstück mit Wohnungsbestand der LWU (ab 4 WE pro Adresse),4057
5400,11058600201580____,Flurstück mit Wohnungsbestand der LWU (ab 4 WE pro Adresse),5267
5401,11058600201581____,Flurstück mit Wohnungsbestand der LWU (ab 4 WE pro Adresse),7468
5402,110586003001420064,Flurstück mit Wohnungsbestand der LWU (ab 4 WE pro Adresse),6689
5403,11058600300178____,Flurstück mit Wohnungsbestand der LWU (ab 4 WE pro Adresse),6144
5404,11058600300230____,Flurstück mit Wohnungsbestand der LWU (ab 4 WE pro Adresse),16295
5405,11058600300267____,Flurstück mit Wohnungsbestand der LWU (ab 4 WE pro Adresse),5621
5406,11058600300283____,Flurstück mit Wohnungsbestand der LWU (ab 4 WE pro Adresse),13655
5407,11058600300290____,Flurstück mit Wohnungsbestand der LWU (ab 4 WE pro Adresse),17731
5408,11058600300359____,Flurstück mit Wohnungsbestand der LWU (ab 4 WE pro Adresse),12671
5409,11058600300381____,Flurstück mit Wohnungsbestand der LWU (ab 4 WE pro Adresse),19937
5410,11058600300414____,Flurstück mit Wohnungsbestand der LWU (ab 4 WE pro Adresse),4101
5411,11058600300416____,Flurstück mit Wohnungsbestand der LWU (ab 4 WE pro Adresse),4077
5412,11058600300424____,Flurstück mit Wohnungsbestand der LWU (ab 4 WE pro Adresse),2620
5413,11058600300481____,Flurstück mit Wohnungsbestand der LWU (ab 4 WE pro Adresse),5021
5414,11058600300482____,Flurstück mit Wohnungsbestand der LWU (ab 4 WE pro Adresse),28758
5415,11058600300514____,Flurstück mit Wohnungsbestand der LWU (ab 4 WE pro Adresse),16665
5416,11058600300518____,Flurstück mit Wohnungsbestand der LWU (ab 4 WE pro Adresse),5001
5417,11058600300519____,Flurstück mit Wohnungsbestand der LWU (ab 4 WE pro Adresse),5522
5418,11058600300521____,Flurstück mit Wohnungsbestand der LWU (ab 4 WE pro Adresse),23640
5419,11058600300522____,Flurstück mit Wohnungsbestand der LWU (ab 4 WE pro Adresse),29868
5420,11059000100239____,Flurstück mit Wohnungsbestand der LWU (ab 4 WE pro Adresse),18536
5421,11059000100303____,Flurstück mit Wohnungsbestand der LWU (ab 4 WE pro Adresse),4550
5422,11059000100305____,Flurstück mit Wohnungsbestand der LWU (ab 4 WE pro Adresse),20189
5423,11059000100314____,Flurstück mit Wohnungsbestand der LWU (ab 4 WE pro Adresse),27904
5424,11059000100320____,Flurstück mit Wohnungsbestand der LWU (ab 4 WE pro Adresse),14460
5425,11059000100331____,Flurstück mit Wohnungsbestand der LWU (ab 4 WE pro Adresse),15499
5426,11059000100340____,Flurstück mit Wohnungsbestand der LWU (ab 4 WE pro Adresse),1845
5427,11059000100344____,Flurstück mit Wohnungsbestand der LWU (ab 4 WE pro Adresse),35636
5428,11059000100442____,Flurstück mit Wohnungsbestand der LWU (ab 4 WE pro Adresse),14732
5429,11059000100461____,Flurstück mit Wohnungsbestand der LWU (ab 4 WE pro Adresse),3838
5430,11059000100463____,Flurstück mit Wohnungsbestand der LWU (ab 4 WE pro Adresse),13486
5431,11059000100468____,Flurstück mit Wohnungsbestand der LWU (ab 4 WE pro Adresse),1876
5432,11059000100502____,Flurstück mit Wohnungsbestand der LWU (ab 4 WE pro Adresse),5775
5433,11059000100504____,Flurstück mit Wohnungsbestand der LWU (ab 4 WE pro Adresse),5874
5434,11059000100523____,Flurstück mit Wohnungsbestand der LWU (ab 4 WE pro Adresse),11933
5435,11059000100530____,Flurstück mit Wohnungsbestand der LWU (ab 4 WE pro Adresse),2021
5436,11059000100541____,Flurstück mit Wohnungsbestand der LWU (ab 4 WE pro Adresse),19214
5437,11059000100559____,Flurstück mit Wohnungsbestand der LWU (ab 4 WE pro Adresse),1741
5438,11059000100607____,Flurstück mit Wohnungsbestand der LWU (ab 4 WE pro Adresse),12862
5439,11059000100659____,Flurstück mit Wohnungsbestand der LWU (ab 4 WE pro Adresse),1708
5440,11059000100660____,Flurstück mit Wohnungsbestand der LWU (ab 4 WE pro Adresse),3041
5441,11059000100661____,Flurstück mit Wohnungsbestand der LWU (ab 4 WE pro Adresse),3806
5442,11059000100816____,Flurstück mit Wohnungsbestand der LWU (ab 4 WE pro Adresse),29890
5443,11059000100823____,Flurstück mit Wohnungsbestand der LWU (ab 4 WE pro Adresse),19863
5444,11059000100869____,Flurstück mit Wohnungsbestand der LWU (ab 4 WE pro Adresse),2178
5445,11059000100908____,Flurstück mit Wohnungsbestand der LWU (ab 4 WE pro Adresse),20363
5446,11059000100941____,Flurstück mit Wohnungsbestand der LWU (ab 4 WE pro Adresse),6923
5447,11059000100949____,Flurstück mit Wohnungsbestand der LWU (ab 4 WE pro Adresse),2598
5448,11059000100955____,Flurstück mit Wohnungsbestand der LWU (ab 4 WE pro Adresse),2574
5449,11059000100956____,Flurstück mit Wohnungsbestand der LWU (ab 4 WE pro Adresse),9085
5450,11059000101087____,Flurstück mit Wohnungsbestand der LWU (ab 4 WE pro Adresse),8676
5451,11059000101089____,Flurstück mit Wohnungsbestand der LWU (ab 4 WE pro Adresse),2929
5452,11059000101106____,Flurstück mit Wohnungsbestand der LWU (ab 4 WE pro Adresse),8370
5453,11059000101192____,Flurstück mit Wohnungsbestand der LWU (ab 4 WE pro Adresse),28829
5454,11059000101193____,Flurstück mit Wohnungsbestand der LWU (ab 4 WE pro Adresse),15770
5455,11059000101194____,Flurstück mit Wohnungsbestand der LWU (ab 4 WE pro Adresse),10615
5456,11059000101203____,Flurstück mit Wohnungsbestand der LWU (ab 4 WE pro Adresse),17074
5457,11059000101204____,Flurstück mit Wohnungsbestand der LWU (ab 4 WE pro Adresse),35063
5458,11059000101206____,Flurstück mit Wohnungsbestand der LWU (ab 4 WE pro Adresse),18633
5459,11059000101207____,Flurstück mit Wohnungsbestand der LWU (ab 4 WE pro Adresse),51453
5460,11059000101208____,Flurstück mit Wohnungsbestand der LWU (ab 4 WE pro Adresse),16433
5461,11059000101216____,Flurstück mit Wohnungsbestand der LWU (ab 4 WE pro Adresse),513
5462,11059000101217____,Flurstück mit Wohnungsbestand der LWU (ab 4 WE pro Adresse),2044
5463,11059000101219____,Flurstück mit Wohnungsbestand der LWU (ab 4 WE pro Adresse),1719
5464,11059000101222____,Flurstück mit Wohnungsbestand der LWU (ab 4 WE pro Adresse),3166
5465,11059000101227____,Flurstück mit Wohnungsbestand der LWU (ab 4 WE pro Adresse),23333
5466,11059000101228____,Flurstück mit Wohnungsbestand der LWU (ab 4 WE pro Adresse),360
5467,11059000101311____,Flurstück mit Wohnungsbestand der LWU (ab 4 WE pro Adresse),4288
5468,11059000101315____,Flurstück mit Wohnungsbestand der LWU (ab 4 WE pro Adresse),29127
5469,11059000101347____,Flurstück mit Wohnungsbestand der LWU (ab 4 WE pro Adresse),8260
5470,11059000101536____,Flurstück mit Wohnungsbestand der LWU (ab 4 WE pro Adresse),8190
5471,11059000101552____,Flurstück mit Wohnungsbestand der LWU (ab 4 WE pro Adresse),238
5472,11059000101553____,Flurstück mit Wohnungsbestand der LWU (ab 4 WE pro Adresse),6251
5473,11059000101568____,Flurstück mit Wohnungsbestand der LWU (ab 4 WE pro Adresse),6981
5474,11059000101573____,Flurstück mit Wohnungsbestand der LWU (ab 4 WE pro Adresse),2611
5475,11059000101585____,Flurstück mit Wohnungsbestand der LWU (ab 4 WE pro Adresse),1043
5476,11059000101590____,Flurstück mit Wohnungsbestand der LWU (ab 4 WE pro Adresse),5335
5477,11059000101708____,Flurstück mit Wohnungsbestand der LWU (ab 4 WE pro Adresse),17607
5478,11059000101710____,Flurstück mit Wohnungsbestand der LWU (ab 4 WE pro Adresse),10115
5479,11059000101721____,Flurstück mit Wohnungsbestand der LWU (ab 4 WE pro Adresse),27423
5480,11059000300262____,Flurstück mit Wohnungsbestand der LWU (ab 4 WE pro Adresse),8833
5481,11059000300264____,Flurstück mit Wohnungsbestand der LWU (ab 4 WE pro Adresse),1830
5482,11059000300269____,Flurstück mit Wohnungsbestand der LWU (ab 4 WE pro Adresse),11530
5483,11059000300279____,Flurstück mit Wohnungsbestand der LWU (ab 4 WE pro Adresse),21563
5484,11059000300282____,Flurstück mit Wohnungsbestand der LWU (ab 4 WE pro Adresse),11838
5485,11059000300289____,Flurstück mit Wohnungsbestand der LWU (ab 4 WE pro Adresse),2033
5486,11059000300297____,Flurstück mit Wohnungsbestand der LWU (ab 4 WE pro Adresse),678
5487,11059000300305____,Flurstück mit Wohnungsbestand der LWU (ab 4 WE pro Adresse),12010
5488,11059000300775____,Flurstück mit Wohnungsbestand der LWU (ab 4 WE pro Adresse),6768
5489,11059000300778____,Flurstück mit Wohnungsbestand der LWU (ab 4 WE pro Adresse),5720
5490,11059000300925____,Flurstück mit Wohnungsbestand der LWU (ab 4 WE pro Adresse),11290
5491,11059000300933____,Flurstück mit Wohnungsbestand der LWU (ab 4 WE pro Adresse),12818
5492,11059000300957____,Flurstück mit Wohnungsbestand der LWU (ab 4 WE pro Adresse),7455
5493,11059000300960____,Flurstück mit Wohnungsbestand der LWU (ab 4 WE pro Adresse),1303
5494,11059000300961____,Flurstück mit Wohnungsbestand der LWU (ab 4 WE pro Adresse),905
5495,11059000300968____,Flurstück mit Wohnungsbestand der LWU (ab 4 WE pro Adresse),9712
5496,11059000300969____,Flurstück mit Wohnungsbestand der LWU (ab 4 WE pro Adresse),12261
5497,11059000300970____,Flurstück mit Wohnungsbestand der LWU (ab 4 WE pro Adresse),12810
5498,11059000300971____,Flurstück mit Wohnungsbestand der LWU (ab 4 WE pro Adresse),7311
5499,11059000301002____,Flurstück mit Wohnungsbestand der LWU (ab 4 WE pro Adresse),7748
5500,11059000301012____,Flurstück mit Wohnungsbestand der LWU (ab 4 WE pro Adresse),265
5501,11059000301013____,Flurstück mit Wohnungsbestand der LWU (ab 4 WE pro Adresse),7602
5502,11059000301105____,Flurstück mit Wohnungsbestand der LWU (ab 4 WE pro Adresse),8298
5503,11059016200234____,Flurstück mit Wohnungsbestand der LWU (ab 4 WE pro Adresse),2126
5504,11059016200318____,Flurstück mit Wohnungsbestand der LWU (ab 4 WE pro Adresse),12452
5505,11059017200180____,Flurstück mit Wohnungsbestand der LWU (ab 4 WE pro Adresse),1536
5506,11059017200338____,Flurstück mit Wohnungsbestand der LWU (ab 4 WE pro Adresse),814
5507,11059018200390____,Flurstück mit Wohnungsbestand der LWU (ab 4 WE pro Adresse),7887
5508,11059018200393____,Flurstück mit Wohnungsbestand der LWU (ab 4 WE pro Adresse),4306
5509,11059018200395____,Flurstück mit Wohnungsbestand der LWU (ab 4 WE pro Adresse),869
5510,11059018400202____,Flurstück mit Wohnungsbestand der LWU (ab 4 WE pro Adresse),14394
5511,11059018400205____,Flurstück mit Wohnungsbestand der LWU (ab 4 WE pro Adresse),23411
5512,11059018400207____,Flurstück mit Wohnungsbestand der LWU (ab 4 WE pro Adresse),7948
5513,11059018400210____,Flurstück mit Wohnungsbestand der LWU (ab 4 WE pro Adresse),4694
5514,11059018400216____,Flurstück mit Wohnungsbestand der LWU (ab 4 WE pro Adresse),12417
5515,11059018400226____,Flurstück mit Wohnungsbestand der LWU (ab 4 WE pro Adresse),13347
5516,11059018400228____,Flurstück mit Wohnungsbestand der LWU (ab 4 WE pro Adresse),4006
5517,11059018400231____,Flurstück mit Wohnungsbestand der LWU (ab 4 WE pro Adresse),4475
5518,11059018400540____,Flurstück mit Wohnungsbestand der LWU (ab 4 WE pro Adresse),17383
5519,11059019400032____,Flurstück mit Wohnungsbestand der LWU (ab 4 WE pro Adresse),2217
5520,11059019400055____,Flurstück mit Wohnungsbestand der LWU (ab 4 WE pro Adresse),1225
5521,11059019400152____,Flurstück mit Wohnungsbestand der LWU (ab 4 WE pro Adresse),19079
5522,11059019400157____,Flurstück mit Wohnungsbestand der LWU (ab 4 WE pro Adresse),13858
5523,11059019400161____,Flurstück mit Wohnungsbestand der LWU (ab 4 WE pro Adresse),24886
5524,11059019400167____,Flurstück mit Wohnungsbestand der LWU (ab 4 WE pro Adresse),10155
5525,11059019400181____,Flurstück mit Wohnungsbestand der LWU (ab 4 WE pro Adresse),16672
5526,11059200100061____,Flurstück mit Wohnungsbestand der LWU (ab 4 WE pro Adresse),9438
5527,11059200100074____,Flurstück mit Wohnungsbestand der LWU (ab 4 WE pro Adresse),13927
5528,11059200100087____,Flurstück mit Wohnungsbestand der LWU (ab 4 WE pro Adresse),19150
5529,11059200100091____,Flurstück mit Wohnungsbestand der LWU (ab 4 WE pro Adresse),14114
5530,11059200100222____,Flurstück mit Wohnungsbestand der LWU (ab 4 WE pro Adresse),52485
5531,11059200100230____,Flurstück mit Wohnungsbestand der LWU (ab 4 WE pro Adresse),10929
5532,11059200100233____,Flurstück mit Wohnungsbestand der LWU (ab 4 WE pro Adresse),13536
5533,11059200100313____,Flurstück mit Wohnungsbestand der LWU (ab 4 WE pro Adresse),16564
5534,11059200100325____,Flurstück mit Wohnungsbestand der LWU (ab 4 WE pro Adresse),14244
5535,11059200100334____,Flurstück mit Wohnungsbestand der LWU (ab 4 WE pro Adresse),22187
5536,11059200100340____,Flurstück mit Wohnungsbestand der LWU (ab 4 WE pro Adresse),26486
5537,11059200100359____,Flurstück mit Wohnungsbestand der LWU (ab 4 WE pro Adresse),6204
5538,11059200100375____,Flurstück mit Wohnungsbestand der LWU (ab 4 WE pro Adresse),21435
5539,11059200100467____,Flurstück mit Wohnungsbestand der LWU (ab 4 WE pro Adresse),32936
5540,11059200100930____,Flurstück mit Wohnungsbestand der LWU (ab 4 WE pro Adresse),11979
5541,11059200100968____,Flurstück mit Wohnungsbestand der LWU (ab 4 WE pro Adresse),10259
5542,11059200103674____,Flurstück mit Wohnungsbestand der LWU (ab 4 WE pro Adresse),3506
5543,11059200103703____,Flurstück mit Wohnungsbestand der LWU (ab 4 WE pro Adresse),6222
