{"type":"FeatureCollection","features":[{"type":"Feature","id":0,"properties":{"plr_schl":"01100101","plrname":"Stülerstraße","nat_pers":44,"wohmi_fl":"130609","jur_pers":53,"jp_ohn_swg":48.23,"stwbg":4.77,"genossen":0,"sozvermiet":6.77,"plr_id":"01100101"},"geometry":{"type":"MultiPolygon","coordinates":[[[[13.34923,52.50307],[13.34972,52.50343],[13.34984,52.50345],[13.35034,52.50387],[13.3507,52.50435],[13.35075,52.50452],[13.35147,52.50546],[13.3516,52.50576],[13.352,52.50567],[13.35257,52.50562],[13.35251,52.50584],[13.35252,52.50661],[13.3518,52.50943],[13.35159,52.50976],[13.35033,52.50958],[13.34995,52.50945],[13.34978,52.50936],[13.34886,52.50948],[13.34894,52.5095],[13.34902,52.50957],[13.34901,52.50964],[13.34892,52.50969],[13.3488,52.50969],[13.34868,52.50964],[13.34852,52.50964],[13.34643,52.50993],[13.34599,52.50815],[13.3472,52.50778],[13.34808,52.50744],[13.34805,52.50742],[13.34775,52.50727],[13.34764,52.50727],[13.34736,52.50738],[13.34732,52.50734],[13.34609,52.50774],[13.34437,52.50811],[13.34432,52.50828],[13.3442,52.50835],[13.344,52.50834],[13.34391,52.50827],[13.3437,52.50837],[13.34347,52.50821],[13.34337,52.50791],[13.34395,52.50643],[13.33889,52.50543],[13.33892,52.50535],[13.33907,52.50507],[13.33953,52.50515],[13.33995,52.50516],[13.3406,52.50507],[13.34142,52.50487],[13.3415,52.50494],[13.34923,52.50307]]]]}},{"type":"Feature","id":1,"properties":{"plr_schl":"01100102","plrname":"Großer Tiergarten","nat_pers":35,"wohmi_fl":"157180","jur_pers":33,"jp_ohn_swg":33,"stwbg":0,"genossen":0,"sozvermiet":16,"plr_id":"01100102"},"geometry":{"type":"MultiPolygon","coordinates":[[[[13.37686,52.51964],[13.37658,52.51981],[13.37627,52.52009],[13.37612,52.52037],[13.37592,52.52124],[13.37536,52.52185],[13.37467,52.52222],[13.37401,52.5225],[13.37327,52.5227],[13.37251,52.52279],[13.37169,52.52279],[13.37115,52.52274],[13.37069,52.52265],[13.37011,52.52247],[13.36969,52.52227],[13.36952,52.52215],[13.36842,52.5211],[13.36793,52.52072],[13.36721,52.52034],[13.36616,52.51997],[13.36549,52.51979],[13.36516,52.51959],[13.3645,52.51942],[13.36408,52.51941],[13.36281,52.51908],[13.36227,52.5189],[13.3616,52.51855],[13.36063,52.51792],[13.36026,52.51773],[13.35983,52.51757],[13.35897,52.51735],[13.35782,52.51715],[13.35711,52.51707],[13.3563,52.51707],[13.35534,52.51719],[13.35499,52.51726],[13.35455,52.51742],[13.35362,52.51785],[13.3522,52.51863],[13.35159,52.5189],[13.3509,52.51926],[13.3503,52.51965],[13.35004,52.51967],[13.35015,52.51958],[13.34829,52.51971],[13.34753,52.51909],[13.34734,52.5191],[13.34729,52.51848],[13.34741,52.51848],[13.34738,52.51823],[13.34745,52.51823],[13.34743,52.51798],[13.34724,52.51799],[13.34722,52.51781],[13.34591,52.51772],[13.34537,52.51763],[13.34475,52.51681],[13.34457,52.51665],[13.34562,52.5162],[13.34525,52.51596],[13.34424,52.5159],[13.34423,52.516],[13.34404,52.51599],[13.34408,52.51576],[13.34348,52.51572],[13.34334,52.51559],[13.34319,52.51556],[13.33925,52.51531],[13.33885,52.5155],[13.3383,52.5151],[13.33806,52.51478],[13.33799,52.51457],[13.33798,52.51433],[13.33809,52.51393],[13.33643,52.51381],[13.33616,52.51329],[13.33587,52.51327],[13.33585,52.51329],[13.33188,52.51303],[13.33166,52.51293],[13.33167,52.51285],[13.33155,52.51279],[13.33143,52.51282],[13.33139,52.51289],[13.33056,52.51283],[13.33066,52.51262],[13.33083,52.51246],[13.33127,52.51228],[13.33374,52.51172],[13.33403,52.51172],[13.33376,52.5115],[13.33341,52.51128],[13.33298,52.51106],[13.33252,52.51088],[13.33004,52.51008],[13.3339,52.50884],[13.33397,52.50898],[13.33441,52.50891],[13.33469,52.50874],[13.33487,52.50848],[13.33488,52.50829],[13.33483,52.50813],[13.33375,52.50672],[13.33407,52.50658],[13.334,52.50652],[13.33451,52.50628],[13.33537,52.50589],[13.33578,52.50579],[13.33656,52.50572],[13.33691,52.50572],[13.33864,52.50592],[13.33889,52.50543],[13.34395,52.50643],[13.34337,52.50791],[13.34347,52.50821],[13.3437,52.50837],[13.34391,52.50827],[13.344,52.50834],[13.3442,52.50835],[13.34432,52.50828],[13.34437,52.50811],[13.34573,52.50783],[13.34658,52.5076],[13.34732,52.50734],[13.34736,52.50738],[13.34764,52.50727],[13.34775,52.50727],[13.34808,52.50744],[13.3472,52.50778],[13.34599,52.50815],[13.34643,52.50993],[13.34852,52.50964],[13.34868,52.50964],[13.3488,52.50969],[13.34892,52.50969],[13.34901,52.50964],[13.34902,52.50957],[13.34894,52.5095],[13.34886,52.50948],[13.34978,52.50936],[13.34995,52.50945],[13.35033,52.50958],[13.35159,52.50976],[13.3518,52.50943],[13.35252,52.50661],[13.35251,52.50584],[13.35257,52.50561],[13.35284,52.50561],[13.35315,52.50565],[13.35381,52.50581],[13.35393,52.50559],[13.35691,52.50632],[13.35733,52.50637],[13.3576,52.50637],[13.35808,52.50631],[13.35892,52.50604],[13.36031,52.50569],[13.36151,52.50544],[13.3622,52.50536],[13.36314,52.50537],[13.36447,52.50565],[13.36612,52.50573],[13.36728,52.50573],[13.36728,52.50566],[13.36746,52.50566],[13.36769,52.50554],[13.36796,52.50593],[13.36861,52.50587],[13.36961,52.50568],[13.37095,52.50521],[13.37207,52.50471],[13.37272,52.50431],[13.37324,52.50377],[13.37331,52.50375],[13.37361,52.50416],[13.37425,52.50349],[13.37468,52.50323],[13.37475,52.50324],[13.37498,52.50338],[13.37765,52.50797],[13.37674,52.50871],[13.37657,52.50891],[13.37633,52.51],[13.37683,52.51219],[13.37676,52.51224],[13.37681,52.51246],[13.3767,52.51277],[13.37737,52.51562],[13.37695,52.5157],[13.3766,52.51588],[13.3765,52.51602],[13.37644,52.51637],[13.37651,52.51653],[13.37663,52.51664],[13.37681,52.51675],[13.37709,52.51685],[13.37695,52.51725],[13.37675,52.51763],[13.37684,52.51798],[13.37686,52.51964]]]]}},{"type":"Feature","id":2,"properties":{"plr_schl":"01100103","plrname":"Lützowstraße","nat_pers":48,"wohmi_fl":"170329","jur_pers":41,"jp_ohn_swg":35.67,"stwbg":5.33,"genossen":0,"sozvermiet":13.33,"plr_id":"01100103"},"geometry":{"type":"MultiPolygon","coordinates":[[[[13.34923,52.50307],[13.35139,52.50255],[13.35139,52.50259],[13.35754,52.5011],[13.36254,52.49966],[13.36272,52.50002],[13.36293,52.50029],[13.36517,52.50286],[13.36722,52.50517],[13.36769,52.50554],[13.36746,52.50566],[13.36728,52.50566],[13.36728,52.50573],[13.36612,52.50573],[13.36447,52.50565],[13.36314,52.50537],[13.36285,52.50535],[13.36204,52.50537],[13.36106,52.50552],[13.35963,52.50585],[13.35892,52.50604],[13.35808,52.50631],[13.3576,52.50637],[13.35733,52.50637],[13.35691,52.50632],[13.35393,52.50559],[13.35381,52.50581],[13.3532,52.50566],[13.35284,52.50561],[13.35257,52.50561],[13.35215,52.50567],[13.35214,52.50565],[13.3516,52.50576],[13.35147,52.50546],[13.35075,52.50452],[13.3507,52.50435],[13.35034,52.50387],[13.34984,52.50345],[13.34972,52.50343],[13.34923,52.50307]]]]}},{"type":"Feature","id":3,"properties":{"plr_schl":"01100104","plrname":"Körnerstraße","nat_pers":56,"wohmi_fl":"109301","jur_pers":31,"jp_ohn_swg":23.25,"stwbg":7.75,"genossen":0,"sozvermiet":20.75,"plr_id":"01100104"},"geometry":{"type":"MultiPolygon","coordinates":[[[[13.36953,52.49887],[13.37084,52.49988],[13.37139,52.50159],[13.37303,52.50336],[13.37331,52.50375],[13.37324,52.50377],[13.37272,52.50431],[13.37237,52.50455],[13.37095,52.50521],[13.36944,52.50573],[13.36861,52.50587],[13.36796,52.50593],[13.36769,52.50554],[13.36722,52.50517],[13.36691,52.50483],[13.36293,52.50029],[13.36272,52.50002],[13.36254,52.49966],[13.36304,52.49956],[13.36879,52.49878],[13.36936,52.49874],[13.36953,52.49887]]]]}},{"type":"Feature","id":4,"properties":{"plr_schl":"01100205","plrname":"Wilhelmstraße","nat_pers":7,"wohmi_fl":"195941","jur_pers":66,"jp_ohn_swg":61.38,"stwbg":4.62,"genossen":0,"sozvermiet":28.62,"plr_id":"01100205"},"geometry":{"type":"MultiPolygon","coordinates":[[[[13.3765,52.51602],[13.3766,52.51588],[13.3768,52.51576],[13.37713,52.51565],[13.37737,52.51563],[13.3767,52.51277],[13.37681,52.51246],[13.37676,52.51224],[13.37683,52.51219],[13.37633,52.51],[13.37651,52.50907],[13.37657,52.50891],[13.37674,52.50871],[13.37894,52.50693],[13.39021,52.50759],[13.39007,52.50819],[13.38967,52.50842],[13.38919,52.50879],[13.38863,52.50914],[13.38691,52.51095],[13.38679,52.51184],[13.38595,52.51176],[13.38476,52.51394],[13.38434,52.51524],[13.3817,52.51507],[13.38109,52.51622],[13.37813,52.51602],[13.3781,52.51613],[13.3765,52.51602]]]]}},{"type":"Feature","id":5,"properties":{"plr_schl":"01100206","plrname":"Unter den Linden","nat_pers":25,"wohmi_fl":"156085","jur_pers":54,"jp_ohn_swg":39.96,"stwbg":14.04,"genossen":0,"sozvermiet":34.04,"plr_id":"01100206"},"geometry":{"type":"MultiPolygon","coordinates":[[[[13.39631,52.52184],[13.39566,52.52195],[13.39564,52.52198],[13.39386,52.52219],[13.39378,52.52216],[13.3936,52.52217],[13.39359,52.52212],[13.39369,52.52209],[13.39371,52.52203],[13.39344,52.52188],[13.39337,52.52192],[13.39247,52.52213],[13.3916,52.52218],[13.3897,52.52214],[13.38863,52.52205],[13.38828,52.52196],[13.38776,52.52173],[13.38512,52.52016],[13.38224,52.51929],[13.38163,52.51915],[13.38082,52.51902],[13.38012,52.51898],[13.38011,52.51896],[13.37928,52.51898],[13.37864,52.51906],[13.37799,52.5192],[13.3773,52.51943],[13.37686,52.51964],[13.37684,52.51798],[13.37675,52.51763],[13.37695,52.51725],[13.37709,52.51685],[13.37677,52.51673],[13.37651,52.51653],[13.37644,52.51641],[13.3765,52.51602],[13.3781,52.51613],[13.37813,52.51602],[13.38109,52.51622],[13.3817,52.51507],[13.38434,52.51524],[13.38476,52.51394],[13.38595,52.51176],[13.38679,52.51184],[13.39514,52.51234],[13.3967,52.51246],[13.39734,52.5131],[13.39682,52.51534],[13.39712,52.51536],[13.39802,52.51556],[13.39805,52.51553],[13.3994,52.51585],[13.39985,52.51598],[13.40083,52.51642],[13.4012,52.51611],[13.40134,52.51609],[13.40377,52.51708],[13.4023,52.51847],[13.40225,52.51852],[13.40227,52.51859],[13.40207,52.5188],[13.40196,52.51882],[13.40165,52.51921],[13.40128,52.51956],[13.40055,52.52007],[13.3998,52.52042],[13.39867,52.52129],[13.39631,52.52184]]]]}},{"type":"Feature","id":6,"properties":{"plr_schl":"01100207","plrname":"Leipziger Straße","nat_pers":30,"wohmi_fl":"228844","jur_pers":57,"jp_ohn_swg":35.91,"stwbg":21.09,"genossen":0,"sozvermiet":34.09,"plr_id":"01100207"},"geometry":{"type":"MultiPolygon","coordinates":[[[[13.39923,52.50808],[13.40019,52.50938],[13.40126,52.50904],[13.4021,52.50873],[13.40275,52.50854],[13.40382,52.50809],[13.40593,52.51007],[13.40599,52.51048],[13.40597,52.51088],[13.40592,52.51088],[13.40592,52.51096],[13.40597,52.51097],[13.40599,52.51138],[13.40598,52.51149],[13.40594,52.51151],[13.40563,52.51145],[13.40474,52.51137],[13.4033,52.5114],[13.40329,52.51132],[13.40234,52.51135],[13.40235,52.51139],[13.40288,52.51175],[13.40335,52.51213],[13.40385,52.51244],[13.40584,52.51381],[13.40693,52.51469],[13.40631,52.51487],[13.40555,52.51528],[13.40508,52.5158],[13.40392,52.51676],[13.40399,52.51686],[13.40377,52.51708],[13.40134,52.51609],[13.4012,52.51611],[13.40083,52.51642],[13.39985,52.51598],[13.3994,52.51585],[13.39805,52.51553],[13.39802,52.51556],[13.39712,52.51536],[13.39682,52.51534],[13.39734,52.5131],[13.3967,52.51246],[13.39514,52.51234],[13.38679,52.51184],[13.38691,52.51095],[13.38863,52.50914],[13.38919,52.50879],[13.38967,52.50842],[13.39007,52.50819],[13.39021,52.50759],[13.39855,52.5081],[13.39923,52.50808]]]]}},{"type":"Feature","id":7,"properties":{"plr_schl":"01100308","plrname":"Charitéviertel","nat_pers":50,"wohmi_fl":"302962","jur_pers":36,"jp_ohn_swg":30.6,"stwbg":5.4,"genossen":0,"sozvermiet":18.4,"plr_id":"01100308"},"geometry":{"type":"MultiPolygon","coordinates":[[[[13.37357,52.52788],[13.37381,52.52743],[13.37385,52.52725],[13.37383,52.52696],[13.37373,52.52678],[13.37338,52.5265],[13.37104,52.52649],[13.37103,52.52524],[13.37137,52.52507],[13.37176,52.5248],[13.37177,52.52357],[13.3717,52.52339],[13.37169,52.52279],[13.37251,52.52279],[13.37307,52.52273],[13.37355,52.52264],[13.37426,52.52241],[13.37536,52.52185],[13.37592,52.52124],[13.37612,52.52037],[13.37627,52.52009],[13.37666,52.51975],[13.3773,52.51943],[13.37772,52.51928],[13.37832,52.51912],[13.37943,52.51897],[13.38011,52.51896],[13.38012,52.51898],[13.38082,52.51902],[13.38177,52.51918],[13.38224,52.51929],[13.38512,52.52016],[13.38776,52.52173],[13.38825,52.52194],[13.38816,52.522],[13.3876,52.52561],[13.38734,52.52671],[13.38729,52.52704],[13.38738,52.52733],[13.38702,52.52755],[13.38616,52.52826],[13.38541,52.52882],[13.38317,52.53067],[13.37493,52.53733],[13.37455,52.53703],[13.3737,52.53755],[13.37298,52.53804],[13.36861,52.53599],[13.36788,52.53662],[13.36663,52.53602],[13.36579,52.53577],[13.36706,52.53463],[13.36937,52.53244],[13.37,52.53169],[13.37111,52.53021],[13.37222,52.5291],[13.37324,52.52827],[13.37357,52.52788]]]]}},{"type":"Feature","id":8,"properties":{"plr_schl":"01100309","plrname":"Oranienburger Straße","nat_pers":54,"wohmi_fl":"441391","jur_pers":43,"jp_ohn_swg":27.95,"stwbg":15.05,"genossen":0,"sozvermiet":17.05,"plr_id":"01100309"},"geometry":{"type":"MultiPolygon","coordinates":[[[[13.40623,52.52342],[13.40662,52.52341],[13.40722,52.52333],[13.40799,52.5244],[13.40695,52.52478],[13.40646,52.52486],[13.40971,52.52889],[13.40819,52.52923],[13.40363,52.53],[13.40172,52.52989],[13.40163,52.52995],[13.40121,52.53002],[13.40092,52.52993],[13.40075,52.52973],[13.39769,52.52957],[13.39736,52.52953],[13.3932,52.52852],[13.38738,52.52733],[13.38729,52.52704],[13.38734,52.52671],[13.3876,52.52561],[13.38816,52.522],[13.38826,52.52195],[13.38855,52.52204],[13.38924,52.52211],[13.39087,52.52218],[13.3916,52.52218],[13.39247,52.52213],[13.39337,52.52192],[13.39344,52.52188],[13.39371,52.52203],[13.39369,52.52209],[13.39359,52.52212],[13.3936,52.52217],[13.39378,52.52216],[13.39386,52.52219],[13.39564,52.52198],[13.39566,52.52195],[13.39631,52.52184],[13.3971,52.52213],[13.39788,52.52231],[13.39867,52.5224],[13.40072,52.52248],[13.40183,52.52266],[13.40297,52.52292],[13.40299,52.52289],[13.40308,52.5229],[13.4048,52.52332],[13.40539,52.5234],[13.40623,52.52342]]]]}},{"type":"Feature","id":9,"properties":{"plr_schl":"01100310","plrname":"Alexanderplatzviertel","nat_pers":32,"wohmi_fl":"235613","jur_pers":63,"jp_ohn_swg":28.98,"stwbg":34.02,"genossen":0,"sozvermiet":40.02,"plr_id":"01100310"},"geometry":{"type":"MultiPolygon","coordinates":[[[[13.4205,52.52525],[13.41825,52.52618],[13.41689,52.52678],[13.4169,52.5268],[13.41671,52.52689],[13.41615,52.52708],[13.41543,52.52746],[13.41128,52.52863],[13.40971,52.52889],[13.40646,52.52486],[13.40695,52.52478],[13.40799,52.5244],[13.40722,52.52333],[13.40683,52.52339],[13.40621,52.52343],[13.4052,52.52338],[13.40461,52.52328],[13.40308,52.5229],[13.40299,52.52289],[13.40297,52.52292],[13.40183,52.52266],[13.40072,52.52248],[13.39867,52.5224],[13.39788,52.52231],[13.3971,52.52213],[13.39631,52.52184],[13.39867,52.52129],[13.3998,52.52042],[13.40029,52.52021],[13.40073,52.51996],[13.40136,52.51949],[13.40165,52.51921],[13.40196,52.51882],[13.40207,52.5188],[13.40227,52.51859],[13.40225,52.51852],[13.4023,52.51847],[13.40368,52.51714],[13.40394,52.51693],[13.40399,52.51682],[13.40392,52.51676],[13.40508,52.5158],[13.40555,52.51528],[13.40631,52.51487],[13.40711,52.51465],[13.40844,52.51457],[13.40921,52.51428],[13.41039,52.51414],[13.41083,52.51394],[13.41049,52.51364],[13.41102,52.51337],[13.41415,52.51435],[13.41458,52.51443],[13.4149,52.51444],[13.41664,52.51432],[13.41699,52.51425],[13.41719,52.51414],[13.41798,52.51395],[13.41819,52.51483],[13.41774,52.51512],[13.41744,52.5154],[13.4172,52.51571],[13.41674,52.51645],[13.41573,52.51748],[13.41552,52.51781],[13.41524,52.51855],[13.41494,52.51901],[13.41448,52.51945],[13.41398,52.51978],[13.41533,52.52044],[13.41605,52.52112],[13.41774,52.52253],[13.41782,52.52249],[13.42016,52.52461],[13.4205,52.52525]]]]}},{"type":"Feature","id":10,"properties":{"plr_schl":"01100311","plrname":"Karl-Marx-Allee","nat_pers":23,"wohmi_fl":"177055","jur_pers":60,"jp_ohn_swg":9,"stwbg":33,"genossen":18,"sozvermiet":66,"plr_id":"01100311"},"geometry":{"type":"MultiPolygon","coordinates":[[[[13.42278,52.51224],[13.42383,52.51335],[13.42401,52.51368],[13.4251,52.51507],[13.42673,52.51792],[13.42675,52.51796],[13.42615,52.51807],[13.42631,52.51829],[13.42593,52.51839],[13.42692,52.51974],[13.42743,52.51961],[13.4284,52.51959],[13.42919,52.5212],[13.4289,52.52135],[13.42555,52.52279],[13.42591,52.52283],[13.426,52.52293],[13.42652,52.52294],[13.4265,52.52329],[13.42601,52.52333],[13.42548,52.52345],[13.42543,52.52344],[13.4241,52.52384],[13.4205,52.52525],[13.42016,52.52461],[13.41782,52.52249],[13.41774,52.52253],[13.41605,52.52112],[13.41533,52.52044],[13.41398,52.51978],[13.41448,52.51945],[13.41494,52.51901],[13.41524,52.51855],[13.41552,52.51781],[13.41573,52.51748],[13.41674,52.51645],[13.4172,52.51571],[13.41744,52.5154],[13.41774,52.51512],[13.41819,52.51483],[13.41798,52.51395],[13.42045,52.51316],[13.42099,52.51296],[13.42096,52.51284],[13.42209,52.51242],[13.42223,52.51248],[13.42222,52.51242],[13.42246,52.51236],[13.42247,52.51238],[13.42278,52.51224]]]]}},{"type":"Feature","id":11,"properties":{"plr_schl":"01100312","plrname":"Heine-Viertel West","nat_pers":33,"wohmi_fl":"246223","jur_pers":65,"jp_ohn_swg":16.25,"stwbg":8.45,"genossen":40.3,"sozvermiet":49.75,"plr_id":"01100312"},"geometry":{"type":"MultiPolygon","coordinates":[[[[13.40382,52.50809],[13.40443,52.50777],[13.40463,52.50792],[13.40528,52.50821],[13.40803,52.50618],[13.40997,52.50693],[13.41152,52.50489],[13.41181,52.50479],[13.41654,52.51083],[13.41722,52.51231],[13.41738,52.51254],[13.41785,52.51353],[13.41798,52.51395],[13.41719,52.51414],[13.41699,52.51425],[13.41664,52.51432],[13.4149,52.51444],[13.41458,52.51443],[13.41415,52.51435],[13.41102,52.51337],[13.41049,52.51364],[13.41083,52.51394],[13.41039,52.51414],[13.40921,52.51428],[13.40838,52.51458],[13.40711,52.51465],[13.40693,52.51469],[13.40584,52.51381],[13.40385,52.51244],[13.40335,52.51213],[13.40288,52.51175],[13.40235,52.51139],[13.40234,52.51135],[13.40329,52.51132],[13.4033,52.5114],[13.40474,52.51137],[13.40563,52.51145],[13.40593,52.51151],[13.40598,52.51149],[13.40597,52.51097],[13.40592,52.51096],[13.40592,52.51088],[13.40597,52.51088],[13.40599,52.51048],[13.40593,52.51007],[13.40382,52.50809]]]]}},{"type":"Feature","id":12,"properties":{"plr_schl":"01100313","plrname":"Heine-Viertel Ost","nat_pers":40,"wohmi_fl":"309362","jur_pers":55,"jp_ohn_swg":26.4,"stwbg":13.2,"genossen":15.4,"sozvermiet":30.6,"plr_id":"01100313"},"geometry":{"type":"MultiPolygon","coordinates":[[[[13.4294,52.50857],[13.42924,52.50867],[13.42913,52.5089],[13.42892,52.50897],[13.42867,52.50899],[13.42837,52.50907],[13.42808,52.50928],[13.42516,52.511],[13.42308,52.51213],[13.42303,52.51212],[13.42256,52.51235],[13.42222,52.51242],[13.42223,52.51248],[13.42209,52.51242],[13.42096,52.51284],[13.42099,52.51296],[13.42045,52.51316],[13.41798,52.51395],[13.41785,52.51353],[13.41738,52.51254],[13.41722,52.51231],[13.41654,52.51083],[13.41181,52.50479],[13.41407,52.50404],[13.41461,52.50468],[13.41459,52.50479],[13.41491,52.50492],[13.4176,52.50417],[13.41821,52.50502],[13.41855,52.50497],[13.41894,52.50506],[13.41892,52.50508],[13.41914,52.50524],[13.41943,52.50565],[13.42123,52.50515],[13.42181,52.50504],[13.42275,52.50498],[13.42352,52.50499],[13.42435,52.50507],[13.42495,52.50518],[13.42582,52.50542],[13.42671,52.5058],[13.4272,52.50567],[13.42878,52.50793],[13.42882,52.50798],[13.42903,52.50804],[13.4294,52.50857]]]]}},{"type":"Feature","id":13,"properties":{"plr_schl":"01100414","plrname":"Nordbahnhof","nat_pers":61,"wohmi_fl":"123383","jur_pers":39,"jp_ohn_swg":25.35,"stwbg":4.29,"genossen":9.36,"sozvermiet":13.65,"plr_id":"01100414"},"geometry":{"type":"MultiPolygon","coordinates":[[[[13.37493,52.53733],[13.38242,52.53126],[13.38337,52.53165],[13.38457,52.53203],[13.38756,52.53327],[13.38619,52.53429],[13.3849,52.53542],[13.38351,52.53653],[13.3821,52.53774],[13.38001,52.53975],[13.37971,52.54011],[13.37951,52.5401],[13.37613,52.53809],[13.37617,52.53806],[13.37493,52.53733]]]]}},{"type":"Feature","id":14,"properties":{"plr_schl":"01100415","plrname":"Invalidenstraße","nat_pers":72,"wohmi_fl":"373755","jur_pers":20,"jp_ohn_swg":16,"stwbg":3.4,"genossen":0.6,"sozvermiet":4,"plr_id":"01100415"},"geometry":{"type":"MultiPolygon","coordinates":[[[[13.39586,52.53809],[13.39352,52.53742],[13.39327,52.53729],[13.39065,52.53562],[13.39015,52.53536],[13.38833,52.53376],[13.38821,52.53362],[13.38792,52.53343],[13.38457,52.53203],[13.38337,52.53165],[13.38242,52.53126],[13.38541,52.52882],[13.38616,52.52826],[13.38702,52.52755],[13.38738,52.52733],[13.3932,52.52852],[13.39736,52.52953],[13.39769,52.52957],[13.40075,52.52973],[13.40092,52.52993],[13.40121,52.53002],[13.39917,52.53239],[13.39909,52.53275],[13.39862,52.53265],[13.39732,52.53619],[13.39586,52.53809]]]]}},{"type":"Feature","id":15,"properties":{"plr_schl":"01100416","plrname":"Arkonaplatz","nat_pers":80,"wohmi_fl":"314820","jur_pers":17,"jp_ohn_swg":11.56,"stwbg":4.25,"genossen":1.19,"sozvermiet":6.44,"plr_id":"01100416"},"geometry":{"type":"MultiPolygon","coordinates":[[[[13.40559,52.52967],[13.40593,52.53038],[13.40609,52.53061],[13.40599,52.53078],[13.40643,52.53235],[13.40835,52.53435],[13.40749,52.53469],[13.40692,52.53571],[13.40589,52.5378],[13.40581,52.53778],[13.40546,52.5385],[13.40552,52.53851],[13.40542,52.53872],[13.40536,52.53871],[13.4053,52.53883],[13.40536,52.53884],[13.4047,52.54019],[13.40419,52.5404],[13.39711,52.5384],[13.39586,52.53809],[13.39732,52.53619],[13.39862,52.53265],[13.39909,52.53275],[13.39917,52.53239],[13.40121,52.53002],[13.40163,52.52995],[13.40172,52.52989],[13.40363,52.53],[13.40559,52.52967]]]]}},{"type":"Feature","id":16,"properties":{"plr_schl":"01200517","plrname":"Huttenkiez","nat_pers":28,"wohmi_fl":"149183","jur_pers":70,"jp_ohn_swg":67.2,"stwbg":0.7,"genossen":2.1,"sozvermiet":4.8,"plr_id":"01200517"},"geometry":{"type":"MultiPolygon","coordinates":[[[[13.34466,52.53893],[13.3393,52.53969],[13.33888,52.53978],[13.33457,52.54098],[13.33428,52.541],[13.33361,52.54116],[13.33288,52.54121],[13.33198,52.54122],[13.32921,52.54104],[13.32863,52.54103],[13.32804,52.5411],[13.32731,52.54131],[13.32716,52.53969],[13.32895,52.53837],[13.32913,52.53823],[13.32909,52.53821],[13.32852,52.53805],[13.32687,52.5378],[13.32684,52.53775],[13.32593,52.53762],[13.32583,52.53767],[13.31141,52.53561],[13.31255,52.53265],[13.31279,52.53231],[13.31292,52.5322],[13.31303,52.53187],[13.31337,52.53193],[13.3134,52.53188],[13.31703,52.53235],[13.31719,52.53233],[13.31751,52.53238],[13.31705,52.53205],[13.31731,52.53154],[13.31698,52.5313],[13.31661,52.53116],[13.31675,52.5309],[13.31452,52.53049],[13.31385,52.53033],[13.31335,52.53026],[13.31665,52.52096],[13.3178,52.52037],[13.31878,52.52111],[13.31874,52.52188],[13.31869,52.52207],[13.31889,52.52293],[13.31903,52.52323],[13.31917,52.52342],[13.31955,52.52378],[13.32026,52.52419],[13.32082,52.52439],[13.32168,52.52457],[13.3224,52.52464],[13.32352,52.52469],[13.32411,52.52465],[13.32474,52.52454],[13.3258,52.52422],[13.32649,52.52394],[13.32691,52.52373],[13.32818,52.52289],[13.32862,52.52255],[13.32868,52.52253],[13.32933,52.52279],[13.32916,52.52294],[13.32955,52.52395],[13.32947,52.52394],[13.32734,52.52451],[13.32592,52.52504],[13.32383,52.52557],[13.32467,52.52766],[13.32473,52.52797],[13.32463,52.53213],[13.32822,52.53281],[13.32876,52.53284],[13.32875,52.53308],[13.3319,52.53287],[13.33565,52.53323],[13.3391,52.53398],[13.33959,52.53408],[13.34007,52.53414],[13.35654,52.53599],[13.3567,52.53579],[13.35724,52.53606],[13.3575,52.53609],[13.35983,52.53718],[13.36023,52.53743],[13.36088,52.53774],[13.36086,52.53783],[13.36079,52.53787],[13.35716,52.53884],[13.35717,52.53886],[13.35629,52.53909],[13.3563,52.53911],[13.35625,52.5391],[13.35521,52.53935],[13.35426,52.53947],[13.3534,52.53949],[13.35226,52.53939],[13.34924,52.53875],[13.34812,52.53863],[13.34687,52.53865],[13.34466,52.53893]]]]}},{"type":"Feature","id":17,"properties":{"plr_schl":"01200518","plrname":"Beusselkiez","nat_pers":69,"wohmi_fl":"126211","jur_pers":31,"jp_ohn_swg":26.35,"stwbg":4.65,"genossen":0,"sozvermiet":4.65,"plr_id":"01200518"},"geometry":{"type":"MultiPolygon","coordinates":[[[[13.3277,52.52442],[13.32896,52.52752],[13.32888,52.52795],[13.32868,52.5328],[13.32876,52.53284],[13.32822,52.53281],[13.32463,52.53213],[13.32473,52.52797],[13.32467,52.52766],[13.32383,52.52557],[13.32592,52.52504],[13.32731,52.52452],[13.3277,52.52442]]]]}},{"type":"Feature","id":18,"properties":{"plr_schl":"01200519","plrname":"Emdener Straße","nat_pers":68,"wohmi_fl":"192791","jur_pers":31,"jp_ohn_swg":28.21,"stwbg":2.79,"genossen":0,"sozvermiet":2.79,"plr_id":"01200519"},"geometry":{"type":"MultiPolygon","coordinates":[[[[13.32876,52.53284],[13.32868,52.5328],[13.32888,52.52795],[13.32896,52.5276],[13.32896,52.52752],[13.32881,52.52721],[13.33546,52.52659],[13.33596,52.52864],[13.33626,52.53023],[13.33704,52.53353],[13.33565,52.53323],[13.3319,52.53287],[13.32875,52.53308],[13.32876,52.53284]]]]}},{"type":"Feature","id":19,"properties":{"plr_schl":"01200520","plrname":"Bremer Straße","nat_pers":70,"wohmi_fl":"211897","jur_pers":30,"jp_ohn_swg":24,"stwbg":5.4,"genossen":0.6,"sozvermiet":6,"plr_id":"01200520"},"geometry":{"type":"MultiPolygon","coordinates":[[[[13.3388,52.52627],[13.34049,52.52619],[13.34311,52.52613],[13.34348,52.52615],[13.34351,52.52644],[13.34346,52.53152],[13.34356,52.53156],[13.34381,52.53221],[13.34364,52.53234],[13.3437,52.53396],[13.3438,52.53455],[13.33959,52.53408],[13.33704,52.53353],[13.33626,52.53023],[13.33596,52.52864],[13.33546,52.52659],[13.3388,52.52627]]]]}},{"type":"Feature","id":20,"properties":{"plr_schl":"01200521","plrname":"Zwinglistraße","nat_pers":52,"wohmi_fl":"103311","jur_pers":47,"jp_ohn_swg":39.48,"stwbg":2.82,"genossen":4.7,"sozvermiet":8.52,"plr_id":"01200521"},"geometry":{"type":"MultiPolygon","coordinates":[[[[13.3388,52.52627],[13.32881,52.52721],[13.3277,52.52442],[13.32947,52.52394],[13.33011,52.52397],[13.33513,52.52489],[13.33902,52.52587],[13.3388,52.52627]]]]}},{"type":"Feature","id":21,"properties":{"plr_schl":"01200522","plrname":"Elberfelder Straße","nat_pers":72,"wohmi_fl":"263119","jur_pers":25,"jp_ohn_swg":17.25,"stwbg":0.75,"genossen":7,"sozvermiet":9.75,"plr_id":"01200522"},"geometry":{"type":"MultiPolygon","coordinates":[[[[13.3388,52.52627],[13.33902,52.52587],[13.33593,52.52509],[13.3346,52.52478],[13.33011,52.52397],[13.32955,52.52395],[13.32916,52.52294],[13.32933,52.52279],[13.32868,52.52253],[13.3289,52.52233],[13.32888,52.52231],[13.32926,52.52184],[13.32953,52.52118],[13.32955,52.52083],[13.32949,52.52046],[13.32926,52.51984],[13.3291,52.51919],[13.32917,52.51865],[13.32937,52.51828],[13.32963,52.51795],[13.32998,52.51766],[13.33084,52.51715],[13.33174,52.51684],[13.33228,52.5167],[13.33355,52.51668],[13.33422,52.51677],[13.33467,52.51688],[13.33503,52.51701],[13.33542,52.5172],[13.33619,52.51772],[13.33834,52.51932],[13.33853,52.51953],[13.3386,52.51958],[13.33866,52.51958],[13.33879,52.51969],[13.33907,52.52001],[13.33944,52.52054],[13.3396,52.52085],[13.33983,52.52149],[13.34019,52.52188],[13.34047,52.52207],[13.34093,52.52228],[13.34144,52.52242],[13.34172,52.52245],[13.34186,52.52303],[13.3419,52.52331],[13.34187,52.52334],[13.34251,52.5253],[13.34306,52.52523],[13.34323,52.52545],[13.34348,52.52615],[13.34311,52.52613],[13.34049,52.52619],[13.3388,52.52627]]]]}},{"type":"Feature","id":22,"properties":{"plr_schl":"01200623","plrname":"Stephankiez","nat_pers":64,"wohmi_fl":"229454","jur_pers":28,"jp_ohn_swg":26.88,"stwbg":1.12,"genossen":0,"sozvermiet":7.12,"plr_id":"01200623"},"geometry":{"type":"MultiPolygon","coordinates":[[[[13.34356,52.53156],[13.34654,52.53078],[13.34706,52.53057],[13.34733,52.5306],[13.35317,52.52908],[13.35455,52.52744],[13.3545,52.52742],[13.35456,52.52734],[13.35529,52.52655],[13.35612,52.52556],[13.36428,52.52809],[13.35767,52.53595],[13.3575,52.53609],[13.35724,52.53606],[13.3567,52.53579],[13.35654,52.53599],[13.3438,52.53455],[13.3437,52.53396],[13.34364,52.53234],[13.34381,52.53221],[13.34356,52.53156]]]]}},{"type":"Feature","id":23,"properties":{"plr_schl":"01200624","plrname":"Heidestraße","nat_pers":25,"wohmi_fl":"220607","jur_pers":71,"jp_ohn_swg":64.61,"stwbg":6.39,"genossen":0,"sozvermiet":9.39,"plr_id":"01200624"},"geometry":{"type":"MultiPolygon","coordinates":[[[[13.37357,52.52788],[13.37324,52.52827],[13.37222,52.5291],[13.37111,52.53021],[13.37,52.53169],[13.36937,52.53244],[13.36706,52.53463],[13.36579,52.53577],[13.36631,52.53593],[13.36591,52.53627],[13.36593,52.53636],[13.36604,52.53642],[13.36599,52.53653],[13.36583,52.5365],[13.36568,52.53653],[13.36552,52.53675],[13.3653,52.53688],[13.36277,52.53779],[13.36259,52.53782],[13.36223,52.53779],[13.3616,52.53755],[13.3614,52.53757],[13.36088,52.53774],[13.36023,52.53743],[13.35983,52.53718],[13.3575,52.53609],[13.35767,52.53595],[13.36435,52.52802],[13.36431,52.52801],[13.36438,52.52782],[13.36438,52.52759],[13.36417,52.52733],[13.36416,52.52724],[13.36559,52.52553],[13.36567,52.52553],[13.36717,52.52599],[13.36801,52.52632],[13.37062,52.52712],[13.37093,52.5272],[13.371,52.52709],[13.37104,52.5271],[13.37357,52.52788]]]]}},{"type":"Feature","id":24,"properties":{"plr_schl":"01200625","plrname":"Lübecker Straße","nat_pers":63,"wohmi_fl":"134162","jur_pers":37,"jp_ohn_swg":17.39,"stwbg":17.76,"genossen":1.85,"sozvermiet":19.61,"plr_id":"01200625"},"geometry":{"type":"MultiPolygon","coordinates":[[[[13.34348,52.52615],[13.34655,52.5261],[13.34919,52.52613],[13.35045,52.52619],[13.35529,52.52655],[13.35456,52.52734],[13.3545,52.52742],[13.35455,52.52744],[13.35317,52.52908],[13.34733,52.5306],[13.34706,52.53057],[13.34654,52.53078],[13.34356,52.53156],[13.34346,52.53152],[13.34351,52.52644],[13.34348,52.52615]]]]}},{"type":"Feature","id":25,"properties":{"plr_schl":"01200626","plrname":"Thomasiusstraße","nat_pers":64,"wohmi_fl":"155725","jur_pers":30,"jp_ohn_swg":29.1,"stwbg":0.3,"genossen":0.6,"sozvermiet":1.9,"plr_id":"01200626"},"geometry":{"type":"MultiPolygon","coordinates":[[[[13.35612,52.52556],[13.35529,52.52655],[13.35045,52.52619],[13.34919,52.52613],[13.34655,52.5261],[13.34348,52.52615],[13.34323,52.52545],[13.34306,52.52523],[13.34251,52.5253],[13.34187,52.52334],[13.3419,52.52331],[13.34186,52.52303],[13.34172,52.52245],[13.34212,52.52251],[13.34251,52.52262],[13.34286,52.52266],[13.34353,52.52267],[13.34507,52.52255],[13.34569,52.52244],[13.3461,52.52233],[13.3465,52.52217],[13.34717,52.52182],[13.34742,52.52174],[13.34826,52.52133],[13.35007,52.51983],[13.35389,52.51956],[13.35455,52.51955],[13.35528,52.51959],[13.35688,52.52438],[13.35687,52.52456],[13.3568,52.52474],[13.35612,52.52556]]]]}},{"type":"Feature","id":26,"properties":{"plr_schl":"01200627","plrname":"Zillesiedlung","nat_pers":16,"wohmi_fl":"80127","jur_pers":45,"jp_ohn_swg":16.65,"stwbg":28.35,"genossen":0,"sozvermiet":67.35,"plr_id":"01200627"},"geometry":{"type":"MultiPolygon","coordinates":[[[[13.36428,52.52809],[13.35612,52.52556],[13.35683,52.52468],[13.35688,52.52438],[13.35671,52.52384],[13.35852,52.52371],[13.35962,52.52358],[13.36537,52.52536],[13.36563,52.52552],[13.36553,52.52559],[13.36416,52.52724],[13.36417,52.52733],[13.36435,52.52753],[13.36439,52.52764],[13.36431,52.52801],[13.36435,52.52802],[13.36428,52.52809]]]]}},{"type":"Feature","id":27,"properties":{"plr_schl":"01200628","plrname":"Lüneburger Straße","nat_pers":35,"wohmi_fl":"120005","jur_pers":22,"jp_ohn_swg":22,"stwbg":0,"genossen":0,"sozvermiet":43,"plr_id":"01200628"},"geometry":{"type":"MultiPolygon","coordinates":[[[[13.37357,52.52788],[13.37104,52.5271],[13.371,52.52709],[13.37093,52.5272],[13.36801,52.52632],[13.36735,52.52605],[13.36571,52.52555],[13.36537,52.52536],[13.36522,52.52531],[13.35971,52.5236],[13.35962,52.52358],[13.35852,52.52371],[13.35671,52.52384],[13.35528,52.51959],[13.35455,52.51955],[13.35389,52.51956],[13.35007,52.51983],[13.35042,52.51956],[13.35116,52.51912],[13.3522,52.51863],[13.35362,52.51785],[13.35455,52.51742],[13.35499,52.51726],[13.35616,52.51708],[13.35711,52.51707],[13.35846,52.51725],[13.35929,52.51742],[13.35983,52.51757],[13.36026,52.51773],[13.36063,52.51792],[13.3616,52.51855],[13.36227,52.5189],[13.36281,52.51908],[13.36408,52.51941],[13.3645,52.51942],[13.36516,52.51959],[13.36549,52.51979],[13.36616,52.51997],[13.36721,52.52034],[13.36782,52.52065],[13.36828,52.52099],[13.3694,52.52205],[13.36969,52.52227],[13.37011,52.52247],[13.37069,52.52265],[13.37115,52.52274],[13.37169,52.52279],[13.3717,52.52339],[13.37177,52.52357],[13.37176,52.5248],[13.37137,52.52507],[13.37103,52.52524],[13.37104,52.52649],[13.37338,52.5265],[13.37373,52.52678],[13.37383,52.52696],[13.37385,52.52725],[13.37381,52.52743],[13.37357,52.52788]]]]}},{"type":"Feature","id":28,"properties":{"plr_schl":"01200629","plrname":"Hansaviertel","nat_pers":72,"wohmi_fl":"239603","jur_pers":11,"jp_ohn_swg":8.69,"stwbg":2.31,"genossen":0,"sozvermiet":17.31,"plr_id":"01200629"},"geometry":{"type":"MultiPolygon","coordinates":[[[[13.3503,52.51965],[13.34826,52.52133],[13.34742,52.52174],[13.34717,52.52182],[13.3465,52.52217],[13.3461,52.52233],[13.34569,52.52244],[13.34507,52.52255],[13.34404,52.52264],[13.34308,52.52267],[13.34251,52.52262],[13.34212,52.52251],[13.34144,52.52242],[13.34077,52.52222],[13.34047,52.52207],[13.34019,52.52188],[13.33989,52.52158],[13.33944,52.52054],[13.33907,52.52001],[13.33869,52.5196],[13.33853,52.51953],[13.33834,52.51932],[13.33561,52.51731],[13.33488,52.51695],[13.33422,52.51677],[13.33479,52.5155],[13.33533,52.51504],[13.33538,52.51486],[13.33614,52.51438],[13.33592,52.51396],[13.33611,52.51397],[13.33601,52.51379],[13.33585,52.51327],[13.33616,52.51329],[13.33643,52.51381],[13.33809,52.51393],[13.33798,52.51433],[13.33799,52.51457],[13.33806,52.51478],[13.3383,52.5151],[13.33885,52.5155],[13.33925,52.51531],[13.34319,52.51556],[13.34334,52.51559],[13.34348,52.51572],[13.34408,52.51576],[13.34404,52.51599],[13.34423,52.516],[13.34424,52.5159],[13.34525,52.51596],[13.34562,52.5162],[13.34457,52.51665],[13.34475,52.51681],[13.34537,52.51763],[13.34591,52.51772],[13.34722,52.51781],[13.34724,52.51799],[13.34743,52.51798],[13.34745,52.51823],[13.34738,52.51823],[13.34741,52.51848],[13.34729,52.51848],[13.34734,52.5191],[13.34753,52.51909],[13.34829,52.51971],[13.35015,52.51958],[13.35004,52.51967],[13.3503,52.51965]]]]}},{"type":"Feature","id":29,"properties":{"plr_schl":"01300730","plrname":"Drontheimer Straße","nat_pers":39,"wohmi_fl":"160650","jur_pers":58,"jp_ohn_swg":44.66,"stwbg":11.6,"genossen":1.74,"sozvermiet":15.34,"plr_id":"01300730"},"geometry":{"type":"MultiPolygon","coordinates":[[[[13.37279,52.55703],[13.38415,52.55613],[13.38595,52.55864],[13.37866,52.56069],[13.37083,52.56054],[13.36994,52.55993],[13.36666,52.55823],[13.36684,52.5573],[13.36796,52.55738],[13.36838,52.55738],[13.37279,52.55703]]]]}},{"type":"Feature","id":30,"properties":{"plr_schl":"01300731","plrname":"Koloniestraße","nat_pers":50,"wohmi_fl":"223676","jur_pers":39,"jp_ohn_swg":30.03,"stwbg":7.8,"genossen":1.17,"sozvermiet":20.97,"plr_id":"01300731"},"geometry":{"type":"MultiPolygon","coordinates":[[[[13.3884,52.56767],[13.38787,52.56731],[13.38455,52.56774],[13.3843,52.56771],[13.38116,52.56642],[13.37868,52.56614],[13.37859,52.56619],[13.37715,52.56066],[13.37856,52.5607],[13.37871,52.56068],[13.38595,52.55864],[13.38692,52.55987],[13.38697,52.55985],[13.38771,52.56075],[13.38943,52.56241],[13.39031,52.56307],[13.39026,52.56309],[13.39312,52.5646],[13.39134,52.56562],[13.39107,52.56565],[13.39103,52.56562],[13.39071,52.5658],[13.39074,52.56582],[13.39063,52.56602],[13.38892,52.567],[13.38895,52.56707],[13.38879,52.56715],[13.38902,52.5673],[13.38906,52.56738],[13.38866,52.56766],[13.38851,52.56761],[13.3884,52.56767]]]]}},{"type":"Feature","id":31,"properties":{"plr_schl":"01300732","plrname":"Soldiner Straße","nat_pers":39,"wohmi_fl":"238555","jur_pers":58,"jp_ohn_swg":20.3,"stwbg":24.94,"genossen":12.76,"sozvermiet":38.7,"plr_id":"01300732"},"geometry":{"type":"MultiPolygon","coordinates":[[[[13.39312,52.5646],[13.39026,52.56309],[13.39031,52.56307],[13.38943,52.56241],[13.38771,52.56075],[13.38697,52.55985],[13.38692,52.55987],[13.38625,52.55906],[13.38415,52.55613],[13.39131,52.55556],[13.39262,52.5554],[13.3975,52.55497],[13.39718,52.55634],[13.39714,52.55789],[13.39717,52.55789],[13.3971,52.55827],[13.39701,52.55844],[13.39696,52.55881],[13.39664,52.56005],[13.39632,52.56108],[13.39591,52.56182],[13.39477,52.5631],[13.39413,52.56373],[13.39373,52.56409],[13.39333,52.56437],[13.39339,52.5644],[13.39312,52.5646]]]]}},{"type":"Feature","id":32,"properties":{"plr_schl":"01300733","plrname":"Gesundbrunnen","nat_pers":37,"wohmi_fl":"221072","jur_pers":62,"jp_ohn_swg":40.92,"stwbg":11.16,"genossen":9.92,"sozvermiet":21.08,"plr_id":"01300733"},"geometry":{"type":"MultiPolygon","coordinates":[[[[13.38415,52.55613],[13.38179,52.5528],[13.38159,52.55263],[13.38097,52.55228],[13.38219,52.55179],[13.38303,52.55139],[13.3869,52.54906],[13.38739,52.54912],[13.38773,52.54935],[13.3879,52.54939],[13.38815,52.5494],[13.38816,52.54925],[13.38927,52.54936],[13.39192,52.54946],[13.39199,52.54952],[13.39204,52.5495],[13.39286,52.54951],[13.39358,52.54954],[13.39429,52.54964],[13.39497,52.54977],[13.39591,52.55008],[13.39646,52.55034],[13.3969,52.55062],[13.39674,52.55062],[13.39736,52.55112],[13.39763,52.55142],[13.3979,52.55198],[13.39806,52.5526],[13.39807,52.55281],[13.39798,52.55323],[13.3975,52.55497],[13.39262,52.5554],[13.39131,52.55556],[13.38415,52.55613]]]]}},{"type":"Feature","id":33,"properties":{"plr_schl":"01300834","plrname":"Brunnenstraße","nat_pers":13,"wohmi_fl":"336638","jur_pers":83,"jp_ohn_swg":24.07,"stwbg":55.61,"genossen":3.32,"sozvermiet":61.93,"plr_id":"01300834"},"geometry":{"type":"MultiPolygon","coordinates":[[[[13.39586,52.53809],[13.39711,52.5384],[13.40353,52.54021],[13.40338,52.54051],[13.40203,52.54012],[13.40099,52.54181],[13.40025,52.54336],[13.39982,52.54506],[13.39921,52.54653],[13.4003,52.54666],[13.39923,52.54907],[13.3989,52.55089],[13.39685,52.5507],[13.39674,52.55062],[13.3969,52.55062],[13.39646,52.55034],[13.39591,52.55008],[13.39497,52.54977],[13.39429,52.54964],[13.39358,52.54954],[13.39286,52.54951],[13.39204,52.5495],[13.39199,52.54952],[13.39192,52.54946],[13.38927,52.54936],[13.38816,52.54925],[13.38815,52.5494],[13.3879,52.54939],[13.38773,52.54935],[13.38739,52.54912],[13.38697,52.54906],[13.38783,52.54855],[13.38792,52.54842],[13.38786,52.54842],[13.39586,52.53809]]]]}},{"type":"Feature","id":34,"properties":{"plr_schl":"01300835","plrname":"Humboldthain Süd","nat_pers":18,"wohmi_fl":"245409","jur_pers":78,"jp_ohn_swg":28.08,"stwbg":18.72,"genossen":31.2,"sozvermiet":50.92,"plr_id":"01300835"},"geometry":{"type":"MultiPolygon","coordinates":[[[[13.38803,52.54822],[13.38707,52.54824],[13.38638,52.54816],[13.38591,52.54824],[13.38544,52.54815],[13.3844,52.54789],[13.38396,52.54775],[13.38302,52.54738],[13.3826,52.54717],[13.38181,52.54671],[13.38115,52.54618],[13.3808,52.54577],[13.38069,52.54558],[13.38,52.54487],[13.37966,52.54432],[13.37964,52.5443],[13.37951,52.54438],[13.37939,52.54412],[13.37931,52.54353],[13.37931,52.54305],[13.37947,52.54295],[13.37932,52.54285],[13.37939,52.54212],[13.37951,52.54145],[13.37974,52.5409],[13.37979,52.54063],[13.3794,52.5406],[13.37951,52.5401],[13.37971,52.54011],[13.38001,52.53975],[13.3821,52.53774],[13.38351,52.53653],[13.3849,52.53542],[13.38619,52.53429],[13.38756,52.53327],[13.38792,52.53343],[13.38821,52.53362],[13.38833,52.53376],[13.39015,52.53536],[13.39065,52.53562],[13.39327,52.53729],[13.39352,52.53742],[13.39586,52.53809],[13.38803,52.54822]]]]}},{"type":"Feature","id":35,"properties":{"plr_schl":"01300836","plrname":"Humboldthain Nordwest","nat_pers":45,"wohmi_fl":"371856","jur_pers":52,"jp_ohn_swg":35.36,"stwbg":11.96,"genossen":4.68,"sozvermiet":18.64,"plr_id":"01300836"},"geometry":{"type":"MultiPolygon","coordinates":[[[[13.37493,52.53733],[13.37617,52.53806],[13.37613,52.53809],[13.37951,52.5401],[13.3794,52.5406],[13.37979,52.54063],[13.37974,52.5409],[13.37951,52.54145],[13.37932,52.54255],[13.37936,52.54258],[13.37932,52.54285],[13.37947,52.54295],[13.37931,52.54305],[13.37931,52.54353],[13.37939,52.54412],[13.37951,52.54438],[13.37964,52.5443],[13.37966,52.54432],[13.38,52.54487],[13.38069,52.54558],[13.3808,52.54577],[13.38115,52.54618],[13.38181,52.54671],[13.3826,52.54717],[13.38347,52.54757],[13.3844,52.54789],[13.38492,52.54803],[13.38591,52.54824],[13.38638,52.54816],[13.38707,52.54824],[13.38803,52.54822],[13.38786,52.54842],[13.38792,52.54842],[13.38783,52.54855],[13.38713,52.54897],[13.38697,52.54906],[13.3869,52.54906],[13.38634,52.54939],[13.38303,52.55139],[13.38219,52.55179],[13.38097,52.55228],[13.38098,52.55223],[13.38011,52.55168],[13.37053,52.54573],[13.37021,52.54513],[13.36918,52.54531],[13.36922,52.54497],[13.36897,52.54497],[13.36898,52.54494],[13.36194,52.54504],[13.3663,52.54257],[13.36529,52.54213],[13.36316,52.54138],[13.36325,52.54127],[13.36195,52.54066],[13.35953,52.5396],[13.35963,52.53953],[13.35931,52.53939],[13.35925,52.53943],[13.35774,52.53869],[13.36079,52.53787],[13.36086,52.53783],[13.36088,52.53774],[13.36144,52.53756],[13.3617,52.53757],[13.36207,52.53774],[13.36237,52.53781],[13.36259,52.53782],[13.36288,52.53776],[13.3653,52.53688],[13.36552,52.53675],[13.36568,52.53653],[13.36576,52.5365],[13.36599,52.53653],[13.36604,52.53642],[13.36593,52.53636],[13.36591,52.53627],[13.36631,52.53593],[13.36663,52.53602],[13.36788,52.53662],[13.36861,52.53599],[13.37298,52.53804],[13.3737,52.53755],[13.37455,52.53703],[13.37493,52.53733]]]]}},{"type":"Feature","id":36,"properties":{"plr_schl":"01400937","plrname":"Afrikanische Straße","nat_pers":31,"wohmi_fl":"432537","jur_pers":69,"jp_ohn_swg":52.44,"stwbg":16.56,"genossen":0,"sozvermiet":16.56,"plr_id":"01400937"},"geometry":{"type":"MultiPolygon","coordinates":[[[[13.30153,52.54881],[13.30508,52.54872],[13.31295,52.54837],[13.31794,52.54824],[13.31865,52.54772],[13.31933,52.5473],[13.32029,52.54644],[13.32062,52.54622],[13.32219,52.545],[13.32287,52.54453],[13.32559,52.54235],[13.32584,52.54216],[13.32627,52.54191],[13.32623,52.54187],[13.32733,52.54143],[13.32731,52.54131],[13.32804,52.5411],[13.32863,52.54103],[13.32921,52.54104],[13.33198,52.54122],[13.33288,52.54121],[13.33361,52.54116],[13.33525,52.54199],[13.3343,52.54264],[13.33408,52.54283],[13.33392,52.54304],[13.33293,52.54495],[13.33258,52.54536],[13.33198,52.5458],[13.34449,52.55405],[13.34519,52.55454],[13.33224,52.56187],[13.33179,52.56166],[13.33092,52.56215],[13.32679,52.56238],[13.32656,52.56186],[13.32637,52.56161],[13.3261,52.56136],[13.32552,52.56101],[13.32524,52.56089],[13.32471,52.56073],[13.3239,52.56057],[13.31935,52.56],[13.3178,52.55975],[13.31291,52.55859],[13.30967,52.55772],[13.3035,52.55117],[13.30153,52.54881]]]]}},{"type":"Feature","id":37,"properties":{"plr_schl":"01400938","plrname":"Kameruner Straße","nat_pers":58,"wohmi_fl":"289057","jur_pers":31,"jp_ohn_swg":25.73,"stwbg":0,"genossen":5.27,"sozvermiet":17.27,"plr_id":"01400938"},"geometry":{"type":"MultiPolygon","coordinates":[[[[13.34826,52.54169],[13.34799,52.54304],[13.3435,52.54638],[13.34387,52.5466],[13.35183,52.55078],[13.34519,52.55454],[13.34449,52.55405],[13.33198,52.5458],[13.33258,52.54536],[13.33293,52.54495],[13.33392,52.54304],[13.33408,52.54283],[13.3343,52.54264],[13.33525,52.54199],[13.33361,52.54116],[13.33428,52.541],[13.33457,52.54098],[13.33888,52.53978],[13.34006,52.53957],[13.34466,52.53893],[13.34495,52.5393],[13.34826,52.54169]]]]}},{"type":"Feature","id":38,"properties":{"plr_schl":"01400939","plrname":"Glasgower Straße","nat_pers":46,"wohmi_fl":"95887","jur_pers":52,"jp_ohn_swg":21.32,"stwbg":30.68,"genossen":0,"sozvermiet":31.68,"plr_id":"01400939"},"geometry":{"type":"MultiPolygon","coordinates":[[[[13.33983,52.55758],[13.35183,52.55078],[13.35862,52.5543],[13.35626,52.55561],[13.35318,52.55357],[13.35305,52.55353],[13.35285,52.55355],[13.34315,52.55904],[13.34294,52.55904],[13.34254,52.55879],[13.33983,52.55758]]]]}},{"type":"Feature","id":39,"properties":{"plr_schl":"01400940","plrname":"Schillerpark","nat_pers":2,"wohmi_fl":"300933","jur_pers":90,"jp_ohn_swg":0.9,"stwbg":70.2,"genossen":18.9,"sozvermiet":89.1,"plr_id":"01400940"},"geometry":{"type":"MultiPolygon","coordinates":[[[[13.36666,52.55823],[13.3651,52.55812],[13.36452,52.56118],[13.3601,52.56047],[13.35981,52.56181],[13.35953,52.56187],[13.3569,52.56202],[13.34909,52.56193],[13.34874,52.562],[13.34871,52.56207],[13.34844,52.5618],[13.34656,52.56063],[13.34369,52.55873],[13.35272,52.55362],[13.35294,52.55353],[13.35318,52.55357],[13.35626,52.55561],[13.35862,52.5543],[13.3593,52.55465],[13.35952,52.55472],[13.36407,52.55706],[13.36456,52.55716],[13.36655,52.55731],[13.36684,52.5573],[13.36666,52.55823]]]]}},{"type":"Feature","id":40,"properties":{"plr_schl":"01400941","plrname":"Londoner Straße","nat_pers":82,"wohmi_fl":"185858","jur_pers":18,"jp_ohn_swg":3.24,"stwbg":14.76,"genossen":0,"sozvermiet":14.76,"plr_id":"01400941"},"geometry":{"type":"MultiPolygon","coordinates":[[[[13.33224,52.56187],[13.33983,52.55758],[13.34254,52.55879],[13.34294,52.55904],[13.34315,52.55904],[13.34369,52.55873],[13.34656,52.56063],[13.34844,52.5618],[13.34871,52.56207],[13.3371,52.56446],[13.33224,52.56187]]]]}},{"type":"Feature","id":41,"properties":{"plr_schl":"01400942","plrname":"Westliche Müllerstraße","nat_pers":66,"wohmi_fl":"158750","jur_pers":32,"jp_ohn_swg":21.44,"stwbg":6.72,"genossen":3.84,"sozvermiet":11.56,"plr_id":"01400942"},"geometry":{"type":"MultiPolygon","coordinates":[[[[13.35081,52.55024],[13.34387,52.5466],[13.3435,52.54638],[13.34799,52.54304],[13.34826,52.54169],[13.34902,52.54219],[13.34968,52.54249],[13.35161,52.54303],[13.35253,52.54333],[13.35354,52.5437],[13.35497,52.54429],[13.35678,52.54517],[13.35917,52.54662],[13.35183,52.55078],[13.35081,52.55024]]]]}},{"type":"Feature","id":42,"properties":{"plr_schl":"01401043","plrname":"Antonstraße","nat_pers":37,"wohmi_fl":"147076","jur_pers":62,"jp_ohn_swg":37.2,"stwbg":6.82,"genossen":17.98,"sozvermiet":24.8,"plr_id":"01401043"},"geometry":{"type":"MultiPolygon","coordinates":[[[[13.35917,52.54662],[13.36194,52.54504],[13.36879,52.54494],[13.36922,52.54497],[13.36896,52.54763],[13.36881,52.5485],[13.36705,52.55155],[13.35917,52.54662]]]]}},{"type":"Feature","id":43,"properties":{"plr_schl":"01401044","plrname":"Uferstraße","nat_pers":43,"wohmi_fl":"214163","jur_pers":56,"jp_ohn_swg":44.24,"stwbg":11.76,"genossen":0,"sozvermiet":11.76,"plr_id":"01401044"},"geometry":{"type":"MultiPolygon","coordinates":[[[[13.36705,52.55155],[13.36881,52.5485],[13.36896,52.54763],[13.36918,52.54531],[13.37021,52.54513],[13.37053,52.54573],[13.38098,52.55223],[13.38097,52.55228],[13.38013,52.55263],[13.37836,52.55291],[13.37732,52.55341],[13.37679,52.55385],[13.37666,52.55374],[13.37105,52.55445],[13.37047,52.55362],[13.36745,52.55188],[13.36705,52.55155]]]]}},{"type":"Feature","id":44,"properties":{"plr_schl":"01401045","plrname":"Schwedenstraße","nat_pers":54,"wohmi_fl":"129522","jur_pers":46,"jp_ohn_swg":27.6,"stwbg":18.4,"genossen":0,"sozvermiet":18.4,"plr_id":"01401045"},"geometry":{"type":"MultiPolygon","coordinates":[[[[13.37149,52.55439],[13.37666,52.55374],[13.37679,52.55385],[13.37732,52.55341],[13.37836,52.55291],[13.38013,52.55263],[13.38097,52.55228],[13.38159,52.55263],[13.38179,52.5528],[13.38415,52.55613],[13.37279,52.55703],[13.37274,52.55633],[13.37157,52.5546],[13.37162,52.55459],[13.37149,52.55439]]]]}},{"type":"Feature","id":45,"properties":{"plr_schl":"01401046","plrname":"Nordufer","nat_pers":62,"wohmi_fl":"150990","jur_pers":38,"jp_ohn_swg":30.78,"stwbg":0,"genossen":7.22,"sozvermiet":7.22,"plr_id":"01401046"},"geometry":{"type":"MultiPolygon","coordinates":[[[[13.34826,52.54169],[13.34495,52.5393],[13.34466,52.53893],[13.34687,52.53865],[13.34812,52.53863],[13.34924,52.53875],[13.35226,52.53939],[13.35302,52.53947],[13.35393,52.53949],[13.35448,52.53945],[13.35542,52.53931],[13.35625,52.5391],[13.3563,52.53911],[13.35629,52.53909],[13.35774,52.53869],[13.35925,52.53943],[13.35788,52.54041],[13.35615,52.5431],[13.35463,52.54414],[13.35253,52.54333],[13.35161,52.54303],[13.34968,52.54249],[13.34902,52.54219],[13.34826,52.54169]]]]}},{"type":"Feature","id":46,"properties":{"plr_schl":"01401047","plrname":"Sparrplatz","nat_pers":49,"wohmi_fl":"137138","jur_pers":38,"jp_ohn_swg":30.02,"stwbg":5.7,"genossen":2.28,"sozvermiet":8.98,"plr_id":"01401047"},"geometry":{"type":"MultiPolygon","coordinates":[[[[13.35917,52.54662],[13.35678,52.54517],[13.35463,52.54414],[13.35615,52.5431],[13.35788,52.54041],[13.35931,52.53939],[13.35963,52.53953],[13.35953,52.5396],[13.36195,52.54066],[13.36325,52.54127],[13.36316,52.54138],[13.36529,52.54213],[13.3663,52.54257],[13.35917,52.54662]]]]}},{"type":"Feature","id":47,"properties":{"plr_schl":"01401048","plrname":"Leopoldplatz","nat_pers":43,"wohmi_fl":"166820","jur_pers":57,"jp_ohn_swg":44.46,"stwbg":5.13,"genossen":7.41,"sozvermiet":12.54,"plr_id":"01401048"},"geometry":{"type":"MultiPolygon","coordinates":[[[[13.35862,52.5543],[13.35183,52.55078],[13.35917,52.54662],[13.36427,52.54981],[13.3625,52.55087],[13.36144,52.55571],[13.35952,52.55472],[13.3593,52.55465],[13.35862,52.5543]]]]}},{"type":"Feature","id":48,"properties":{"plr_schl":"01401049","plrname":"Schulstraße","nat_pers":31,"wohmi_fl":"119785","jur_pers":58,"jp_ohn_swg":41.18,"stwbg":3.48,"genossen":13.34,"sozvermiet":27.82,"plr_id":"01401049"},"geometry":{"type":"MultiPolygon","coordinates":[[[[13.36684,52.5573],[13.36655,52.55731],[13.36456,52.55716],[13.36416,52.55709],[13.36385,52.55696],[13.36144,52.55571],[13.3625,52.55087],[13.36427,52.54981],[13.36705,52.55155],[13.36745,52.55188],[13.37047,52.55362],[13.37105,52.55445],[13.37149,52.55439],[13.37162,52.55459],[13.37157,52.5546],[13.37274,52.55633],[13.37279,52.55703],[13.36838,52.55738],[13.36796,52.55738],[13.36684,52.5573]]]]}},{"type":"Feature","id":49,"properties":{"plr_schl":"02100101","plrname":"Askanischer Platz","nat_pers":26,"wohmi_fl":"180847","jur_pers":59,"jp_ohn_swg":48.38,"stwbg":10.62,"genossen":0,"sozvermiet":25.62,"plr_id":"02100101"},"geometry":{"type":"MultiPolygon","coordinates":[[[[13.37479,52.50326],[13.37471,52.50299],[13.37615,52.5022],[13.37677,52.50178],[13.37701,52.50157],[13.37727,52.50127],[13.37784,52.50032],[13.37819,52.49992],[13.37851,52.49968],[13.37889,52.49952],[13.37886,52.49949],[13.37932,52.49931],[13.37972,52.49921],[13.38051,52.49907],[13.38131,52.49898],[13.3822,52.49899],[13.38362,52.49907],[13.38442,52.49899],[13.38539,52.49881],[13.3884,52.49808],[13.38932,52.49789],[13.38914,52.49863],[13.38887,52.50069],[13.38919,52.50074],[13.38576,52.50733],[13.37894,52.50693],[13.37765,52.50797],[13.37498,52.50338],[13.37479,52.50326]]]]}},{"type":"Feature","id":50,"properties":{"plr_schl":"02100102","plrname":"Mehringplatz","nat_pers":22,"wohmi_fl":"201631","jur_pers":73,"jp_ohn_swg":27.01,"stwbg":45.99,"genossen":0,"sozvermiet":50.99,"plr_id":"02100102"},"geometry":{"type":"MultiPolygon","coordinates":[[[[13.38576,52.50733],[13.38919,52.50074],[13.38887,52.50069],[13.38914,52.49863],[13.38932,52.49789],[13.39057,52.49768],[13.39119,52.49767],[13.39136,52.49772],[13.39222,52.49776],[13.39446,52.49802],[13.39496,52.49803],[13.39609,52.49796],[13.39615,52.49825],[13.39613,52.49846],[13.39603,52.4985],[13.39601,52.49857],[13.39612,52.4987],[13.39474,52.50102],[13.39465,52.50139],[13.39466,52.50177],[13.39472,52.50201],[13.39527,52.50275],[13.39536,52.50272],[13.39541,52.50278],[13.39724,52.50539],[13.39923,52.50808],[13.39855,52.5081],[13.39173,52.50767],[13.38576,52.50733]]]]}},{"type":"Feature","id":51,"properties":{"plr_schl":"02100103","plrname":"Am Berlin Museum","nat_pers":14,"wohmi_fl":"158957","jur_pers":78,"jp_ohn_swg":56.94,"stwbg":21.06,"genossen":0,"sozvermiet":28.06,"plr_id":"02100103"},"geometry":{"type":"MultiPolygon","coordinates":[[[[13.39654,52.50439],[13.39541,52.50278],[13.39536,52.50272],[13.39527,52.50275],[13.39472,52.50201],[13.39465,52.50167],[13.39466,52.50132],[13.39477,52.50095],[13.39612,52.4987],[13.39601,52.49857],[13.39603,52.4985],[13.39613,52.49846],[13.39615,52.49825],[13.39609,52.49796],[13.39628,52.49794],[13.3966,52.49804],[13.39726,52.49815],[13.39796,52.4982],[13.3993,52.49821],[13.40022,52.49942],[13.39717,52.50016],[13.39792,52.50156],[13.39794,52.50153],[13.39804,52.50152],[13.39832,52.50155],[13.40126,52.50234],[13.40154,52.50237],[13.40212,52.50234],[13.40224,52.50236],[13.40256,52.50228],[13.40503,52.5051],[13.40171,52.50601],[13.40227,52.50647],[13.40332,52.50706],[13.40443,52.50777],[13.40363,52.50818],[13.40275,52.50854],[13.4021,52.50873],[13.40126,52.50904],[13.40019,52.50938],[13.39816,52.50665],[13.39654,52.50439]]]]}},{"type":"Feature","id":52,"properties":{"plr_schl":"02100104","plrname":"Moritzplatz","nat_pers":18,"wohmi_fl":"123730","jur_pers":81,"jp_ohn_swg":32.4,"stwbg":48.6,"genossen":0,"sozvermiet":50.6,"plr_id":"02100104"},"geometry":{"type":"MultiPolygon","coordinates":[[[[13.40443,52.50777],[13.40332,52.50706],[13.40227,52.50647],[13.40171,52.50601],[13.40503,52.5051],[13.4035,52.50332],[13.41382,52.50029],[13.41454,52.50128],[13.41446,52.50134],[13.41475,52.50174],[13.41433,52.50186],[13.41522,52.50311],[13.41466,52.50437],[13.41461,52.50468],[13.41407,52.50404],[13.41152,52.50489],[13.40997,52.50693],[13.40803,52.50618],[13.40528,52.50821],[13.40463,52.50792],[13.40443,52.50777]]]]}},{"type":"Feature","id":53,"properties":{"plr_schl":"02100105","plrname":"Prinzenstraße","nat_pers":24,"wohmi_fl":"226197","jur_pers":76,"jp_ohn_swg":43.32,"stwbg":32.68,"genossen":0,"sozvermiet":32.68,"plr_id":"02100105"},"geometry":{"type":"MultiPolygon","coordinates":[[[[13.39951,52.49848],[13.4084,52.49855],[13.41276,52.49877],[13.41399,52.49869],[13.41466,52.49874],[13.41757,52.49911],[13.41891,52.49924],[13.41822,52.49958],[13.41795,52.49967],[13.41773,52.49936],[13.41396,52.50047],[13.41382,52.50029],[13.40349,52.50333],[13.40256,52.50228],[13.40224,52.50236],[13.40212,52.50234],[13.40154,52.50237],[13.40126,52.50234],[13.39832,52.50155],[13.39804,52.50152],[13.39794,52.50153],[13.39792,52.50156],[13.39717,52.50016],[13.40022,52.49942],[13.39951,52.49848]]]]}},{"type":"Feature","id":54,"properties":{"plr_schl":"02100106","plrname":"Wassertorplatz","nat_pers":19,"wohmi_fl":"117971","jur_pers":80,"jp_ohn_swg":25.6,"stwbg":54.4,"genossen":0,"sozvermiet":55.4,"plr_id":"02100106"},"geometry":{"type":"MultiPolygon","coordinates":[[[[13.39628,52.49794],[13.39725,52.49782],[13.39792,52.4977],[13.39941,52.49729],[13.40054,52.49708],[13.4023,52.49686],[13.40504,52.49666],[13.40543,52.49661],[13.40549,52.49663],[13.40732,52.49642],[13.40909,52.49613],[13.41248,52.49548],[13.41292,52.49541],[13.41372,52.49534],[13.4145,52.49535],[13.41624,52.4955],[13.41677,52.49561],[13.41774,52.49597],[13.41826,52.49609],[13.41956,52.49619],[13.42023,52.49616],[13.41995,52.49656],[13.41873,52.49876],[13.41891,52.49924],[13.41757,52.49911],[13.41466,52.49874],[13.41399,52.49869],[13.41276,52.49877],[13.4084,52.49855],[13.39951,52.49848],[13.3993,52.49821],[13.39796,52.4982],[13.39726,52.49815],[13.3966,52.49804],[13.39628,52.49794]]]]}},{"type":"Feature","id":55,"properties":{"plr_schl":"02200207","plrname":"Gleisdreieck","nat_pers":23,"wohmi_fl":"126145","jur_pers":74,"jp_ohn_swg":54.02,"stwbg":0.74,"genossen":19.24,"sozvermiet":22.98,"plr_id":"02200207"},"geometry":{"type":"MultiPolygon","coordinates":[[[[13.36953,52.49887],[13.36973,52.49878],[13.3696,52.49811],[13.36868,52.49739],[13.36841,52.49448],[13.36858,52.49396],[13.36822,52.49333],[13.36916,52.49314],[13.36924,52.49328],[13.37047,52.49304],[13.37108,52.49291],[13.37107,52.49276],[13.37639,52.49169],[13.37643,52.49168],[13.3764,52.49143],[13.37649,52.49142],[13.37658,52.49133],[13.37697,52.49131],[13.37928,52.49204],[13.37971,52.4975],[13.38023,52.49912],[13.37932,52.49931],[13.3789,52.49947],[13.37886,52.49949],[13.37889,52.49952],[13.37861,52.49963],[13.37836,52.49978],[13.37803,52.50008],[13.37784,52.50032],[13.37727,52.50127],[13.37687,52.5017],[13.37615,52.5022],[13.37471,52.50299],[13.37479,52.50326],[13.37468,52.50323],[13.37425,52.50349],[13.37361,52.50416],[13.37303,52.50336],[13.37139,52.50159],[13.37084,52.49988],[13.36953,52.49887]]]]}},{"type":"Feature","id":56,"properties":{"plr_schl":"02200208","plrname":"Rathaus Yorckstraße","nat_pers":66,"wohmi_fl":"151914","jur_pers":33,"jp_ohn_swg":29.7,"stwbg":3.3,"genossen":0,"sozvermiet":4.3,"plr_id":"02200208"},"geometry":{"type":"MultiPolygon","coordinates":[[[[13.37928,52.49204],[13.38312,52.49327],[13.38363,52.4934],[13.38791,52.49258],[13.38882,52.49399],[13.3889,52.49424],[13.38997,52.4954],[13.39033,52.49574],[13.38981,52.4958],[13.38978,52.49617],[13.38973,52.49618],[13.38968,52.49654],[13.38932,52.49789],[13.3884,52.49808],[13.38539,52.49881],[13.38442,52.49899],[13.38362,52.49907],[13.3822,52.49899],[13.38131,52.49898],[13.38101,52.499],[13.38023,52.49912],[13.37971,52.4975],[13.37928,52.49204]]]]}},{"type":"Feature","id":57,"properties":{"plr_schl":"02200209","plrname":"Viktoriapark","nat_pers":72,"wohmi_fl":"277754","jur_pers":26,"jp_ohn_swg":21.06,"stwbg":0.26,"genossen":4.68,"sozvermiet":5.94,"plr_id":"02200209"},"geometry":{"type":"MultiPolygon","coordinates":[[[[13.38791,52.49258],[13.38363,52.4934],[13.38312,52.49327],[13.37697,52.49131],[13.37658,52.49133],[13.37649,52.49142],[13.3764,52.49143],[13.37548,52.49046],[13.3754,52.48943],[13.37473,52.48938],[13.37354,52.48798],[13.3735,52.48775],[13.37416,52.48771],[13.37416,52.48713],[13.37402,52.48517],[13.37164,52.48518],[13.37161,52.48512],[13.37166,52.48512],[13.37157,52.48495],[13.38627,52.48486],[13.38629,52.48583],[13.38637,52.48595],[13.38641,52.48741],[13.3866,52.48887],[13.38687,52.49001],[13.38713,52.49077],[13.3876,52.49194],[13.38791,52.49258]]]]}},{"type":"Feature","id":58,"properties":{"plr_schl":"02200210","plrname":"Urbanstraße","nat_pers":70,"wohmi_fl":"279864","jur_pers":29,"jp_ohn_swg":28.13,"stwbg":0.29,"genossen":0.58,"sozvermiet":2.87,"plr_id":"02200210"},"geometry":{"type":"MultiPolygon","coordinates":[[[[13.39609,52.49796],[13.39496,52.49803],[13.39446,52.49802],[13.39222,52.49776],[13.39136,52.49772],[13.39119,52.49767],[13.39057,52.49768],[13.38932,52.49789],[13.38968,52.49654],[13.38973,52.49618],[13.38978,52.49617],[13.38981,52.4958],[13.39033,52.49574],[13.38997,52.4954],[13.3889,52.49424],[13.38882,52.49399],[13.38791,52.49258],[13.39608,52.49096],[13.40524,52.4891],[13.40542,52.4896],[13.4059,52.4903],[13.40632,52.49003],[13.40708,52.48971],[13.40923,52.49272],[13.40803,52.49297],[13.40586,52.49332],[13.4069,52.49475],[13.40692,52.49485],[13.40676,52.4951],[13.4053,52.49626],[13.40529,52.49644],[13.40543,52.49661],[13.40504,52.49666],[13.4023,52.49686],[13.40095,52.49702],[13.39941,52.49729],[13.39792,52.4977],[13.39725,52.49782],[13.39609,52.49796]]]]}},{"type":"Feature","id":59,"properties":{"plr_schl":"02200211","plrname":"Chamissokiez","nat_pers":58,"wohmi_fl":"311462","jur_pers":38,"jp_ohn_swg":24.7,"stwbg":12.92,"genossen":0.38,"sozvermiet":16.3,"plr_id":"02200211"},"geometry":{"type":"MultiPolygon","coordinates":[[[[13.40526,52.4891],[13.38791,52.49258],[13.3876,52.49194],[13.38713,52.49077],[13.38687,52.49001],[13.38668,52.48924],[13.38646,52.48797],[13.38637,52.48595],[13.38629,52.48583],[13.39425,52.48577],[13.39424,52.4841],[13.39452,52.48411],[13.39464,52.48403],[13.40023,52.48391],[13.40046,52.48381],[13.40205,52.48363],[13.40359,52.48337],[13.4064,52.48277],[13.40675,52.48513],[13.40686,52.48548],[13.40719,52.4859],[13.40853,52.48714],[13.40791,52.48848],[13.40784,52.48849],[13.40772,52.48875],[13.40738,52.48863],[13.40524,52.48866],[13.40526,52.4891]]]]}},{"type":"Feature","id":60,"properties":{"plr_schl":"02200212","plrname":"Graefekiez Süd","nat_pers":56,"wohmi_fl":"216102","jur_pers":42,"jp_ohn_swg":23.52,"stwbg":18.06,"genossen":0.42,"sozvermiet":20.48,"plr_id":"02200212"},"geometry":{"type":"MultiPolygon","coordinates":[[[[13.40526,52.4891],[13.40524,52.48866],[13.40738,52.48863],[13.40772,52.48875],[13.40789,52.48886],[13.42084,52.48717],[13.42368,52.48636],[13.42403,52.48669],[13.42494,52.48778],[13.41951,52.48988],[13.41124,52.49219],[13.40923,52.49272],[13.40708,52.48971],[13.40632,52.49003],[13.4059,52.4903],[13.40542,52.4896],[13.40526,52.4891]]]]}},{"type":"Feature","id":61,"properties":{"plr_schl":"02200213","plrname":"Graefekiez Nord","nat_pers":72,"wohmi_fl":"225257","jur_pers":26,"jp_ohn_swg":24.18,"stwbg":0.52,"genossen":1.3,"sozvermiet":2.82,"plr_id":"02200213"},"geometry":{"type":"MultiPolygon","coordinates":[[[[13.42023,52.49616],[13.41956,52.49619],[13.41826,52.49609],[13.41774,52.49597],[13.41677,52.49561],[13.41624,52.4955],[13.4145,52.49535],[13.41372,52.49534],[13.41292,52.49541],[13.41248,52.49548],[13.40789,52.49634],[13.40549,52.49663],[13.40543,52.49661],[13.40529,52.49644],[13.4053,52.49626],[13.40676,52.4951],[13.40692,52.49485],[13.4069,52.49475],[13.40586,52.49332],[13.40803,52.49297],[13.40957,52.49265],[13.41951,52.48988],[13.42494,52.48778],[13.42541,52.48809],[13.42487,52.4889],[13.42488,52.48894],[13.42463,52.48935],[13.42079,52.49548],[13.4204,52.49586],[13.42023,52.49616]]]]}},{"type":"Feature","id":62,"properties":{"plr_schl":"02300314","plrname":"Oranienplatz","nat_pers":29,"wohmi_fl":"178514","jur_pers":68,"jp_ohn_swg":39.44,"stwbg":23.8,"genossen":4.76,"sozvermiet":31.56,"plr_id":"02300314"},"geometry":{"type":"MultiPolygon","coordinates":[[[[13.4272,52.50567],[13.42671,52.5058],[13.42582,52.50542],[13.42495,52.50518],[13.42427,52.50506],[13.42319,52.50498],[13.42253,52.50499],[13.42154,52.50508],[13.41943,52.50565],[13.41914,52.50524],[13.41892,52.50508],[13.41894,52.50506],[13.41855,52.50497],[13.41821,52.50502],[13.4176,52.50417],[13.41491,52.50492],[13.41459,52.50479],[13.41466,52.50437],[13.41522,52.50311],[13.41433,52.50186],[13.41475,52.50174],[13.41446,52.50134],[13.41454,52.50128],[13.41396,52.50047],[13.41773,52.49936],[13.41795,52.49967],[13.41822,52.49958],[13.41891,52.49924],[13.41876,52.49877],[13.41983,52.49892],[13.42252,52.49895],[13.42256,52.49928],[13.42296,52.49987],[13.42355,52.50002],[13.42366,52.50017],[13.42342,52.50055],[13.4242,52.5017],[13.42446,52.50169],[13.42467,52.50173],[13.4249,52.50184],[13.42501,52.50195],[13.42727,52.50529],[13.4273,52.50549],[13.4272,52.50567]]]]}},{"type":"Feature","id":63,"properties":{"plr_schl":"02300315","plrname":"Lausitzer Platz","nat_pers":45,"wohmi_fl":"181594","jur_pers":50,"jp_ohn_swg":16.5,"stwbg":27,"genossen":6.5,"sozvermiet":36.5,"plr_id":"02300315"},"geometry":{"type":"MultiPolygon","coordinates":[[[[13.43207,52.49917],[13.43775,52.5],[13.43717,52.5004],[13.43718,52.50044],[13.42685,52.50468],[13.42497,52.5019],[13.42467,52.50173],[13.42446,52.50169],[13.4242,52.5017],[13.42342,52.50055],[13.42366,52.50017],[13.42355,52.50002],[13.42296,52.49987],[13.42256,52.49928],[13.42252,52.49895],[13.42535,52.49899],[13.42643,52.49864],[13.42673,52.49899],[13.42994,52.49922],[13.43003,52.49915],[13.43055,52.49895],[13.43207,52.49917]]]]}},{"type":"Feature","id":64,"properties":{"plr_schl":"02300316","plrname":"Köpenicker Straße","nat_pers":28,"wohmi_fl":"124059","jur_pers":72,"jp_ohn_swg":72,"stwbg":0,"genossen":0,"sozvermiet":0,"plr_id":"02300316"},"geometry":{"type":"MultiPolygon","coordinates":[[[[13.42685,52.50468],[13.43718,52.50044],[13.43717,52.5004],[13.43775,52.5],[13.44092,52.50046],[13.44152,52.50025],[13.44202,52.50074],[13.44272,52.50091],[13.44276,52.50095],[13.44423,52.50069],[13.44475,52.50076],[13.44516,52.50113],[13.44147,52.50291],[13.4389,52.50386],[13.4385,52.504],[13.43847,52.50398],[13.43713,52.50456],[13.43612,52.50521],[13.43612,52.50528],[13.43548,52.50565],[13.4344,52.5061],[13.434,52.50637],[13.43188,52.50744],[13.43057,52.50801],[13.4294,52.50857],[13.42903,52.50804],[13.42882,52.50798],[13.42878,52.50793],[13.4272,52.50567],[13.4273,52.50549],[13.4273,52.50536],[13.42685,52.50468]]]]}},{"type":"Feature","id":65,"properties":{"plr_schl":"02300417","plrname":"Reichenberger Straße West","nat_pers":63,"wohmi_fl":"201430","jur_pers":33,"jp_ohn_swg":17.49,"stwbg":12.87,"genossen":2.64,"sozvermiet":19.51,"plr_id":"02300417"},"geometry":{"type":"MultiPolygon","coordinates":[[[[13.43132,52.49906],[13.43053,52.49895],[13.43003,52.49915],[13.42997,52.49921],[13.42984,52.49922],[13.42985,52.4992],[13.42803,52.4991],[13.42673,52.49899],[13.42643,52.49864],[13.42535,52.49899],[13.41983,52.49892],[13.41873,52.49876],[13.41995,52.49656],[13.4204,52.49586],[13.42153,52.49569],[13.42249,52.49545],[13.42846,52.49351],[13.42925,52.49426],[13.43244,52.49751],[13.43092,52.49803],[13.43151,52.49866],[13.43132,52.49906]]]]}},{"type":"Feature","id":66,"properties":{"plr_schl":"02300418","plrname":"Reichenberger Straße Ost","nat_pers":65,"wohmi_fl":"183652","jur_pers":33,"jp_ohn_swg":23.1,"stwbg":8.91,"genossen":0.99,"sozvermiet":11.9,"plr_id":"02300418"},"geometry":{"type":"MultiPolygon","coordinates":[[[[13.43207,52.49917],[13.43132,52.49906],[13.43151,52.49866],[13.43092,52.49803],[13.43244,52.49751],[13.42925,52.49426],[13.42846,52.49351],[13.43827,52.49038],[13.43926,52.48961],[13.43963,52.48966],[13.43975,52.49032],[13.43989,52.4906],[13.44023,52.49086],[13.44078,52.49117],[13.44472,52.49422],[13.44395,52.4945],[13.44469,52.49507],[13.43207,52.49917]]]]}},{"type":"Feature","id":67,"properties":{"plr_schl":"02300419","plrname":"Wrangelkiez","nat_pers":65,"wohmi_fl":"216519","jur_pers":34,"jp_ohn_swg":29.58,"stwbg":4.08,"genossen":0.34,"sozvermiet":5.42,"plr_id":"02300419"},"geometry":{"type":"MultiPolygon","coordinates":[[[[13.43207,52.49917],[13.44469,52.49507],[13.44395,52.4945],[13.44472,52.49422],[13.44498,52.49442],[13.44522,52.49455],[13.44582,52.49472],[13.44633,52.49473],[13.44701,52.49463],[13.44742,52.49466],[13.44766,52.49472],[13.44785,52.49482],[13.45091,52.49711],[13.45149,52.49735],[13.45224,52.49751],[13.45269,52.49758],[13.45335,52.49753],[13.4527,52.49801],[13.45276,52.49809],[13.45271,52.49822],[13.45239,52.49841],[13.45224,52.49847],[13.45219,52.49844],[13.45165,52.4988],[13.45165,52.49884],[13.45146,52.49892],[13.45104,52.4989],[13.45084,52.49886],[13.45059,52.49868],[13.45021,52.49885],[13.45031,52.49893],[13.45033,52.49905],[13.45027,52.49913],[13.45017,52.49918],[13.45019,52.4992],[13.44964,52.49948],[13.44899,52.4997],[13.44891,52.49964],[13.44859,52.4998],[13.4484,52.49984],[13.44844,52.49988],[13.44651,52.50051],[13.44516,52.50113],[13.44475,52.50076],[13.44423,52.50069],[13.44276,52.50095],[13.44272,52.50091],[13.44202,52.50074],[13.44152,52.50025],[13.44092,52.50046],[13.43207,52.49917]]]]}},{"type":"Feature","id":68,"properties":{"plr_schl":"02400520","plrname":"Barnimkiez","nat_pers":18,"wohmi_fl":"98608","jur_pers":81,"jp_ohn_swg":7.29,"stwbg":63.18,"genossen":10.53,"sozvermiet":74.71,"plr_id":"02400520"},"geometry":{"type":"MultiPolygon","coordinates":[[[[13.4205,52.52525],[13.4241,52.52384],[13.42543,52.52344],[13.42548,52.52345],[13.42601,52.52333],[13.4265,52.52329],[13.42652,52.52294],[13.426,52.52293],[13.42591,52.52283],[13.42555,52.52279],[13.4292,52.52122],[13.42933,52.52143],[13.42937,52.52173],[13.42945,52.52288],[13.42943,52.52336],[13.4326,52.52343],[13.43383,52.5234],[13.43581,52.52345],[13.43826,52.52379],[13.44033,52.52441],[13.44041,52.52439],[13.44254,52.52503],[13.44196,52.52555],[13.44208,52.52567],[13.44382,52.52607],[13.44399,52.52607],[13.44419,52.52602],[13.44459,52.52564],[13.44472,52.52579],[13.44482,52.52583],[13.44681,52.52647],[13.44687,52.52661],[13.44693,52.52663],[13.44656,52.52698],[13.44648,52.52714],[13.44228,52.53103],[13.43875,52.52878],[13.43831,52.5288],[13.43748,52.52955],[13.42503,52.5281],[13.42485,52.52788],[13.42466,52.52791],[13.424,52.52788],[13.42364,52.52792],[13.41975,52.52555],[13.4205,52.52525]]]]}},{"type":"Feature","id":69,"properties":{"plr_schl":"02400521","plrname":"Friedenstraße","nat_pers":49,"wohmi_fl":"194436","jur_pers":51,"jp_ohn_swg":12.75,"stwbg":36.72,"genossen":1.53,"sozvermiet":38.25,"plr_id":"02400521"},"geometry":{"type":"MultiPolygon","coordinates":[[[[13.42619,52.51875],[13.42635,52.51874],[13.42637,52.51877],[13.4268,52.51866],[13.42679,52.51858],[13.42666,52.51843],[13.42711,52.51819],[13.42749,52.51805],[13.42847,52.51784],[13.42928,52.51781],[13.42937,52.5181],[13.43263,52.51775],[13.43264,52.51778],[13.4363,52.51741],[13.43656,52.51738],[13.43655,52.51734],[13.43663,52.51733],[13.44083,52.51691],[13.44124,52.51827],[13.44128,52.51824],[13.44248,52.51812],[13.44354,52.5191],[13.44366,52.51922],[13.44362,52.51923],[13.44441,52.51991],[13.44571,52.52112],[13.44493,52.52213],[13.44477,52.52208],[13.44371,52.52345],[13.44384,52.52349],[13.44375,52.52359],[13.4436,52.5237],[13.44352,52.52368],[13.44334,52.52392],[13.4429,52.52379],[13.44233,52.52434],[13.44224,52.52431],[13.44202,52.52453],[13.44224,52.52494],[13.44041,52.52439],[13.44033,52.52441],[13.43826,52.52379],[13.43673,52.52359],[13.43644,52.52352],[13.43581,52.52345],[13.43526,52.52343],[13.43383,52.5234],[13.4326,52.52343],[13.42943,52.52336],[13.42945,52.52288],[13.42933,52.52143],[13.42918,52.52122],[13.4284,52.51959],[13.42743,52.51961],[13.42692,52.51974],[13.42619,52.51875]]]]}},{"type":"Feature","id":70,"properties":{"plr_schl":"02400522","plrname":"Richard-Sorge-Viertel","nat_pers":48,"wohmi_fl":"258036","jur_pers":52,"jp_ohn_swg":21.32,"stwbg":24.96,"genossen":5.72,"sozvermiet":30.68,"plr_id":"02400522"},"geometry":{"type":"MultiPolygon","coordinates":[[[[13.45356,52.51563],[13.45351,52.516],[13.45278,52.51805],[13.45237,52.5182],[13.45234,52.51827],[13.45231,52.51848],[13.45247,52.51869],[13.45138,52.52027],[13.45135,52.52045],[13.4502,52.52214],[13.44997,52.52234],[13.44738,52.52613],[13.44717,52.52641],[13.44693,52.52663],[13.44687,52.52661],[13.44681,52.52647],[13.44482,52.52583],[13.44472,52.52579],[13.44459,52.52564],[13.44419,52.52602],[13.44399,52.52607],[13.44382,52.52607],[13.44208,52.52567],[13.44196,52.52555],[13.44254,52.52503],[13.44224,52.52494],[13.44202,52.52453],[13.44224,52.52431],[13.44233,52.52434],[13.4429,52.52379],[13.44334,52.52392],[13.44352,52.52368],[13.4436,52.5237],[13.44375,52.52359],[13.44384,52.52349],[13.44371,52.52345],[13.44477,52.52208],[13.44493,52.52213],[13.44571,52.52112],[13.44441,52.51991],[13.44362,52.51923],[13.44366,52.51922],[13.44354,52.5191],[13.44248,52.51812],[13.44128,52.51824],[13.44124,52.51827],[13.44083,52.51691],[13.44866,52.51612],[13.45077,52.51588],[13.45077,52.5159],[13.45096,52.51589],[13.45095,52.51587],[13.45145,52.51581],[13.45239,52.51572],[13.4524,52.51575],[13.45267,52.51573],[13.45356,52.51563]]]]}},{"type":"Feature","id":71,"properties":{"plr_schl":"02400623","plrname":"Andreasviertel","nat_pers":30,"wohmi_fl":"336173","jur_pers":65,"jp_ohn_swg":24.7,"stwbg":38.35,"genossen":1.95,"sozvermiet":45.3,"plr_id":"02400623"},"geometry":{"type":"MultiPolygon","coordinates":[[[[13.43989,52.51398],[13.43987,52.51403],[13.44034,52.51574],[13.44042,52.51579],[13.44052,52.51578],[13.44083,52.51691],[13.43663,52.51733],[13.43655,52.51734],[13.43656,52.51738],[13.4363,52.51741],[13.43264,52.51778],[13.43263,52.51775],[13.42937,52.5181],[13.42928,52.51781],[13.42847,52.51784],[13.42749,52.51805],[13.42711,52.51819],[13.42666,52.51843],[13.42679,52.51858],[13.4268,52.51866],[13.42637,52.51877],[13.42635,52.51874],[13.42619,52.51875],[13.42593,52.51839],[13.42631,52.51829],[13.42615,52.51807],[13.42675,52.51796],[13.42673,52.51792],[13.4251,52.51507],[13.42401,52.51368],[13.42383,52.51335],[13.42278,52.51224],[13.42303,52.51212],[13.42308,52.51213],[13.42452,52.51137],[13.42808,52.50928],[13.42837,52.50907],[13.42867,52.50899],[13.42892,52.50897],[13.42913,52.5089],[13.42915,52.50885],[13.42968,52.50945],[13.43154,52.5086],[13.43355,52.5078],[13.43396,52.50759],[13.43464,52.50827],[13.43442,52.50839],[13.43447,52.50844],[13.43535,52.50916],[13.43547,52.50915],[13.43592,52.5096],[13.43624,52.50946],[13.43716,52.51026],[13.43886,52.51242],[13.43893,52.51264],[13.43982,52.51376],[13.43989,52.51398]]]]}},{"type":"Feature","id":72,"properties":{"plr_schl":"02400624","plrname":"Weberwiese","nat_pers":52,"wohmi_fl":"301229","jur_pers":48,"jp_ohn_swg":21.12,"stwbg":14.4,"genossen":12.48,"sozvermiet":26.88,"plr_id":"02400624"},"geometry":{"type":"MultiPolygon","coordinates":[[[[13.44989,52.50743],[13.45019,52.50797],[13.45209,52.5122],[13.45289,52.514],[13.4528,52.51402],[13.45294,52.51432],[13.45297,52.51431],[13.45356,52.51563],[13.45267,52.51573],[13.4524,52.51575],[13.45239,52.51572],[13.45145,52.51581],[13.45095,52.51587],[13.45096,52.51589],[13.45077,52.5159],[13.45077,52.51588],[13.44866,52.51612],[13.44083,52.51691],[13.44052,52.51578],[13.44042,52.51579],[13.44034,52.51574],[13.43987,52.51403],[13.43989,52.51398],[13.44272,52.51233],[13.44456,52.51152],[13.4435,52.51057],[13.4446,52.50991],[13.44512,52.51017],[13.4469,52.50885],[13.44819,52.50806],[13.44989,52.50743]]]]}},{"type":"Feature","id":73,"properties":{"plr_schl":"02400625","plrname":"Wriezener Bahnhof","nat_pers":22,"wohmi_fl":"56519","jur_pers":71,"jp_ohn_swg":71,"stwbg":0,"genossen":0,"sozvermiet":8,"plr_id":"02400625"},"geometry":{"type":"MultiPolygon","coordinates":[[[[13.44989,52.50743],[13.44819,52.50806],[13.4469,52.50885],[13.44512,52.51017],[13.4446,52.50991],[13.4435,52.51057],[13.44456,52.51152],[13.44272,52.51233],[13.43989,52.51398],[13.43982,52.51376],[13.43893,52.51264],[13.43886,52.51242],[13.43716,52.51026],[13.43624,52.50946],[13.43592,52.5096],[13.43547,52.50915],[13.43535,52.50916],[13.43447,52.50844],[13.43442,52.50839],[13.43464,52.50827],[13.43396,52.50759],[13.43355,52.5078],[13.43154,52.5086],[13.42968,52.50945],[13.42915,52.50885],[13.42924,52.50867],[13.4294,52.50857],[13.43057,52.50801],[13.43188,52.50744],[13.434,52.50637],[13.4344,52.5061],[13.43548,52.50565],[13.43612,52.50528],[13.43612,52.50521],[13.43713,52.50456],[13.43847,52.50398],[13.4385,52.504],[13.4389,52.50386],[13.44147,52.50291],[13.44516,52.50113],[13.44719,52.50274],[13.44729,52.50296],[13.44919,52.5054],[13.44925,52.5055],[13.44908,52.50555],[13.44919,52.50571],[13.44936,52.50581],[13.44931,52.50587],[13.44944,52.5061],[13.45018,52.50726],[13.44984,52.50735],[13.44989,52.50743]]]]}},{"type":"Feature","id":74,"properties":{"plr_schl":"02500726","plrname":"Hausburgviertel","nat_pers":62,"wohmi_fl":"167937","jur_pers":38,"jp_ohn_swg":20.9,"stwbg":12.54,"genossen":4.56,"sozvermiet":17.1,"plr_id":"02500726"},"geometry":{"type":"MultiPolygon","coordinates":[[[[13.44717,52.52641],[13.44997,52.52234],[13.4502,52.52214],[13.45073,52.52137],[13.45135,52.52045],[13.45138,52.52027],[13.45247,52.51869],[13.45303,52.51918],[13.45341,52.51926],[13.45381,52.51924],[13.45616,52.52246],[13.4558,52.52255],[13.45247,52.52746],[13.45218,52.5278],[13.45079,52.52749],[13.44717,52.52641]]]]}},{"type":"Feature","id":75,"properties":{"plr_schl":"02500727","plrname":"Forckenbeckplatz","nat_pers":59,"wohmi_fl":"128548","jur_pers":41,"jp_ohn_swg":18.45,"stwbg":17.22,"genossen":5.33,"sozvermiet":22.55,"plr_id":"02500727"},"geometry":{"type":"MultiPolygon","coordinates":[[[[13.45356,52.51563],[13.45969,52.515],[13.46025,52.51498],[13.46049,52.51535],[13.46279,52.51994],[13.46262,52.51994],[13.45529,52.52127],[13.45381,52.51924],[13.45341,52.51926],[13.45303,52.51918],[13.45247,52.51869],[13.45231,52.51848],[13.45237,52.5182],[13.45278,52.51805],[13.45351,52.516],[13.45356,52.51563]]]]}},{"type":"Feature","id":76,"properties":{"plr_schl":"02500728","plrname":"Samariterviertel","nat_pers":61,"wohmi_fl":"177878","jur_pers":38,"jp_ohn_swg":31.16,"stwbg":3.04,"genossen":3.8,"sozvermiet":6.84,"plr_id":"02500728"},"geometry":{"type":"MultiPolygon","coordinates":[[[[13.46339,52.51467],[13.46757,52.51424],[13.46766,52.51461],[13.469,52.51738],[13.46965,52.51997],[13.46983,52.5203],[13.4697,52.5205],[13.46279,52.51994],[13.46049,52.51535],[13.46025,52.51498],[13.46339,52.51467]]]]}},{"type":"Feature","id":77,"properties":{"plr_schl":"02500729","plrname":"Pettenkofer Straße","nat_pers":70,"wohmi_fl":"94103","jur_pers":29,"jp_ohn_swg":17.11,"stwbg":4.64,"genossen":7.25,"sozvermiet":12.89,"plr_id":"02500729"},"geometry":{"type":"MultiPolygon","coordinates":[[[[13.4697,52.5205],[13.46983,52.5203],[13.46965,52.51997],[13.469,52.51738],[13.46766,52.51461],[13.46757,52.51424],[13.47544,52.51343],[13.4755,52.51382],[13.47589,52.51486],[13.47748,52.51439],[13.47775,52.51473],[13.47671,52.51505],[13.47655,52.51517],[13.47645,52.5153],[13.47605,52.51613],[13.4742,52.51912],[13.47376,52.51909],[13.47308,52.51988],[13.47321,52.51988],[13.47255,52.52053],[13.47235,52.52051],[13.47227,52.52068],[13.47202,52.52069],[13.4697,52.5205]]]]}},{"type":"Feature","id":78,"properties":{"plr_schl":"02500830","plrname":"Niederbarnimstraße","nat_pers":76,"wohmi_fl":"83248","jur_pers":22,"jp_ohn_swg":9.9,"stwbg":8.58,"genossen":3.52,"sozvermiet":15.1,"plr_id":"02500830"},"geometry":{"type":"MultiPolygon","coordinates":[[[[13.45356,52.51563],[13.45297,52.51431],[13.45294,52.51432],[13.45289,52.51422],[13.45478,52.51368],[13.45737,52.51279],[13.45788,52.51265],[13.46131,52.51206],[13.46159,52.51197],[13.4617,52.51219],[13.46339,52.51467],[13.46025,52.51498],[13.45969,52.515],[13.45356,52.51563]]]]}},{"type":"Feature","id":79,"properties":{"plr_schl":"02500831","plrname":"Wismarplatz","nat_pers":71,"wohmi_fl":"148662","jur_pers":29,"jp_ohn_swg":15.37,"stwbg":12.47,"genossen":1.16,"sozvermiet":13.63,"plr_id":"02500831"},"geometry":{"type":"MultiPolygon","coordinates":[[[[13.46339,52.51467],[13.4617,52.51219],[13.46159,52.51197],[13.46282,52.51145],[13.46435,52.50987],[13.46631,52.50843],[13.47014,52.51229],[13.47026,52.51248],[13.47083,52.51391],[13.46339,52.51467]]]]}},{"type":"Feature","id":80,"properties":{"plr_schl":"02500832","plrname":"Traveplatz","nat_pers":61,"wohmi_fl":"164494","jur_pers":39,"jp_ohn_swg":26.52,"stwbg":11.7,"genossen":0.78,"sozvermiet":12.48,"plr_id":"02500832"},"geometry":{"type":"MultiPolygon","coordinates":[[[[13.47083,52.51391],[13.47026,52.51248],[13.47014,52.51229],[13.46631,52.50843],[13.46846,52.50686],[13.47006,52.50618],[13.4704,52.50592],[13.47116,52.50513],[13.47175,52.50574],[13.47226,52.50611],[13.47271,52.50636],[13.47273,52.50646],[13.4728,52.50649],[13.47277,52.50657],[13.47283,52.50671],[13.47341,52.50692],[13.47307,52.50713],[13.47382,52.50793],[13.47381,52.50801],[13.47394,52.50797],[13.47396,52.50799],[13.47403,52.50807],[13.4739,52.5081],[13.47396,52.50811],[13.47542,52.50963],[13.47583,52.51026],[13.47604,52.5103],[13.47627,52.51044],[13.47589,52.51205],[13.47594,52.51206],[13.47593,52.51211],[13.47584,52.51212],[13.47563,52.51306],[13.47553,52.51307],[13.47544,52.51343],[13.47083,52.51391]]]]}},{"type":"Feature","id":81,"properties":{"plr_schl":"02500833","plrname":"Boxhagener Platz","nat_pers":69,"wohmi_fl":"193967","jur_pers":31,"jp_ohn_swg":23.25,"stwbg":6.51,"genossen":1.24,"sozvermiet":7.75,"plr_id":"02500833"},"geometry":{"type":"MultiPolygon","coordinates":[[[[13.45141,52.51071],[13.45596,52.50988],[13.4568,52.50964],[13.45795,52.50936],[13.46846,52.50686],[13.46435,52.50987],[13.46282,52.51145],[13.46153,52.512],[13.46131,52.51206],[13.45788,52.51265],[13.45737,52.51279],[13.45478,52.51368],[13.45289,52.51422],[13.4528,52.51402],[13.45289,52.514],[13.45141,52.51071]]]]}},{"type":"Feature","id":82,"properties":{"plr_schl":"02500834","plrname":"Revaler Straße","nat_pers":68,"wohmi_fl":"211170","jur_pers":30,"jp_ohn_swg":19.2,"stwbg":1.5,"genossen":9.3,"sozvermiet":10.8,"plr_id":"02500834"},"geometry":{"type":"MultiPolygon","coordinates":[[[[13.44989,52.50743],[13.44984,52.50735],[13.45021,52.50725],[13.45217,52.50683],[13.45281,52.50672],[13.45285,52.50673],[13.45284,52.50676],[13.45312,52.50672],[13.4531,52.50668],[13.45588,52.50619],[13.45586,52.50615],[13.45755,52.50585],[13.45761,52.50597],[13.45797,52.5059],[13.45821,52.50633],[13.45848,52.50628],[13.45806,52.50553],[13.458,52.50538],[13.45807,52.50533],[13.45841,52.50527],[13.45843,52.50531],[13.45884,52.50524],[13.45885,52.50526],[13.45938,52.50516],[13.46127,52.50499],[13.4613,52.50506],[13.46193,52.50492],[13.46315,52.5048],[13.4632,52.50491],[13.46385,52.50468],[13.46535,52.50452],[13.46684,52.50422],[13.46791,52.50429],[13.46827,52.50435],[13.46922,52.5046],[13.47008,52.50494],[13.47043,52.50517],[13.47079,52.50552],[13.4704,52.50592],[13.47006,52.50618],[13.46846,52.50686],[13.45795,52.50936],[13.4568,52.50964],[13.45596,52.50988],[13.45141,52.51071],[13.45019,52.50797],[13.44989,52.50743]]]]}},{"type":"Feature","id":83,"properties":{"plr_schl":"02500835","plrname":"Stralauer Kiez","nat_pers":47,"wohmi_fl":"226714","jur_pers":46,"jp_ohn_swg":23.46,"stwbg":17.02,"genossen":5.52,"sozvermiet":28.54,"plr_id":"02500835"},"geometry":{"type":"MultiPolygon","coordinates":[[[[13.47116,52.50513],[13.47079,52.50552],[13.47043,52.50517],[13.47008,52.50494],[13.46922,52.5046],[13.46827,52.50435],[13.46791,52.50429],[13.46684,52.50422],[13.46535,52.50452],[13.46385,52.50468],[13.4632,52.50491],[13.46315,52.5048],[13.46193,52.50492],[13.4613,52.50506],[13.46127,52.50499],[13.45938,52.50516],[13.45885,52.50526],[13.45884,52.50524],[13.45843,52.50531],[13.45841,52.50527],[13.45807,52.50533],[13.458,52.50538],[13.45806,52.50553],[13.45848,52.50628],[13.45821,52.50633],[13.45797,52.5059],[13.45761,52.50597],[13.45755,52.50585],[13.45586,52.50615],[13.45588,52.50619],[13.4531,52.50668],[13.45312,52.50672],[13.45285,52.50676],[13.45281,52.50672],[13.45217,52.50683],[13.45018,52.50726],[13.44944,52.5061],[13.44931,52.50587],[13.44936,52.50581],[13.44919,52.50571],[13.44908,52.50555],[13.44925,52.5055],[13.44919,52.5054],[13.44729,52.50296],[13.44719,52.50274],[13.44516,52.50113],[13.44651,52.50051],[13.44844,52.49988],[13.4484,52.49984],[13.44859,52.4998],[13.44891,52.49964],[13.44899,52.4997],[13.44964,52.49948],[13.45019,52.4992],[13.45017,52.49918],[13.45027,52.49913],[13.45033,52.49905],[13.45031,52.49893],[13.45021,52.49885],[13.45059,52.49868],[13.45084,52.49886],[13.45104,52.4989],[13.45146,52.49892],[13.45165,52.49884],[13.45165,52.4988],[13.45219,52.49844],[13.45224,52.49847],[13.45239,52.49841],[13.45271,52.49822],[13.45276,52.49809],[13.4527,52.49801],[13.45335,52.49753],[13.45407,52.49756],[13.45504,52.49737],[13.45507,52.49742],[13.45951,52.49654],[13.46193,52.49559],[13.46306,52.49535],[13.46319,52.49545],[13.46367,52.49525],[13.46423,52.49567],[13.46439,52.49562],[13.46593,52.4967],[13.46592,52.49684],[13.4665,52.49724],[13.46716,52.49778],[13.46745,52.49806],[13.46774,52.49842],[13.46794,52.49875],[13.46832,52.49969],[13.46857,52.49965],[13.46877,52.50016],[13.46888,52.50016],[13.46935,52.5015],[13.46967,52.50229],[13.46975,52.50232],[13.46975,52.50245],[13.47021,52.50374],[13.47042,52.50406],[13.47129,52.505],[13.47116,52.50513]]]]}},{"type":"Feature","id":84,"properties":{"plr_schl":"02500836","plrname":"Stralauer Halbinsel","nat_pers":81,"wohmi_fl":"224850","jur_pers":15,"jp_ohn_swg":10.35,"stwbg":4.65,"genossen":0,"sozvermiet":8.65,"plr_id":"02500836"},"geometry":{"type":"MultiPolygon","coordinates":[[[[13.49071,52.48744],[13.49145,52.48827],[13.48881,52.48925],[13.48846,52.48989],[13.48609,52.4908],[13.48577,52.4912],[13.48494,52.4916],[13.48415,52.49166],[13.47308,52.49899],[13.46832,52.49969],[13.46791,52.49869],[13.46745,52.49806],[13.46668,52.49738],[13.46592,52.49684],[13.46593,52.4967],[13.46439,52.49562],[13.46423,52.49567],[13.46367,52.49525],[13.46393,52.49511],[13.46398,52.49503],[13.46317,52.49435],[13.4632,52.49422],[13.46422,52.49374],[13.46706,52.49269],[13.4685,52.49234],[13.47102,52.49149],[13.47379,52.49103],[13.47544,52.49033],[13.47613,52.48996],[13.47705,52.48931],[13.47769,52.48878],[13.47794,52.48795],[13.47807,52.48772],[13.47863,52.48703],[13.47924,52.48787],[13.47942,52.48792],[13.48006,52.48794],[13.48047,52.48789],[13.48168,52.48764],[13.48206,52.48744],[13.48296,52.48605],[13.48564,52.48727],[13.48595,52.4874],[13.48674,52.48765],[13.48755,52.48779],[13.4885,52.48784],[13.48987,52.48764],[13.49071,52.48744]]]]}},{"type":"Feature","id":85,"properties":{"plr_schl":"03100101","plrname":"Bucher Forst","nat_pers":47,"wohmi_fl":"1589196","jur_pers":49,"jp_ohn_swg":39.2,"stwbg":9.31,"genossen":0.49,"sozvermiet":13.8,"plr_id":"03100101"},"geometry":{"type":"MultiPolygon","coordinates":[[[[13.42661,52.63691],[13.42675,52.63567],[13.42696,52.63124],[13.4272,52.63107],[13.42724,52.63059],[13.42704,52.63059],[13.42723,52.62881],[13.42734,52.62832],[13.42813,52.62608],[13.42843,52.62607],[13.42869,52.62564],[13.42934,52.62479],[13.42955,52.62442],[13.43098,52.62312],[13.43306,52.62173],[13.43907,52.61804],[13.44403,52.61494],[13.44489,52.61435],[13.44567,52.61376],[13.44622,52.61329],[13.44727,52.61219],[13.4479,52.61133],[13.44841,52.61048],[13.44887,52.60921],[13.44909,52.60788],[13.44918,52.60795],[13.44973,52.60808],[13.44993,52.60816],[13.45011,52.60827],[13.45024,52.6084],[13.4505,52.60881],[13.4505,52.60888],[13.45146,52.61094],[13.4519,52.6115],[13.45247,52.612],[13.45284,52.61225],[13.45369,52.61273],[13.45372,52.61272],[13.4583,52.61553],[13.46442,52.61842],[13.46525,52.61889],[13.46843,52.62131],[13.46988,52.62246],[13.47043,52.62281],[13.47329,52.62396],[13.47395,52.62417],[13.47777,52.62519],[13.47813,52.62531],[13.47818,52.6253],[13.47914,52.62552],[13.47964,52.62557],[13.48046,52.62553],[13.4806,52.62556],[13.4812,52.62552],[13.48216,52.62553],[13.48275,52.62562],[13.48341,52.62583],[13.48328,52.62587],[13.48322,52.62585],[13.48158,52.62649],[13.48185,52.62674],[13.48177,52.62679],[13.48242,52.62752],[13.4828,52.62781],[13.48319,52.62804],[13.48556,52.63026],[13.4856,52.6303],[13.48554,52.63032],[13.4859,52.63067],[13.48934,52.6339],[13.49055,52.63513],[13.49044,52.63517],[13.49172,52.63615],[13.4919,52.63646],[13.49225,52.63673],[13.4924,52.63677],[13.49282,52.63648],[13.49299,52.63661],[13.49271,52.63679],[13.49268,52.63686],[13.49533,52.6388],[13.49538,52.63877],[13.49588,52.63908],[13.49828,52.64041],[13.50056,52.64162],[13.50053,52.64165],[13.50625,52.64476],[13.50723,52.64531],[13.5078,52.64568],[13.50995,52.64688],[13.50727,52.64831],[13.50472,52.64956],[13.50314,52.64997],[13.50271,52.65016],[13.50045,52.65101],[13.49076,52.6548],[13.48536,52.65943],[13.48842,52.67079],[13.48522,52.66964],[13.48351,52.66922],[13.47993,52.66811],[13.47797,52.66768],[13.47697,52.66712],[13.47586,52.66656],[13.47583,52.66655],[13.4757,52.66665],[13.47556,52.66687],[13.47555,52.66718],[13.47555,52.66728],[13.4757,52.6675],[13.47568,52.66754],[13.4753,52.6679],[13.47513,52.66799],[13.47489,52.66804],[13.47459,52.66806],[13.47453,52.66822],[13.4753,52.66952],[13.47647,52.67136],[13.47691,52.67179],[13.47726,52.67207],[13.47985,52.67472],[13.48008,52.67486],[13.47949,52.67551],[13.47727,52.6739],[13.47628,52.67449],[13.47552,52.67502],[13.47549,52.67501],[13.47356,52.67344],[13.47071,52.67102],[13.47052,52.67107],[13.46593,52.66712],[13.45955,52.66898],[13.45551,52.66575],[13.45522,52.66563],[13.45079,52.66267],[13.45395,52.66185],[13.46238,52.65754],[13.47351,52.65653],[13.47353,52.65637],[13.47368,52.65632],[13.47413,52.65594],[13.47427,52.65569],[13.47404,52.65486],[13.47408,52.65477],[13.47403,52.65456],[13.47412,52.65452],[13.47408,52.65436],[13.47391,52.65412],[13.47361,52.65391],[13.47327,52.65383],[13.47218,52.65341],[13.47197,52.65323],[13.47163,52.65304],[13.47145,52.65288],[13.4705,52.65236],[13.46997,52.65186],[13.46927,52.65167],[13.46901,52.65167],[13.46876,52.65173],[13.46866,52.65172],[13.46849,52.65164],[13.46831,52.65166],[13.46801,52.6516],[13.46766,52.65159],[13.46733,52.65167],[13.46707,52.65165],[13.46693,52.65161],[13.46679,52.65152],[13.46658,52.65148],[13.46572,52.65117],[13.46503,52.65074],[13.46473,52.65069],[13.46452,52.65056],[13.46428,52.65052],[13.46425,52.65042],[13.4641,52.65044],[13.46387,52.65038],[13.46306,52.64992],[13.46276,52.64962],[13.46241,52.64906],[13.46221,52.64889],[13.46212,52.64885],[13.46129,52.64873],[13.46041,52.64848],[13.46007,52.64831],[13.45973,52.64808],[13.45645,52.64842],[13.45627,52.64838],[13.45208,52.6487],[13.4521,52.64967],[13.45198,52.64969],[13.45169,52.64962],[13.4516,52.64974],[13.45098,52.64985],[13.44874,52.65],[13.44789,52.65004],[13.44749,52.65003],[13.44676,52.6499],[13.44645,52.64979],[13.44593,52.64967],[13.44491,52.6495],[13.44331,52.64954],[13.4432,52.64935],[13.44289,52.64936],[13.44277,52.64912],[13.44161,52.64902],[13.44165,52.64933],[13.44155,52.64938],[13.44082,52.64926],[13.43979,52.64527],[13.43941,52.64526],[13.43755,52.64494],[13.43604,52.64472],[13.4357,52.64466],[13.43526,52.64453],[13.43401,52.64428],[13.43382,52.64382],[13.43374,52.64323],[13.43353,52.64243],[13.43339,52.64147],[13.43426,52.63795],[13.43272,52.63738],[13.42763,52.63751],[13.42661,52.63691]]]]}},{"type":"Feature","id":86,"properties":{"plr_schl":"03100102","plrname":"Klinikum Buch","nat_pers":69,"wohmi_fl":"484508","jur_pers":30,"jp_ohn_swg":13.8,"stwbg":16.2,"genossen":0,"sozvermiet":16.2,"plr_id":"03100102"},"geometry":{"type":"MultiPolygon","coordinates":[[[[13.50796,52.62662],[13.51006,52.62736],[13.51139,52.62779],[13.51465,52.62863],[13.51782,52.62957],[13.51848,52.63173],[13.51974,52.63443],[13.52041,52.63571],[13.52088,52.6369],[13.52106,52.63749],[13.52172,52.63866],[13.52244,52.64076],[13.52295,52.64411],[13.52302,52.64503],[13.52185,52.64494],[13.52039,52.64488],[13.51994,52.6455],[13.51985,52.6458],[13.51927,52.64695],[13.51716,52.64656],[13.51519,52.64612],[13.51283,52.6454],[13.51193,52.64583],[13.50995,52.64688],[13.5078,52.64568],[13.50723,52.64531],[13.50625,52.64476],[13.50053,52.64165],[13.50056,52.64162],[13.49828,52.64041],[13.49588,52.63908],[13.49538,52.63877],[13.49533,52.6388],[13.49267,52.63685],[13.49271,52.63679],[13.49308,52.63658],[13.49386,52.63604],[13.49485,52.63575],[13.49519,52.63562],[13.49642,52.6349],[13.49656,52.63485],[13.49677,52.63485],[13.49714,52.63464],[13.49714,52.6346],[13.49752,52.6344],[13.49771,52.63423],[13.49903,52.63354],[13.50002,52.6331],[13.50105,52.63248],[13.50126,52.6323],[13.50344,52.63092],[13.50366,52.63083],[13.50481,52.6301],[13.50503,52.62996],[13.50516,52.62983],[13.50617,52.62919],[13.50662,52.62894],[13.50682,52.62877],[13.507,52.62833],[13.5079,52.62664],[13.50796,52.62662]]]]}},{"type":"Feature","id":87,"properties":{"plr_schl":"03100103","plrname":"Karower Chaussee","nat_pers":9,"wohmi_fl":"372640","jur_pers":66,"jp_ohn_swg":0,"stwbg":40.92,"genossen":25.08,"sozvermiet":92,"plr_id":"03100103"},"geometry":{"type":"MultiPolygon","coordinates":[[[[13.50472,52.61964],[13.50546,52.61997],[13.50585,52.62575],[13.50796,52.62662],[13.5079,52.62664],[13.507,52.62833],[13.50682,52.62877],[13.50659,52.62896],[13.50617,52.62919],[13.50516,52.62983],[13.50503,52.62996],[13.50366,52.63083],[13.50344,52.63092],[13.50126,52.6323],[13.50105,52.63248],[13.50002,52.6331],[13.49903,52.63354],[13.49771,52.63423],[13.49752,52.6344],[13.49714,52.6346],[13.49714,52.63464],[13.49677,52.63485],[13.49656,52.63485],[13.49642,52.6349],[13.49519,52.63562],[13.49485,52.63575],[13.49386,52.63604],[13.49308,52.63658],[13.49299,52.63661],[13.49282,52.63648],[13.4924,52.63677],[13.49225,52.63673],[13.4919,52.63646],[13.49172,52.63615],[13.49044,52.63517],[13.49055,52.63513],[13.48934,52.6339],[13.4859,52.63067],[13.48554,52.63032],[13.4856,52.6303],[13.48556,52.63026],[13.48401,52.62879],[13.48319,52.62804],[13.48266,52.62771],[13.48224,52.62735],[13.48177,52.62679],[13.48185,52.62674],[13.48158,52.62649],[13.48322,52.62585],[13.48328,52.62587],[13.48341,52.62583],[13.4834,52.62578],[13.48657,52.6244],[13.48875,52.62358],[13.49149,52.62281],[13.49172,52.62279],[13.49218,52.62266],[13.49245,52.62255],[13.49372,52.62221],[13.49879,52.62111],[13.50123,52.62052],[13.50338,52.61996],[13.50394,52.61986],[13.50472,52.61964]]]]}},{"type":"Feature","id":88,"properties":{"plr_schl":"03200204","plrname":"Blankenfelde","nat_pers":83,"wohmi_fl":"553173","jur_pers":1,"jp_ohn_swg":1,"stwbg":0,"genossen":0,"sozvermiet":9,"plr_id":"03200204"},"geometry":{"type":"MultiPolygon","coordinates":[[[[13.38379,52.60482],[13.38517,52.6044],[13.3857,52.60427],[13.3885,52.60382],[13.39135,52.60342],[13.39422,52.60316],[13.39674,52.60288],[13.40025,52.60256],[13.40259,52.60231],[13.40634,52.602],[13.40863,52.60176],[13.41344,52.60098],[13.41363,52.60102],[13.41417,52.60094],[13.41486,52.60078],[13.41552,52.60058],[13.41679,52.60006],[13.41629,52.6015],[13.41598,52.6021],[13.41586,52.6025],[13.41584,52.60296],[13.41507,52.60494],[13.41505,52.60513],[13.41491,52.60551],[13.41477,52.60579],[13.41466,52.60616],[13.41462,52.60616],[13.41423,52.60734],[13.41413,52.60823],[13.41367,52.60933],[13.41262,52.60984],[13.41053,52.61113],[13.41005,52.61146],[13.40739,52.61367],[13.40846,52.61396],[13.40854,52.61395],[13.41085,52.61458],[13.4108,52.61464],[13.41194,52.61495],[13.41238,52.61512],[13.41242,52.61507],[13.41273,52.61523],[13.41412,52.61617],[13.41605,52.61732],[13.41704,52.61798],[13.41785,52.61863],[13.41793,52.61859],[13.41801,52.61865],[13.4181,52.61885],[13.41831,52.61905],[13.42004,52.62056],[13.4212,52.62149],[13.42183,52.62213],[13.42268,52.62272],[13.42396,52.62383],[13.42539,52.62311],[13.42876,52.62349],[13.42908,52.6233],[13.42957,52.62309],[13.43016,52.62384],[13.42955,52.62442],[13.42934,52.62479],[13.42869,52.62564],[13.42843,52.62607],[13.42813,52.62608],[13.42734,52.62832],[13.42723,52.62881],[13.42704,52.63059],[13.42724,52.63059],[13.4272,52.63107],[13.42696,52.63124],[13.42675,52.63567],[13.42661,52.63691],[13.42438,52.63557],[13.42435,52.63546],[13.42079,52.63741],[13.41655,52.63943],[13.41508,52.64063],[13.41426,52.64124],[13.41475,52.64178],[13.41474,52.64239],[13.41442,52.64251],[13.41363,52.64247],[13.41229,52.64348],[13.40788,52.64269],[13.40659,52.64385],[13.40389,52.64486],[13.40324,52.64519],[13.40049,52.64669],[13.39931,52.64737],[13.39791,52.64811],[13.39794,52.64829],[13.39777,52.64829],[13.3976,52.64822],[13.39727,52.64815],[13.39705,52.64802],[13.39684,52.64783],[13.39681,52.64769],[13.39639,52.64742],[13.3952,52.64744],[13.39455,52.64756],[13.3945,52.64753],[13.39447,52.64736],[13.39434,52.64717],[13.39391,52.64669],[13.39385,52.64652],[13.39393,52.64644],[13.39387,52.64632],[13.39356,52.64617],[13.39335,52.64616],[13.39315,52.64596],[13.39314,52.64588],[13.3933,52.6458],[13.3932,52.64571],[13.393,52.64564],[13.39293,52.64556],[13.39318,52.64541],[13.39304,52.64531],[13.39285,52.64532],[13.39285,52.64547],[13.39272,52.64531],[13.39288,52.64528],[13.39295,52.64523],[13.39288,52.64517],[13.39253,52.6451],[13.39238,52.64498],[13.39241,52.64478],[13.39234,52.64476],[13.39209,52.64482],[13.39191,52.64475],[13.39199,52.6446],[13.39226,52.64448],[13.39233,52.6444],[13.39217,52.64435],[13.39209,52.64438],[13.39202,52.64448],[13.39196,52.64446],[13.39202,52.64432],[13.39183,52.6442],[13.3919,52.64411],[13.39204,52.64415],[13.39216,52.64414],[13.39217,52.64404],[13.39215,52.64401],[13.39181,52.64391],[13.39174,52.64384],[13.39221,52.64383],[13.39226,52.64381],[13.39229,52.6437],[13.3921,52.64368],[13.39175,52.64372],[13.3915,52.64363],[13.39169,52.64358],[13.39194,52.64357],[13.39229,52.64365],[13.39231,52.64357],[13.39223,52.64348],[13.39225,52.64328],[13.39222,52.64324],[13.39211,52.64323],[13.39197,52.64329],[13.39194,52.64332],[13.39201,52.64346],[13.39197,52.64347],[13.39197,52.64341],[13.39183,52.64339],[13.3913,52.64355],[13.39134,52.64334],[13.3913,52.64318],[13.3912,52.64317],[13.39112,52.64321],[13.39115,52.64307],[13.39107,52.64296],[13.39094,52.64289],[13.39067,52.64262],[13.39086,52.6426],[13.39091,52.64254],[13.3909,52.64247],[13.39077,52.6424],[13.39041,52.64248],[13.39014,52.64244],[13.39043,52.64232],[13.39057,52.64224],[13.39059,52.64219],[13.39055,52.64215],[13.39033,52.64209],[13.39023,52.64216],[13.3902,52.64215],[13.39024,52.642],[13.39032,52.64195],[13.39026,52.64189],[13.39043,52.64188],[13.39046,52.64181],[13.39017,52.64175],[13.39005,52.64157],[13.3901,52.6415],[13.39033,52.64156],[13.39039,52.64153],[13.39038,52.64147],[13.39018,52.64135],[13.38981,52.64142],[13.38988,52.64152],[13.38966,52.64152],[13.38969,52.64123],[13.39005,52.64119],[13.38991,52.64099],[13.39007,52.64097],[13.39013,52.64093],[13.39012,52.64084],[13.39035,52.64088],[13.3904,52.64085],[13.39038,52.64078],[13.39024,52.6407],[13.39017,52.64053],[13.39006,52.64051],[13.38996,52.64055],[13.38991,52.64054],[13.39031,52.6403],[13.39046,52.64012],[13.39037,52.64005],[13.39039,52.63999],[13.39061,52.63992],[13.39024,52.63974],[13.38989,52.63948],[13.38987,52.6394],[13.38961,52.63937],[13.38975,52.63923],[13.38994,52.63912],[13.38989,52.63907],[13.38961,52.63902],[13.38961,52.63895],[13.38976,52.6389],[13.38949,52.63888],[13.38944,52.63884],[13.38947,52.63881],[13.38982,52.63885],[13.38982,52.63878],[13.38968,52.63864],[13.38956,52.63858],[13.38945,52.63835],[13.38935,52.63825],[13.38926,52.63819],[13.38906,52.63813],[13.38933,52.63795],[13.38928,52.63785],[13.38902,52.63788],[13.38894,52.63786],[13.38918,52.63771],[13.38921,52.63762],[13.38862,52.63759],[13.38831,52.63742],[13.38835,52.63729],[13.38832,52.63722],[13.38823,52.63717],[13.38795,52.63717],[13.38762,52.63724],[13.38706,52.63699],[13.38695,52.63697],[13.3867,52.63702],[13.38653,52.63687],[13.38636,52.63693],[13.38642,52.63678],[13.38637,52.63674],[13.38612,52.63678],[13.38575,52.63658],[13.38553,52.63663],[13.38509,52.63649],[13.3852,52.63641],[13.38521,52.63635],[13.38508,52.63626],[13.38491,52.63629],[13.38476,52.63645],[13.38467,52.63643],[13.3846,52.63629],[13.38453,52.63624],[13.38445,52.63625],[13.38431,52.63639],[13.38427,52.63638],[13.38421,52.63623],[13.38403,52.63618],[13.38383,52.63633],[13.38393,52.63646],[13.38389,52.63648],[13.3835,52.63643],[13.38333,52.63664],[13.38324,52.63661],[13.38302,52.63637],[13.38291,52.63634],[13.38274,52.63642],[13.38249,52.63646],[13.38234,52.63642],[13.38219,52.63647],[13.38213,52.63634],[13.38203,52.63631],[13.38181,52.6364],[13.38201,52.63616],[13.38207,52.63602],[13.38193,52.63595],[13.38269,52.63575],[13.38286,52.63522],[13.38158,52.63487],[13.38051,52.6345],[13.38008,52.63438],[13.37997,52.63441],[13.3801,52.63428],[13.3794,52.63387],[13.37871,52.63435],[13.37865,52.63426],[13.37825,52.63399],[13.37768,52.63339],[13.37774,52.63318],[13.37762,52.63307],[13.37727,52.63319],[13.37679,52.63292],[13.37679,52.63278],[13.377,52.63284],[13.37719,52.63269],[13.37712,52.63255],[13.37704,52.63251],[13.37673,52.63244],[13.3766,52.63246],[13.37656,52.63241],[13.37689,52.63229],[13.37692,52.63226],[13.37687,52.63217],[13.37664,52.63213],[13.37647,52.63214],[13.37654,52.63194],[13.37636,52.63178],[13.37582,52.63161],[13.37597,52.63148],[13.37624,52.63146],[13.37634,52.63137],[13.37632,52.6313],[13.37624,52.63127],[13.37616,52.63114],[13.37628,52.63081],[13.37647,52.6306],[13.3768,52.63003],[13.37695,52.62996],[13.37702,52.62982],[13.37691,52.62971],[13.37689,52.62959],[13.37682,52.62954],[13.37699,52.62941],[13.37702,52.62934],[13.37685,52.62916],[13.37644,52.62925],[13.37637,52.62922],[13.37636,52.62918],[13.3766,52.62908],[13.37668,52.62889],[13.37613,52.62894],[13.37605,52.62904],[13.37596,52.62908],[13.37587,52.62909],[13.37583,52.62904],[13.37627,52.62875],[13.37637,52.62862],[13.37638,52.62838],[13.3762,52.62833],[13.37573,52.62845],[13.37569,52.62852],[13.37545,52.62868],[13.3754,52.62864],[13.37523,52.62861],[13.37505,52.62823],[13.37478,52.62797],[13.37463,52.628],[13.37457,52.62777],[13.37419,52.62792],[13.37421,52.62777],[13.37414,52.62768],[13.37397,52.62768],[13.37383,52.62776],[13.37364,52.62781],[13.37355,52.6278],[13.3734,52.62771],[13.3733,52.6276],[13.37298,52.62745],[13.3727,52.62758],[13.37232,52.62727],[13.37187,52.62732],[13.3716,52.6274],[13.3716,52.62721],[13.37148,52.62716],[13.37119,52.6272],[13.3711,52.62723],[13.37097,52.62735],[13.3708,52.62738],[13.37041,52.62702],[13.37029,52.627],[13.37017,52.62707],[13.37023,52.62682],[13.36987,52.62669],[13.36983,52.62652],[13.36972,52.62645],[13.36966,52.62632],[13.36955,52.62625],[13.36957,52.62611],[13.36951,52.62601],[13.36912,52.62603],[13.36916,52.62583],[13.36888,52.62568],[13.36853,52.62558],[13.36824,52.62568],[13.36797,52.62558],[13.36768,52.62572],[13.36766,52.62601],[13.36728,52.62587],[13.36722,52.62575],[13.36698,52.62586],[13.36692,52.62579],[13.36697,52.62547],[13.36691,52.62544],[13.36693,52.62535],[13.36711,52.6254],[13.36719,52.62531],[13.3673,52.62502],[13.36791,52.62407],[13.36952,52.62226],[13.37155,52.6197],[13.37311,52.61733],[13.37429,52.61567],[13.37523,52.61423],[13.37572,52.61324],[13.37629,52.6111],[13.37635,52.60932],[13.37621,52.60774],[13.37578,52.60707],[13.37579,52.60702],[13.376,52.60695],[13.37611,52.60674],[13.37701,52.60667],[13.3777,52.60656],[13.37888,52.60625],[13.3791,52.60623],[13.38004,52.60596],[13.38066,52.60574],[13.38169,52.60546],[13.38379,52.60482]]]]}},{"type":"Feature","id":89,"properties":{"plr_schl":"03200205","plrname":"Uhlandstraße","nat_pers":80,"wohmi_fl":"1074105","jur_pers":13,"jp_ohn_swg":9.62,"stwbg":3.12,"genossen":0.26,"sozvermiet":10.38,"plr_id":"03200205"},"geometry":{"type":"MultiPolygon","coordinates":[[[[13.39804,52.60276],[13.39538,52.60302],[13.39422,52.60316],[13.3917,52.60338],[13.3885,52.60382],[13.3857,52.60427],[13.38517,52.6044],[13.38379,52.60482],[13.38349,52.60442],[13.38297,52.60425],[13.38269,52.60394],[13.38259,52.60375],[13.38269,52.60366],[13.38417,52.60305],[13.38418,52.60232],[13.38336,52.60113],[13.3831,52.60067],[13.38307,52.60051],[13.38316,52.60004],[13.3833,52.5999],[13.38577,52.59879],[13.38602,52.59863],[13.38611,52.59853],[13.38595,52.59838],[13.38458,52.59785],[13.38649,52.59705],[13.3868,52.59696],[13.38678,52.59693],[13.38709,52.59684],[13.38711,52.59687],[13.39039,52.59588],[13.38952,52.59414],[13.38901,52.59278],[13.38858,52.59181],[13.38819,52.59114],[13.38777,52.59061],[13.38389,52.58801],[13.38372,52.58786],[13.38346,52.58745],[13.38385,52.58704],[13.38409,52.58459],[13.38418,52.58428],[13.38434,52.58403],[13.38479,52.58372],[13.38494,52.58363],[13.38508,52.58368],[13.38553,52.58304],[13.39024,52.58362],[13.39317,52.58402],[13.40239,52.5855],[13.40251,52.58545],[13.40273,52.58547],[13.40275,52.58562],[13.4027,52.58588],[13.40254,52.58629],[13.40203,52.58682],[13.40192,52.587],[13.40181,52.58998],[13.40203,52.59002],[13.40196,52.59018],[13.40228,52.5907],[13.40319,52.59393],[13.40326,52.59439],[13.40289,52.6016],[13.40279,52.60193],[13.40259,52.60231],[13.40025,52.60256],[13.39804,52.60276]]]]}},{"type":"Feature","id":90,"properties":{"plr_schl":"03200206","plrname":"Pastor-Niemöller-Platz","nat_pers":78,"wohmi_fl":"631203","jur_pers":15,"jp_ohn_swg":7.8,"stwbg":3.9,"genossen":3.3,"sozvermiet":11.2,"plr_id":"03200206"},"geometry":{"type":"MultiPolygon","coordinates":[[[[13.40114,52.57734],[13.40145,52.57742],[13.40138,52.57753],[13.40323,52.5779],[13.40277,52.57884],[13.40317,52.57901],[13.40561,52.57952],[13.40559,52.5796],[13.40579,52.57972],[13.40614,52.57974],[13.40622,52.57971],[13.40626,52.57965],[13.40785,52.57997],[13.40726,52.58109],[13.40702,52.58184],[13.40445,52.58159],[13.40438,52.58163],[13.40425,52.58185],[13.40434,52.58187],[13.40422,52.58206],[13.40417,52.5821],[13.40413,52.58209],[13.40398,52.58238],[13.40391,52.58237],[13.40341,52.58334],[13.40294,52.58458],[13.40273,52.58547],[13.40251,52.58545],[13.40239,52.5855],[13.39317,52.58402],[13.39024,52.58362],[13.38553,52.58304],[13.38768,52.57972],[13.38699,52.57966],[13.38683,52.57948],[13.3867,52.57912],[13.38671,52.57887],[13.38687,52.57861],[13.38691,52.57844],[13.38736,52.578],[13.3876,52.57765],[13.38778,52.57753],[13.38839,52.57737],[13.38866,52.57725],[13.38923,52.57708],[13.39001,52.5769],[13.39051,52.57682],[13.39097,52.57666],[13.39148,52.57632],[13.39207,52.57605],[13.39225,52.57593],[13.39293,52.57564],[13.3932,52.57568],[13.39362,52.57565],[13.39397,52.57554],[13.39435,52.57536],[13.39533,52.57515],[13.39656,52.57518],[13.39696,52.57495],[13.39719,52.57492],[13.39781,52.57474],[13.39857,52.57459],[13.39871,52.5744],[13.39887,52.57441],[13.39903,52.57436],[13.39911,52.57422],[13.39921,52.57421],[13.39948,52.57408],[13.39952,52.5743],[13.39989,52.57434],[13.39989,52.57462],[13.40007,52.57484],[13.40035,52.57499],[13.40101,52.57514],[13.40045,52.57611],[13.4017,52.57641],[13.40114,52.57734]]]]}},{"type":"Feature","id":91,"properties":{"plr_schl":"03200207","plrname":"Herthaplatz","nat_pers":88,"wohmi_fl":"1158307","jur_pers":11,"jp_ohn_swg":8.14,"stwbg":2.75,"genossen":0.11,"sozvermiet":3.86,"plr_id":"03200207"},"geometry":{"type":"MultiPolygon","coordinates":[[[[13.42997,52.58898],[13.43015,52.58907],[13.43056,52.58902],[13.43194,52.59299],[13.43102,52.5935],[13.43064,52.59367],[13.42979,52.59397],[13.42422,52.59586],[13.42343,52.59608],[13.42099,52.59696],[13.42019,52.59737],[13.41962,52.59773],[13.4184,52.59891],[13.41769,52.59951],[13.41679,52.60006],[13.41586,52.60046],[13.41521,52.60068],[13.41417,52.60094],[13.41363,52.60102],[13.41344,52.60098],[13.40818,52.60182],[13.40634,52.602],[13.40259,52.60231],[13.40279,52.60193],[13.40291,52.60144],[13.40326,52.59439],[13.40319,52.59393],[13.40228,52.5907],[13.40196,52.59018],[13.40203,52.59002],[13.40181,52.58998],[13.4019,52.58715],[13.40196,52.58691],[13.40257,52.58623],[13.4027,52.58588],[13.40275,52.58562],[13.40273,52.58547],[13.40294,52.58458],[13.40341,52.58334],[13.40391,52.58237],[13.40398,52.58238],[13.40413,52.58209],[13.40417,52.5821],[13.40422,52.58206],[13.40434,52.58187],[13.40425,52.58185],[13.40442,52.5816],[13.40643,52.58177],[13.40743,52.5819],[13.41097,52.58226],[13.41173,52.5824],[13.41816,52.58432],[13.42513,52.58645],[13.42997,52.58898]]]]}},{"type":"Feature","id":92,"properties":{"plr_schl":"03200308","plrname":"Nisbléstraße","nat_pers":91,"wohmi_fl":"807472","jur_pers":8,"jp_ohn_swg":8,"stwbg":0,"genossen":0,"sozvermiet":0,"plr_id":"03200308"},"geometry":{"type":"MultiPolygon","coordinates":[[[[13.41367,52.60933],[13.41413,52.60823],[13.41423,52.60734],[13.41462,52.60616],[13.41466,52.60616],[13.41477,52.60579],[13.41491,52.60551],[13.41505,52.60513],[13.41507,52.60494],[13.41584,52.60296],[13.41586,52.6025],[13.41598,52.6021],[13.41629,52.6015],[13.41679,52.60006],[13.41769,52.59951],[13.41807,52.59921],[13.41962,52.59773],[13.42019,52.59737],[13.42099,52.59696],[13.42343,52.59608],[13.42422,52.59586],[13.43064,52.59367],[13.43102,52.5935],[13.43194,52.59299],[13.43221,52.59377],[13.43229,52.59376],[13.43308,52.59603],[13.4338,52.59817],[13.4338,52.59844],[13.43166,52.60193],[13.43171,52.60194],[13.43157,52.60216],[13.43153,52.60236],[13.43156,52.60243],[13.43093,52.60244],[13.43081,52.60241],[13.43017,52.60254],[13.42886,52.60273],[13.42827,52.60287],[13.42675,52.60316],[13.41373,52.60938],[13.41367,52.60933]]]]}},{"type":"Feature","id":93,"properties":{"plr_schl":"03200309","plrname":"Eddastraße","nat_pers":86,"wohmi_fl":"1202208","jur_pers":11,"jp_ohn_swg":10.01,"stwbg":0.99,"genossen":0,"sozvermiet":2.99,"plr_id":"03200309"},"geometry":{"type":"MultiPolygon","coordinates":[[[[13.43098,52.62312],[13.43076,52.62262],[13.43049,52.62169],[13.43043,52.62125],[13.43043,52.62058],[13.4308,52.61919],[13.43069,52.61918],[13.43194,52.61498],[13.43219,52.61431],[13.4319,52.61424],[13.43149,52.61269],[13.43019,52.60908],[13.43007,52.60852],[13.43099,52.60809],[13.43186,52.60803],[13.4334,52.60778],[13.43334,52.60759],[13.43339,52.60757],[13.43326,52.60685],[13.43126,52.60294],[13.43093,52.60244],[13.43156,52.60243],[13.43153,52.60236],[13.43157,52.60216],[13.43171,52.60194],[13.43166,52.60193],[13.4338,52.59844],[13.4338,52.59817],[13.43308,52.59603],[13.43229,52.59376],[13.43221,52.59377],[13.43194,52.59299],[13.43463,52.5915],[13.43509,52.59129],[13.4357,52.59115],[13.43542,52.59065],[13.43525,52.5905],[13.43468,52.59013],[13.43475,52.59003],[13.43478,52.59005],[13.43516,52.58953],[13.43529,52.58928],[13.4359,52.58778],[13.43582,52.58764],[13.43574,52.58763],[13.43578,52.58754],[13.43616,52.5874],[13.43619,52.58743],[13.43629,52.58742],[13.43638,52.58745],[13.43733,52.58828],[13.4406,52.59131],[13.44062,52.59138],[13.44057,52.59145],[13.44067,52.59155],[13.44081,52.59155],[13.44103,52.5917],[13.44175,52.59237],[13.44362,52.59421],[13.44406,52.59472],[13.4449,52.59582],[13.44584,52.5976],[13.44705,52.60028],[13.44802,52.60227],[13.44909,52.6047],[13.4497,52.60649],[13.44966,52.60661],[13.44974,52.60727],[13.44973,52.60808],[13.44918,52.60795],[13.44909,52.60788],[13.44887,52.60921],[13.44841,52.61048],[13.4479,52.61133],[13.44727,52.61219],[13.44672,52.6128],[13.44622,52.61329],[13.44567,52.61376],[13.44489,52.61435],[13.44403,52.61494],[13.43907,52.61804],[13.43306,52.62173],[13.43098,52.62312]]]]}},{"type":"Feature","id":94,"properties":{"plr_schl":"03200310","plrname":"Krugpfuhl","nat_pers":82,"wohmi_fl":"832306","jur_pers":16,"jp_ohn_swg":13.44,"stwbg":2.56,"genossen":0,"sozvermiet":4.56,"plr_id":"03200310"},"geometry":{"type":"MultiPolygon","coordinates":[[[[13.43016,52.62384],[13.42957,52.62309],[13.42908,52.6233],[13.42876,52.62349],[13.42539,52.62311],[13.42396,52.62383],[13.42268,52.62272],[13.42183,52.62213],[13.4212,52.62149],[13.42004,52.62056],[13.41831,52.61905],[13.4181,52.61885],[13.41801,52.61865],[13.41793,52.61859],[13.41785,52.61863],[13.41704,52.61798],[13.41605,52.61732],[13.41412,52.61617],[13.41273,52.61523],[13.41242,52.61507],[13.41238,52.61512],[13.41194,52.61495],[13.4108,52.61464],[13.41085,52.61458],[13.40854,52.61395],[13.40846,52.61396],[13.40739,52.61367],[13.41005,52.61146],[13.41053,52.61113],[13.41262,52.60984],[13.41352,52.6094],[13.41367,52.60933],[13.41373,52.60938],[13.42675,52.60316],[13.42827,52.60287],[13.42886,52.60273],[13.43017,52.60254],[13.43081,52.60241],[13.43093,52.60244],[13.43126,52.60294],[13.43326,52.60685],[13.43339,52.60757],[13.43334,52.60759],[13.4334,52.60778],[13.43186,52.60803],[13.43099,52.60809],[13.43007,52.60852],[13.43019,52.60908],[13.43149,52.61269],[13.4319,52.61424],[13.43219,52.61431],[13.43194,52.61498],[13.43069,52.61918],[13.4308,52.61919],[13.43043,52.62058],[13.43043,52.62125],[13.43049,52.62169],[13.43076,52.62262],[13.43098,52.62312],[13.43016,52.62384]]]]}},{"type":"Feature","id":95,"properties":{"plr_schl":"03300411","plrname":"Karow Nord","nat_pers":58,"wohmi_fl":"927498","jur_pers":40,"jp_ohn_swg":32,"stwbg":8,"genossen":0,"sozvermiet":11,"plr_id":"03300411"},"geometry":{"type":"MultiPolygon","coordinates":[[[[13.48341,52.62583],[13.48275,52.62562],[13.48226,52.62554],[13.4812,52.62552],[13.48105,52.62534],[13.47991,52.62445],[13.47869,52.62332],[13.47667,52.62134],[13.47694,52.62115],[13.47698,52.62117],[13.47938,52.61943],[13.4803,52.61869],[13.48072,52.61825],[13.48121,52.61806],[13.48569,52.61606],[13.48563,52.61593],[13.48598,52.61587],[13.48762,52.61525],[13.48762,52.61519],[13.48774,52.61513],[13.48701,52.61383],[13.49531,52.61029],[13.49549,52.61026],[13.49797,52.60925],[13.49848,52.61067],[13.49866,52.61103],[13.4991,52.61182],[13.50027,52.61369],[13.5012,52.61555],[13.50164,52.61632],[13.5033,52.61898],[13.50351,52.61917],[13.5037,52.61926],[13.50472,52.61964],[13.50394,52.61986],[13.50338,52.61996],[13.50123,52.62052],[13.49879,52.62111],[13.49372,52.62221],[13.49245,52.62255],[13.49218,52.62266],[13.49172,52.62279],[13.49149,52.62281],[13.48875,52.62358],[13.48657,52.6244],[13.4834,52.62578],[13.48341,52.62583]]]]}},{"type":"Feature","id":96,"properties":{"plr_schl":"03300412","plrname":"Karow Bahnhof","nat_pers":98,"wohmi_fl":"1482436","jur_pers":2,"jp_ohn_swg":1.82,"stwbg":0.18,"genossen":0,"sozvermiet":0.18,"plr_id":"03300412"},"geometry":{"type":"MultiPolygon","coordinates":[[[[13.4812,52.62552],[13.48093,52.62555],[13.4806,52.62556],[13.48046,52.62553],[13.47964,52.62557],[13.47891,52.62548],[13.47805,52.62529],[13.47777,52.62519],[13.47395,52.62417],[13.47329,52.62396],[13.47043,52.62281],[13.46988,52.62246],[13.46843,52.62131],[13.46525,52.61889],[13.46442,52.61842],[13.4583,52.61553],[13.45372,52.61272],[13.45369,52.61273],[13.45295,52.61231],[13.45627,52.60994],[13.45669,52.60975],[13.45694,52.60958],[13.45703,52.60923],[13.45697,52.60917],[13.45995,52.60694],[13.46008,52.60677],[13.46023,52.60666],[13.46036,52.60662],[13.46146,52.60585],[13.4631,52.60463],[13.46314,52.60465],[13.46342,52.60461],[13.46399,52.60411],[13.46601,52.60255],[13.46689,52.60174],[13.46894,52.60015],[13.46909,52.60036],[13.46954,52.60073],[13.46997,52.60101],[13.47194,52.60248],[13.472,52.60245],[13.47363,52.60366],[13.47366,52.60365],[13.47604,52.60544],[13.47594,52.60548],[13.47603,52.60555],[13.47705,52.60632],[13.47713,52.60628],[13.47995,52.60847],[13.48002,52.60849],[13.48136,52.60956],[13.48153,52.60978],[13.48203,52.61072],[13.48313,52.61251],[13.48311,52.61255],[13.48354,52.61343],[13.48418,52.61439],[13.48492,52.61538],[13.48506,52.61532],[13.48513,52.61538],[13.48534,52.61545],[13.48543,52.61557],[13.48539,52.61558],[13.48564,52.61589],[13.48569,52.61606],[13.48121,52.61806],[13.48072,52.61825],[13.4803,52.61869],[13.47938,52.61943],[13.47698,52.62117],[13.47694,52.62115],[13.47667,52.62134],[13.47869,52.62332],[13.47991,52.62445],[13.48105,52.62534],[13.4812,52.62552]]]]}},{"type":"Feature","id":97,"properties":{"plr_schl":"03300413","plrname":"Karow Ost","nat_pers":96,"wohmi_fl":"819936","jur_pers":4,"jp_ohn_swg":4,"stwbg":0,"genossen":0,"sozvermiet":0,"plr_id":"03300413"},"geometry":{"type":"MultiPolygon","coordinates":[[[[13.48183,52.61032],[13.48153,52.60978],[13.48136,52.60956],[13.48002,52.60849],[13.47995,52.60847],[13.47713,52.60628],[13.47705,52.60632],[13.47603,52.60555],[13.47594,52.60548],[13.47604,52.60544],[13.47366,52.60365],[13.47363,52.60366],[13.472,52.60245],[13.47194,52.60248],[13.46997,52.60101],[13.46954,52.60073],[13.46909,52.60036],[13.46894,52.60015],[13.46916,52.59988],[13.46936,52.59972],[13.46952,52.59968],[13.46983,52.59938],[13.47017,52.59921],[13.47013,52.59916],[13.47023,52.59908],[13.47118,52.59887],[13.47337,52.59854],[13.47463,52.59849],[13.4756,52.5985],[13.47625,52.59855],[13.47869,52.5989],[13.47927,52.59903],[13.48152,52.59966],[13.48156,52.59955],[13.48162,52.59956],[13.48165,52.59952],[13.48374,52.60012],[13.48508,52.6004],[13.48545,52.60052],[13.48809,52.601],[13.49031,52.60148],[13.49034,52.60145],[13.493,52.60209],[13.49376,52.60223],[13.49443,52.6027],[13.49507,52.60344],[13.49604,52.60425],[13.49666,52.60503],[13.49712,52.6067],[13.49797,52.60925],[13.49549,52.61026],[13.49531,52.61029],[13.48701,52.61383],[13.48774,52.61513],[13.48762,52.61519],[13.48762,52.61525],[13.48751,52.6153],[13.48598,52.61587],[13.48563,52.61593],[13.48564,52.61589],[13.48539,52.61558],[13.48543,52.61557],[13.48534,52.61545],[13.48513,52.61538],[13.48506,52.61532],[13.48492,52.61538],[13.48418,52.61439],[13.48354,52.61343],[13.48311,52.61255],[13.48313,52.61251],[13.48261,52.6117],[13.48183,52.61032]]]]}},{"type":"Feature","id":98,"properties":{"plr_schl":"03300514","plrname":"Blankenburg","nat_pers":92,"wohmi_fl":"1887313","jur_pers":4,"jp_ohn_swg":3.96,"stwbg":0.04,"genossen":0,"sozvermiet":4.04,"plr_id":"03300514"},"geometry":{"type":"MultiPolygon","coordinates":[[[[13.46894,52.60015],[13.46689,52.60174],[13.46601,52.60255],[13.46399,52.60411],[13.46342,52.60461],[13.46314,52.60465],[13.4631,52.60463],[13.46146,52.60585],[13.46036,52.60662],[13.46023,52.60666],[13.46008,52.60677],[13.45995,52.60694],[13.45697,52.60917],[13.45703,52.60923],[13.45694,52.60958],[13.45669,52.60975],[13.45627,52.60994],[13.45295,52.61231],[13.45223,52.61181],[13.45163,52.61119],[13.45134,52.61071],[13.45037,52.60859],[13.45011,52.60827],[13.44973,52.60808],[13.44974,52.60727],[13.44966,52.60661],[13.4497,52.60649],[13.44909,52.6047],[13.44802,52.60227],[13.44705,52.60028],[13.44584,52.5976],[13.4449,52.59582],[13.44406,52.59472],[13.44362,52.59421],[13.44175,52.59237],[13.44103,52.5917],[13.44081,52.59155],[13.44067,52.59155],[13.44057,52.59145],[13.44062,52.59138],[13.4406,52.59131],[13.43817,52.58905],[13.43638,52.58745],[13.43629,52.58742],[13.43619,52.58743],[13.43616,52.5874],[13.4362,52.5873],[13.43545,52.5867],[13.43392,52.58534],[13.43153,52.58308],[13.43146,52.58286],[13.43135,52.58284],[13.43125,52.58272],[13.43154,52.58248],[13.43196,52.58249],[13.43362,52.58232],[13.43354,52.58223],[13.43357,52.58213],[13.43388,52.58203],[13.43522,52.5833],[13.4354,52.58329],[13.43524,52.58293],[13.43511,52.58243],[13.43503,52.58237],[13.43502,52.58207],[13.43509,52.58207],[13.43552,52.58213],[13.43555,52.58258],[13.4378,52.58305],[13.43787,52.58294],[13.43814,52.58295],[13.43805,52.5831],[13.43829,52.5831],[13.43995,52.58294],[13.44507,52.58158],[13.44543,52.5821],[13.44586,52.58258],[13.44711,52.58374],[13.44806,52.5845],[13.45044,52.58605],[13.45096,52.5865],[13.45134,52.58691],[13.45174,52.58737],[13.45214,52.58794],[13.45284,52.58924],[13.45295,52.58962],[13.45298,52.59015],[13.45302,52.59031],[13.45315,52.59052],[13.45327,52.59097],[13.45357,52.59094],[13.45389,52.59068],[13.45398,52.59066],[13.45476,52.59057],[13.45517,52.59059],[13.45583,52.59052],[13.45611,52.59046],[13.45655,52.59026],[13.45668,52.59023],[13.45796,52.59005],[13.45798,52.59001],[13.4581,52.58999],[13.45858,52.58994],[13.45868,52.58934],[13.45877,52.58915],[13.45894,52.589],[13.4591,52.58892],[13.45925,52.58886],[13.45958,52.58881],[13.46043,52.58877],[13.46149,52.58864],[13.46223,52.58846],[13.46273,52.5883],[13.46341,52.58803],[13.46375,52.58785],[13.46572,52.58669],[13.46707,52.58751],[13.47125,52.58971],[13.47182,52.58986],[13.47619,52.5908],[13.47712,52.59093],[13.47852,52.59127],[13.48079,52.59547],[13.48354,52.60006],[13.48174,52.59954],[13.48164,52.59952],[13.48162,52.59956],[13.48156,52.59955],[13.48152,52.59966],[13.47927,52.59903],[13.47869,52.5989],[13.47625,52.59855],[13.4756,52.5985],[13.47463,52.59849],[13.47337,52.59854],[13.47118,52.59887],[13.47023,52.59908],[13.47013,52.59916],[13.47017,52.59921],[13.46983,52.59938],[13.46952,52.59968],[13.46936,52.59972],[13.46918,52.59986],[13.46894,52.60015]]]]}},{"type":"Feature","id":99,"properties":{"plr_schl":"03300515","plrname":"Blankenburger Süden","nat_pers":9,"wohmi_fl":"139503","jur_pers":91,"jp_ohn_swg":9.1,"stwbg":81.9,"genossen":0,"sozvermiet":82.9,"plr_id":"03300515"},"geometry":{"type":"MultiPolygon","coordinates":[[[[13.44509,52.58161],[13.44535,52.58157],[13.44699,52.58112],[13.44743,52.58087],[13.4484,52.58028],[13.4484,52.58015],[13.44945,52.57948],[13.45102,52.57811],[13.45373,52.5772],[13.45371,52.57718],[13.4575,52.57558],[13.45768,52.57755],[13.45776,52.57784],[13.45795,52.57824],[13.45937,52.58037],[13.45951,52.58033],[13.45972,52.58064],[13.46211,52.58309],[13.46197,52.58442],[13.46363,52.58536],[13.46572,52.58669],[13.46375,52.58785],[13.46341,52.58803],[13.46273,52.5883],[13.46223,52.58846],[13.46149,52.58864],[13.46043,52.58877],[13.45958,52.58881],[13.45925,52.58886],[13.4591,52.58892],[13.45894,52.589],[13.45877,52.58915],[13.45868,52.58934],[13.45858,52.58994],[13.4581,52.58999],[13.45798,52.59001],[13.45796,52.59005],[13.45668,52.59023],[13.45655,52.59026],[13.45611,52.59046],[13.45583,52.59052],[13.45517,52.59059],[13.45476,52.59057],[13.45398,52.59066],[13.45389,52.59068],[13.45357,52.59094],[13.45327,52.59097],[13.45315,52.59052],[13.45302,52.59031],[13.45298,52.59015],[13.45295,52.58962],[13.45284,52.58924],[13.45214,52.58794],[13.45174,52.58737],[13.45134,52.58691],[13.45096,52.5865],[13.45044,52.58605],[13.44806,52.5845],[13.44711,52.58374],[13.44586,52.58258],[13.44543,52.5821],[13.44509,52.58161]]]]}},{"type":"Feature","id":100,"properties":{"plr_schl":"03300516","plrname":"Heinersdorf","nat_pers":78,"wohmi_fl":"1535725","jur_pers":20,"jp_ohn_swg":14,"stwbg":6,"genossen":0,"sozvermiet":8,"plr_id":"03300516"},"geometry":{"type":"MultiPolygon","coordinates":[[[[13.43388,52.58203],[13.4329,52.58113],[13.43341,52.58089],[13.43307,52.58059],[13.43321,52.58052],[13.43302,52.58035],[13.43302,52.58021],[13.43346,52.58002],[13.43355,52.57947],[13.4339,52.57926],[13.43385,52.57881],[13.43296,52.57825],[13.43256,52.57787],[13.43223,52.57786],[13.43224,52.57774],[13.43061,52.57676],[13.43064,52.57674],[13.42985,52.57622],[13.42983,52.57555],[13.42959,52.57435],[13.42961,52.57426],[13.42926,52.57281],[13.42932,52.57281],[13.42903,52.57167],[13.429,52.57153],[13.42903,52.57152],[13.42893,52.57129],[13.42881,52.57113],[13.42874,52.57111],[13.42854,52.57032],[13.42863,52.5703],[13.4286,52.57017],[13.42845,52.5696],[13.42833,52.56952],[13.42789,52.5677],[13.42797,52.56769],[13.42789,52.56734],[13.42781,52.56737],[13.42721,52.56495],[13.42789,52.56189],[13.42808,52.56184],[13.428,52.56183],[13.42864,52.55944],[13.42855,52.55943],[13.4286,52.55922],[13.42911,52.55733],[13.4292,52.55733],[13.42937,52.55671],[13.42961,52.55673],[13.43296,52.55793],[13.43427,52.55831],[13.43561,52.5588],[13.43696,52.55959],[13.43933,52.56059],[13.4425,52.56204],[13.44393,52.56261],[13.44493,52.56292],[13.4459,52.56327],[13.44797,52.56408],[13.44734,52.56468],[13.44742,52.56491],[13.44899,52.56469],[13.44913,52.56463],[13.45056,52.56535],[13.45356,52.56656],[13.4549,52.56718],[13.45584,52.56737],[13.45762,52.56741],[13.45776,52.56842],[13.45829,52.57009],[13.45817,52.572],[13.45808,52.57254],[13.45745,52.57341],[13.45735,52.57377],[13.4575,52.57558],[13.45371,52.57718],[13.45373,52.5772],[13.45102,52.57811],[13.44945,52.57948],[13.4484,52.58015],[13.4484,52.58028],[13.44699,52.58112],[13.44535,52.58157],[13.44509,52.58161],[13.44507,52.58158],[13.43995,52.58294],[13.43829,52.5831],[13.43805,52.5831],[13.43814,52.58295],[13.43787,52.58294],[13.4378,52.58305],[13.43555,52.58258],[13.43552,52.58213],[13.43502,52.58207],[13.43503,52.58237],[13.43511,52.58243],[13.43524,52.58293],[13.4354,52.58329],[13.43522,52.5833],[13.43388,52.58203]]]]}},{"type":"Feature","id":101,"properties":{"plr_schl":"03300517","plrname":"Märchenland","nat_pers":92,"wohmi_fl":"505991","jur_pers":2,"jp_ohn_swg":1.96,"stwbg":0.04,"genossen":0,"sozvermiet":6.04,"plr_id":"03300517"},"geometry":{"type":"MultiPolygon","coordinates":[[[[13.49666,52.60503],[13.49604,52.60425],[13.49507,52.60344],[13.49453,52.60279],[13.49376,52.60223],[13.493,52.60209],[13.49034,52.60145],[13.49031,52.60148],[13.48809,52.601],[13.48545,52.60052],[13.48508,52.6004],[13.48397,52.60018],[13.48354,52.60006],[13.48079,52.59547],[13.47852,52.59127],[13.47712,52.59093],[13.47619,52.5908],[13.47182,52.58986],[13.47125,52.58971],[13.46677,52.58734],[13.46363,52.58536],[13.46197,52.58442],[13.46211,52.58309],[13.45972,52.58064],[13.45951,52.58033],[13.45937,52.58037],[13.45795,52.57824],[13.45776,52.57784],[13.45768,52.57755],[13.45735,52.57377],[13.45745,52.57341],[13.45808,52.57254],[13.45817,52.572],[13.45829,52.57009],[13.45776,52.56842],[13.45762,52.56741],[13.45971,52.56719],[13.46388,52.56664],[13.47154,52.56574],[13.47575,52.56527],[13.47783,52.5651],[13.48367,52.56443],[13.48396,52.5653],[13.48403,52.56536],[13.48409,52.56552],[13.4841,52.56589],[13.48415,52.56603],[13.48359,52.56612],[13.48759,52.56922],[13.48261,52.57163],[13.4828,52.57216],[13.48283,52.57237],[13.4828,52.57263],[13.48253,52.57255],[13.48219,52.57249],[13.48203,52.57249],[13.48133,52.5726],[13.48028,52.57261],[13.47946,52.57269],[13.47958,52.57334],[13.47986,52.57332],[13.47989,52.57351],[13.47962,52.57353],[13.47967,52.57378],[13.47963,52.57378],[13.47979,52.57451],[13.48008,52.57502],[13.48008,52.57514],[13.47975,52.57515],[13.47982,52.57543],[13.47991,52.57542],[13.47999,52.57769],[13.48013,52.57774],[13.48045,52.57773],[13.48052,52.5777],[13.48051,52.57778],[13.48042,52.5778],[13.4804,52.57785],[13.48027,52.57784],[13.48025,52.57792],[13.4802,52.57791],[13.47994,52.5792],[13.47974,52.5796],[13.47969,52.58009],[13.47977,52.58056],[13.47972,52.58107],[13.47982,52.58159],[13.48,52.58223],[13.48048,52.58353],[13.48161,52.58332],[13.48197,52.584],[13.48357,52.58408],[13.48433,52.58564],[13.48465,52.58562],[13.48515,52.58666],[13.48531,52.58703],[13.48531,52.58713],[13.486,52.58801],[13.48695,52.58884],[13.4884,52.58978],[13.48896,52.59005],[13.50518,52.59646],[13.49897,52.60516],[13.49666,52.60503]]]]}},{"type":"Feature","id":102,"properties":{"plr_schl":"03400618","plrname":"Rosenthal","nat_pers":94,"wohmi_fl":"757416","jur_pers":5,"jp_ohn_swg":4.6,"stwbg":0.4,"genossen":0,"sozvermiet":0.4,"plr_id":"03400618"},"geometry":{"type":"MultiPolygon","coordinates":[[[[13.37544,52.60653],[13.371,52.60002],[13.37057,52.59948],[13.37015,52.59908],[13.3681,52.59738],[13.36797,52.59737],[13.36475,52.59466],[13.36429,52.59431],[13.3643,52.59428],[13.36113,52.59167],[13.36149,52.59178],[13.36613,52.59275],[13.36621,52.59274],[13.37109,52.59343],[13.37289,52.59369],[13.37315,52.59376],[13.37298,52.59331],[13.37241,52.59229],[13.37143,52.59107],[13.37159,52.59092],[13.3839,52.5913],[13.38519,52.59137],[13.38627,52.5914],[13.38649,52.59138],[13.38834,52.59144],[13.38858,52.59181],[13.38901,52.59278],[13.38952,52.59414],[13.39039,52.59588],[13.38711,52.59687],[13.38709,52.59684],[13.38678,52.59693],[13.3868,52.59696],[13.38649,52.59705],[13.38458,52.59785],[13.38595,52.59838],[13.38611,52.59853],[13.38602,52.59863],[13.38577,52.59879],[13.38328,52.59991],[13.38312,52.60013],[13.38307,52.60051],[13.3831,52.60067],[13.38336,52.60113],[13.38418,52.60232],[13.38417,52.60305],[13.38305,52.6035],[13.38269,52.60366],[13.38259,52.60375],[13.38269,52.60394],[13.38294,52.60423],[13.38349,52.60442],[13.38379,52.60482],[13.38169,52.60546],[13.38066,52.60574],[13.38004,52.60596],[13.3791,52.60623],[13.37888,52.60625],[13.3777,52.60656],[13.37701,52.60667],[13.37611,52.60674],[13.376,52.60695],[13.37579,52.60702],[13.37544,52.60653]]]]}},{"type":"Feature","id":103,"properties":{"plr_schl":"03400619","plrname":"Wilhelmsruh","nat_pers":82,"wohmi_fl":"1102975","jur_pers":18,"jp_ohn_swg":6.12,"stwbg":0.9,"genossen":10.98,"sozvermiet":11.88,"plr_id":"03400619"},"geometry":{"type":"MultiPolygon","coordinates":[[[[13.38834,52.59144],[13.38649,52.59138],[13.38627,52.5914],[13.38519,52.59137],[13.3839,52.5913],[13.37159,52.59092],[13.37143,52.59107],[13.37241,52.59229],[13.37298,52.59331],[13.37315,52.59376],[13.37289,52.59369],[13.37109,52.59343],[13.36621,52.59274],[13.36613,52.59275],[13.36149,52.59178],[13.36113,52.59167],[13.36065,52.59127],[13.36007,52.59118],[13.35913,52.59109],[13.35569,52.59089],[13.35369,52.5909],[13.35176,52.59079],[13.3502,52.5906],[13.34864,52.59032],[13.34756,52.59008],[13.34913,52.5892],[13.34992,52.58924],[13.34979,52.58891],[13.35139,52.58802],[13.35187,52.5878],[13.35223,52.58759],[13.3521,52.58753],[13.35388,52.5866],[13.35782,52.58439],[13.35881,52.58417],[13.35925,52.58386],[13.35922,52.58377],[13.36345,52.58143],[13.36387,52.58125],[13.36401,52.58147],[13.36407,52.58143],[13.36564,52.58383],[13.36622,52.58371],[13.36682,52.5835],[13.36751,52.5832],[13.36781,52.58357],[13.36882,52.58327],[13.36881,52.5832],[13.37076,52.5836],[13.37144,52.58377],[13.3718,52.58331],[13.37431,52.58409],[13.37441,52.58405],[13.3743,52.58342],[13.37457,52.58251],[13.37486,52.58204],[13.37528,52.58148],[13.37552,52.58099],[13.37593,52.58105],[13.37673,52.58074],[13.37806,52.58054],[13.37834,52.58061],[13.38478,52.58285],[13.38509,52.58295],[13.38553,52.58304],[13.38508,52.58368],[13.38494,52.58363],[13.38479,52.58372],[13.38434,52.58403],[13.38418,52.58428],[13.38409,52.58459],[13.38385,52.58704],[13.38346,52.58745],[13.38372,52.58786],[13.38389,52.58801],[13.38764,52.5905],[13.38777,52.59061],[13.38819,52.59114],[13.38834,52.59144]]]]}},{"type":"Feature","id":104,"properties":{"plr_schl":"03400620","plrname":"Schönholz","nat_pers":85,"wohmi_fl":"506417","jur_pers":11,"jp_ohn_swg":7.37,"stwbg":0.22,"genossen":3.41,"sozvermiet":6.63,"plr_id":"03400620"},"geometry":{"type":"MultiPolygon","coordinates":[[[[13.38553,52.58304],[13.38509,52.58295],[13.38478,52.58285],[13.37834,52.58061],[13.37806,52.58054],[13.37673,52.58074],[13.37593,52.58105],[13.37552,52.58099],[13.37528,52.58148],[13.37486,52.58204],[13.37457,52.58251],[13.3743,52.58342],[13.37441,52.58405],[13.37431,52.58409],[13.3718,52.58331],[13.37144,52.58377],[13.37076,52.5836],[13.36881,52.5832],[13.36882,52.58327],[13.36781,52.58357],[13.36751,52.5832],[13.36682,52.5835],[13.36622,52.58371],[13.36564,52.58383],[13.36407,52.58143],[13.36523,52.58064],[13.36572,52.58035],[13.36817,52.579],[13.36813,52.57895],[13.37118,52.57729],[13.37227,52.57681],[13.37232,52.57686],[13.37427,52.57605],[13.37514,52.57563],[13.37646,52.5748],[13.37652,52.57481],[13.37645,52.57474],[13.37816,52.57361],[13.37825,52.57369],[13.37848,52.57372],[13.37859,52.57341],[13.37892,52.57345],[13.37904,52.57307],[13.37927,52.57309],[13.37936,52.57282],[13.37952,52.57272],[13.37961,52.57274],[13.37968,52.57252],[13.38224,52.57202],[13.38254,52.57208],[13.38308,52.57233],[13.38826,52.56948],[13.38777,52.56915],[13.38928,52.56824],[13.38905,52.56813],[13.38838,52.56768],[13.38851,52.56761],[13.38866,52.56766],[13.38902,52.56741],[13.39219,52.56831],[13.39676,52.56883],[13.39703,52.56906],[13.39706,52.56941],[13.39862,52.56937],[13.39867,52.57037],[13.39908,52.57062],[13.39893,52.57068],[13.39851,52.57095],[13.39845,52.57107],[13.39897,52.57128],[13.39944,52.57157],[13.39997,52.57181],[13.40028,52.57199],[13.40064,52.57212],[13.40098,52.57237],[13.40103,52.5723],[13.40109,52.57233],[13.40098,52.57244],[13.40093,52.57256],[13.40077,52.57262],[13.40087,52.5727],[13.40082,52.57277],[13.40082,52.57296],[13.40064,52.57318],[13.40048,52.57319],[13.40037,52.57331],[13.40032,52.57357],[13.40021,52.57363],[13.39997,52.57386],[13.39981,52.57387],[13.39943,52.57411],[13.39921,52.57421],[13.39911,52.57422],[13.39903,52.57436],[13.39887,52.57441],[13.39871,52.5744],[13.39857,52.57459],[13.39781,52.57474],[13.39719,52.57492],[13.39696,52.57495],[13.39656,52.57518],[13.39533,52.57515],[13.39435,52.57536],[13.39397,52.57554],[13.39362,52.57565],[13.3932,52.57568],[13.39293,52.57564],[13.39225,52.57593],[13.39207,52.57605],[13.39148,52.57632],[13.39097,52.57666],[13.39051,52.57682],[13.39001,52.5769],[13.38923,52.57708],[13.38866,52.57725],[13.38839,52.57737],[13.38771,52.57756],[13.3876,52.57765],[13.38736,52.578],[13.38691,52.57844],[13.38687,52.57861],[13.38671,52.57887],[13.3867,52.57912],[13.38683,52.57948],[13.38699,52.57966],[13.38768,52.57972],[13.38553,52.58304]]]]}},{"type":"Feature","id":105,"properties":{"plr_schl":"03400721","plrname":"Florakiez","nat_pers":66,"wohmi_fl":"384441","jur_pers":32,"jp_ohn_swg":18.24,"stwbg":11.2,"genossen":2.56,"sozvermiet":13.76,"plr_id":"03400721"},"geometry":{"type":"MultiPolygon","coordinates":[[[[13.40703,52.5645],[13.40663,52.56502],[13.40659,52.565],[13.40639,52.56526],[13.40604,52.56573],[13.40608,52.56574],[13.40592,52.56596],[13.40394,52.56858],[13.4039,52.56857],[13.40349,52.56913],[13.40334,52.56922],[13.40301,52.56953],[13.40241,52.56938],[13.40238,52.56942],[13.4019,52.56935],[13.40145,52.56936],[13.39991,52.57019],[13.3995,52.57037],[13.39951,52.57039],[13.39908,52.57062],[13.39867,52.57037],[13.39862,52.56937],[13.39706,52.56941],[13.39703,52.56906],[13.39676,52.56883],[13.39219,52.56831],[13.38906,52.56743],[13.38902,52.56741],[13.38905,52.56733],[13.38879,52.56715],[13.38895,52.56707],[13.38892,52.567],[13.39063,52.56602],[13.39074,52.56582],[13.39071,52.5658],[13.39103,52.56562],[13.39107,52.56565],[13.39134,52.56562],[13.39319,52.56456],[13.39339,52.5644],[13.39333,52.56437],[13.39373,52.56409],[13.39463,52.56325],[13.39591,52.56182],[13.39622,52.56129],[13.39654,52.56043],[13.39696,52.55881],[13.39701,52.55844],[13.3971,52.55827],[13.39712,52.55831],[13.39767,52.55854],[13.39792,52.55859],[13.39867,52.55935],[13.39938,52.55998],[13.39956,52.5601],[13.4037,52.56249],[13.40703,52.5645]]]]}},{"type":"Feature","id":106,"properties":{"plr_schl":"03400722","plrname":"Parkstraße","nat_pers":73,"wohmi_fl":"251522","jur_pers":16,"jp_ohn_swg":10.88,"stwbg":5.12,"genossen":0,"sozvermiet":9.12,"plr_id":"03400722"},"geometry":{"type":"MultiPolygon","coordinates":[[[[13.40114,52.57734],[13.4017,52.57641],[13.40045,52.57611],[13.40101,52.57514],[13.40035,52.57499],[13.40007,52.57484],[13.39989,52.57462],[13.39989,52.57434],[13.39952,52.5743],[13.39948,52.57409],[13.39981,52.57387],[13.39997,52.57386],[13.40021,52.57363],[13.40032,52.57357],[13.40037,52.57331],[13.40048,52.57319],[13.40064,52.57318],[13.40082,52.57296],[13.40082,52.57277],[13.40087,52.5727],[13.40077,52.57262],[13.40093,52.57256],[13.40098,52.57244],[13.40109,52.57233],[13.40103,52.5723],[13.40098,52.57237],[13.40064,52.57212],[13.40028,52.57199],[13.39997,52.57181],[13.39944,52.57157],[13.39897,52.57128],[13.39845,52.57107],[13.39851,52.57095],[13.39893,52.57068],[13.40145,52.56936],[13.4019,52.56935],[13.40238,52.56942],[13.40241,52.56938],[13.40295,52.56951],[13.40693,52.57055],[13.40867,52.57108],[13.40913,52.57116],[13.40864,52.57213],[13.40851,52.57223],[13.40716,52.57493],[13.40706,52.57502],[13.4064,52.57633],[13.40718,52.57649],[13.40695,52.57707],[13.40756,52.57717],[13.40849,52.57754],[13.40875,52.57772],[13.40884,52.57794],[13.4088,52.57808],[13.40779,52.57996],[13.40626,52.57965],[13.40622,52.57971],[13.40614,52.57974],[13.40579,52.57972],[13.40559,52.5796],[13.40561,52.57952],[13.40317,52.57901],[13.40277,52.57884],[13.40323,52.5779],[13.40138,52.57753],[13.40145,52.57742],[13.40114,52.57734]]]]}},{"type":"Feature","id":107,"properties":{"plr_schl":"03400723","plrname":"Garbátyplatz","nat_pers":51,"wohmi_fl":"302524","jur_pers":49,"jp_ohn_swg":26.46,"stwbg":19.6,"genossen":2.94,"sozvermiet":22.54,"plr_id":"03400723"},"geometry":{"type":"MultiPolygon","coordinates":[[[[13.40913,52.57116],[13.40867,52.57108],[13.40693,52.57055],[13.40301,52.56953],[13.40334,52.56922],[13.40349,52.56913],[13.4039,52.56857],[13.40394,52.56858],[13.40592,52.56596],[13.40608,52.56574],[13.40604,52.56573],[13.40639,52.56526],[13.40659,52.565],[13.40663,52.56502],[13.40703,52.5645],[13.411,52.5668],[13.41086,52.56705],[13.41201,52.56727],[13.41244,52.56752],[13.41241,52.56763],[13.4132,52.56811],[13.41325,52.56802],[13.41329,52.56805],[13.41325,52.5681],[13.41473,52.56894],[13.41469,52.569],[13.41494,52.56908],[13.41672,52.57007],[13.4177,52.57064],[13.4191,52.57152],[13.41928,52.57158],[13.41925,52.57162],[13.41997,52.57207],[13.42008,52.57213],[13.42021,52.57215],[13.42575,52.57534],[13.42738,52.57663],[13.42586,52.57632],[13.42576,52.57644],[13.41898,52.57506],[13.41891,52.5752],[13.4187,52.57516],[13.41471,52.57233],[13.41401,52.57214],[13.41178,52.57161],[13.41152,52.57159],[13.41063,52.57136],[13.40913,52.57116]]]]}},{"type":"Feature","id":108,"properties":{"plr_schl":"03400724","plrname":"Wolfshagener Straße","nat_pers":23,"wohmi_fl":"355253","jur_pers":75,"jp_ohn_swg":42,"stwbg":28.5,"genossen":4.5,"sozvermiet":36,"plr_id":"03400724"},"geometry":{"type":"MultiPolygon","coordinates":[[[[13.43125,52.58272],[13.43135,52.58284],[13.43146,52.58286],[13.43153,52.58308],[13.4323,52.58381],[13.43186,52.58398],[13.43112,52.58346],[13.43058,52.58324],[13.42997,52.58314],[13.42994,52.58316],[13.42955,52.58314],[13.42906,52.58314],[13.42903,52.58316],[13.42826,52.58308],[13.42836,52.5824],[13.42839,52.58227],[13.42846,52.58227],[13.42856,52.58166],[13.42542,52.5809],[13.41883,52.57877],[13.41603,52.57862],[13.41526,52.57851],[13.41457,52.57833],[13.41399,52.57814],[13.41235,52.5775],[13.41163,52.57709],[13.41132,52.57683],[13.41136,52.57677],[13.41133,52.5767],[13.41015,52.57574],[13.40991,52.57563],[13.40941,52.57518],[13.4084,52.57456],[13.40824,52.57441],[13.40798,52.57405],[13.40765,52.57395],[13.40851,52.57223],[13.40864,52.57213],[13.40913,52.57116],[13.41063,52.57136],[13.41152,52.57159],[13.41178,52.57161],[13.41401,52.57214],[13.41471,52.57233],[13.4187,52.57516],[13.41891,52.5752],[13.41898,52.57506],[13.42576,52.57644],[13.42586,52.57632],[13.42738,52.57663],[13.42759,52.57676],[13.42785,52.57684],[13.42827,52.5771],[13.42824,52.57714],[13.42844,52.57733],[13.4283,52.57736],[13.42854,52.57755],[13.42859,52.57747],[13.42927,52.57806],[13.42955,52.5784],[13.4294,52.57954],[13.42943,52.57968],[13.42937,52.57968],[13.42937,52.5799],[13.42953,52.58059],[13.42985,52.58119],[13.42973,52.58122],[13.43007,52.58177],[13.43068,52.58246],[13.43082,52.58259],[13.4308,52.58241],[13.43096,52.58242],[13.43125,52.58272]]]]}},{"type":"Feature","id":109,"properties":{"plr_schl":"03400725","plrname":"Schlosspark","nat_pers":53,"wohmi_fl":"441999","jur_pers":47,"jp_ohn_swg":5.17,"stwbg":18.8,"genossen":23.03,"sozvermiet":41.83,"plr_id":"03400725"},"geometry":{"type":"MultiPolygon","coordinates":[[[[13.42997,52.58898],[13.42543,52.5866],[13.42513,52.58645],[13.42469,52.58631],[13.41594,52.58365],[13.41155,52.58235],[13.41097,52.58226],[13.40702,52.58184],[13.40726,52.58109],[13.40774,52.58022],[13.40771,52.58021],[13.40785,52.57997],[13.40779,52.57996],[13.4088,52.57808],[13.40884,52.57794],[13.40875,52.57772],[13.40849,52.57754],[13.40756,52.57717],[13.40695,52.57707],[13.40718,52.57649],[13.4064,52.57633],[13.40765,52.57395],[13.40798,52.57405],[13.40824,52.57441],[13.4084,52.57456],[13.40941,52.57518],[13.40991,52.57563],[13.41015,52.57574],[13.41133,52.5767],[13.41136,52.57677],[13.41132,52.57683],[13.41163,52.57709],[13.41235,52.5775],[13.41399,52.57814],[13.41457,52.57833],[13.41526,52.57851],[13.41603,52.57862],[13.41883,52.57877],[13.42542,52.5809],[13.42856,52.58166],[13.42846,52.58227],[13.42839,52.58227],[13.42836,52.5824],[13.42826,52.58308],[13.42881,52.58315],[13.42994,52.58316],[13.42997,52.58314],[13.43031,52.58319],[13.43058,52.58324],[13.43112,52.58346],[13.43186,52.58398],[13.4323,52.58381],[13.43392,52.58534],[13.43545,52.5867],[13.4362,52.5873],[13.43616,52.5874],[13.43578,52.58754],[13.43574,52.58763],[13.43582,52.58764],[13.4359,52.58778],[13.43529,52.58928],[13.43516,52.58953],[13.43478,52.59005],[13.43475,52.59003],[13.43468,52.59013],[13.43525,52.5905],[13.43542,52.59065],[13.4357,52.59115],[13.43509,52.59129],[13.43463,52.5915],[13.43194,52.59299],[13.43056,52.58902],[13.43015,52.58907],[13.42997,52.58898]]]]}},{"type":"Feature","id":110,"properties":{"plr_schl":"03400826","plrname":"Tiroler Viertel","nat_pers":25,"wohmi_fl":"282574","jur_pers":70,"jp_ohn_swg":10.5,"stwbg":22.4,"genossen":37.1,"sozvermiet":64.5,"plr_id":"03400826"},"geometry":{"type":"MultiPolygon","coordinates":[[[[13.41356,52.56004],[13.41338,52.56189],[13.41333,52.5622],[13.41329,52.56223],[13.4128,52.56584],[13.41279,52.56589],[13.41273,52.56591],[13.41261,52.56637],[13.41244,52.56752],[13.41201,52.56727],[13.41086,52.56705],[13.411,52.5668],[13.40703,52.5645],[13.4037,52.56249],[13.40169,52.56134],[13.40171,52.56132],[13.39956,52.5601],[13.39938,52.55998],[13.39867,52.55935],[13.39792,52.55859],[13.39991,52.55833],[13.40293,52.55799],[13.40816,52.55773],[13.40816,52.55769],[13.4086,52.55766],[13.41269,52.55746],[13.41379,52.55745],[13.41437,52.55741],[13.41449,52.55744],[13.41365,52.55877],[13.41356,52.56004]]]]}},{"type":"Feature","id":111,"properties":{"plr_schl":"03400827","plrname":"Trelleborger Viertel","nat_pers":33,"wohmi_fl":"265599","jur_pers":66,"jp_ohn_swg":23.1,"stwbg":28.38,"genossen":14.52,"sozvermiet":43.9,"plr_id":"03400827"},"geometry":{"type":"MultiPolygon","coordinates":[[[[13.422,52.55989],[13.42127,52.55983],[13.41975,52.55987],[13.41974,52.55979],[13.41879,52.55981],[13.41879,52.55983],[13.41862,52.55983],[13.41862,52.5599],[13.41635,52.55992],[13.41564,52.55996],[13.4136,52.55999],[13.41356,52.56004],[13.41365,52.55877],[13.41463,52.5572],[13.41503,52.55465],[13.41503,52.55444],[13.41493,52.55395],[13.42389,52.55296],[13.42311,52.5561],[13.42285,52.55733],[13.42268,52.55787],[13.42268,52.55827],[13.42261,52.55858],[13.42252,52.55862],[13.42246,52.55878],[13.42236,52.55908],[13.42237,52.55927],[13.42225,52.5596],[13.422,52.55989]]]]}},{"type":"Feature","id":112,"properties":{"plr_schl":"03400828","plrname":"Spiekermann Straße","nat_pers":41,"wohmi_fl":"176230","jur_pers":58,"jp_ohn_swg":14.5,"stwbg":0.58,"genossen":42.92,"sozvermiet":43.5,"plr_id":"03400828"},"geometry":{"type":"MultiPolygon","coordinates":[[[[13.42494,52.55285],[13.42728,52.55259],[13.42998,52.55154],[13.43011,52.55185],[13.42891,52.55639],[13.42937,52.55671],[13.4292,52.55733],[13.42911,52.55733],[13.4286,52.55922],[13.42855,52.55943],[13.42864,52.55944],[13.42829,52.56076],[13.42528,52.56046],[13.42369,52.56012],[13.42256,52.55999],[13.422,52.55989],[13.42225,52.5596],[13.42237,52.55927],[13.42236,52.55908],[13.42246,52.55878],[13.42252,52.55862],[13.42261,52.55858],[13.42268,52.55827],[13.42268,52.55787],[13.42285,52.55733],[13.42311,52.5561],[13.42389,52.55296],[13.42494,52.55285]]]]}},{"type":"Feature","id":113,"properties":{"plr_schl":"03400829","plrname":"Arnold-Zweig-Straße","nat_pers":17,"wohmi_fl":"223722","jur_pers":61,"jp_ohn_swg":42.09,"stwbg":10.98,"genossen":7.93,"sozvermiet":40.91,"plr_id":"03400829"},"geometry":{"type":"MultiPolygon","coordinates":[[[[13.422,52.55989],[13.42256,52.55999],[13.42369,52.56012],[13.42528,52.56046],[13.42829,52.56076],[13.428,52.56183],[13.42808,52.56184],[13.42789,52.56189],[13.42732,52.56444],[13.42093,52.56376],[13.41322,52.56311],[13.41317,52.56314],[13.41329,52.56223],[13.41333,52.5622],[13.41338,52.56189],[13.41356,52.56004],[13.4136,52.55999],[13.41564,52.55996],[13.41635,52.55992],[13.41862,52.5599],[13.41862,52.55983],[13.41879,52.55983],[13.41879,52.55981],[13.41974,52.55979],[13.41975,52.55987],[13.42127,52.55983],[13.422,52.55989]]]]}},{"type":"Feature","id":114,"properties":{"plr_schl":"03400830","plrname":"Kissingenviertel","nat_pers":29,"wohmi_fl":"331298","jur_pers":71,"jp_ohn_swg":20.59,"stwbg":18.46,"genossen":31.95,"sozvermiet":50.41,"plr_id":"03400830"},"geometry":{"type":"MultiPolygon","coordinates":[[[[13.42906,52.57175],[13.42843,52.57181],[13.42819,52.57194],[13.42419,52.57127],[13.42384,52.57119],[13.42212,52.57049],[13.41597,52.56782],[13.41383,52.56657],[13.41392,52.56646],[13.41403,52.56618],[13.41301,52.56607],[13.41279,52.56589],[13.41317,52.56314],[13.41322,52.56311],[13.42093,52.56376],[13.42732,52.56444],[13.42721,52.56495],[13.42745,52.56598],[13.42781,52.56737],[13.42789,52.56734],[13.42797,52.56769],[13.42789,52.5677],[13.42833,52.56952],[13.42845,52.5696],[13.4286,52.57017],[13.42863,52.5703],[13.42854,52.57032],[13.42874,52.57111],[13.42881,52.57113],[13.42893,52.57129],[13.42903,52.57152],[13.429,52.57153],[13.42906,52.57175]]]]}},{"type":"Feature","id":115,"properties":{"plr_schl":"03400831","plrname":"Pankower Tor","nat_pers":null,"wohmi_fl":"175940","jur_pers":null,"jp_ohn_swg":null,"stwbg":null,"genossen":null,"sozvermiet":null,"plr_id":"03400831"},"geometry":{"type":"MultiPolygon","coordinates":[[[[13.43388,52.58203],[13.43357,52.58213],[13.43354,52.58223],[13.43362,52.58232],[13.43196,52.58249],[13.43154,52.58248],[13.43125,52.58273],[13.43096,52.58242],[13.4308,52.58241],[13.43082,52.58259],[13.43035,52.58211],[13.42991,52.58154],[13.42973,52.58122],[13.42985,52.58119],[13.42968,52.58092],[13.42949,52.58047],[13.42938,52.58],[13.42937,52.57968],[13.42943,52.57968],[13.4294,52.57954],[13.42955,52.5784],[13.42927,52.57806],[13.42859,52.57747],[13.42854,52.57755],[13.4283,52.57736],[13.42844,52.57733],[13.42824,52.57714],[13.42827,52.5771],[13.42785,52.57684],[13.42759,52.57676],[13.42738,52.57663],[13.42575,52.57534],[13.42021,52.57215],[13.42008,52.57213],[13.41997,52.57207],[13.41925,52.57162],[13.41928,52.57158],[13.4191,52.57152],[13.4177,52.57064],[13.41672,52.57007],[13.41494,52.56908],[13.41469,52.569],[13.41473,52.56894],[13.41325,52.5681],[13.41329,52.56805],[13.41325,52.56802],[13.4132,52.56811],[13.41241,52.56763],[13.41261,52.56637],[13.41273,52.56591],[13.41279,52.56589],[13.41301,52.56607],[13.41403,52.56618],[13.41392,52.56646],[13.41383,52.56657],[13.41597,52.56782],[13.42212,52.57049],[13.42384,52.57119],[13.42419,52.57127],[13.42819,52.57194],[13.42843,52.57181],[13.42906,52.57175],[13.42932,52.57281],[13.42926,52.57281],[13.42961,52.57426],[13.42959,52.57435],[13.42983,52.57555],[13.42985,52.57622],[13.43064,52.57674],[13.43061,52.57676],[13.43224,52.57774],[13.43223,52.57786],[13.43256,52.57787],[13.43296,52.57825],[13.43385,52.57881],[13.4339,52.57926],[13.43355,52.57947],[13.43346,52.58002],[13.43302,52.58021],[13.43302,52.58035],[13.43321,52.58052],[13.43307,52.58059],[13.43341,52.58089],[13.4329,52.58113],[13.43388,52.58203]]]]}},{"type":"Feature","id":116,"properties":{"plr_schl":"03500932","plrname":"Bühringstraße","nat_pers":43,"wohmi_fl":"375223","jur_pers":57,"jp_ohn_swg":18.81,"stwbg":27.36,"genossen":10.83,"sozvermiet":38.19,"plr_id":"03500932"},"geometry":{"type":"MultiPolygon","coordinates":[[[[13.44075,52.5552],[13.44549,52.55391],[13.45504,52.55919],[13.45737,52.56106],[13.45223,52.56322],[13.4521,52.56324],[13.45052,52.56396],[13.44974,52.5644],[13.44929,52.5646],[13.44899,52.56469],[13.44742,52.56491],[13.44734,52.56468],[13.44797,52.56408],[13.4459,52.56327],[13.44493,52.56292],[13.44393,52.56261],[13.4425,52.56204],[13.43933,52.56059],[13.43696,52.55959],[13.43561,52.5588],[13.43427,52.55831],[13.4334,52.55806],[13.43335,52.55793],[13.43346,52.55767],[13.43364,52.55752],[13.4334,52.55719],[13.43865,52.55576],[13.439,52.55589],[13.43935,52.55588],[13.43955,52.5558],[13.43968,52.5557],[13.43974,52.55557],[13.43973,52.55547],[13.44075,52.5552]]]]}},{"type":"Feature","id":117,"properties":{"plr_schl":"03500933","plrname":"Weißer See","nat_pers":59,"wohmi_fl":"381274","jur_pers":37,"jp_ohn_swg":13.32,"stwbg":12.21,"genossen":11.47,"sozvermiet":23.68,"plr_id":"03500933"},"geometry":{"type":"MultiPolygon","coordinates":[[[[13.45153,52.55214],[13.45153,52.55209],[13.45167,52.55205],[13.45852,52.5502],[13.45848,52.5501],[13.46194,52.55084],[13.46313,52.55114],[13.46386,52.55139],[13.46566,52.55221],[13.46614,52.55196],[13.46675,52.55238],[13.4671,52.5527],[13.4673,52.55295],[13.46783,52.55394],[13.46788,52.55423],[13.46786,52.55472],[13.46791,52.55495],[13.46782,52.5551],[13.46755,52.55626],[13.46699,52.55734],[13.46611,52.55734],[13.45732,52.56102],[13.45504,52.55919],[13.44549,52.55391],[13.44849,52.5531],[13.44838,52.55295],[13.4487,52.55242],[13.44906,52.5524],[13.44931,52.55248],[13.44957,52.55262],[13.4508,52.55228],[13.45084,52.55232],[13.45092,52.55232],[13.45153,52.55214]]]]}},{"type":"Feature","id":118,"properties":{"plr_schl":"03500934","plrname":"Weißenseer Spitze","nat_pers":59,"wohmi_fl":"365181","jur_pers":39,"jp_ohn_swg":23.79,"stwbg":12.87,"genossen":2.34,"sozvermiet":16.21,"plr_id":"03500934"},"geometry":{"type":"MultiPolygon","coordinates":[[[[13.44097,52.54911],[13.4453,52.55375],[13.44549,52.55391],[13.43973,52.55547],[13.43974,52.55557],[13.43968,52.5557],[13.43955,52.5558],[13.43935,52.55588],[13.439,52.55589],[13.43865,52.55576],[13.4334,52.55719],[13.43364,52.55752],[13.43346,52.55767],[13.43335,52.55793],[13.4334,52.55806],[13.43227,52.55769],[13.42961,52.55673],[13.42937,52.55671],[13.42891,52.55639],[13.43006,52.55205],[13.43011,52.55185],[13.43007,52.55176],[13.43073,52.55156],[13.43213,52.55121],[13.43399,52.55094],[13.44097,52.54911]]]]}},{"type":"Feature","id":119,"properties":{"plr_schl":"03500935","plrname":"Behaimstraße","nat_pers":59,"wohmi_fl":"242391","jur_pers":39,"jp_ohn_swg":19.89,"stwbg":17.16,"genossen":1.95,"sozvermiet":20.11,"plr_id":"03500935"},"geometry":{"type":"MultiPolygon","coordinates":[[[[13.44549,52.55391],[13.4453,52.55375],[13.44097,52.54911],[13.44274,52.54866],[13.44701,52.54717],[13.44724,52.54734],[13.44766,52.54713],[13.44802,52.54719],[13.45056,52.54833],[13.45093,52.54846],[13.45848,52.5501],[13.45852,52.5502],[13.45167,52.55205],[13.45153,52.55209],[13.45151,52.55216],[13.45092,52.5523],[13.45092,52.55232],[13.45084,52.55232],[13.4508,52.55228],[13.44957,52.55262],[13.44931,52.55248],[13.44906,52.5524],[13.4487,52.55242],[13.44838,52.55295],[13.44849,52.5531],[13.44549,52.55391]]]]}},{"type":"Feature","id":120,"properties":{"plr_schl":"03500936","plrname":"Komponistenviertel Weißensee","nat_pers":46,"wohmi_fl":"357232","jur_pers":52,"jp_ohn_swg":12.48,"stwbg":13.52,"genossen":26,"sozvermiet":40.52,"plr_id":"03500936"},"geometry":{"type":"MultiPolygon","coordinates":[[[[13.45848,52.5501],[13.45093,52.54846],[13.45056,52.54833],[13.44802,52.54719],[13.44766,52.54713],[13.44781,52.54706],[13.44803,52.54681],[13.4512,52.54551],[13.45312,52.54477],[13.4536,52.54453],[13.45448,52.54483],[13.45476,52.54454],[13.45507,52.54464],[13.45562,52.54404],[13.45506,52.54367],[13.46045,52.54141],[13.46308,52.54026],[13.46731,52.5385],[13.46984,52.54046],[13.46702,52.54807],[13.46736,52.54832],[13.46675,52.55001],[13.46682,52.55001],[13.46661,52.55079],[13.46645,52.55116],[13.46627,52.55135],[13.46614,52.55196],[13.46566,52.55221],[13.46386,52.55139],[13.46313,52.55114],[13.46194,52.55084],[13.45848,52.5501]]]]}},{"type":"Feature","id":121,"properties":{"plr_schl":"03501037","plrname":"Rathaus Weißensee","nat_pers":44,"wohmi_fl":"416232","jur_pers":53,"jp_ohn_swg":13.78,"stwbg":10.07,"genossen":29.15,"sozvermiet":42.22,"plr_id":"03501037"},"geometry":{"type":"MultiPolygon","coordinates":[[[[13.45732,52.56102],[13.46611,52.55734],[13.46699,52.55734],[13.46755,52.55626],[13.46782,52.5551],[13.46791,52.55495],[13.46786,52.55472],[13.46788,52.55423],[13.46783,52.55394],[13.46899,52.55386],[13.469,52.55389],[13.46905,52.55389],[13.47045,52.55377],[13.47342,52.55359],[13.47886,52.55337],[13.47888,52.55366],[13.4792,52.55357],[13.47891,52.55398],[13.47878,52.55456],[13.47867,52.55455],[13.47857,52.555],[13.4785,52.55501],[13.47847,52.55513],[13.47854,52.55515],[13.47851,52.55534],[13.47843,52.55536],[13.47824,52.55534],[13.47819,52.55558],[13.47811,52.55561],[13.47809,52.55569],[13.47852,52.55572],[13.4764,52.56523],[13.47536,52.56531],[13.46964,52.56596],[13.46388,52.56664],[13.46079,52.56706],[13.45776,52.5674],[13.45584,52.56737],[13.4549,52.56718],[13.45356,52.56656],[13.45056,52.56535],[13.44913,52.56463],[13.44929,52.5646],[13.44974,52.5644],[13.45052,52.56396],[13.4521,52.56324],[13.45223,52.56322],[13.45737,52.56106],[13.45732,52.56102]]]]}},{"type":"Feature","id":122,"properties":{"plr_schl":"03501038","plrname":"Hansastraße","nat_pers":47,"wohmi_fl":"549893","jur_pers":48,"jp_ohn_swg":19.68,"stwbg":16.32,"genossen":12,"sozvermiet":33.32,"plr_id":"03501038"},"geometry":{"type":"MultiPolygon","coordinates":[[[[13.48367,52.56443],[13.47921,52.56495],[13.4764,52.56523],[13.47852,52.55572],[13.47809,52.55569],[13.47811,52.55561],[13.47819,52.55558],[13.47824,52.55534],[13.47843,52.55536],[13.47851,52.55534],[13.47854,52.55515],[13.47847,52.55513],[13.4785,52.55501],[13.47857,52.555],[13.47867,52.55455],[13.47878,52.55456],[13.47891,52.55398],[13.4792,52.55357],[13.47888,52.55366],[13.47886,52.55337],[13.47342,52.55359],[13.47045,52.55377],[13.46905,52.55389],[13.469,52.55389],[13.46899,52.55386],[13.46783,52.55394],[13.4673,52.55295],[13.4671,52.5527],[13.4667,52.55234],[13.46614,52.55196],[13.46627,52.55135],[13.46645,52.55116],[13.46661,52.55079],[13.46682,52.55001],[13.46675,52.55001],[13.46736,52.54832],[13.46842,52.54823],[13.46846,52.54818],[13.46853,52.54823],[13.46954,52.54778],[13.46993,52.54774],[13.47353,52.54769],[13.47965,52.54755],[13.48046,52.54812],[13.48004,52.54859],[13.47977,52.5491],[13.47934,52.5493],[13.47975,52.54962],[13.48008,52.54947],[13.48025,52.5496],[13.48037,52.54955],[13.48037,52.54945],[13.48161,52.54948],[13.48184,52.54951],[13.4821,52.54959],[13.48228,52.54968],[13.48273,52.55],[13.48568,52.5522],[13.48583,52.55219],[13.48612,52.5524],[13.49056,52.55165],[13.49443,52.55078],[13.49544,52.553],[13.49564,52.55361],[13.49567,52.55387],[13.49566,52.55441],[13.49553,52.555],[13.49528,52.55556],[13.49493,52.55606],[13.49167,52.55945],[13.4913,52.55979],[13.49082,52.5601],[13.49009,52.56044],[13.48729,52.56129],[13.48632,52.56146],[13.4854,52.56155],[13.48519,52.5618],[13.48532,52.56227],[13.4856,52.56242],[13.48607,52.56415],[13.48367,52.56443]]]]}},{"type":"Feature","id":123,"properties":{"plr_schl":"03601139","plrname":"Norweger Viertel","nat_pers":56,"wohmi_fl":"104100","jur_pers":43,"jp_ohn_swg":27.09,"stwbg":15.91,"genossen":0,"sozvermiet":15.91,"plr_id":"03601139"},"geometry":{"type":"MultiPolygon","coordinates":[[[[13.40812,52.55773],[13.40254,52.55802],[13.39792,52.55859],[13.39776,52.55857],[13.39712,52.55831],[13.3971,52.55827],[13.39717,52.55789],[13.39714,52.55789],[13.39718,52.55634],[13.39731,52.55566],[13.39753,52.55486],[13.3987,52.55479],[13.39867,52.55489],[13.39893,52.55488],[13.41493,52.55395],[13.41503,52.55444],[13.41503,52.55465],[13.41463,52.5572],[13.41449,52.55744],[13.41437,52.55741],[13.41379,52.55745],[13.41269,52.55746],[13.40841,52.55767],[13.40816,52.55769],[13.40816,52.55773],[13.40812,52.55773]]]]}},{"type":"Feature","id":124,"properties":{"plr_schl":"03601140","plrname":"Malmöer Straße","nat_pers":68,"wohmi_fl":"100465","jur_pers":29,"jp_ohn_swg":27.26,"stwbg":1.74,"genossen":0,"sozvermiet":2.74,"plr_id":"03601140"},"geometry":{"type":"MultiPolygon","coordinates":[[[[13.40551,52.54973],[13.40651,52.55444],[13.39893,52.55488],[13.39867,52.55489],[13.3987,52.55479],[13.39753,52.55486],[13.39798,52.55323],[13.39807,52.55281],[13.39806,52.5526],[13.3979,52.55198],[13.39763,52.55142],[13.39736,52.55112],[13.39685,52.5507],[13.40016,52.551],[13.40019,52.55094],[13.40039,52.55095],[13.40037,52.55092],[13.40063,52.55057],[13.40134,52.55013],[13.40166,52.54999],[13.40232,52.54979],[13.40303,52.54968],[13.40358,52.54964],[13.40359,52.54962],[13.40551,52.54973]]]]}},{"type":"Feature","id":125,"properties":{"plr_schl":"03601141","plrname":"Arnimplatz","nat_pers":69,"wohmi_fl":"129492","jur_pers":28,"jp_ohn_swg":25.2,"stwbg":2.8,"genossen":0,"sozvermiet":4.8,"plr_id":"03601141"},"geometry":{"type":"MultiPolygon","coordinates":[[[[13.41405,52.54929],[13.41455,52.55217],[13.41493,52.55395],[13.40651,52.55444],[13.40551,52.54973],[13.40882,52.54991],[13.40992,52.5499],[13.41337,52.54959],[13.41333,52.54933],[13.41404,52.54927],[13.41405,52.54929]]]]}},{"type":"Feature","id":126,"properties":{"plr_schl":"03601142","plrname":"Falkplatz","nat_pers":63,"wohmi_fl":"199674","jur_pers":35,"jp_ohn_swg":28,"stwbg":6.3,"genossen":0.7,"sozvermiet":8,"plr_id":"03601142"},"geometry":{"type":"MultiPolygon","coordinates":[[[[13.40419,52.5404],[13.40505,52.5406],[13.40835,52.54122],[13.41176,52.54092],[13.41256,52.54089],[13.41265,52.54113],[13.41294,52.54139],[13.41253,52.54149],[13.4127,52.54356],[13.41314,52.54536],[13.41374,52.5475],[13.41404,52.54927],[13.41333,52.54933],[13.41337,52.54959],[13.40992,52.5499],[13.40882,52.54991],[13.40814,52.54988],[13.40359,52.54962],[13.40358,52.54964],[13.40303,52.54968],[13.40246,52.54976],[13.40166,52.54999],[13.40134,52.55013],[13.40072,52.5505],[13.40055,52.55065],[13.40037,52.55092],[13.40039,52.55095],[13.40019,52.55094],[13.40016,52.551],[13.3989,52.55089],[13.39923,52.54907],[13.4003,52.54666],[13.39921,52.54653],[13.39982,52.54506],[13.40025,52.54336],[13.40091,52.54196],[13.40203,52.54012],[13.40338,52.54051],[13.40353,52.54021],[13.40419,52.5404]]]]}},{"type":"Feature","id":127,"properties":{"plr_schl":"03601243","plrname":"Rodenbergstraße","nat_pers":43,"wohmi_fl":"144102","jur_pers":51,"jp_ohn_swg":27.03,"stwbg":14.79,"genossen":9.18,"sozvermiet":23.97,"plr_id":"03601243"},"geometry":{"type":"MultiPolygon","coordinates":[[[[13.4197,52.54762],[13.42067,52.54856],[13.4248,52.55238],[13.42494,52.55285],[13.41493,52.55395],[13.41455,52.55217],[13.41405,52.54929],[13.41427,52.54926],[13.41426,52.54919],[13.41456,52.54916],[13.41456,52.54914],[13.41552,52.54897],[13.41584,52.54888],[13.41616,52.54873],[13.41725,52.54837],[13.41736,52.54834],[13.41738,52.54837],[13.41932,52.54765],[13.41941,52.54772],[13.4197,52.54762]]]]}},{"type":"Feature","id":128,"properties":{"plr_schl":"03601244","plrname":"Humannplatz","nat_pers":56,"wohmi_fl":"161514","jur_pers":44,"jp_ohn_swg":22,"stwbg":20.24,"genossen":1.76,"sozvermiet":22,"plr_id":"03601244"},"geometry":{"type":"MultiPolygon","coordinates":[[[[13.42677,52.54419],[13.42691,52.54414],[13.42712,52.54457],[13.42699,52.54462],[13.42787,52.54691],[13.42998,52.55154],[13.42728,52.55259],[13.42494,52.55285],[13.4248,52.55238],[13.42067,52.54856],[13.4197,52.54762],[13.42122,52.54697],[13.42414,52.54535],[13.42527,52.54476],[13.42574,52.54456],[13.42677,52.54419]]]]}},{"type":"Feature","id":129,"properties":{"plr_schl":"03601245","plrname":"Ostseestraße","nat_pers":21,"wohmi_fl":"450229","jur_pers":79,"jp_ohn_swg":36.34,"stwbg":29.23,"genossen":13.43,"sozvermiet":42.66,"plr_id":"03601245"},"geometry":{"type":"MultiPolygon","coordinates":[[[[13.44766,52.54713],[13.44724,52.54734],[13.44701,52.54717],[13.44274,52.54866],[13.44218,52.54881],[13.4407,52.54917],[13.43399,52.55094],[13.43213,52.55121],[13.43073,52.55156],[13.43007,52.55176],[13.42787,52.54691],[13.42699,52.54462],[13.42712,52.54457],[13.42691,52.54414],[13.43054,52.54291],[13.43145,52.54252],[13.4331,52.54192],[13.43389,52.54143],[13.4348,52.54107],[13.43724,52.5402],[13.43734,52.54033],[13.43739,52.54033],[13.438,52.54085],[13.43804,52.54084],[13.44257,52.54471],[13.4433,52.54516],[13.44766,52.54713]]]]}},{"type":"Feature","id":130,"properties":{"plr_schl":"03601346","plrname":"Gethsemanekirche","nat_pers":47,"wohmi_fl":"114860","jur_pers":52,"jp_ohn_swg":30.16,"stwbg":6.24,"genossen":15.6,"sozvermiet":22.84,"plr_id":"03601346"},"geometry":{"type":"MultiPolygon","coordinates":[[[[13.41967,52.54763],[13.41941,52.54772],[13.41932,52.54765],[13.41738,52.54837],[13.41736,52.54834],[13.41725,52.54837],[13.41616,52.54873],[13.41584,52.54888],[13.41552,52.54897],[13.41456,52.54914],[13.41456,52.54916],[13.41426,52.54919],[13.41427,52.54926],[13.41405,52.54929],[13.41374,52.5475],[13.41314,52.54536],[13.4127,52.54356],[13.41253,52.54149],[13.41294,52.5414],[13.41967,52.54763]]]]}},{"type":"Feature","id":131,"properties":{"plr_schl":"03601347","plrname":"Helmholtzplatz","nat_pers":71,"wohmi_fl":"185214","jur_pers":28,"jp_ohn_swg":17.92,"stwbg":7,"genossen":3.08,"sozvermiet":10.08,"plr_id":"03601347"},"geometry":{"type":"MultiPolygon","coordinates":[[[[13.41256,52.54089],[13.41409,52.54064],[13.41477,52.54042],[13.41837,52.53987],[13.41856,52.54031],[13.42345,52.54573],[13.42122,52.54697],[13.41967,52.54763],[13.41265,52.54113],[13.41256,52.54089]]]]}},{"type":"Feature","id":132,"properties":{"plr_schl":"03601348","plrname":"Senefelderstraße","nat_pers":77,"wohmi_fl":"128724","jur_pers":23,"jp_ohn_swg":18.17,"stwbg":4.14,"genossen":0.69,"sozvermiet":4.83,"plr_id":"03601348"},"geometry":{"type":"MultiPolygon","coordinates":[[[[13.42677,52.54419],[13.42574,52.54456],[13.42527,52.54476],[13.42345,52.54573],[13.41856,52.54031],[13.41837,52.53987],[13.42375,52.53903],[13.42677,52.54419]]]]}},{"type":"Feature","id":133,"properties":{"plr_schl":"03601449","plrname":"Michelangelostraße","nat_pers":9,"wohmi_fl":"300230","jur_pers":91,"jp_ohn_swg":7.28,"stwbg":18.2,"genossen":65.52,"sozvermiet":83.72,"plr_id":"03601449"},"geometry":{"type":"MultiPolygon","coordinates":[[[[13.44766,52.54713],[13.4433,52.54516],[13.44257,52.54471],[13.43804,52.54084],[13.438,52.54085],[13.43793,52.54079],[13.43895,52.54037],[13.439,52.54042],[13.43914,52.54037],[13.44062,52.53967],[13.44187,52.53919],[13.44182,52.53914],[13.44516,52.53792],[13.44612,52.53752],[13.44697,52.53711],[13.44745,52.53684],[13.44795,52.53645],[13.44828,52.53614],[13.44941,52.53687],[13.44994,52.53727],[13.45139,52.53817],[13.45263,52.53908],[13.45271,52.53904],[13.45275,52.53906],[13.45605,52.54117],[13.45596,52.54123],[13.45792,52.54248],[13.45506,52.54367],[13.45562,52.54404],[13.45507,52.54464],[13.45476,52.54454],[13.45448,52.54483],[13.4536,52.54453],[13.45312,52.54477],[13.4512,52.54551],[13.44803,52.54681],[13.44781,52.54706],[13.44766,52.54713]]]]}},{"type":"Feature","id":134,"properties":{"plr_schl":"03601450","plrname":"Volkspark Prenzlauer Berg","nat_pers":62,"wohmi_fl":"207968","jur_pers":38,"jp_ohn_swg":2.66,"stwbg":17.1,"genossen":18.24,"sozvermiet":35.34,"plr_id":"03601450"},"geometry":{"type":"MultiPolygon","coordinates":[[[[13.46444,52.53299],[13.46443,52.53306],[13.46454,52.53315],[13.46452,52.5332],[13.46635,52.53381],[13.46696,52.53405],[13.46702,52.53403],[13.46712,52.53408],[13.46722,52.53408],[13.46731,52.53403],[13.46738,52.53406],[13.46735,52.53409],[13.46874,52.53471],[13.46841,52.53526],[13.46779,52.53614],[13.4674,52.53631],[13.46687,52.53644],[13.46638,52.53666],[13.46765,52.53845],[13.46753,52.53846],[13.46752,52.5384],[13.46308,52.54026],[13.45792,52.54248],[13.45596,52.54123],[13.45605,52.54117],[13.45275,52.53906],[13.45271,52.53904],[13.45263,52.53908],[13.45139,52.53817],[13.44994,52.53727],[13.44941,52.53687],[13.44828,52.53614],[13.45019,52.53423],[13.45162,52.53288],[13.4527,52.5317],[13.45409,52.5303],[13.45424,52.53035],[13.45431,52.53028],[13.45439,52.53031],[13.45461,52.5301],[13.45454,52.53008],[13.45481,52.52981],[13.45505,52.52969],[13.45527,52.5295],[13.45616,52.52862],[13.45633,52.52839],[13.46067,52.52936],[13.46101,52.52968],[13.46325,52.5324],[13.46339,52.53263],[13.46444,52.53299]]]]}},{"type":"Feature","id":135,"properties":{"plr_schl":"03601451","plrname":"Anton-Saefkow-Park","nat_pers":75,"wohmi_fl":"169692","jur_pers":25,"jp_ohn_swg":9.75,"stwbg":14.5,"genossen":0.75,"sozvermiet":15.25,"plr_id":"03601451"},"geometry":{"type":"MultiPolygon","coordinates":[[[[13.44828,52.53614],[13.44795,52.53645],[13.44745,52.53684],[13.44697,52.53711],[13.44612,52.53752],[13.44516,52.53792],[13.44182,52.53914],[13.44187,52.53919],[13.44062,52.53967],[13.43914,52.54037],[13.439,52.54042],[13.43895,52.54037],[13.43793,52.54079],[13.43739,52.54033],[13.43734,52.54033],[13.43727,52.54027],[13.43724,52.5402],[13.43668,52.53972],[13.4367,52.5397],[13.43248,52.53608],[13.4331,52.53585],[13.44104,52.53204],[13.44134,52.53179],[13.44659,52.53514],[13.44737,52.53557],[13.44828,52.53614]]]]}},{"type":"Feature","id":136,"properties":{"plr_schl":"03601452","plrname":"Velodrom","nat_pers":43,"wohmi_fl":"112424","jur_pers":57,"jp_ohn_swg":16.53,"stwbg":35.34,"genossen":5.13,"sozvermiet":40.47,"plr_id":"03601452"},"geometry":{"type":"MultiPolygon","coordinates":[[[[13.4562,52.52826],[13.45633,52.52839],[13.45616,52.52862],[13.45555,52.52923],[13.45505,52.52969],[13.45481,52.52981],[13.45454,52.53008],[13.45461,52.5301],[13.45439,52.53031],[13.45431,52.53028],[13.45424,52.53035],[13.45409,52.5303],[13.4527,52.5317],[13.45162,52.53288],[13.45019,52.53423],[13.44828,52.53614],[13.44737,52.53557],[13.44659,52.53514],[13.44134,52.53179],[13.44206,52.53113],[13.44228,52.53103],[13.44648,52.52714],[13.44656,52.52698],[13.44717,52.52641],[13.45079,52.52749],[13.45218,52.5278],[13.45242,52.52753],[13.45612,52.52835],[13.4562,52.52826]]]]}},{"type":"Feature","id":137,"properties":{"plr_schl":"03601453","plrname":"Alter Schlachthof","nat_pers":71,"wohmi_fl":"149487","jur_pers":29,"jp_ohn_swg":29,"stwbg":0,"genossen":0,"sozvermiet":0,"plr_id":"03601453"},"geometry":{"type":"MultiPolygon","coordinates":[[[[13.4697,52.5205],[13.47211,52.52069],[13.47146,52.52131],[13.47099,52.52182],[13.4703,52.52238],[13.46961,52.52281],[13.46859,52.5233],[13.46709,52.52382],[13.46602,52.52406],[13.46493,52.52423],[13.46276,52.5245],[13.46046,52.52522],[13.45967,52.52551],[13.45896,52.52586],[13.45818,52.5264],[13.45612,52.52835],[13.45242,52.52753],[13.4558,52.52255],[13.45616,52.52246],[13.45529,52.52127],[13.4627,52.51993],[13.4697,52.5205]]]]}},{"type":"Feature","id":138,"properties":{"plr_schl":"03701554","plrname":"Teutoburger Platz","nat_pers":74,"wohmi_fl":"272595","jur_pers":25,"jp_ohn_swg":13.75,"stwbg":9,"genossen":2.25,"sozvermiet":11.25,"plr_id":"03701554"},"geometry":{"type":"MultiPolygon","coordinates":[[[[13.40971,52.52889],[13.40995,52.52912],[13.41043,52.52977],[13.411,52.53022],[13.4125,52.53122],[13.41263,52.53195],[13.413,52.53285],[13.41315,52.53338],[13.41269,52.53556],[13.41273,52.53625],[13.41264,52.53768],[13.41257,52.53817],[13.4125,52.5382],[13.41248,52.53945],[13.41255,52.53945],[13.41252,52.54087],[13.41256,52.54089],[13.41176,52.54092],[13.40835,52.54122],[13.40505,52.5406],[13.40419,52.5404],[13.4047,52.54019],[13.40536,52.53884],[13.4053,52.53883],[13.40536,52.53871],[13.40542,52.53872],[13.40552,52.53851],[13.40546,52.5385],[13.40581,52.53778],[13.40589,52.5378],[13.40692,52.53571],[13.40749,52.53469],[13.40835,52.53435],[13.40643,52.53235],[13.40599,52.53078],[13.40609,52.53061],[13.40593,52.53038],[13.40559,52.52967],[13.40819,52.52923],[13.40971,52.52889]]]]}},{"type":"Feature","id":139,"properties":{"plr_schl":"03701555","plrname":"Sredzkistraße","nat_pers":62,"wohmi_fl":"159763","jur_pers":35,"jp_ohn_swg":18.55,"stwbg":15.75,"genossen":0.7,"sozvermiet":16.45,"plr_id":"03701555"},"geometry":{"type":"MultiPolygon","coordinates":[[[[13.42375,52.53903],[13.41477,52.54042],[13.41409,52.54064],[13.41256,52.54089],[13.41252,52.54087],[13.41255,52.53945],[13.41248,52.53945],[13.4125,52.5382],[13.41257,52.53817],[13.41264,52.53768],[13.41273,52.53625],[13.41269,52.53598],[13.41558,52.53638],[13.41615,52.5365],[13.41726,52.53665],[13.41802,52.53656],[13.41849,52.53645],[13.42235,52.53537],[13.42442,52.53885],[13.42375,52.53903]]]]}},{"type":"Feature","id":140,"properties":{"plr_schl":"03701556","plrname":"Kollwitzplatz","nat_pers":68,"wohmi_fl":"194656","jur_pers":32,"jp_ohn_swg":21.44,"stwbg":5.76,"genossen":4.8,"sozvermiet":10.56,"plr_id":"03701556"},"geometry":{"type":"MultiPolygon","coordinates":[[[[13.42235,52.53537],[13.41849,52.53645],[13.41802,52.53656],[13.41726,52.53665],[13.41615,52.5365],[13.41558,52.53638],[13.41269,52.53598],[13.41272,52.53565],[13.41269,52.53556],[13.41315,52.53338],[13.413,52.53285],[13.41263,52.53195],[13.4125,52.53122],[13.411,52.53022],[13.41043,52.52977],[13.40995,52.52912],[13.40971,52.52889],[13.41128,52.52863],[13.41351,52.52801],[13.41543,52.52746],[13.41615,52.52708],[13.41722,52.52835],[13.41732,52.52835],[13.41866,52.52967],[13.41977,52.53102],[13.42235,52.53537]]]]}},{"type":"Feature","id":141,"properties":{"plr_schl":"03701657","plrname":"Thälmannpark","nat_pers":15,"wohmi_fl":"63431","jur_pers":85,"jp_ohn_swg":24.65,"stwbg":51.85,"genossen":8.5,"sozvermiet":60.35,"plr_id":"03701657"},"geometry":{"type":"MultiPolygon","coordinates":[[[[13.42677,52.54419],[13.42375,52.53903],[13.42449,52.53883],[13.43248,52.53608],[13.4367,52.5397],[13.43668,52.53972],[13.43724,52.5402],[13.4348,52.54107],[13.43389,52.54143],[13.4331,52.54192],[13.43145,52.54252],[13.43054,52.54291],[13.42677,52.54419]]]]}},{"type":"Feature","id":142,"properties":{"plr_schl":"03701658","plrname":"Christburger Straße","nat_pers":71,"wohmi_fl":"148373","jur_pers":29,"jp_ohn_swg":22.91,"stwbg":6.09,"genossen":0,"sozvermiet":6.09,"plr_id":"03701658"},"geometry":{"type":"MultiPolygon","coordinates":[[[[13.42442,52.53885],[13.42235,52.53537],[13.429,52.53308],[13.43248,52.53608],[13.42442,52.53885]]]]}},{"type":"Feature","id":143,"properties":{"plr_schl":"03701659","plrname":"Immanuelkirchstraße","nat_pers":74,"wohmi_fl":"178905","jur_pers":26,"jp_ohn_swg":17.68,"stwbg":7.8,"genossen":0.52,"sozvermiet":8.32,"plr_id":"03701659"},"geometry":{"type":"MultiPolygon","coordinates":[[[[13.429,52.53308],[13.42235,52.53537],[13.41977,52.53102],[13.41866,52.52967],[13.41732,52.52835],[13.41722,52.52835],[13.41615,52.52708],[13.41671,52.52689],[13.4169,52.5268],[13.41689,52.52678],[13.41825,52.52618],[13.41975,52.52555],[13.42364,52.52792],[13.424,52.52788],[13.42447,52.52791],[13.42485,52.52788],[13.42503,52.5281],[13.42458,52.52824],[13.42355,52.52839],[13.42459,52.52929],[13.42463,52.52927],[13.42493,52.52953],[13.42488,52.52955],[13.429,52.53308]]]]}},{"type":"Feature","id":144,"properties":{"plr_schl":"03701660","plrname":"Bötzowstraße","nat_pers":65,"wohmi_fl":"280729","jur_pers":33,"jp_ohn_swg":13.86,"stwbg":19.14,"genossen":0,"sozvermiet":19.14,"plr_id":"03701660"},"geometry":{"type":"MultiPolygon","coordinates":[[[[13.43248,52.53608],[13.42488,52.52955],[13.42493,52.52953],[13.42463,52.52927],[13.42459,52.52929],[13.42355,52.52839],[13.42458,52.52824],[13.42503,52.5281],[13.43748,52.52955],[13.43831,52.5288],[13.43875,52.52878],[13.44228,52.53103],[13.44206,52.53113],[13.44104,52.53204],[13.4331,52.53585],[13.43248,52.53608]]]]}},{"type":"Feature","id":145,"properties":{"plr_schl":"04100101","plrname":"Jungfernheide/Plötzensee","nat_pers":23,"wohmi_fl":"695184","jur_pers":69,"jp_ohn_swg":48.99,"stwbg":15.87,"genossen":4.14,"sozvermiet":28.01,"plr_id":"04100101"},"geometry":{"type":"MultiPolygon","coordinates":[[[[13.29268,52.53048],[13.29279,52.53048],[13.29279,52.53044],[13.293,52.53046],[13.29342,52.53038],[13.29345,52.5304],[13.29387,52.53027],[13.29401,52.5302],[13.29397,52.53017],[13.29425,52.53002],[13.29444,52.52971],[13.29569,52.52988],[13.29541,52.53053],[13.29531,52.5307],[13.29505,52.53098],[13.29464,52.53127],[13.29412,52.53152],[13.29395,52.5317],[13.29392,52.53194],[13.294,52.53207],[13.29418,52.53222],[13.29451,52.53232],[13.29399,52.5331],[13.29395,52.5331],[13.29372,52.53352],[13.29318,52.5335],[13.29319,52.53338],[13.29306,52.53337],[13.29302,52.53378],[13.29296,52.53378],[13.29295,52.5339],[13.29299,52.53393],[13.29295,52.53401],[13.29272,52.53411],[13.29266,52.53444],[13.29295,52.5345],[13.29337,52.53482],[13.29343,52.53504],[13.29331,52.53541],[13.29411,52.53541],[13.29414,52.53682],[13.29495,52.53851],[13.29548,52.53949],[13.29556,52.53952],[13.29555,52.53973],[13.29729,52.54295],[13.29808,52.54279],[13.2981,52.54062],[13.29881,52.54058],[13.30033,52.54063],[13.30032,52.5407],[13.30405,52.54068],[13.30405,52.53847],[13.30401,52.53847],[13.30404,52.53646],[13.30448,52.53507],[13.30502,52.53515],[13.30521,52.53466],[13.30574,52.53483],[13.3103,52.53547],[13.31076,52.53556],[13.3114,52.53565],[13.31141,52.53561],[13.32583,52.53767],[13.32593,52.53762],[13.32684,52.53775],[13.32687,52.5378],[13.32819,52.53799],[13.32893,52.53816],[13.32913,52.53823],[13.32719,52.53965],[13.32714,52.53973],[13.32733,52.54143],[13.32623,52.54187],[13.32627,52.54191],[13.32584,52.54216],[13.32559,52.54235],[13.32287,52.54453],[13.32219,52.545],[13.32062,52.54622],[13.32029,52.54644],[13.31933,52.5473],[13.31865,52.54772],[13.31794,52.54824],[13.31295,52.54837],[13.30441,52.54874],[13.30049,52.54883],[13.28635,52.54905],[13.27209,52.54931],[13.27196,52.54939],[13.27059,52.54943],[13.27061,52.54934],[13.27034,52.54934],[13.2703,52.54865],[13.26997,52.54866],[13.26997,52.54855],[13.27012,52.54845],[13.27066,52.54789],[13.27337,52.54294],[13.27314,52.54291],[13.27349,52.54223],[13.27348,52.54204],[13.27247,52.53942],[13.27247,52.53928],[13.27231,52.53887],[13.27343,52.53861],[13.27408,52.53837],[13.27481,52.53799],[13.27523,52.53769],[13.27559,52.53727],[13.27547,52.53724],[13.27581,52.53684],[13.27603,52.53645],[13.27626,52.53586],[13.27621,52.53585],[13.27624,52.53572],[13.27633,52.5357],[13.27628,52.53564],[13.28016,52.53449],[13.28117,52.53425],[13.28218,52.53405],[13.28202,52.5337],[13.28213,52.53364],[13.28204,52.53326],[13.28142,52.53159],[13.28124,52.53057],[13.28084,52.53007],[13.2818,52.52975],[13.28215,52.52967],[13.28301,52.52938],[13.28382,52.52917],[13.28382,52.52915],[13.28433,52.5291],[13.28434,52.52908],[13.28481,52.52907],[13.28488,52.52903],[13.28503,52.52904],[13.285,52.52908],[13.28511,52.5291],[13.28566,52.52915],[13.28675,52.52935],[13.28748,52.52952],[13.28757,52.52959],[13.28898,52.52996],[13.28903,52.53],[13.28928,52.53002],[13.28955,52.53012],[13.28975,52.53017],[13.28979,52.53015],[13.28977,52.53017],[13.28999,52.53024],[13.29028,52.53026],[13.2906,52.53033],[13.29076,52.53031],[13.2911,52.53034],[13.29116,52.53038],[13.2916,52.53042],[13.29267,52.53046],[13.29268,52.53048]]]]}},{"type":"Feature","id":146,"properties":{"plr_schl":"04100102","plrname":"Paul-Hertz-Siedlung","nat_pers":3,"wohmi_fl":"319539","jur_pers":84,"jp_ohn_swg":0,"stwbg":84,"genossen":0,"sozvermiet":97,"plr_id":"04100102"},"geometry":{"type":"MultiPolygon","coordinates":[[[[13.29424,52.53272],[13.29702,52.53339],[13.29923,52.53384],[13.30029,52.53396],[13.3012,52.5341],[13.30179,52.53423],[13.30194,52.53423],[13.30378,52.53451],[13.30466,52.53458],[13.30521,52.53466],[13.30502,52.53515],[13.30448,52.53507],[13.30404,52.53646],[13.30401,52.53847],[13.30405,52.53847],[13.30405,52.54068],[13.30032,52.5407],[13.30033,52.54063],[13.29881,52.54058],[13.2981,52.54062],[13.29808,52.54279],[13.29729,52.54295],[13.29555,52.53973],[13.29556,52.53952],[13.29548,52.53949],[13.29495,52.53851],[13.29414,52.53682],[13.29411,52.53541],[13.29331,52.53541],[13.29343,52.53504],[13.29337,52.53482],[13.29295,52.5345],[13.29266,52.53444],[13.29272,52.53411],[13.29295,52.53401],[13.29299,52.53393],[13.29295,52.5339],[13.29296,52.53378],[13.29302,52.53378],[13.29306,52.53337],[13.29319,52.53338],[13.29318,52.5335],[13.29372,52.53352],[13.29395,52.5331],[13.29399,52.5331],[13.29424,52.53272]]]]}},{"type":"Feature","id":147,"properties":{"plr_schl":"04200203","plrname":"Olympiagelände","nat_pers":76,"wohmi_fl":"268377","jur_pers":15,"jp_ohn_swg":3.75,"stwbg":5.85,"genossen":5.4,"sozvermiet":20.25,"plr_id":"04200203"},"geometry":{"type":"MultiPolygon","coordinates":[[[[13.24395,52.52507],[13.24232,52.52555],[13.24199,52.52559],[13.24056,52.52596],[13.24013,52.52599],[13.23997,52.52609],[13.23983,52.52588],[13.23918,52.52604],[13.23878,52.5261],[13.2383,52.52613],[13.23681,52.5261],[13.2368,52.52614],[13.23485,52.52604],[13.23386,52.52603],[13.23128,52.52577],[13.23093,52.52588],[13.22818,52.52602],[13.22804,52.52571],[13.2273,52.52561],[13.22595,52.52579],[13.22488,52.52582],[13.22395,52.52589],[13.22202,52.52617],[13.22167,52.52567],[13.22182,52.52564],[13.22122,52.52461],[13.22058,52.52359],[13.21989,52.52262],[13.21978,52.5224],[13.2197,52.52241],[13.21963,52.52229],[13.21971,52.52227],[13.21956,52.52197],[13.21939,52.52142],[13.21935,52.52086],[13.21939,52.51963],[13.21933,52.51963],[13.21933,52.51958],[13.21939,52.51958],[13.21949,52.51816],[13.21974,52.51636],[13.2201,52.5146],[13.22031,52.51429],[13.22113,52.51344],[13.22231,52.51287],[13.22256,52.51267],[13.22362,52.51205],[13.22453,52.51142],[13.22644,52.51031],[13.22748,52.50986],[13.22831,52.50963],[13.22828,52.50958],[13.22871,52.50949],[13.22899,52.51],[13.22938,52.50989],[13.22994,52.50983],[13.2311,52.50976],[13.23157,52.5098],[13.24095,52.5112],[13.2407,52.51182],[13.2407,52.51189],[13.24077,52.51197],[13.24588,52.51349],[13.24664,52.51377],[13.24743,52.51415],[13.24954,52.51532],[13.24996,52.51545],[13.2499,52.51573],[13.25287,52.51599],[13.25296,52.516],[13.25293,52.51606],[13.2532,52.51602],[13.254,52.51609],[13.25257,52.52019],[13.25197,52.52103],[13.25184,52.52101],[13.25158,52.52131],[13.25144,52.52126],[13.25067,52.52194],[13.24908,52.52297],[13.24915,52.52301],[13.24903,52.52309],[13.24896,52.52305],[13.24683,52.52437],[13.24665,52.52442],[13.24671,52.52447],[13.24626,52.52456],[13.24619,52.52456],[13.24614,52.52452],[13.246,52.52455],[13.24395,52.52507]]]]}},{"type":"Feature","id":148,"properties":{"plr_schl":"04200204","plrname":"Angerburger Allee","nat_pers":59,"wohmi_fl":"219758","jur_pers":34,"jp_ohn_swg":34,"stwbg":0,"genossen":0,"sozvermiet":0,"plr_id":"04200204"},"geometry":{"type":"MultiPolygon","coordinates":[[[[13.21569,52.50937],[13.21593,52.50933],[13.216,52.50938],[13.2161,52.50938],[13.21643,52.50931],[13.21646,52.50936],[13.2165,52.50936],[13.22748,52.50714],[13.22802,52.5071],[13.22806,52.50711],[13.22799,52.5077],[13.22814,52.50791],[13.22822,52.50852],[13.22844,52.50904],[13.22871,52.50949],[13.22828,52.50958],[13.22831,52.50963],[13.22748,52.50986],[13.22644,52.51031],[13.22453,52.51142],[13.22362,52.51205],[13.22256,52.51267],[13.22231,52.51287],[13.22113,52.51344],[13.22095,52.51362],[13.21975,52.51358],[13.21968,52.51401],[13.21963,52.51401],[13.21946,52.51399],[13.21883,52.51337],[13.21847,52.5134],[13.21744,52.5124],[13.21714,52.51216],[13.21676,52.51194],[13.21647,52.5117],[13.2162,52.51134],[13.21587,52.51068],[13.21561,52.51039],[13.21498,52.50951],[13.21569,52.50937]]]]}},{"type":"Feature","id":149,"properties":{"plr_schl":"04200205","plrname":"Flatowallee","nat_pers":70,"wohmi_fl":"379593","jur_pers":23,"jp_ohn_swg":23,"stwbg":0,"genossen":0,"sozvermiet":6,"plr_id":"04200205"},"geometry":{"type":"MultiPolygon","coordinates":[[[[13.22806,52.50711],[13.22932,52.50718],[13.22941,52.50706],[13.22966,52.507],[13.23411,52.50727],[13.23467,52.50731],[13.23467,52.50735],[13.23549,52.50741],[13.25425,52.50856],[13.2543,52.50852],[13.25855,52.50878],[13.25806,52.50903],[13.25757,52.50933],[13.25701,52.50974],[13.25661,52.51009],[13.25597,52.51085],[13.25554,52.51167],[13.254,52.51609],[13.2532,52.51602],[13.25293,52.51606],[13.25296,52.516],[13.25287,52.51599],[13.2499,52.51573],[13.24996,52.51545],[13.24954,52.51532],[13.24743,52.51415],[13.24664,52.51377],[13.24588,52.51349],[13.24077,52.51197],[13.2407,52.51189],[13.2407,52.51182],[13.24095,52.5112],[13.23157,52.5098],[13.2311,52.50976],[13.22994,52.50983],[13.22938,52.50989],[13.22899,52.51],[13.22844,52.50904],[13.22822,52.50852],[13.22814,52.50791],[13.22799,52.5077],[13.22806,52.50711]]]]}},{"type":"Feature","id":150,"properties":{"plr_schl":"04200206","plrname":"Kranzallee","nat_pers":74,"wohmi_fl":"567390","jur_pers":18,"jp_ohn_swg":16.38,"stwbg":1.62,"genossen":0,"sozvermiet":7.62,"plr_id":"04200206"},"geometry":{"type":"MultiPolygon","coordinates":[[[[13.23836,52.50758],[13.23507,52.50738],[13.23467,52.50735],[13.23467,52.50731],[13.23411,52.50727],[13.22966,52.507],[13.22941,52.50706],[13.22932,52.50718],[13.22783,52.5071],[13.22748,52.50714],[13.2165,52.50936],[13.21646,52.50936],[13.21643,52.50931],[13.2161,52.50938],[13.216,52.50938],[13.21593,52.50933],[13.21569,52.50937],[13.21558,52.50916],[13.21455,52.50937],[13.21446,52.50927],[13.21424,52.50915],[13.21408,52.5091],[13.21384,52.50909],[13.21323,52.5091],[13.2128,52.50921],[13.21279,52.50919],[13.21232,52.50924],[13.21186,52.50935],[13.21101,52.50852],[13.2105,52.5072],[13.20933,52.50587],[13.20876,52.50505],[13.20935,52.5043],[13.20973,52.50291],[13.2116,52.50262],[13.21202,52.50261],[13.21186,52.50222],[13.21417,52.50244],[13.2145,52.50259],[13.22338,52.50332],[13.25421,52.50521],[13.25826,52.50829],[13.25951,52.50838],[13.25914,52.50852],[13.25895,52.50867],[13.25879,52.50867],[13.25855,52.50878],[13.2543,52.50852],[13.25425,52.50856],[13.23836,52.50758]]]]}},{"type":"Feature","id":151,"properties":{"plr_schl":"04200207","plrname":"Eichkamp","nat_pers":74,"wohmi_fl":"570453","jur_pers":13,"jp_ohn_swg":10.14,"stwbg":2.86,"genossen":0,"sozvermiet":14.86,"plr_id":"04200207"},"geometry":{"type":"MultiPolygon","coordinates":[[[[13.25951,52.50838],[13.25826,52.50829],[13.25421,52.50521],[13.22338,52.50332],[13.2145,52.50259],[13.21417,52.50244],[13.21186,52.50222],[13.21202,52.50261],[13.2116,52.50262],[13.20973,52.50291],[13.20513,52.50135],[13.19908,52.49988],[13.19521,52.49974],[13.1917,52.49868],[13.18984,52.49755],[13.18945,52.49498],[13.18953,52.49293],[13.18755,52.49121],[13.1866,52.48929],[13.18715,52.48713],[13.18981,52.48433],[13.19017,52.48262],[13.18725,52.47865],[13.18829,52.47408],[13.18817,52.47184],[13.19391,52.47109],[13.19456,52.47098],[13.19523,52.47125],[13.19637,52.47135],[13.19662,52.47134],[13.197,52.47117],[13.19758,52.47064],[13.19772,52.47035],[13.19762,52.46973],[13.19773,52.46936],[13.19793,52.46913],[13.19809,52.46901],[13.19898,52.46877],[13.19915,52.46875],[13.1994,52.46876],[13.19971,52.46882],[13.20064,52.46904],[13.2009,52.46923],[13.20156,52.46987],[13.20169,52.46996],[13.20221,52.47016],[13.20274,52.47025],[13.20373,52.4705],[13.20413,52.47049],[13.20457,52.47053],[13.2051,52.47052],[13.20577,52.47043],[13.20646,52.47031],[13.20771,52.47002],[13.2091,52.46982],[13.21017,52.46971],[13.21148,52.46944],[13.21235,52.46956],[13.21323,52.46953],[13.21423,52.46982],[13.21616,52.4701],[13.21654,52.47012],[13.21924,52.47004],[13.22015,52.47006],[13.22159,52.46998],[13.22357,52.47002],[13.22378,52.46999],[13.22552,52.47013],[13.22678,52.47036],[13.22868,52.47049],[13.23021,52.47075],[13.23147,52.47076],[13.23388,52.47012],[13.2351,52.46966],[13.23625,52.46951],[13.23833,52.46917],[13.23859,52.46941],[13.23881,52.46931],[13.23911,52.46956],[13.2388,52.4697],[13.24135,52.47172],[13.24213,52.47217],[13.24261,52.47272],[13.24454,52.47426],[13.24517,52.47471],[13.24523,52.47468],[13.24527,52.4747],[13.24704,52.47582],[13.24927,52.47698],[13.25033,52.47763],[13.25296,52.47965],[13.25346,52.4801],[13.2538,52.48047],[13.25577,52.48325],[13.25645,52.48399],[13.25647,52.48422],[13.25655,52.48445],[13.25722,52.48533],[13.25753,52.48562],[13.25641,52.48616],[13.25654,52.48628],[13.26056,52.48944],[13.26095,52.48925],[13.2611,52.48924],[13.26102,52.48918],[13.26114,52.48912],[13.26125,52.48921],[13.2613,52.4891],[13.26141,52.48902],[13.26165,52.48892],[13.26263,52.48942],[13.26339,52.48992],[13.26357,52.48982],[13.26395,52.49004],[13.26452,52.4905],[13.2648,52.49078],[13.2673,52.49363],[13.26842,52.4946],[13.27003,52.49589],[13.27051,52.49626],[13.27114,52.49658],[13.27103,52.49663],[13.27161,52.49705],[13.27188,52.4972],[13.27256,52.49746],[13.27236,52.49771],[13.27243,52.49774],[13.27246,52.4977],[13.27451,52.49832],[13.27396,52.49826],[13.27367,52.49817],[13.27342,52.49818],[13.27281,52.49824],[13.27182,52.49846],[13.27176,52.49849],[13.27185,52.49856],[13.27024,52.49898],[13.27031,52.49908],[13.27005,52.49915],[13.27,52.49907],[13.26929,52.4993],[13.26865,52.49955],[13.26796,52.49996],[13.2673,52.50045],[13.26666,52.50105],[13.26624,52.5016],[13.26591,52.50214],[13.2658,52.50217],[13.26576,52.50229],[13.26582,52.5024],[13.26549,52.50301],[13.26466,52.50514],[13.26439,52.50559],[13.26385,52.5062],[13.26322,52.50669],[13.26256,52.50707],[13.26137,52.50764],[13.25961,52.5083],[13.25963,52.50834],[13.25951,52.50838]]]]}},{"type":"Feature","id":152,"properties":{"plr_schl":"04200308","plrname":"Branitzer Platz","nat_pers":75,"wohmi_fl":"548325","jur_pers":11,"jp_ohn_swg":6.05,"stwbg":1.65,"genossen":3.3,"sozvermiet":15.95,"plr_id":"04200308"},"geometry":{"type":"MultiPolygon","coordinates":[[[[13.28365,52.51843],[13.28321,52.5192],[13.28258,52.52067],[13.28231,52.5212],[13.28186,52.52238],[13.28157,52.52416],[13.28143,52.52432],[13.28139,52.52446],[13.28144,52.52482],[13.28173,52.52588],[13.28202,52.5266],[13.28233,52.52604],[13.28273,52.52683],[13.28358,52.52773],[13.28391,52.528],[13.28441,52.52832],[13.28511,52.52865],[13.28304,52.52853],[13.28352,52.52923],[13.28084,52.53007],[13.28022,52.53022],[13.27937,52.53029],[13.27933,52.53033],[13.27925,52.53029],[13.27879,52.53027],[13.27822,52.5302],[13.27761,52.53005],[13.27736,52.52996],[13.27598,52.52926],[13.27528,52.529],[13.27469,52.52887],[13.27401,52.52879],[13.27303,52.52881],[13.27078,52.52893],[13.26961,52.52895],[13.26805,52.52893],[13.26765,52.5289],[13.26766,52.52883],[13.26707,52.52886],[13.26623,52.52885],[13.26515,52.52876],[13.26457,52.52867],[13.26458,52.52863],[13.26383,52.52849],[13.26265,52.52813],[13.26093,52.52754],[13.25979,52.52732],[13.25685,52.52714],[13.25387,52.52705],[13.25121,52.52709],[13.24981,52.52718],[13.24927,52.52728],[13.24857,52.52746],[13.24822,52.52758],[13.24758,52.52783],[13.24668,52.52831],[13.24634,52.52769],[13.24653,52.52767],[13.24682,52.52758],[13.24695,52.5275],[13.24711,52.5273],[13.24724,52.52587],[13.24742,52.52533],[13.24762,52.52492],[13.24763,52.52464],[13.2477,52.52457],[13.24751,52.52429],[13.2491,52.52383],[13.25003,52.52349],[13.25411,52.52253],[13.2633,52.52089],[13.2632,52.52086],[13.26139,52.51777],[13.26133,52.51753],[13.2613,52.51703],[13.26166,52.51679],[13.26145,52.51655],[13.2611,52.51636],[13.26331,52.51503],[13.27523,52.51289],[13.27531,52.51292],[13.27554,52.51289],[13.2764,52.5127],[13.27701,52.51273],[13.27702,52.5129],[13.27953,52.51816],[13.28055,52.51825],[13.28365,52.51843]]]]}},{"type":"Feature","id":153,"properties":{"plr_schl":"04200309","plrname":"Neu Westend","nat_pers":63,"wohmi_fl":"389773","jur_pers":26,"jp_ohn_swg":24.7,"stwbg":1.3,"genossen":0,"sozvermiet":11.3,"plr_id":"04200309"},"geometry":{"type":"MultiPolygon","coordinates":[[[[13.2611,52.51636],[13.26145,52.51655],[13.26166,52.51679],[13.2613,52.51703],[13.26133,52.51753],[13.26139,52.51777],[13.2632,52.52086],[13.2633,52.52089],[13.25411,52.52253],[13.25003,52.52349],[13.24856,52.524],[13.24751,52.52429],[13.24671,52.52447],[13.24665,52.52442],[13.24683,52.52437],[13.24896,52.52305],[13.24903,52.52309],[13.24915,52.52301],[13.24908,52.52297],[13.25067,52.52194],[13.25144,52.52126],[13.25158,52.52131],[13.25184,52.52101],[13.25197,52.52103],[13.25207,52.52092],[13.25257,52.52019],[13.25551,52.51175],[13.25573,52.51126],[13.25597,52.51085],[13.25661,52.51009],[13.25745,52.50941],[13.25806,52.50903],[13.25879,52.50867],[13.25895,52.50867],[13.25914,52.50852],[13.25951,52.50838],[13.25954,52.50884],[13.25924,52.51065],[13.25929,52.51111],[13.26033,52.51599],[13.26068,52.51596],[13.2611,52.51636]]]]}},{"type":"Feature","id":154,"properties":{"plr_schl":"04200310","plrname":"Fürstenplatz","nat_pers":74,"wohmi_fl":"475719","jur_pers":19,"jp_ohn_swg":17.67,"stwbg":1.33,"genossen":0,"sozvermiet":5.33,"plr_id":"04200310"},"geometry":{"type":"MultiPolygon","coordinates":[[[[13.2611,52.51636],[13.26068,52.51596],[13.26033,52.51599],[13.25929,52.51111],[13.25924,52.51065],[13.25954,52.50884],[13.25951,52.50838],[13.25963,52.50834],[13.25961,52.5083],[13.26137,52.50764],[13.2623,52.50719],[13.26274,52.50754],[13.26407,52.50705],[13.26405,52.50702],[13.26477,52.5068],[13.26552,52.5066],[13.27004,52.50556],[13.27011,52.50547],[13.27046,52.50539],[13.27067,52.50574],[13.27235,52.50705],[13.27287,52.5068],[13.27424,52.50789],[13.27425,52.50795],[13.27471,52.50838],[13.27413,52.50865],[13.27374,52.50889],[13.2739,52.50923],[13.27765,52.50951],[13.27774,52.50947],[13.27809,52.50949],[13.2767,52.51222],[13.27683,52.51246],[13.27704,52.5125],[13.27701,52.51273],[13.2764,52.5127],[13.27554,52.51289],[13.27535,52.51292],[13.27523,52.51289],[13.26331,52.51503],[13.2611,52.51636]]]]}},{"type":"Feature","id":155,"properties":{"plr_schl":"04200311","plrname":"Königin-Elisabeth-Straße","nat_pers":32,"wohmi_fl":"178639","jur_pers":66,"jp_ohn_swg":19.14,"stwbg":9.9,"genossen":36.96,"sozvermiet":48.86,"plr_id":"04200311"},"geometry":{"type":"MultiPolygon","coordinates":[[[[13.28476,52.50996],[13.28528,52.51085],[13.2855,52.51142],[13.28561,52.51227],[13.28557,52.51322],[13.28535,52.51424],[13.285,52.51527],[13.28466,52.51606],[13.2842,52.51669],[13.28441,52.51677],[13.2841,52.51727],[13.28377,52.51802],[13.28365,52.51843],[13.28055,52.51825],[13.27953,52.51816],[13.27702,52.5129],[13.27704,52.5125],[13.27683,52.51246],[13.2767,52.51222],[13.27809,52.50949],[13.27774,52.50947],[13.27765,52.50951],[13.2739,52.50923],[13.27374,52.50889],[13.27413,52.50865],[13.27471,52.50838],[13.27425,52.50795],[13.27424,52.50789],[13.27287,52.5068],[13.27235,52.50705],[13.27067,52.50574],[13.27046,52.50539],[13.27011,52.50547],[13.27004,52.50556],[13.26552,52.5066],[13.26477,52.5068],[13.26405,52.50702],[13.26407,52.50705],[13.26274,52.50754],[13.2623,52.50719],[13.26298,52.50684],[13.26351,52.50648],[13.26385,52.5062],[13.26429,52.50572],[13.26472,52.505],[13.26549,52.50301],[13.26582,52.5024],[13.26576,52.50229],[13.2658,52.50217],[13.26591,52.50214],[13.26624,52.5016],[13.26659,52.50113],[13.26701,52.5007],[13.26782,52.50006],[13.26831,52.49973],[13.26865,52.49955],[13.26982,52.49912],[13.27,52.49907],[13.27005,52.49915],[13.27031,52.49908],[13.27024,52.49898],[13.27185,52.49856],[13.27176,52.49849],[13.27182,52.49846],[13.27281,52.49824],[13.27367,52.49817],[13.27396,52.49826],[13.27451,52.49832],[13.2812,52.50034],[13.28158,52.50104],[13.28165,52.50138],[13.28171,52.50142],[13.28207,52.50145],[13.28207,52.50157],[13.28195,52.50156],[13.28188,52.50159],[13.28171,52.50202],[13.28151,52.50231],[13.28151,52.50238],[13.28157,52.50243],[13.2815,52.50249],[13.28147,52.50248],[13.28132,52.50265],[13.28136,52.50268],[13.28131,52.503],[13.28164,52.50363],[13.28139,52.50367],[13.28155,52.50419],[13.28174,52.50522],[13.28194,52.50585],[13.28209,52.50621],[13.28217,52.50622],[13.28237,52.50674],[13.28265,52.50724],[13.28319,52.50798],[13.28476,52.50996]]]]}},{"type":"Feature","id":156,"properties":{"plr_schl":"04300412","plrname":"Schlossgarten","nat_pers":40,"wohmi_fl":"176650","jur_pers":48,"jp_ohn_swg":44.64,"stwbg":3.36,"genossen":0,"sozvermiet":15.36,"plr_id":"04300412"},"geometry":{"type":"MultiPolygon","coordinates":[[[[13.29546,52.51922],[13.2966,52.5193],[13.29685,52.5193],[13.29686,52.51925],[13.29695,52.51925],[13.29797,52.51932],[13.29798,52.51925],[13.2994,52.51934],[13.30002,52.51926],[13.29981,52.51987],[13.29967,52.52076],[13.29995,52.52103],[13.30022,52.52141],[13.30013,52.52154],[13.30044,52.52205],[13.30006,52.52213],[13.29895,52.52229],[13.29861,52.52238],[13.2982,52.52254],[13.29805,52.52264],[13.29785,52.52285],[13.29742,52.52359],[13.29703,52.52586],[13.29673,52.52724],[13.29614,52.52877],[13.29578,52.52955],[13.29647,52.52965],[13.29634,52.53001],[13.29571,52.52988],[13.29444,52.52971],[13.29425,52.53002],[13.29397,52.53017],[13.29401,52.5302],[13.29363,52.53035],[13.293,52.53046],[13.29279,52.53044],[13.29279,52.53048],[13.29206,52.53043],[13.29202,52.53045],[13.29116,52.53038],[13.2911,52.53034],[13.29076,52.53031],[13.2906,52.53033],[13.29028,52.53026],[13.28999,52.53024],[13.28977,52.53017],[13.28979,52.53015],[13.28975,52.53017],[13.28955,52.53012],[13.28928,52.53002],[13.28903,52.53],[13.28898,52.52996],[13.28757,52.52959],[13.28748,52.52952],[13.28606,52.52922],[13.285,52.52908],[13.28503,52.52904],[13.28488,52.52903],[13.28481,52.52907],[13.28468,52.52908],[13.28434,52.52908],[13.28433,52.5291],[13.28382,52.52915],[13.28382,52.52917],[13.28352,52.52923],[13.28304,52.52853],[13.28511,52.52865],[13.28441,52.52832],[13.28391,52.528],[13.28358,52.52773],[13.28273,52.52683],[13.28233,52.52604],[13.28202,52.5266],[13.28156,52.52535],[13.28139,52.52446],[13.28143,52.52432],[13.28157,52.52416],[13.28186,52.52238],[13.28231,52.5212],[13.28258,52.52067],[13.28321,52.5192],[13.28365,52.51843],[13.28503,52.51852],[13.28505,52.51858],[13.29546,52.51922]]]]}},{"type":"Feature","id":157,"properties":{"plr_schl":"04300413","plrname":"Klausenerplatz","nat_pers":35,"wohmi_fl":"260436","jur_pers":63,"jp_ohn_swg":15.75,"stwbg":46.62,"genossen":0.63,"sozvermiet":49.25,"plr_id":"04300413"},"geometry":{"type":"MultiPolygon","coordinates":[[[[13.29546,52.51922],[13.28505,52.51858],[13.28503,52.51852],[13.28365,52.51843],[13.28377,52.51802],[13.2841,52.51727],[13.28441,52.51677],[13.2842,52.51669],[13.28454,52.51626],[13.28474,52.51591],[13.28513,52.51491],[13.28545,52.51386],[13.28559,52.513],[13.28862,52.51321],[13.2887,52.51317],[13.2926,52.51341],[13.2965,52.51368],[13.29589,52.51752],[13.29571,52.51752],[13.29563,52.51809],[13.29569,52.5181],[13.29567,52.51817],[13.29561,52.51819],[13.29546,52.51922]]]]}},{"type":"Feature","id":158,"properties":{"plr_schl":"04300414","plrname":"Schloßstraße","nat_pers":62,"wohmi_fl":"234485","jur_pers":30,"jp_ohn_swg":20.1,"stwbg":1.2,"genossen":8.7,"sozvermiet":15.9,"plr_id":"04300414"},"geometry":{"type":"MultiPolygon","coordinates":[[[[13.29546,52.51922],[13.29561,52.51819],[13.29567,52.51817],[13.29569,52.5181],[13.29563,52.51809],[13.29571,52.51752],[13.29589,52.51752],[13.2965,52.51368],[13.2926,52.51341],[13.2887,52.51317],[13.28862,52.51321],[13.28559,52.513],[13.28561,52.51227],[13.2855,52.51142],[13.28528,52.51085],[13.28476,52.50996],[13.30184,52.51105],[13.30077,52.51748],[13.30051,52.51804],[13.29999,52.51882],[13.29991,52.51922],[13.30002,52.51926],[13.2994,52.51934],[13.29798,52.51925],[13.29797,52.51932],[13.29695,52.51925],[13.29686,52.51925],[13.29685,52.5193],[13.2966,52.5193],[13.29546,52.51922]]]]}},{"type":"Feature","id":159,"properties":{"plr_schl":"04300415","plrname":"Lietzensee","nat_pers":75,"wohmi_fl":"171405","jur_pers":17,"jp_ohn_swg":13.77,"stwbg":1.36,"genossen":1.87,"sozvermiet":11.23,"plr_id":"04300415"},"geometry":{"type":"MultiPolygon","coordinates":[[[[13.2812,52.50034],[13.28273,52.5008],[13.28315,52.50031],[13.28399,52.50057],[13.28425,52.50026],[13.28462,52.50037],[13.28436,52.50069],[13.28529,52.50098],[13.28487,52.50147],[13.28747,52.50237],[13.28811,52.50236],[13.29038,52.50261],[13.28993,52.5029],[13.29102,52.50363],[13.29153,52.50403],[13.29349,52.50533],[13.2935,52.5054],[13.29307,52.50581],[13.29275,52.50632],[13.29267,52.50653],[13.2926,52.50717],[13.29268,52.50755],[13.29284,52.5079],[13.29384,52.50892],[13.29368,52.50891],[13.29177,52.51029],[13.29175,52.5104],[13.28476,52.50996],[13.28319,52.50798],[13.28265,52.50724],[13.28237,52.50674],[13.28217,52.50622],[13.28209,52.50621],[13.28194,52.50585],[13.28174,52.50522],[13.28155,52.50419],[13.28139,52.50367],[13.28164,52.50363],[13.28131,52.503],[13.28136,52.50268],[13.28132,52.50265],[13.28147,52.50248],[13.2815,52.50249],[13.28157,52.50243],[13.28151,52.50238],[13.28151,52.50231],[13.28171,52.50202],[13.28188,52.50159],[13.28195,52.50156],[13.28207,52.50157],[13.28207,52.50145],[13.28171,52.50142],[13.28165,52.50138],[13.28158,52.50104],[13.2812,52.50034]]]]}},{"type":"Feature","id":160,"properties":{"plr_schl":"04300416","plrname":"Amtsgerichtsplatz","nat_pers":80,"wohmi_fl":"281430","jur_pers":17,"jp_ohn_swg":15.47,"stwbg":1.36,"genossen":0.17,"sozvermiet":3.53,"plr_id":"04300416"},"geometry":{"type":"MultiPolygon","coordinates":[[[[13.29175,52.5104],[13.29177,52.51029],[13.29368,52.50891],[13.29384,52.50892],[13.29284,52.5079],[13.29268,52.50755],[13.2926,52.50717],[13.29267,52.50653],[13.29275,52.50632],[13.29307,52.50581],[13.2935,52.5054],[13.29349,52.50533],[13.29153,52.50403],[13.29102,52.50363],[13.28993,52.5029],[13.29038,52.50261],[13.29155,52.50276],[13.2953,52.50332],[13.29539,52.50326],[13.29585,52.50248],[13.29621,52.50256],[13.29624,52.50252],[13.29733,52.50276],[13.29731,52.50279],[13.29824,52.50306],[13.30036,52.50354],[13.30034,52.50364],[13.30038,52.50365],[13.30068,52.50371],[13.30076,52.50361],[13.30324,52.50417],[13.30319,52.50425],[13.30401,52.50444],[13.30304,52.50583],[13.30271,52.50646],[13.30271,52.50662],[13.30252,52.50693],[13.30184,52.51105],[13.29175,52.5104]]]]}},{"type":"Feature","id":161,"properties":{"plr_schl":"04300517","plrname":"Tegeler Weg","nat_pers":59,"wohmi_fl":"219779","jur_pers":39,"jp_ohn_swg":28.08,"stwbg":0.39,"genossen":10.53,"sozvermiet":11.92,"plr_id":"04300517"},"geometry":{"type":"MultiPolygon","coordinates":[[[[13.3063,52.52918],[13.30611,52.53017],[13.3061,52.53087],[13.30616,52.53088],[13.30596,52.53145],[13.30538,52.53134],[13.29917,52.53055],[13.29685,52.53023],[13.29685,52.53021],[13.2963,52.53013],[13.29647,52.52965],[13.29578,52.52955],[13.29614,52.52877],[13.29673,52.52724],[13.29703,52.52586],[13.29742,52.52359],[13.29785,52.52285],[13.29805,52.52264],[13.2983,52.52249],[13.29895,52.52229],[13.30045,52.52205],[13.30103,52.52242],[13.30501,52.52555],[13.30582,52.52556],[13.30587,52.5264],[13.30636,52.52756],[13.30643,52.52789],[13.30644,52.52838],[13.3063,52.52918]]]]}},{"type":"Feature","id":162,"properties":{"plr_schl":"04300518","plrname":"Kaiserin-Augusta-Allee","nat_pers":55,"wohmi_fl":"130136","jur_pers":42,"jp_ohn_swg":22.68,"stwbg":13.86,"genossen":5.46,"sozvermiet":20.32,"plr_id":"04300518"},"geometry":{"type":"MultiPolygon","coordinates":[[[[13.29424,52.53272],[13.29451,52.53232],[13.29418,52.53222],[13.294,52.53207],[13.29392,52.53194],[13.29395,52.5317],[13.29412,52.53152],[13.29464,52.53127],[13.29505,52.53098],[13.29531,52.5307],[13.29541,52.53053],[13.29569,52.52988],[13.29634,52.53001],[13.2963,52.53013],[13.29685,52.53021],[13.29685,52.53023],[13.30538,52.53134],[13.30596,52.53145],[13.30616,52.53088],[13.3061,52.53087],[13.30612,52.53005],[13.30634,52.52898],[13.30645,52.52813],[13.30636,52.52756],[13.30593,52.52661],[13.30585,52.52632],[13.30582,52.52556],[13.30501,52.52555],[13.30103,52.52242],[13.30046,52.52208],[13.30017,52.52161],[13.30194,52.52154],[13.30266,52.52146],[13.30325,52.52136],[13.30428,52.52112],[13.30545,52.52068],[13.30592,52.52054],[13.30644,52.52042],[13.30687,52.52036],[13.3073,52.52032],[13.30788,52.52031],[13.31055,52.52045],[13.31234,52.5205],[13.31267,52.52047],[13.31349,52.52033],[13.31495,52.51997],[13.31582,52.51992],[13.31621,52.51992],[13.31708,52.51999],[13.31775,52.51997],[13.31812,52.51986],[13.31899,52.51942],[13.31936,52.51961],[13.31665,52.52096],[13.31335,52.53026],[13.31385,52.53033],[13.31452,52.53049],[13.31675,52.5309],[13.31661,52.53116],[13.31698,52.5313],[13.31731,52.53154],[13.31705,52.53205],[13.31751,52.53238],[13.31719,52.53233],[13.31703,52.53235],[13.3134,52.53188],[13.31337,52.53193],[13.31303,52.53187],[13.31292,52.5322],[13.31279,52.53231],[13.31255,52.53265],[13.3114,52.53565],[13.3103,52.53547],[13.30574,52.53483],[13.30521,52.53466],[13.30466,52.53458],[13.30378,52.53451],[13.30194,52.53423],[13.30179,52.53423],[13.3012,52.5341],[13.30029,52.53396],[13.29923,52.53384],[13.29702,52.53339],[13.29424,52.53272]]]]}},{"type":"Feature","id":163,"properties":{"plr_schl":"04300619","plrname":"Alt-Lietzow","nat_pers":66,"wohmi_fl":"240710","jur_pers":26,"jp_ohn_swg":18.98,"stwbg":4.42,"genossen":2.6,"sozvermiet":13.02,"plr_id":"04300619"},"geometry":{"type":"MultiPolygon","coordinates":[[[[13.30002,52.51926],[13.30349,52.51815],[13.3051,52.51768],[13.30826,52.51662],[13.31535,52.51436],[13.31554,52.51482],[13.31616,52.51561],[13.31609,52.51562],[13.31619,52.51575],[13.31626,52.51573],[13.31658,52.51614],[13.31671,52.5161],[13.31809,52.51785],[13.3179,52.51792],[13.31879,52.51909],[13.31922,52.51931],[13.31812,52.51986],[13.31797,52.51992],[13.31767,52.51998],[13.31708,52.51999],[13.31621,52.51992],[13.31544,52.51993],[13.31495,52.51997],[13.31349,52.52033],[13.31267,52.52047],[13.31234,52.5205],[13.31055,52.52045],[13.30788,52.52031],[13.3073,52.52032],[13.30687,52.52036],[13.30644,52.52042],[13.30592,52.52054],[13.30545,52.52068],[13.30428,52.52112],[13.30325,52.52136],[13.30266,52.52146],[13.30194,52.52154],[13.30125,52.52158],[13.30036,52.52159],[13.30017,52.52162],[13.30013,52.52151],[13.30022,52.52141],[13.29995,52.52103],[13.29967,52.52076],[13.29981,52.51987],[13.30002,52.51926]]]]}},{"type":"Feature","id":164,"properties":{"plr_schl":"04300620","plrname":"Spreestadt","nat_pers":61,"wohmi_fl":"110779","jur_pers":39,"jp_ohn_swg":34.32,"stwbg":4.68,"genossen":0,"sozvermiet":4.68,"plr_id":"04300620"},"geometry":{"type":"MultiPolygon","coordinates":[[[[13.33422,52.51677],[13.33338,52.51667],[13.33228,52.5167],[13.33174,52.51684],[13.33084,52.51715],[13.33013,52.51756],[13.32963,52.51795],[13.32937,52.51828],[13.32919,52.51861],[13.3291,52.51899],[13.32913,52.51939],[13.32949,52.52046],[13.32955,52.52083],[13.32948,52.52137],[13.32929,52.52179],[13.32888,52.52231],[13.3289,52.52233],[13.32865,52.52256],[13.32862,52.52255],[13.32818,52.52289],[13.32691,52.52373],[13.32649,52.52394],[13.3258,52.52422],[13.32474,52.52454],[13.32411,52.52465],[13.32325,52.52469],[13.32168,52.52457],[13.32102,52.52444],[13.32026,52.52419],[13.31955,52.52378],[13.31917,52.52342],[13.31903,52.52323],[13.31889,52.52293],[13.31869,52.52207],[13.31874,52.52188],[13.31878,52.52111],[13.3178,52.52037],[13.31936,52.51961],[13.31899,52.51942],[13.32121,52.51834],[13.32202,52.51802],[13.32507,52.51699],[13.32594,52.51658],[13.32672,52.51607],[13.32786,52.51497],[13.32837,52.51461],[13.32896,52.51434],[13.32969,52.51411],[13.33,52.51396],[13.33028,52.51377],[13.33053,52.51352],[13.33092,52.51354],[13.33143,52.51282],[13.33152,52.51279],[13.33163,52.51281],[13.33167,52.51285],[13.33166,52.51293],[13.33188,52.51303],[13.33585,52.51329],[13.33601,52.51379],[13.33611,52.51397],[13.33592,52.51396],[13.33614,52.51438],[13.33538,52.51486],[13.33533,52.51504],[13.33479,52.5155],[13.33422,52.51677]]]]}},{"type":"Feature","id":165,"properties":{"plr_schl":"04300621","plrname":"Richard-Wagner-Straße","nat_pers":59,"wohmi_fl":"272875","jur_pers":38,"jp_ohn_swg":23.94,"stwbg":14.06,"genossen":0,"sozvermiet":17.06,"plr_id":"04300621"},"geometry":{"type":"MultiPolygon","coordinates":[[[[13.30002,52.51926],[13.29991,52.51922],[13.29999,52.51882],[13.30051,52.51804],[13.30077,52.51748],[13.30184,52.51105],[13.31493,52.51192],[13.31521,52.51421],[13.31535,52.51436],[13.30826,52.51662],[13.3051,52.51768],[13.30349,52.51815],[13.30002,52.51926]]]]}},{"type":"Feature","id":166,"properties":{"plr_schl":"04300622","plrname":"Ernst-Reuter-Platz","nat_pers":34,"wohmi_fl":"129281","jur_pers":55,"jp_ohn_swg":27.5,"stwbg":17.05,"genossen":10.45,"sozvermiet":37.5,"plr_id":"04300622"},"geometry":{"type":"MultiPolygon","coordinates":[[[[13.31493,52.51192],[13.31774,52.5121],[13.31766,52.51201],[13.31845,52.51105],[13.3215,52.51124],[13.32231,52.5113],[13.32232,52.51132],[13.32292,52.51092],[13.3235,52.51062],[13.32441,52.50998],[13.32516,52.50945],[13.32506,52.50939],[13.32539,52.50916],[13.32564,52.50909],[13.32682,52.50854],[13.32669,52.50855],[13.32629,52.50821],[13.32596,52.50821],[13.32542,52.50466],[13.32661,52.50459],[13.32835,52.50468],[13.32953,52.50499],[13.33011,52.50526],[13.33006,52.50526],[13.33055,52.50551],[13.33013,52.50553],[13.33046,52.50576],[13.33073,52.50602],[13.3333,52.50904],[13.33004,52.51008],[13.33252,52.51088],[13.33298,52.51106],[13.33341,52.51128],[13.33376,52.5115],[13.33403,52.51172],[13.33374,52.51172],[13.33152,52.51221],[13.33112,52.51233],[13.33083,52.51246],[13.33066,52.51262],[13.33056,52.51283],[13.33136,52.51288],[13.33092,52.51354],[13.33053,52.51352],[13.33028,52.51377],[13.33,52.51396],[13.32969,52.51411],[13.32896,52.51434],[13.32837,52.51461],[13.32786,52.51497],[13.32672,52.51607],[13.32623,52.51641],[13.32557,52.51677],[13.32507,52.51699],[13.32202,52.51802],[13.32121,52.51834],[13.31925,52.51931],[13.31879,52.51909],[13.3179,52.51792],[13.31809,52.51785],[13.31671,52.5161],[13.31658,52.51614],[13.31626,52.51573],[13.31619,52.51575],[13.31609,52.51562],[13.31616,52.51561],[13.31554,52.51482],[13.31535,52.51436],[13.31521,52.51421],[13.31493,52.51192]]]]}},{"type":"Feature","id":167,"properties":{"plr_schl":"04300623","plrname":"Karl-August-Platz","nat_pers":60,"wohmi_fl":"296154","jur_pers":37,"jp_ohn_swg":36.26,"stwbg":0.74,"genossen":0,"sozvermiet":3.74,"plr_id":"04300623"},"geometry":{"type":"MultiPolygon","coordinates":[[[[13.30184,52.51105],[13.30252,52.50693],[13.30271,52.50662],[13.30271,52.50646],[13.30304,52.50583],[13.30407,52.50436],[13.30503,52.50461],[13.30679,52.50501],[13.30696,52.50507],[13.30694,52.50513],[13.30732,52.50517],[13.30734,52.5051],[13.30802,52.50526],[13.31057,52.50526],[13.31294,52.50519],[13.31354,52.5052],[13.31355,52.50531],[13.31394,52.50529],[13.31493,52.51192],[13.30184,52.51105]]]]}},{"type":"Feature","id":168,"properties":{"plr_schl":"04300624","plrname":"Savignyplatz","nat_pers":74,"wohmi_fl":"258446","jur_pers":21,"jp_ohn_swg":18.27,"stwbg":2.73,"genossen":0,"sozvermiet":6.73,"plr_id":"04300624"},"geometry":{"type":"MultiPolygon","coordinates":[[[[13.31394,52.50529],[13.31392,52.50518],[13.31459,52.50514],[13.31459,52.50518],[13.31691,52.50504],[13.31712,52.50504],[13.31714,52.50512],[13.31763,52.5051],[13.31762,52.50501],[13.318,52.50498],[13.31976,52.50489],[13.31978,52.50497],[13.32011,52.50495],[13.3201,52.50489],[13.3207,52.50485],[13.32069,52.5048],[13.32111,52.50478],[13.32125,52.50489],[13.32134,52.50489],[13.32542,52.50466],[13.32596,52.50821],[13.32629,52.50821],[13.32669,52.50855],[13.32682,52.50854],[13.32564,52.50909],[13.32539,52.50916],[13.32506,52.50939],[13.32516,52.50945],[13.32441,52.50998],[13.3235,52.51062],[13.32292,52.51092],[13.32232,52.51132],[13.32231,52.5113],[13.3215,52.51124],[13.31845,52.51105],[13.31766,52.51201],[13.31774,52.5121],[13.31493,52.51192],[13.31394,52.50529]]]]}},{"type":"Feature","id":169,"properties":{"plr_schl":"04400725","plrname":"Güterbahnhof Grunewald","nat_pers":null,"wohmi_fl":"149127","jur_pers":null,"jp_ohn_swg":null,"stwbg":null,"genossen":null,"sozvermiet":null,"plr_id":"04400725"},"geometry":{"type":"MultiPolygon","coordinates":[[[[13.26346,52.48796],[13.26657,52.48915],[13.26872,52.49026],[13.26818,52.49091],[13.26906,52.49144],[13.2699,52.49184],[13.27374,52.49383],[13.27462,52.4942],[13.27731,52.49511],[13.27802,52.49541],[13.27885,52.49581],[13.27895,52.49584],[13.27916,52.49569],[13.2818,52.49706],[13.28174,52.4971],[13.28176,52.49721],[13.28215,52.4974],[13.28309,52.49777],[13.28233,52.49848],[13.28136,52.49952],[13.28118,52.49994],[13.2812,52.50034],[13.27246,52.4977],[13.27243,52.49774],[13.27236,52.49771],[13.27256,52.49746],[13.27188,52.4972],[13.27161,52.49705],[13.27103,52.49663],[13.27114,52.49658],[13.27051,52.49626],[13.26886,52.49496],[13.26754,52.49386],[13.26583,52.49198],[13.2648,52.49078],[13.26409,52.49014],[13.26357,52.48982],[13.26339,52.48992],[13.26263,52.48942],[13.26165,52.48892],[13.26174,52.48878],[13.2628,52.48802],[13.26289,52.48807],[13.26304,52.48804],[13.26326,52.48806],[13.26346,52.48796]]]]}},{"type":"Feature","id":170,"properties":{"plr_schl":"04400726","plrname":"Bismarckallee","nat_pers":82,"wohmi_fl":"830693","jur_pers":10,"jp_ohn_swg":9.4,"stwbg":0.6,"genossen":0,"sozvermiet":4.6,"plr_id":"04400726"},"geometry":{"type":"MultiPolygon","coordinates":[[[[13.28309,52.49777],[13.28215,52.4974],[13.28176,52.49721],[13.28174,52.4971],[13.2818,52.49706],[13.27916,52.49569],[13.27895,52.49584],[13.27885,52.49581],[13.27802,52.49541],[13.27731,52.49511],[13.27462,52.4942],[13.27374,52.49383],[13.2699,52.49184],[13.26906,52.49144],[13.26818,52.49091],[13.26872,52.49026],[13.26657,52.48915],[13.26346,52.48796],[13.26549,52.48716],[13.26631,52.48729],[13.26779,52.48797],[13.26949,52.48884],[13.27183,52.48686],[13.27298,52.48718],[13.27345,52.48741],[13.27369,52.48755],[13.27379,52.48765],[13.27645,52.48671],[13.2825,52.48382],[13.28415,52.48519],[13.28429,52.48518],[13.28452,52.48523],[13.28442,52.4855],[13.2845,52.48651],[13.28452,52.48665],[13.28457,52.48668],[13.28541,52.48661],[13.28552,52.48663],[13.28975,52.4863],[13.29083,52.49381],[13.2909,52.49405],[13.29031,52.49445],[13.28995,52.4943],[13.28897,52.49438],[13.28878,52.49427],[13.28858,52.49439],[13.28761,52.49443],[13.28655,52.49466],[13.28647,52.49456],[13.28619,52.49463],[13.28594,52.49438],[13.28588,52.49441],[13.28616,52.49471],[13.28619,52.49499],[13.28625,52.49512],[13.28542,52.49517],[13.2852,52.49516],[13.28474,52.49553],[13.28477,52.49555],[13.28441,52.4959],[13.28418,52.49647],[13.28398,52.49676],[13.28353,52.49729],[13.28341,52.49749],[13.28309,52.49777]]]]}},{"type":"Feature","id":171,"properties":{"plr_schl":"04400727","plrname":"Flinsberger Platz","nat_pers":64,"wohmi_fl":"499390","jur_pers":32,"jp_ohn_swg":25.28,"stwbg":3.2,"genossen":3.52,"sozvermiet":9.72,"plr_id":"04400727"},"geometry":{"type":"MultiPolygon","coordinates":[[[[13.2909,52.49405],[13.29083,52.49381],[13.28975,52.4863],[13.28552,52.48663],[13.28541,52.48661],[13.28457,52.48668],[13.28452,52.48665],[13.2845,52.48651],[13.28442,52.4855],[13.28452,52.48523],[13.28429,52.48518],[13.28415,52.48519],[13.28269,52.48396],[13.28159,52.4831],[13.28138,52.48277],[13.28101,52.47799],[13.281,52.47781],[13.28106,52.47781],[13.28103,52.47742],[13.28102,52.47732],[13.28094,52.47721],[13.28101,52.47712],[13.28121,52.47724],[13.28144,52.4769],[13.28466,52.47898],[13.286,52.47979],[13.30069,52.48775],[13.30036,52.48799],[13.30033,52.48802],[13.30038,52.48804],[13.30022,52.48816],[13.29685,52.49062],[13.29355,52.49248],[13.2909,52.49405]]]]}},{"type":"Feature","id":172,"properties":{"plr_schl":"04400728","plrname":"Hagenplatz","nat_pers":86,"wohmi_fl":"662012","jur_pers":9,"jp_ohn_swg":9,"stwbg":0,"genossen":0,"sozvermiet":1,"plr_id":"04400728"},"geometry":{"type":"MultiPolygon","coordinates":[[[[13.26346,52.48796],[13.26292,52.48776],[13.26368,52.48714],[13.26358,52.48643],[13.26365,52.48605],[13.26393,52.48514],[13.26412,52.48496],[13.26506,52.48433],[13.26552,52.48388],[13.26576,52.4832],[13.26632,52.48233],[13.27417,52.47862],[13.28035,52.47737],[13.28044,52.47708],[13.28039,52.47703],[13.28095,52.47656],[13.28144,52.4769],[13.28121,52.47724],[13.28101,52.47712],[13.28094,52.47721],[13.28102,52.47732],[13.28103,52.47742],[13.28106,52.47781],[13.281,52.47781],[13.28101,52.47799],[13.28138,52.48277],[13.28159,52.4831],[13.2825,52.48382],[13.27645,52.48671],[13.27379,52.48765],[13.27369,52.48755],[13.27345,52.48741],[13.27298,52.48718],[13.27183,52.48686],[13.26949,52.48884],[13.26779,52.48797],[13.26631,52.48729],[13.26549,52.48716],[13.26346,52.48796]]]]}},{"type":"Feature","id":173,"properties":{"plr_schl":"04400729","plrname":"Hundekehle","nat_pers":83,"wohmi_fl":"700904","jur_pers":8,"jp_ohn_swg":7.04,"stwbg":0.96,"genossen":0,"sozvermiet":7.96,"plr_id":"04400729"},"geometry":{"type":"MultiPolygon","coordinates":[[[[13.26346,52.48796],[13.26326,52.48806],[13.26304,52.48804],[13.26289,52.48807],[13.2628,52.48802],[13.26174,52.48878],[13.26165,52.48892],[13.26146,52.48899],[13.2613,52.4891],[13.26125,52.48921],[13.26114,52.48912],[13.26102,52.48918],[13.2611,52.48924],[13.26095,52.48925],[13.26056,52.48944],[13.25641,52.48616],[13.25753,52.48562],[13.25722,52.48533],[13.25655,52.48445],[13.25647,52.48422],[13.25645,52.48399],[13.25577,52.48325],[13.2538,52.48047],[13.25346,52.4801],[13.25296,52.47965],[13.25033,52.47763],[13.24927,52.47698],[13.24704,52.47582],[13.24527,52.4747],[13.24523,52.47468],[13.24517,52.47471],[13.24454,52.47426],[13.24261,52.47272],[13.24213,52.47217],[13.24135,52.47172],[13.2388,52.4697],[13.23911,52.46956],[13.23881,52.46931],[13.23859,52.46941],[13.23835,52.46919],[13.23905,52.46906],[13.23904,52.46904],[13.24157,52.46861],[13.24201,52.46856],[13.24553,52.46793],[13.24675,52.46774],[13.24735,52.46771],[13.24781,52.46754],[13.25244,52.46677],[13.25311,52.46672],[13.25433,52.46678],[13.25561,52.46675],[13.25909,52.4665],[13.26028,52.46693],[13.26059,52.46713],[13.26086,52.4674],[13.26163,52.46777],[13.26215,52.4674],[13.26205,52.46735],[13.2621,52.46731],[13.2622,52.46732],[13.26232,52.46722],[13.26231,52.46717],[13.2629,52.46701],[13.26311,52.46698],[13.26355,52.46695],[13.264,52.46697],[13.26612,52.46724],[13.26639,52.46735],[13.26661,52.46731],[13.26881,52.46754],[13.27833,52.46864],[13.27833,52.46857],[13.27869,52.46861],[13.27886,52.47326],[13.27878,52.4741],[13.27878,52.47478],[13.27888,52.47502],[13.27901,52.47516],[13.28095,52.47656],[13.28039,52.47703],[13.28044,52.47708],[13.28038,52.47735],[13.27991,52.47747],[13.27417,52.47862],[13.26632,52.48233],[13.26576,52.4832],[13.26552,52.48388],[13.26506,52.48433],[13.26412,52.48496],[13.26393,52.48514],[13.26365,52.48605],[13.26358,52.48643],[13.26368,52.48714],[13.26292,52.48776],[13.26346,52.48796]]]]}},{"type":"Feature","id":174,"properties":{"plr_schl":"04400830","plrname":"Forckenbeckstraße","nat_pers":61,"wohmi_fl":"395505","jur_pers":38,"jp_ohn_swg":27.36,"stwbg":5.32,"genossen":5.32,"sozvermiet":11.64,"plr_id":"04400830"},"geometry":{"type":"MultiPolygon","coordinates":[[[[13.30084,52.47417],[13.30294,52.47522],[13.31146,52.47989],[13.3097,52.48124],[13.30809,52.48235],[13.30723,52.48302],[13.30723,52.48306],[13.30696,52.48301],[13.30641,52.48356],[13.3063,52.48356],[13.30547,52.48421],[13.30473,52.48472],[13.30481,52.48475],[13.30253,52.48645],[13.3024,52.48654],[13.30236,52.48653],[13.30199,52.48686],[13.30107,52.48755],[13.30113,52.48758],[13.30083,52.48782],[13.30026,52.48754],[13.286,52.47979],[13.28466,52.47898],[13.28132,52.47681],[13.28166,52.47659],[13.28223,52.47673],[13.28359,52.47647],[13.2854,52.47617],[13.28927,52.47564],[13.29057,52.47553],[13.29085,52.4764],[13.29116,52.47635],[13.29122,52.47651],[13.29116,52.47663],[13.29202,52.47713],[13.29696,52.47688],[13.29673,52.47505],[13.29832,52.47468],[13.3003,52.47433],[13.30061,52.47421],[13.30084,52.47417]]]]}},{"type":"Feature","id":175,"properties":{"plr_schl":"04400831","plrname":"Messelpark","nat_pers":78,"wohmi_fl":"383275","jur_pers":12,"jp_ohn_swg":12,"stwbg":0,"genossen":0,"sozvermiet":6,"plr_id":"04400831"},"geometry":{"type":"MultiPolygon","coordinates":[[[[13.27869,52.46861],[13.27868,52.46851],[13.27873,52.46854],[13.28075,52.4688],[13.28164,52.46895],[13.28351,52.46932],[13.28908,52.47053],[13.28889,52.47068],[13.28933,52.47082],[13.29014,52.47529],[13.28947,52.47538],[13.28956,52.47561],[13.2854,52.47617],[13.28359,52.47647],[13.28223,52.47673],[13.28166,52.47659],[13.28132,52.47681],[13.27901,52.47516],[13.27888,52.47502],[13.27878,52.47478],[13.27878,52.4741],[13.27886,52.47326],[13.27869,52.46861]]]]}},{"type":"Feature","id":176,"properties":{"plr_schl":"04400832","plrname":"Breite Straße","nat_pers":49,"wohmi_fl":"341237","jur_pers":49,"jp_ohn_swg":16.17,"stwbg":3.43,"genossen":29.4,"sozvermiet":34.83,"plr_id":"04400832"},"geometry":{"type":"MultiPolygon","coordinates":[[[[13.30084,52.47417],[13.30061,52.47421],[13.3003,52.47433],[13.29832,52.47468],[13.29673,52.47505],[13.29696,52.47688],[13.29202,52.47713],[13.29116,52.47663],[13.29122,52.47651],[13.29116,52.47635],[13.29085,52.4764],[13.29057,52.47553],[13.28956,52.47561],[13.28947,52.47538],[13.29014,52.47529],[13.28933,52.47082],[13.28889,52.47068],[13.28988,52.46989],[13.29015,52.47013],[13.29018,52.47033],[13.29657,52.46913],[13.29741,52.46895],[13.30637,52.46749],[13.30633,52.46741],[13.30748,52.46788],[13.30729,52.46809],[13.30744,52.46816],[13.30745,52.46822],[13.30693,52.46864],[13.30641,52.46898],[13.30528,52.46953],[13.30406,52.47047],[13.30262,52.47143],[13.30253,52.47152],[13.29911,52.47303],[13.29865,52.47312],[13.29865,52.47316],[13.2986,52.47317],[13.29938,52.47344],[13.30084,52.47417]]]]}},{"type":"Feature","id":177,"properties":{"plr_schl":"04400833","plrname":"Schlangenbader Straße","nat_pers":21,"wohmi_fl":"168782","jur_pers":45,"jp_ohn_swg":28.8,"stwbg":16.2,"genossen":0,"sozvermiet":50.2,"plr_id":"04400833"},"geometry":{"type":"MultiPolygon","coordinates":[[[[13.30084,52.47417],[13.29938,52.47344],[13.2986,52.47317],[13.29865,52.47316],[13.29865,52.47312],[13.29911,52.47303],[13.30253,52.47152],[13.30262,52.47143],[13.30406,52.47047],[13.30528,52.46953],[13.30641,52.46898],[13.30693,52.46864],[13.30745,52.46822],[13.30744,52.46816],[13.30729,52.46809],[13.30748,52.46788],[13.3083,52.46832],[13.30831,52.46838],[13.30846,52.4685],[13.30849,52.46857],[13.30849,52.46867],[13.30821,52.46946],[13.30809,52.47033],[13.30815,52.47229],[13.30824,52.47237],[13.30825,52.47254],[13.30841,52.47823],[13.30294,52.47522],[13.30084,52.47417]]]]}},{"type":"Feature","id":178,"properties":{"plr_schl":"04400834","plrname":"Binger Straße","nat_pers":72,"wohmi_fl":"172685","jur_pers":17,"jp_ohn_swg":9.18,"stwbg":0.68,"genossen":7.14,"sozvermiet":12.82,"plr_id":"04400834"},"geometry":{"type":"MultiPolygon","coordinates":[[[[13.31206,52.47942],[13.31146,52.47989],[13.30841,52.47823],[13.30825,52.47254],[13.30824,52.47237],[13.30815,52.47229],[13.30809,52.47033],[13.30821,52.46946],[13.30849,52.46867],[13.30849,52.46857],[13.30846,52.4685],[13.30831,52.46838],[13.3083,52.46832],[13.30748,52.46788],[13.30833,52.46753],[13.30837,52.46755],[13.30857,52.46742],[13.3091,52.46771],[13.30969,52.46782],[13.30984,52.4678],[13.30996,52.46787],[13.30999,52.46783],[13.31145,52.46833],[13.3113,52.46845],[13.311,52.46861],[13.31239,52.46983],[13.31301,52.47051],[13.31405,52.47191],[13.31415,52.47222],[13.31429,52.47455],[13.31411,52.47529],[13.31373,52.47622],[13.31333,52.47704],[13.31219,52.4789],[13.31198,52.47913],[13.31179,52.47925],[13.31206,52.47942]]]]}},{"type":"Feature","id":179,"properties":{"plr_schl":"04400835","plrname":"Rüdesheimer Platz","nat_pers":50,"wohmi_fl":"377833","jur_pers":48,"jp_ohn_swg":38.88,"stwbg":0,"genossen":9.12,"sozvermiet":11.12,"plr_id":"04400835"},"geometry":{"type":"MultiPolygon","coordinates":[[[[13.31998,52.46698],[13.32009,52.46962],[13.32019,52.46986],[13.32026,52.4699],[13.32025,52.46997],[13.32052,52.47013],[13.32053,52.47027],[13.32024,52.47046],[13.32028,52.4705],[13.32022,52.47054],[13.32022,52.47074],[13.32014,52.47074],[13.32042,52.47734],[13.32043,52.47747],[13.32048,52.47747],[13.32049,52.47752],[13.3201,52.47753],[13.32009,52.47734],[13.31989,52.47737],[13.31988,52.47734],[13.31743,52.47767],[13.31607,52.47794],[13.31456,52.47836],[13.31393,52.47858],[13.3131,52.47892],[13.31206,52.47942],[13.31179,52.47925],[13.31198,52.47913],[13.31219,52.4789],[13.31333,52.47704],[13.31373,52.47622],[13.31411,52.47529],[13.31429,52.47455],[13.31415,52.47222],[13.31405,52.47191],[13.31301,52.47051],[13.31239,52.46983],[13.311,52.46861],[13.3113,52.46845],[13.31145,52.46833],[13.30999,52.46783],[13.30996,52.46787],[13.30984,52.4678],[13.30969,52.46782],[13.3091,52.46771],[13.31013,52.46712],[13.31065,52.4669],[13.31066,52.46696],[13.31077,52.46701],[13.3112,52.46712],[13.31998,52.46698]]]]}},{"type":"Feature","id":180,"properties":{"plr_schl":"04500936","plrname":"Droysenstraße","nat_pers":71,"wohmi_fl":"126304","jur_pers":26,"jp_ohn_swg":23.92,"stwbg":2.08,"genossen":0,"sozvermiet":2.08,"plr_id":"04500936"},"geometry":{"type":"MultiPolygon","coordinates":[[[[13.29585,52.50248],[13.29599,52.50224],[13.29486,52.50191],[13.30176,52.49965],[13.30164,52.4988],[13.30693,52.4998],[13.30736,52.49986],[13.30736,52.50027],[13.30717,52.50024],[13.30665,52.50125],[13.30456,52.50371],[13.30401,52.50444],[13.30319,52.50425],[13.30324,52.50417],[13.30316,52.50415],[13.30076,52.50361],[13.30068,52.50371],[13.30038,52.50365],[13.30034,52.50364],[13.30036,52.50354],[13.29824,52.50306],[13.29731,52.50279],[13.29733,52.50276],[13.29624,52.50252],[13.29621,52.50256],[13.29585,52.50248]]]]}},{"type":"Feature","id":181,"properties":{"plr_schl":"04500937","plrname":"Halensee","nat_pers":64,"wohmi_fl":"215033","jur_pers":32,"jp_ohn_swg":29.12,"stwbg":2.88,"genossen":0,"sozvermiet":6.88,"plr_id":"04500937"},"geometry":{"type":"MultiPolygon","coordinates":[[[[13.30164,52.4988],[13.30176,52.49965],[13.29486,52.50191],[13.29599,52.50224],[13.29539,52.50326],[13.2953,52.50332],[13.29155,52.50276],[13.2898,52.50253],[13.28811,52.50236],[13.28747,52.50237],[13.28487,52.50147],[13.28529,52.50098],[13.28436,52.50069],[13.28462,52.50037],[13.28425,52.50026],[13.28399,52.50057],[13.28315,52.50031],[13.28273,52.5008],[13.28164,52.50048],[13.2812,52.50034],[13.28118,52.50031],[13.28119,52.49989],[13.28136,52.49952],[13.28241,52.4984],[13.28341,52.49749],[13.28353,52.49729],[13.28414,52.49654],[13.28441,52.4959],[13.28477,52.49555],[13.28474,52.49553],[13.2852,52.49516],[13.28542,52.49517],[13.28625,52.49512],[13.28619,52.49499],[13.28616,52.49471],[13.28588,52.49441],[13.28594,52.49438],[13.28619,52.49463],[13.28647,52.49456],[13.28655,52.49466],[13.28761,52.49443],[13.28858,52.49439],[13.28878,52.49427],[13.28897,52.49438],[13.28995,52.4943],[13.29031,52.49445],[13.28797,52.49607],[13.2883,52.49625],[13.28886,52.49648],[13.28983,52.49677],[13.29108,52.497],[13.29117,52.49694],[13.29172,52.49703],[13.29174,52.49706],[13.29191,52.49709],[13.29246,52.49717],[13.29252,52.49715],[13.29276,52.49721],[13.29276,52.49719],[13.29291,52.49721],[13.2929,52.49723],[13.29306,52.49726],[13.29472,52.49749],[13.29471,52.49751],[13.29486,52.49754],[13.29487,52.49751],[13.29507,52.49757],[13.29511,52.49755],[13.29518,52.49756],[13.29517,52.49758],[13.29524,52.49759],[13.29525,52.49757],[13.29562,52.49763],[13.29561,52.49765],[13.29585,52.49766],[13.30033,52.49849],[13.30034,52.49856],[13.30042,52.49858],[13.30164,52.4988]]]]}},{"type":"Feature","id":182,"properties":{"plr_schl":"04500938","plrname":"Hochmeisterplatz","nat_pers":69,"wohmi_fl":"232145","jur_pers":28,"jp_ohn_swg":23.8,"stwbg":4.2,"genossen":0,"sozvermiet":8.2,"plr_id":"04500938"},"geometry":{"type":"MultiPolygon","coordinates":[[[[13.30164,52.4988],[13.30042,52.49858],[13.30034,52.49856],[13.30033,52.49849],[13.29585,52.49766],[13.29561,52.49765],[13.29562,52.49763],[13.29525,52.49757],[13.29524,52.49759],[13.29517,52.49758],[13.29518,52.49756],[13.29511,52.49755],[13.29507,52.49757],[13.29487,52.49751],[13.29486,52.49754],[13.29471,52.49751],[13.29472,52.49749],[13.29306,52.49726],[13.2929,52.49723],[13.29291,52.49721],[13.29276,52.49719],[13.29276,52.49721],[13.29252,52.49715],[13.29246,52.49717],[13.29191,52.49709],[13.29174,52.49706],[13.29172,52.49703],[13.29117,52.49694],[13.29108,52.497],[13.28991,52.49679],[13.28886,52.49648],[13.2883,52.49625],[13.28797,52.49607],[13.29099,52.49398],[13.29492,52.4917],[13.3036,52.49599],[13.30706,52.49856],[13.30718,52.49854],[13.30698,52.499],[13.30677,52.49977],[13.30164,52.4988]]]]}},{"type":"Feature","id":183,"properties":{"plr_schl":"04500939","plrname":"Eisenzahnstraße","nat_pers":53,"wohmi_fl":"220924","jur_pers":41,"jp_ohn_swg":29.93,"stwbg":9.43,"genossen":1.64,"sozvermiet":15.07,"plr_id":"04500939"},"geometry":{"type":"MultiPolygon","coordinates":[[[[13.29492,52.4917],[13.29685,52.49062],[13.30022,52.48816],[13.30038,52.48804],[13.30033,52.48802],[13.30036,52.48799],[13.30069,52.48775],[13.30128,52.48804],[13.30134,52.48797],[13.30162,52.48811],[13.30188,52.48816],[13.30367,52.48814],[13.30658,52.48803],[13.30763,52.48826],[13.31313,52.48985],[13.3135,52.48996],[13.31347,52.48999],[13.31366,52.49005],[13.31332,52.49032],[13.31281,52.49096],[13.31224,52.49156],[13.31086,52.49258],[13.31024,52.49316],[13.30958,52.49371],[13.30942,52.49392],[13.30885,52.49444],[13.30838,52.49517],[13.30824,52.49548],[13.30718,52.49854],[13.30706,52.49856],[13.3036,52.49599],[13.29492,52.4917]]]]}},{"type":"Feature","id":184,"properties":{"plr_schl":"04501040","plrname":"Hindemithplatz","nat_pers":68,"wohmi_fl":"179058","jur_pers":27,"jp_ohn_swg":26.46,"stwbg":0.54,"genossen":0,"sozvermiet":2.54,"plr_id":"04501040"},"geometry":{"type":"MultiPolygon","coordinates":[[[[13.31394,52.50529],[13.31355,52.50531],[13.31354,52.5052],[13.31294,52.50519],[13.31057,52.50526],[13.30802,52.50526],[13.30734,52.5051],[13.30732,52.50517],[13.30694,52.50513],[13.30696,52.50507],[13.30679,52.50501],[13.30503,52.50461],[13.30407,52.50436],[13.30456,52.50371],[13.30665,52.50125],[13.30717,52.50024],[13.30736,52.50027],[13.30736,52.49986],[13.31177,52.50031],[13.31179,52.50023],[13.31245,52.50008],[13.31322,52.49975],[13.31341,52.50012],[13.31329,52.50098],[13.31394,52.50529]]]]}},{"type":"Feature","id":185,"properties":{"plr_schl":"04501041","plrname":"George-Grosz-Platz","nat_pers":70,"wohmi_fl":"210661","jur_pers":28,"jp_ohn_swg":26.88,"stwbg":1.12,"genossen":0,"sozvermiet":1.12,"plr_id":"04501041"},"geometry":{"type":"MultiPolygon","coordinates":[[[[13.31322,52.49975],[13.3135,52.49964],[13.31371,52.4996],[13.31563,52.49938],[13.31626,52.49936],[13.31684,52.49943],[13.32463,52.49988],[13.32474,52.50012],[13.32542,52.50466],[13.32134,52.50489],[13.32125,52.50489],[13.32111,52.50478],[13.32069,52.5048],[13.3207,52.50485],[13.3201,52.50489],[13.32011,52.50495],[13.31978,52.50497],[13.31976,52.50489],[13.318,52.50498],[13.31762,52.50501],[13.31763,52.5051],[13.31714,52.50512],[13.31712,52.50504],[13.31691,52.50504],[13.31459,52.50518],[13.31459,52.50514],[13.31392,52.50518],[13.31329,52.50098],[13.31341,52.50012],[13.31322,52.49975]]]]}},{"type":"Feature","id":186,"properties":{"plr_schl":"04501042","plrname":"Breitscheidplatz","nat_pers":46,"wohmi_fl":"150992","jur_pers":53,"jp_ohn_swg":53,"stwbg":0,"genossen":0,"sozvermiet":1,"plr_id":"04501042"},"geometry":{"type":"MultiPolygon","coordinates":[[[[13.32542,52.50466],[13.32474,52.50012],[13.32463,52.49988],[13.32507,52.49984],[13.3283,52.50011],[13.32863,52.50016],[13.32919,52.50017],[13.33115,52.50034],[13.3315,52.50034],[13.33172,52.5003],[13.33265,52.50118],[13.33604,52.49981],[13.33698,52.50069],[13.33714,52.50091],[13.34142,52.50487],[13.3406,52.50507],[13.34019,52.50514],[13.33953,52.50515],[13.33907,52.50507],[13.33864,52.50592],[13.33691,52.50572],[13.33656,52.50572],[13.33578,52.50579],[13.33537,52.50589],[13.334,52.50652],[13.33407,52.50658],[13.33375,52.50672],[13.33482,52.50811],[13.33488,52.50829],[13.33487,52.50848],[13.33469,52.50874],[13.33441,52.50891],[13.33397,52.50898],[13.3339,52.50884],[13.3333,52.50904],[13.33073,52.50602],[13.33046,52.50576],[13.33013,52.50553],[13.33055,52.50551],[13.33006,52.50526],[13.33011,52.50526],[13.32966,52.50507],[13.32966,52.50504],[13.32929,52.50491],[13.32835,52.50468],[13.32676,52.50459],[13.32542,52.50466]]]]}},{"type":"Feature","id":187,"properties":{"plr_schl":"04501043","plrname":"Preußenpark","nat_pers":77,"wohmi_fl":"294658","jur_pers":22,"jp_ohn_swg":17.82,"stwbg":0.44,"genossen":3.74,"sozvermiet":5.18,"plr_id":"04501043"},"geometry":{"type":"MultiPolygon","coordinates":[[[[13.30736,52.49986],[13.30677,52.49977],[13.30698,52.499],[13.30718,52.49854],[13.30824,52.49548],[13.30838,52.49517],[13.30885,52.49444],[13.30942,52.49392],[13.30958,52.49371],[13.31024,52.49316],[13.31086,52.49258],[13.31224,52.49156],[13.31281,52.49096],[13.31332,52.49032],[13.31366,52.49005],[13.3156,52.49067],[13.31562,52.49064],[13.31581,52.4907],[13.31697,52.4911],[13.31926,52.49957],[13.31684,52.49943],[13.31626,52.49936],[13.31563,52.49938],[13.31358,52.49962],[13.3133,52.49971],[13.31245,52.50008],[13.31179,52.50023],[13.31177,52.50031],[13.30736,52.49986]]]]}},{"type":"Feature","id":188,"properties":{"plr_schl":"04501044","plrname":"Ludwigkirchplatz","nat_pers":71,"wohmi_fl":"160081","jur_pers":23,"jp_ohn_swg":21.16,"stwbg":0,"genossen":1.84,"sozvermiet":7.84,"plr_id":"04501044"},"geometry":{"type":"MultiPolygon","coordinates":[[[[13.31697,52.4911],[13.32186,52.49276],[13.32332,52.49334],[13.32397,52.49695],[13.32463,52.49988],[13.31926,52.49957],[13.31697,52.4911]]]]}},{"type":"Feature","id":189,"properties":{"plr_schl":"04501045","plrname":"Schaperstraße","nat_pers":80,"wohmi_fl":"262716","jur_pers":18,"jp_ohn_swg":14.76,"stwbg":3.24,"genossen":0,"sozvermiet":5.24,"plr_id":"04501045"},"geometry":{"type":"MultiPolygon","coordinates":[[[[13.32332,52.49334],[13.32445,52.49378],[13.32501,52.49404],[13.32555,52.49423],[13.3264,52.49447],[13.32693,52.49458],[13.32879,52.4948],[13.33232,52.49515],[13.33251,52.49516],[13.33428,52.49501],[13.33509,52.49489],[13.3369,52.49443],[13.33746,52.49419],[13.33744,52.49479],[13.33734,52.49479],[13.33728,52.49586],[13.33738,52.49585],[13.33738,52.49598],[13.33731,52.49599],[13.33782,52.49739],[13.33788,52.49738],[13.33817,52.49802],[13.33899,52.49942],[13.33882,52.49974],[13.33892,52.49991],[13.33698,52.50069],[13.33604,52.49981],[13.33265,52.50118],[13.33172,52.5003],[13.3315,52.50034],[13.33115,52.50034],[13.32919,52.50017],[13.32863,52.50016],[13.3283,52.50011],[13.32507,52.49984],[13.32463,52.49988],[13.32397,52.49695],[13.32332,52.49334]]]]}},{"type":"Feature","id":190,"properties":{"plr_schl":"04501146","plrname":"Barstraße","nat_pers":55,"wohmi_fl":"164559","jur_pers":37,"jp_ohn_swg":27.01,"stwbg":9.99,"genossen":0,"sozvermiet":9.99,"plr_id":"04501146"},"geometry":{"type":"MultiPolygon","coordinates":[[[[13.30691,52.48308],[13.30716,52.48462],[13.30801,52.484],[13.3082,52.48411],[13.30865,52.48411],[13.30863,52.48379],[13.30873,52.48371],[13.30897,52.48327],[13.31154,52.48334],[13.3138,52.48321],[13.31578,52.48316],[13.31577,52.48305],[13.31822,52.48321],[13.31842,52.48322],[13.31846,52.48319],[13.31934,52.48361],[13.31981,52.48334],[13.31997,52.48339],[13.32008,52.48337],[13.32059,52.48338],[13.32063,52.4834],[13.32049,52.48402],[13.32049,52.48446],[13.32064,52.48514],[13.32082,52.48562],[13.32078,52.48565],[13.32072,52.48663],[13.31975,52.48661],[13.31975,52.48673],[13.31889,52.4873],[13.31549,52.48921],[13.31503,52.48963],[13.3151,52.48966],[13.31498,52.48976],[13.31463,52.4897],[13.31426,52.48973],[13.314,52.48981],[13.31366,52.49005],[13.31347,52.48999],[13.3135,52.48996],[13.31313,52.48985],[13.30763,52.48826],[13.30658,52.48803],[13.3029,52.48816],[13.30188,52.48816],[13.30162,52.48811],[13.30134,52.48797],[13.30128,52.48804],[13.30083,52.48782],[13.30113,52.48758],[13.30107,52.48755],[13.30199,52.48686],[13.30236,52.48653],[13.3024,52.48654],[13.30253,52.48645],[13.30467,52.48486],[13.30481,52.48475],[13.30473,52.48472],[13.30547,52.48421],[13.3063,52.48356],[13.30641,52.48356],[13.30691,52.48308]]]]}},{"type":"Feature","id":191,"properties":{"plr_schl":"04501147","plrname":"Leon-Jessel-Platz","nat_pers":71,"wohmi_fl":"124084","jur_pers":27,"jp_ohn_swg":26.46,"stwbg":0.54,"genossen":0,"sozvermiet":1.54,"plr_id":"04501147"},"geometry":{"type":"MultiPolygon","coordinates":[[[[13.32226,52.48664],[13.32237,52.48754],[13.3223,52.48758],[13.32223,52.48776],[13.32243,52.48839],[13.32332,52.49334],[13.32186,52.49276],[13.31581,52.4907],[13.31562,52.49064],[13.3156,52.49067],[13.31366,52.49005],[13.314,52.48981],[13.31426,52.48973],[13.31463,52.4897],[13.31498,52.48976],[13.3151,52.48966],[13.31503,52.48963],[13.31549,52.48921],[13.31889,52.4873],[13.31975,52.48673],[13.31975,52.48661],[13.32226,52.48664]]]]}},{"type":"Feature","id":192,"properties":{"plr_schl":"04501148","plrname":"Brabanter Platz","nat_pers":61,"wohmi_fl":"110423","jur_pers":31,"jp_ohn_swg":22.94,"stwbg":1.24,"genossen":6.82,"sozvermiet":15.06,"plr_id":"04501148"},"geometry":{"type":"MultiPolygon","coordinates":[[[[13.31206,52.47942],[13.3131,52.47892],[13.31393,52.47858],[13.31456,52.47836],[13.31607,52.47794],[13.31743,52.47767],[13.31988,52.47734],[13.31989,52.47737],[13.32009,52.47734],[13.3201,52.47753],[13.32049,52.47752],[13.32058,52.48338],[13.32008,52.48337],[13.31997,52.48339],[13.31981,52.48334],[13.31934,52.48361],[13.31846,52.48319],[13.31842,52.48322],[13.31822,52.48321],[13.31577,52.48305],[13.31578,52.48316],[13.3138,52.48321],[13.31154,52.48334],[13.30897,52.48327],[13.30873,52.48371],[13.30863,52.48379],[13.30865,52.48411],[13.3082,52.48411],[13.30801,52.484],[13.30716,52.48462],[13.30699,52.48374],[13.30691,52.48308],[13.30696,52.48301],[13.30723,52.48306],[13.30723,52.48302],[13.30809,52.48235],[13.30989,52.4811],[13.31206,52.47942]]]]}},{"type":"Feature","id":193,"properties":{"plr_schl":"04501149","plrname":"Nikolsburger Platz","nat_pers":76,"wohmi_fl":"261502","jur_pers":19,"jp_ohn_swg":18.05,"stwbg":0.95,"genossen":0,"sozvermiet":2.95,"plr_id":"04501149"},"geometry":{"type":"MultiPolygon","coordinates":[[[[13.32226,52.48664],[13.32423,52.48667],[13.32583,52.48664],[13.32583,52.4866],[13.32625,52.48659],[13.32625,52.48663],[13.32678,52.48669],[13.32854,52.48699],[13.32898,52.48712],[13.33055,52.48741],[13.33063,52.48818],[13.3306,52.49002],[13.33053,52.49258],[13.33048,52.4929],[13.33044,52.49289],[13.33042,52.49302],[13.33041,52.49386],[13.33041,52.49407],[13.33049,52.49407],[13.33052,52.49418],[13.33049,52.49425],[13.3304,52.49425],[13.33034,52.49491],[13.33027,52.49495],[13.32705,52.4946],[13.3264,52.49447],[13.32555,52.49423],[13.32501,52.49404],[13.32445,52.49378],[13.32332,52.49334],[13.32243,52.48839],[13.32223,52.48776],[13.3223,52.48758],[13.32237,52.48754],[13.32226,52.48664]]]]}},{"type":"Feature","id":194,"properties":{"plr_schl":"04501150","plrname":"Wilhelmsaue","nat_pers":82,"wohmi_fl":"77781","jur_pers":12,"jp_ohn_swg":12,"stwbg":0,"genossen":0,"sozvermiet":6,"plr_id":"04501150"},"geometry":{"type":"MultiPolygon","coordinates":[[[[13.32226,52.48664],[13.32072,52.48663],[13.32078,52.48565],[13.32082,52.48562],[13.32064,52.48514],[13.32049,52.48446],[13.32049,52.48402],[13.32063,52.4834],[13.32058,52.48338],[13.32059,52.4833],[13.32296,52.4828],[13.32777,52.4829],[13.32823,52.48287],[13.32861,52.4828],[13.32971,52.48251],[13.33026,52.48321],[13.33043,52.4835],[13.33065,52.48418],[13.33067,52.48461],[13.33075,52.48461],[13.33077,52.48465],[13.33074,52.48496],[13.33066,52.48518],[13.33062,52.48672],[13.33055,52.48741],[13.32898,52.48712],[13.32854,52.48699],[13.32678,52.48669],[13.32625,52.48663],[13.32625,52.48659],[13.32583,52.4866],[13.32583,52.48664],[13.32423,52.48667],[13.32226,52.48664]]]]}},{"type":"Feature","id":195,"properties":{"plr_schl":"04501151","plrname":"Hildegardstraße","nat_pers":58,"wohmi_fl":"184986","jur_pers":39,"jp_ohn_swg":21.06,"stwbg":10.53,"genossen":7.41,"sozvermiet":20.94,"plr_id":"04501151"},"geometry":{"type":"MultiPolygon","coordinates":[[[[13.32049,52.47752],[13.32048,52.47747],[13.32242,52.47749],[13.32709,52.47747],[13.32811,52.47743],[13.32816,52.47748],[13.32817,52.47812],[13.32821,52.47812],[13.32821,52.47816],[13.32817,52.47816],[13.32817,52.47828],[13.32821,52.47832],[13.32813,52.47834],[13.328,52.47842],[13.32802,52.47844],[13.32793,52.47846],[13.32775,52.47858],[13.3277,52.47885],[13.32776,52.47885],[13.32782,52.4789],[13.32777,52.47948],[13.32777,52.4798],[13.32782,52.47997],[13.3287,52.48117],[13.32876,52.48119],[13.32886,52.48132],[13.32972,52.48252],[13.32856,52.48281],[13.32823,52.48287],[13.32777,52.4829],[13.32296,52.4828],[13.32059,52.4833],[13.32058,52.48333],[13.32049,52.47752]]]]}},{"type":"Feature","id":196,"properties":{"plr_schl":"04501152","plrname":"Prager Platz","nat_pers":68,"wohmi_fl":"195900","jur_pers":29,"jp_ohn_swg":22.04,"stwbg":6.96,"genossen":0,"sozvermiet":6.96,"plr_id":"04501152"},"geometry":{"type":"MultiPolygon","coordinates":[[[[13.33027,52.49495],[13.33034,52.49491],[13.3304,52.49425],[13.33049,52.49425],[13.33052,52.49418],[13.33049,52.49407],[13.33041,52.49407],[13.33041,52.49386],[13.33042,52.49302],[13.33044,52.49289],[13.33048,52.4929],[13.33053,52.49258],[13.3306,52.49002],[13.33063,52.48818],[13.33055,52.48741],[13.3316,52.48762],[13.33221,52.48762],[13.33539,52.48816],[13.33665,52.48832],[13.33675,52.4884],[13.33713,52.48843],[13.33704,52.4885],[13.33694,52.48899],[13.3369,52.48941],[13.33697,52.48942],[13.33697,52.48966],[13.3369,52.48967],[13.3369,52.48987],[13.33696,52.49037],[13.33703,52.49042],[13.33733,52.49048],[13.33753,52.49072],[13.33709,52.49101],[13.3372,52.4923],[13.3371,52.49229],[13.33711,52.49239],[13.33735,52.49408],[13.33745,52.49407],[13.33746,52.49419],[13.3369,52.49443],[13.33581,52.49472],[13.33509,52.49489],[13.33428,52.49501],[13.33251,52.49516],[13.33027,52.49495]]]]}},{"type":"Feature","id":197,"properties":{"plr_schl":"04501153","plrname":"Babelsberger Straße","nat_pers":71,"wohmi_fl":"180708","jur_pers":27,"jp_ohn_swg":24.57,"stwbg":2.43,"genossen":0,"sozvermiet":3.43,"plr_id":"04501153"},"geometry":{"type":"MultiPolygon","coordinates":[[[[13.33713,52.48843],[13.33675,52.4884],[13.33665,52.48832],[13.33539,52.48816],[13.33221,52.48762],[13.3316,52.48762],[13.33055,52.48741],[13.33062,52.48672],[13.33066,52.48518],[13.33074,52.48496],[13.33077,52.48465],[13.33075,52.48461],[13.33067,52.48461],[13.33065,52.48418],[13.33053,52.48374],[13.33026,52.48321],[13.32954,52.4823],[13.32886,52.48132],[13.32876,52.48119],[13.3287,52.48117],[13.32782,52.47997],[13.32777,52.4798],[13.32782,52.4789],[13.32776,52.47885],[13.3277,52.47885],[13.32775,52.47858],[13.32793,52.47846],[13.32802,52.47844],[13.328,52.47842],[13.32813,52.47834],[13.32821,52.47832],[13.32817,52.47828],[13.32817,52.47816],[13.32821,52.47816],[13.32821,52.47812],[13.32817,52.47812],[13.32816,52.47748],[13.32811,52.47743],[13.33287,52.47741],[13.33287,52.47772],[13.33294,52.47772],[13.33294,52.4778],[13.33299,52.4778],[13.33299,52.47785],[13.33707,52.47813],[13.33706,52.47988],[13.33716,52.48012],[13.33716,52.48036],[13.33705,52.48071],[13.33705,52.48209],[13.3372,52.48253],[13.33712,52.48253],[13.3371,52.48436],[13.33709,52.48568],[13.33717,52.48567],[13.33712,52.48592],[13.33705,52.48592],[13.33713,52.4879],[13.33715,52.48804],[13.33721,52.48805],[13.33713,52.48843]]]]}},{"type":"Feature","id":198,"properties":{"plr_schl":"05100101","plrname":"Hakenfelde Nord","nat_pers":64,"wohmi_fl":"395244","jur_pers":34,"jp_ohn_swg":34,"stwbg":0,"genossen":0,"sozvermiet":1,"plr_id":"05100101"},"geometry":{"type":"MultiPolygon","coordinates":[[[[13.20208,52.56562],[13.20263,52.56547],[13.20306,52.56539],[13.20511,52.56517],[13.2057,52.56517],[13.20743,52.56528],[13.2087,52.56522],[13.20889,52.56513],[13.20893,52.56499],[13.20913,52.56552],[13.20952,52.56625],[13.21014,52.56693],[13.21056,52.56758],[13.21685,52.5665],[13.21749,52.56643],[13.22094,52.56626],[13.22213,52.56616],[13.22214,52.5662],[13.22254,52.56615],[13.22253,52.56612],[13.22259,52.56609],[13.22289,52.56607],[13.22289,52.56609],[13.22295,52.56608],[13.22297,52.56613],[13.22309,52.56608],[13.22395,52.566],[13.22597,52.56562],[13.22606,52.56581],[13.22614,52.56587],[13.22616,52.56585],[13.22618,52.5659],[13.22624,52.56593],[13.22627,52.56591],[13.22629,52.56595],[13.2264,52.56599],[13.22641,52.56597],[13.22661,52.56603],[13.22662,52.56606],[13.22681,52.56608],[13.22705,52.56619],[13.22709,52.56624],[13.22708,52.56637],[13.22696,52.56656],[13.22664,52.56678],[13.22739,52.56741],[13.22704,52.56781],[13.22697,52.56807],[13.22691,52.56875],[13.22673,52.56933],[13.22642,52.5698],[13.2253,52.57122],[13.2252,52.57151],[13.22518,52.57179],[13.22527,52.57261],[13.22522,52.57288],[13.22508,52.57315],[13.22464,52.57363],[13.22392,52.5742],[13.22204,52.57494],[13.22024,52.57605],[13.21886,52.57716],[13.21796,52.57854],[13.21801,52.5797],[13.21831,52.58096],[13.21808,52.58146],[13.2177,52.58194],[13.21721,52.5824],[13.21616,52.58296],[13.21543,52.58353],[13.21521,52.58387],[13.21517,52.58433],[13.21536,52.58476],[13.21643,52.58571],[13.2174,52.58748],[13.21124,52.58823],[13.20734,52.58837],[13.20671,52.5866],[13.20538,52.58685],[13.2047,52.58714],[13.20258,52.58787],[13.20149,52.58836],[13.20035,52.58877],[13.19848,52.58901],[13.19786,52.58924],[13.19663,52.58952],[13.19507,52.58967],[13.19376,52.58983],[13.19174,52.59019],[13.19146,52.59032],[13.19086,52.59047],[13.18912,52.5914],[13.18799,52.59171],[13.18671,52.59211],[13.18563,52.59255],[13.18523,52.59289],[13.18447,52.59338],[13.18342,52.59369],[13.18266,52.59382],[13.18191,52.59389],[13.18122,52.59403],[13.17834,52.59488],[13.17781,52.59492],[13.17685,52.59492],[13.17634,52.59499],[13.17473,52.59511],[13.17367,52.59533],[13.17333,52.59548],[13.17252,52.59604],[13.17197,52.59629],[13.17066,52.59661],[13.17008,52.59679],[13.16819,52.597],[13.1679,52.59701],[13.16453,52.5988],[13.15706,52.59763],[13.15389,52.59571],[13.15214,52.59407],[13.14929,52.59187],[13.1491,52.59177],[13.14528,52.59039],[13.14351,52.5897],[13.14172,52.58933],[13.13955,52.58908],[13.13845,52.58887],[13.1379,52.5887],[13.13595,52.58754],[13.13572,52.58742],[13.13548,52.58737],[13.13267,52.58692],[13.13108,52.58693],[13.12896,52.5873],[13.12843,52.58602],[13.12935,52.58593],[13.12796,52.58313],[13.12834,52.58314],[13.12954,52.58327],[13.12989,52.58323],[13.13026,52.58304],[13.13051,52.58277],[13.13081,52.58221],[13.13108,52.58166],[13.13133,52.58092],[13.13168,52.58023],[13.13207,52.57978],[13.13248,52.57961],[13.13261,52.5796],[13.13541,52.58006],[13.13547,52.58001],[13.13603,52.58011],[13.1366,52.58024],[13.13752,52.58053],[13.13916,52.58039],[13.14005,52.5808],[13.14204,52.58134],[13.14301,52.58153],[13.14384,52.58157],[13.14463,52.58203],[13.14961,52.58336],[13.14989,52.58288],[13.15059,52.58259],[13.15124,52.58221],[13.15135,52.58204],[13.15131,52.58165],[13.15193,52.58057],[13.15233,52.58016],[13.1529,52.57926],[13.15316,52.57895],[13.15321,52.57829],[13.15351,52.57791],[13.1536,52.57746],[13.15345,52.57678],[13.15358,52.57632],[13.15367,52.57577],[13.1535,52.57538],[13.15369,52.57478],[13.15346,52.57454],[13.15355,52.57326],[13.15278,52.57248],[13.15289,52.57202],[13.15287,52.5716],[13.15268,52.57097],[13.15239,52.57046],[13.15218,52.57032],[13.15127,52.56999],[13.15119,52.56915],[13.15037,52.56797],[13.15028,52.56771],[13.15085,52.56767],[13.1513,52.56755],[13.15294,52.5671],[13.15455,52.56657],[13.15525,52.56645],[13.15682,52.56629],[13.15688,52.56626],[13.15685,52.56616],[13.15692,52.56608],[13.15718,52.56605],[13.15742,52.56592],[13.15853,52.56518],[13.15963,52.56464],[13.16122,52.56403],[13.16373,52.56349],[13.17141,52.56104],[13.17231,52.56068],[13.17229,52.56061],[13.17508,52.55988],[13.17518,52.56006],[13.17648,52.56361],[13.17786,52.56312],[13.17832,52.56299],[13.17877,52.56291],[13.17917,52.56287],[13.18001,52.56288],[13.1809,52.56293],[13.18123,52.56291],[13.18168,52.56271],[13.18268,52.56196],[13.1829,52.56172],[13.18287,52.56148],[13.18469,52.56118],[13.18611,52.56102],[13.18706,52.561],[13.18998,52.56078],[13.19109,52.56052],[13.1916,52.56045],[13.19353,52.56056],[13.19351,52.56062],[13.19388,52.56073],[13.19531,52.56086],[13.1952,52.56141],[13.19639,52.5617],[13.19696,52.56175],[13.19682,52.56221],[13.19655,52.56272],[13.19689,52.56279],[13.19691,52.56306],[13.19714,52.56357],[13.197,52.56498],[13.1968,52.56565],[13.19676,52.56597],[13.19683,52.56688],[13.19699,52.56728],[13.19708,52.56731],[13.19745,52.56723],[13.19846,52.56694],[13.20208,52.56562]]]]}},{"type":"Feature","id":199,"properties":{"plr_schl":"05100102","plrname":"Am Forstacker","nat_pers":35,"wohmi_fl":"235875","jur_pers":61,"jp_ohn_swg":39.04,"stwbg":0,"genossen":21.96,"sozvermiet":24.96,"plr_id":"05100102"},"geometry":{"type":"MultiPolygon","coordinates":[[[[13.19685,52.56212],[13.20485,52.56231],[13.20833,52.56208],[13.2084,52.56256],[13.20834,52.56256],[13.20893,52.56499],[13.20892,52.56509],[13.2088,52.56519],[13.2087,52.56522],[13.20751,52.56528],[13.2057,52.56517],[13.20511,52.56517],[13.20432,52.56524],[13.20288,52.56542],[13.20204,52.56563],[13.19846,52.56694],[13.19783,52.56713],[13.19708,52.56731],[13.19699,52.56728],[13.19683,52.56688],[13.19676,52.56597],[13.1968,52.56565],[13.197,52.56498],[13.19714,52.56357],[13.19691,52.56306],[13.19689,52.56279],[13.19655,52.56272],[13.19685,52.56212]]]]}},{"type":"Feature","id":200,"properties":{"plr_schl":"05100103","plrname":"Mertensstraße","nat_pers":46,"wohmi_fl":"197523","jur_pers":53,"jp_ohn_swg":25.44,"stwbg":27.56,"genossen":0,"sozvermiet":28.56,"plr_id":"05100103"},"geometry":{"type":"MultiPolygon","coordinates":[[[[13.20822,52.56174],[13.21972,52.56025],[13.21975,52.56033],[13.21983,52.56032],[13.22237,52.55994],[13.22243,52.56001],[13.22255,52.56],[13.22262,52.56005],[13.22269,52.56004],[13.22276,52.56014],[13.22352,52.56038],[13.22377,52.5604],[13.22388,52.56047],[13.22394,52.56056],[13.22392,52.56065],[13.22371,52.56108],[13.22349,52.5614],[13.22353,52.56161],[13.22367,52.56182],[13.22411,52.56198],[13.22523,52.56216],[13.22537,52.56221],[13.22553,52.5624],[13.22553,52.56249],[13.22482,52.56251],[13.22483,52.56277],[13.22495,52.56278],[13.22496,52.56271],[13.22507,52.56269],[13.22554,52.56262],[13.22562,52.56263],[13.22569,52.56272],[13.22575,52.56299],[13.22591,52.56311],[13.22609,52.56332],[13.2261,52.56348],[13.22567,52.56373],[13.22533,52.56387],[13.22522,52.56395],[13.22517,52.5641],[13.22502,52.56424],[13.22531,52.5647],[13.2257,52.56488],[13.22575,52.56486],[13.22587,52.56496],[13.22598,52.56532],[13.22597,52.56562],[13.22395,52.566],[13.22309,52.56608],[13.22297,52.56613],[13.22295,52.56608],[13.22289,52.56609],[13.22289,52.56607],[13.22259,52.56609],[13.22253,52.56612],[13.22254,52.56615],[13.22214,52.5662],[13.22213,52.56616],[13.22094,52.56626],[13.21749,52.56643],[13.21685,52.5665],[13.21056,52.56758],[13.21014,52.56693],[13.20954,52.56628],[13.20913,52.56552],[13.20893,52.56499],[13.20842,52.56293],[13.20834,52.56256],[13.2084,52.56256],[13.20833,52.56208],[13.20824,52.5619],[13.20822,52.56174]]]]}},{"type":"Feature","id":201,"properties":{"plr_schl":"05100104","plrname":"Maselake","nat_pers":22,"wohmi_fl":"260711","jur_pers":78,"jp_ohn_swg":60.06,"stwbg":9.36,"genossen":8.58,"sozvermiet":17.94,"plr_id":"05100104"},"geometry":{"type":"MultiPolygon","coordinates":[[[[13.2073,52.55547],[13.20782,52.55548],[13.20782,52.55555],[13.20789,52.5556],[13.20871,52.55552],[13.2087,52.55535],[13.2112,52.55472],[13.21168,52.55465],[13.21468,52.55486],[13.21519,52.55487],[13.21613,52.55483],[13.21614,52.55491],[13.21602,52.55492],[13.21595,52.55533],[13.21594,52.55586],[13.21584,52.55587],[13.21601,52.55647],[13.21594,52.55668],[13.21574,52.55684],[13.21527,52.55709],[13.21514,52.55713],[13.21473,52.5571],[13.21454,52.5572],[13.21487,52.55821],[13.21483,52.55823],[13.2149,52.55827],[13.21466,52.55844],[13.21436,52.55854],[13.21439,52.55863],[13.21486,52.55857],[13.21507,52.55849],[13.21547,52.55822],[13.2155,52.55749],[13.21601,52.55726],[13.21641,52.55698],[13.21728,52.55689],[13.21733,52.55664],[13.21765,52.55639],[13.2178,52.5552],[13.2179,52.55498],[13.2185,52.55481],[13.21857,52.55483],[13.21873,52.55477],[13.21896,52.55476],[13.21913,52.55531],[13.21918,52.55534],[13.21935,52.55571],[13.21975,52.55599],[13.21993,52.55606],[13.22001,52.55605],[13.22004,52.55609],[13.21999,52.5561],[13.22007,52.55625],[13.22011,52.55624],[13.22014,52.55629],[13.22006,52.5563],[13.22137,52.5572],[13.22141,52.55735],[13.22135,52.55751],[13.22119,52.55765],[13.22115,52.55789],[13.22107,52.55797],[13.22144,52.55902],[13.2215,52.55917],[13.22181,52.55952],[13.22196,52.55952],[13.22237,52.55994],[13.21983,52.56032],[13.21975,52.56033],[13.21972,52.56025],[13.20822,52.56174],[13.20792,52.56005],[13.20791,52.55997],[13.20796,52.55996],[13.20783,52.55943],[13.2073,52.55575],[13.2073,52.55547]]]]}},{"type":"Feature","id":202,"properties":{"plr_schl":"05100105","plrname":"Amorbacher Weg","nat_pers":81,"wohmi_fl":"916056","jur_pers":14,"jp_ohn_swg":2.8,"stwbg":0,"genossen":11.2,"sozvermiet":15.2,"plr_id":"05100105"},"geometry":{"type":"MultiPolygon","coordinates":[[[[13.17229,52.56061],[13.17186,52.55878],[13.17124,52.55578],[13.17105,52.55532],[13.17108,52.55529],[13.17331,52.55475],[13.17557,52.55416],[13.17851,52.5535],[13.1795,52.55325],[13.17958,52.55336],[13.17978,52.55331],[13.18069,52.55306],[13.18065,52.553],[13.18352,52.55222],[13.18574,52.55156],[13.19069,52.55018],[13.19153,52.54986],[13.1915,52.55018],[13.19155,52.55054],[13.19168,52.55088],[13.1919,52.55122],[13.19487,52.55406],[13.19575,52.55484],[13.19605,52.55498],[13.19826,52.55519],[13.19852,52.55506],[13.19902,52.55517],[13.19925,52.55531],[13.2073,52.55547],[13.2073,52.55575],[13.20783,52.55943],[13.20796,52.55996],[13.20791,52.55997],[13.20792,52.56005],[13.20824,52.5619],[13.20833,52.56208],[13.20485,52.56231],[13.19685,52.56212],[13.19696,52.56175],[13.19639,52.5617],[13.1952,52.56141],[13.19531,52.56086],[13.19388,52.56073],[13.19351,52.56062],[13.19353,52.56056],[13.1916,52.56045],[13.19109,52.56052],[13.18998,52.56078],[13.18706,52.561],[13.18611,52.56102],[13.18469,52.56118],[13.18287,52.56148],[13.1829,52.56172],[13.18268,52.56196],[13.18168,52.56271],[13.18123,52.56291],[13.1809,52.56293],[13.18001,52.56288],[13.17917,52.56287],[13.17877,52.56291],[13.17832,52.56299],[13.17786,52.56312],[13.17648,52.56361],[13.17518,52.56006],[13.17508,52.55988],[13.17229,52.56061]]]]}},{"type":"Feature","id":203,"properties":{"plr_schl":"05100206","plrname":"Griesingerstraße","nat_pers":11,"wohmi_fl":"542574","jur_pers":43,"jp_ohn_swg":32.68,"stwbg":10.32,"genossen":0,"sozvermiet":55.32,"plr_id":"05100206"},"geometry":{"type":"MultiPolygon","coordinates":[[[[13.17229,52.56061],[13.17231,52.56068],[13.17141,52.56104],[13.16373,52.56349],[13.16122,52.56403],[13.15963,52.56464],[13.15853,52.56518],[13.15742,52.56592],[13.15718,52.56605],[13.15692,52.56608],[13.15685,52.56616],[13.15688,52.56626],[13.15682,52.56629],[13.15525,52.56645],[13.15455,52.56657],[13.15294,52.5671],[13.1513,52.56755],[13.15085,52.56767],[13.15028,52.56771],[13.15006,52.56707],[13.14987,52.56676],[13.14874,52.56569],[13.14814,52.56519],[13.14802,52.56501],[13.1477,52.5647],[13.14752,52.56441],[13.14745,52.56397],[13.14747,52.56341],[13.14738,52.56247],[13.14714,52.56145],[13.14664,52.56116],[13.14602,52.56086],[13.1458,52.56061],[13.14607,52.5604],[13.14627,52.55933],[13.14656,52.55916],[13.14686,52.55862],[13.14696,52.55769],[13.14693,52.55705],[13.14729,52.55584],[13.14723,52.55494],[13.14717,52.55482],[13.14792,52.5546],[13.14801,52.5547],[13.14893,52.55446],[13.14999,52.55424],[13.16281,52.55183],[13.16369,52.55565],[13.16367,52.55575],[13.16394,52.55676],[13.17105,52.55532],[13.17124,52.55578],[13.17186,52.55878],[13.17229,52.56061]]]]}},{"type":"Feature","id":204,"properties":{"plr_schl":"05100207","plrname":"An der Tränke","nat_pers":85,"wohmi_fl":"404974","jur_pers":14,"jp_ohn_swg":14,"stwbg":0,"genossen":0,"sozvermiet":0,"plr_id":"05100207"},"geometry":{"type":"MultiPolygon","coordinates":[[[[13.14147,52.55244],[13.13778,52.55257],[13.13671,52.55265],[13.13633,52.55271],[13.13445,52.55335],[13.13356,52.55395],[13.13248,52.55493],[13.13102,52.5558],[13.1305,52.55601],[13.12992,52.55491],[13.1291,52.55302],[13.12898,52.55265],[13.12769,52.54977],[13.12788,52.54972],[13.12797,52.54985],[13.12814,52.54989],[13.12948,52.54954],[13.12965,52.54953],[13.13076,52.54924],[13.13092,52.54916],[13.13355,52.54847],[13.14355,52.54592],[13.1436,52.54623],[13.1437,52.54649],[13.14379,52.54731],[13.14382,52.54731],[13.14376,52.54765],[13.14356,52.54809],[13.14189,52.55084],[13.14145,52.55165],[13.14137,52.55209],[13.14147,52.55244]]]]}},{"type":"Feature","id":205,"properties":{"plr_schl":"05100208","plrname":"Im Spektefeld","nat_pers":51,"wohmi_fl":"773268","jur_pers":29,"jp_ohn_swg":13.63,"stwbg":15.37,"genossen":0,"sozvermiet":35.37,"plr_id":"05100208"},"geometry":{"type":"MultiPolygon","coordinates":[[[[13.16822,52.54173],[13.16837,52.54241],[13.16865,52.54319],[13.16832,52.54321],[13.16832,52.54323],[13.17093,52.55518],[13.17105,52.55532],[13.16394,52.55676],[13.16367,52.55575],[13.16369,52.55565],[13.16281,52.55183],[13.14999,52.55424],[13.14893,52.55446],[13.14801,52.5547],[13.14792,52.5546],[13.14717,52.55482],[13.14691,52.55428],[13.14658,52.5541],[13.14614,52.55354],[13.14603,52.55338],[13.14585,52.55293],[13.14558,52.55272],[13.14524,52.55252],[13.14483,52.55248],[13.14459,52.55255],[13.14422,52.55212],[13.14389,52.5519],[13.1436,52.55143],[13.1435,52.55092],[13.14345,52.55039],[13.14352,52.55008],[13.14421,52.54871],[13.1453,52.54712],[13.14609,52.54657],[13.14665,52.54638],[13.14767,52.54635],[13.15266,52.5456],[13.15441,52.54563],[13.15536,52.5456],[13.15642,52.54555],[13.1576,52.5454],[13.15754,52.54512],[13.15777,52.54504],[13.16031,52.54422],[13.16218,52.54374],[13.16382,52.54325],[13.16376,52.54299],[13.16377,52.54271],[13.16453,52.54282],[13.16574,52.54291],[13.16681,52.54287],[13.16785,52.54277],[13.16765,52.54185],[13.16822,52.54173]]]]}},{"type":"Feature","id":206,"properties":{"plr_schl":"05100209","plrname":"Westerwaldstraße","nat_pers":16,"wohmi_fl":"548918","jur_pers":83,"jp_ohn_swg":62.25,"stwbg":20.75,"genossen":0,"sozvermiet":21.75,"plr_id":"05100209"},"geometry":{"type":"MultiPolygon","coordinates":[[[[13.16991,52.5505],[13.17836,52.54891],[13.1782,52.54857],[13.17809,52.54853],[13.17794,52.54824],[13.17739,52.54714],[13.1771,52.54644],[13.17681,52.54552],[13.17646,52.5438],[13.17653,52.54375],[13.17697,52.54369],[13.17752,52.54355],[13.18219,52.54198],[13.18226,52.54201],[13.18282,52.54543],[13.18296,52.54557],[13.18334,52.54569],[13.18444,52.5456],[13.18489,52.54773],[13.18452,52.54777],[13.18444,52.54774],[13.18426,52.54777],[13.18385,52.54785],[13.18386,52.54788],[13.18317,52.54801],[13.18312,52.54806],[13.18407,52.54949],[13.18417,52.54953],[13.18419,52.54964],[13.18411,52.5497],[13.18394,52.55022],[13.18389,52.55079],[13.18401,52.55131],[13.18414,52.55158],[13.18442,52.55196],[13.18065,52.553],[13.18069,52.55306],[13.17978,52.55331],[13.17958,52.55336],[13.1795,52.55325],[13.17851,52.5535],[13.17557,52.55416],[13.17331,52.55475],[13.17124,52.55524],[13.17105,52.55532],[13.17093,52.55518],[13.16991,52.5505]]]]}},{"type":"Feature","id":207,"properties":{"plr_schl":"05100210","plrname":"Germersheimer Platz","nat_pers":39,"wohmi_fl":"386635","jur_pers":59,"jp_ohn_swg":46.61,"stwbg":12.39,"genossen":0,"sozvermiet":14.39,"plr_id":"05100210"},"geometry":{"type":"MultiPolygon","coordinates":[[[[13.19205,52.54596],[13.19192,52.54642],[13.19153,52.54986],[13.19069,52.55018],[13.18574,52.55156],[13.18442,52.55196],[13.18414,52.55158],[13.18401,52.55131],[13.18389,52.55079],[13.18394,52.55022],[13.18411,52.5497],[13.18419,52.54964],[13.18417,52.54953],[13.18407,52.54949],[13.18312,52.54806],[13.18317,52.54801],[13.18386,52.54788],[13.18385,52.54785],[13.18426,52.54777],[13.18444,52.54774],[13.18452,52.54777],[13.18489,52.54773],[13.18444,52.5456],[13.18334,52.54569],[13.18296,52.54557],[13.18282,52.54543],[13.18226,52.54201],[13.18219,52.54198],[13.18287,52.54176],[13.18323,52.54173],[13.18359,52.54162],[13.18421,52.54157],[13.18419,52.54147],[13.18628,52.54147],[13.19281,52.54471],[13.19208,52.54584],[13.19205,52.54596]]]]}},{"type":"Feature","id":208,"properties":{"plr_schl":"05100211","plrname":"An der Kappe","nat_pers":93,"wohmi_fl":"874525","jur_pers":5,"jp_ohn_swg":4.7,"stwbg":0.3,"genossen":0,"sozvermiet":1.3,"plr_id":"05100211"},"geometry":{"type":"MultiPolygon","coordinates":[[[[13.15104,52.54386],[13.15264,52.54345],[13.15297,52.5434],[13.15303,52.54349],[13.15564,52.54279],[13.15579,52.5428],[13.15732,52.54242],[13.15754,52.54227],[13.16181,52.54113],[13.16495,52.54035],[13.16672,52.53983],[13.16775,52.53959],[13.16853,52.53944],[13.17014,52.53921],[13.17047,52.53915],[13.17047,52.53913],[13.17076,52.5391],[13.17358,52.5386],[13.1755,52.53831],[13.17557,52.53831],[13.17559,52.53837],[13.17563,52.53837],[13.17608,52.53822],[13.17636,52.53807],[13.17662,52.53802],[13.17674,52.538],[13.17675,52.53807],[13.17684,52.53806],[13.18164,52.53725],[13.18183,52.53793],[13.18187,52.53793],[13.18193,52.53831],[13.18188,52.53832],[13.18191,52.53837],[13.18231,52.53858],[13.18251,52.53912],[13.18267,52.53934],[13.18303,52.53971],[13.18301,52.53982],[13.18309,52.53981],[13.18311,52.53986],[13.18321,52.54031],[13.18314,52.54119],[13.18323,52.54173],[13.18287,52.54176],[13.17752,52.54355],[13.17697,52.54369],[13.17653,52.54375],[13.17646,52.5438],[13.17681,52.54552],[13.1771,52.54644],[13.17739,52.54714],[13.17794,52.54824],[13.17809,52.54853],[13.1782,52.54857],[13.17836,52.54891],[13.16991,52.5505],[13.16832,52.54323],[13.16832,52.54321],[13.16865,52.54319],[13.16837,52.54241],[13.16822,52.54173],[13.16765,52.54185],[13.16785,52.54277],[13.16681,52.54287],[13.16574,52.54291],[13.16453,52.54282],[13.16377,52.54271],[13.16376,52.54299],[13.16382,52.54325],[13.16218,52.54374],[13.16031,52.54422],[13.15777,52.54504],[13.15754,52.54512],[13.1576,52.5454],[13.15642,52.54555],[13.15536,52.5456],[13.15441,52.54563],[13.15266,52.5456],[13.14767,52.54635],[13.14665,52.54638],[13.14609,52.54657],[13.1453,52.54712],[13.14421,52.54871],[13.14352,52.55008],[13.14345,52.55039],[13.1436,52.55143],[13.14389,52.5519],[13.14422,52.55212],[13.14321,52.55208],[13.14256,52.55225],[13.14147,52.55244],[13.14137,52.55209],[13.14145,52.55165],[13.14189,52.55084],[13.14356,52.54809],[13.14376,52.54765],[13.14382,52.54731],[13.14379,52.54731],[13.1437,52.54649],[13.1436,52.54623],[13.14355,52.54592],[13.14391,52.5458],[13.15083,52.54397],[13.15104,52.54386]]]]}},{"type":"Feature","id":209,"properties":{"plr_schl":"05100312","plrname":"Eckschanze","nat_pers":56,"wohmi_fl":"125637","jur_pers":43,"jp_ohn_swg":42.57,"stwbg":0.43,"genossen":0,"sozvermiet":0.43,"plr_id":"05100312"},"geometry":{"type":"MultiPolygon","coordinates":[[[[13.19902,52.55517],[13.19852,52.55506],[13.19826,52.55519],[13.1962,52.55501],[13.19605,52.55498],[13.1958,52.55487],[13.19487,52.55406],[13.19212,52.55145],[13.1919,52.55122],[13.19165,52.55082],[13.19151,52.5503],[13.19153,52.54986],[13.19309,52.54924],[13.19465,52.54857],[13.19559,52.54821],[13.19676,52.54846],[13.19821,52.54852],[13.20097,52.54876],[13.20024,52.55141],[13.20007,52.55153],[13.19982,52.5521],[13.19926,52.55367],[13.19924,52.55375],[13.1993,52.55374],[13.19902,52.55517]]]]}},{"type":"Feature","id":210,"properties":{"plr_schl":"05100313","plrname":"Eiswerder","nat_pers":42,"wohmi_fl":"252240","jur_pers":54,"jp_ohn_swg":31.32,"stwbg":7.56,"genossen":15.12,"sozvermiet":25.68,"plr_id":"05100313"},"geometry":{"type":"MultiPolygon","coordinates":[[[[13.22356,52.56127],[13.22371,52.56108],[13.22392,52.56065],[13.22394,52.56056],[13.22388,52.56047],[13.22377,52.5604],[13.22352,52.56038],[13.22276,52.56014],[13.22269,52.56004],[13.22262,52.56005],[13.22255,52.56],[13.22243,52.56001],[13.22196,52.55952],[13.22181,52.55952],[13.22166,52.55936],[13.22147,52.5591],[13.22107,52.55797],[13.22115,52.55789],[13.22119,52.55765],[13.22135,52.55751],[13.22141,52.55735],[13.22137,52.5572],[13.22006,52.5563],[13.22014,52.55629],[13.22011,52.55624],[13.22007,52.55625],[13.21999,52.5561],[13.22004,52.55609],[13.22001,52.55605],[13.21993,52.55606],[13.21975,52.55599],[13.21935,52.55571],[13.21918,52.55534],[13.21913,52.55531],[13.21896,52.55476],[13.21873,52.55477],[13.21857,52.55483],[13.2185,52.55481],[13.2179,52.55498],[13.2178,52.5552],[13.21765,52.55639],[13.21733,52.55664],[13.21728,52.55689],[13.21641,52.55698],[13.21601,52.55726],[13.2155,52.55749],[13.21547,52.55822],[13.21507,52.55849],[13.21486,52.55857],[13.21439,52.55863],[13.21436,52.55854],[13.21466,52.55844],[13.2149,52.55827],[13.21483,52.55823],[13.21487,52.55821],[13.21454,52.5572],[13.21473,52.5571],[13.21514,52.55713],[13.21527,52.55709],[13.21574,52.55684],[13.21594,52.55668],[13.21601,52.55647],[13.21584,52.55587],[13.21594,52.55586],[13.21595,52.55533],[13.21602,52.55492],[13.21614,52.55491],[13.21613,52.55483],[13.21519,52.55487],[13.21468,52.55486],[13.21168,52.55465],[13.2112,52.55472],[13.2087,52.55535],[13.20871,52.55552],[13.20789,52.5556],[13.20782,52.55555],[13.20782,52.55548],[13.19925,52.55531],[13.19902,52.55517],[13.1993,52.55374],[13.19924,52.55375],[13.19926,52.55367],[13.19982,52.5521],[13.20007,52.55153],[13.20024,52.55141],[13.20071,52.54973],[13.20108,52.54976],[13.20109,52.54974],[13.2042,52.55005],[13.20962,52.55064],[13.20971,52.55051],[13.21005,52.54944],[13.21011,52.54906],[13.2101,52.54871],[13.21003,52.54855],[13.20997,52.54856],[13.20891,52.54669],[13.20896,52.54668],[13.20888,52.54654],[13.20883,52.54655],[13.20828,52.54564],[13.20801,52.54541],[13.2083,52.54531],[13.21066,52.54472],[13.21052,52.54429],[13.21019,52.54388],[13.21186,52.54374],[13.21508,52.54356],[13.21593,52.54374],[13.21759,52.54421],[13.21892,52.54469],[13.21964,52.54501],[13.22044,52.54543],[13.22072,52.54561],[13.22122,52.54602],[13.22153,52.54638],[13.22264,52.5481],[13.22274,52.54831],[13.22284,52.54872],[13.22194,52.55406],[13.22197,52.55456],[13.22208,52.55517],[13.22241,52.55616],[13.22296,52.55725],[13.2242,52.55935],[13.22453,52.55984],[13.22498,52.56027],[13.22557,52.56073],[13.22623,52.56112],[13.22684,52.56142],[13.22737,52.56163],[13.22784,52.56189],[13.22801,52.56203],[13.22823,52.56231],[13.22833,52.56265],[13.22829,52.56295],[13.22798,52.56348],[13.2279,52.56384],[13.22796,52.56409],[13.22866,52.56536],[13.22871,52.5656],[13.2287,52.56593],[13.22859,52.56627],[13.22838,52.5666],[13.22801,52.56695],[13.22739,52.56741],[13.22664,52.56678],[13.22696,52.56656],[13.22708,52.56637],[13.22709,52.56624],[13.22689,52.56611],[13.22662,52.56606],[13.22661,52.56603],[13.22641,52.56597],[13.2264,52.56599],[13.22629,52.56595],[13.22627,52.56591],[13.22624,52.56593],[13.22618,52.5659],[13.22616,52.56585],[13.22614,52.56587],[13.2261,52.56585],[13.22597,52.56562],[13.22598,52.56532],[13.22587,52.56496],[13.22575,52.56486],[13.2257,52.56488],[13.22531,52.5647],[13.22502,52.56424],[13.22517,52.5641],[13.22522,52.56395],[13.22533,52.56387],[13.22567,52.56373],[13.2261,52.56348],[13.22609,52.56332],[13.22591,52.56311],[13.22575,52.56299],[13.22569,52.56272],[13.22562,52.56263],[13.22554,52.56262],[13.22507,52.56269],[13.22496,52.56271],[13.22495,52.56278],[13.22483,52.56277],[13.22482,52.56251],[13.22553,52.56249],[13.22553,52.5624],[13.22537,52.56221],[13.22523,52.56216],[13.22411,52.56198],[13.22367,52.56182],[13.22349,52.56148],[13.22356,52.56127]]]]}},{"type":"Feature","id":211,"properties":{"plr_schl":"05100314","plrname":"Kurstraße","nat_pers":72,"wohmi_fl":"168198","jur_pers":22,"jp_ohn_swg":20.68,"stwbg":1.32,"genossen":0,"sozvermiet":5.32,"plr_id":"05100314"},"geometry":{"type":"MultiPolygon","coordinates":[[[[13.2111,52.54379],[13.21019,52.54388],[13.21052,52.54429],[13.21066,52.54472],[13.2083,52.54531],[13.20801,52.54541],[13.20828,52.54564],[13.20883,52.54655],[13.20888,52.54654],[13.20896,52.54668],[13.20891,52.54669],[13.20997,52.54856],[13.21003,52.54855],[13.2101,52.54871],[13.21011,52.54906],[13.21005,52.54944],[13.20971,52.55051],[13.20962,52.55064],[13.2042,52.55005],[13.20109,52.54974],[13.20108,52.54976],[13.20071,52.54973],[13.20097,52.54876],[13.20054,52.54871],[13.20065,52.54829],[13.2012,52.54756],[13.2016,52.54705],[13.2018,52.5469],[13.20399,52.54486],[13.20514,52.54369],[13.20606,52.54284],[13.2057,52.54216],[13.2054,52.54182],[13.20502,52.54155],[13.20462,52.54132],[13.20428,52.54116],[13.20387,52.54104],[13.20448,52.5407],[13.20438,52.54055],[13.20437,52.54038],[13.20446,52.54024],[13.20464,52.54012],[13.20558,52.53976],[13.20564,52.53977],[13.20575,52.53988],[13.20703,52.53997],[13.2073,52.54008],[13.20891,52.53981],[13.20897,52.53984],[13.20912,52.53954],[13.20909,52.53835],[13.20945,52.53831],[13.20951,52.53884],[13.20945,52.53925],[13.20853,52.54146],[13.20848,52.54192],[13.20854,52.54225],[13.20867,52.54255],[13.20899,52.54288],[13.20924,52.54302],[13.20959,52.54314],[13.21031,52.54329],[13.21053,52.54337],[13.21082,52.54353],[13.2111,52.54379]]]]}},{"type":"Feature","id":212,"properties":{"plr_schl":"05100315","plrname":"Ackerstraße","nat_pers":75,"wohmi_fl":"205805","jur_pers":24,"jp_ohn_swg":21.84,"stwbg":2.16,"genossen":0,"sozvermiet":3.16,"plr_id":"05100315"},"geometry":{"type":"MultiPolygon","coordinates":[[[[13.20054,52.54871],[13.19821,52.54852],[13.19676,52.54846],[13.19559,52.54821],[13.19465,52.54857],[13.19309,52.54924],[13.19153,52.54986],[13.19192,52.54642],[13.19205,52.54596],[13.19344,52.5457],[13.19403,52.54548],[13.19429,52.54533],[13.19517,52.54467],[13.1995,52.54201],[13.20063,52.54138],[13.20208,52.54067],[13.20243,52.54105],[13.20271,52.54099],[13.20304,52.54096],[13.20375,52.54101],[13.20428,52.54116],[13.20475,52.54139],[13.20518,52.54166],[13.20554,52.54195],[13.2057,52.54216],[13.20606,52.54284],[13.20514,52.54369],[13.20399,52.54486],[13.2018,52.5469],[13.2016,52.54705],[13.20065,52.54829],[13.20054,52.54871]]]]}},{"type":"Feature","id":213,"properties":{"plr_schl":"05100316","plrname":"Carl-Schurz-Straße","nat_pers":43,"wohmi_fl":"429160","jur_pers":55,"jp_ohn_swg":16.5,"stwbg":38.5,"genossen":0,"sozvermiet":40.5,"plr_id":"05100316"},"geometry":{"type":"MultiPolygon","coordinates":[[[[13.18208,52.53718],[13.18717,52.53635],[13.18724,52.53629],[13.1896,52.53598],[13.19239,52.53555],[13.1925,52.53562],[13.19286,52.53559],[13.19294,52.53555],[13.19395,52.53544],[13.19763,52.53487],[13.19917,52.53457],[13.20017,52.53432],[13.20178,52.53385],[13.20196,52.53381],[13.20197,52.53383],[13.20326,52.53342],[13.20576,52.53454],[13.20664,52.53502],[13.20679,52.53504],[13.20772,52.53553],[13.20829,52.53573],[13.20863,52.53616],[13.20822,52.53647],[13.20873,52.537],[13.20918,52.53763],[13.20935,52.53797],[13.20945,52.53831],[13.20909,52.53835],[13.20912,52.53954],[13.20897,52.53984],[13.20891,52.53981],[13.2073,52.54008],[13.20703,52.53997],[13.20575,52.53988],[13.20564,52.53977],[13.20558,52.53976],[13.20484,52.54003],[13.20451,52.5402],[13.20441,52.54029],[13.20436,52.54042],[13.20438,52.54055],[13.20448,52.5407],[13.20387,52.54104],[13.20352,52.54098],[13.20304,52.54096],[13.20271,52.54099],[13.20243,52.54105],[13.20208,52.54067],[13.20063,52.54138],[13.1995,52.54201],[13.19517,52.54467],[13.19429,52.54533],[13.19403,52.54548],[13.19344,52.5457],[13.19205,52.54596],[13.19208,52.54584],[13.19281,52.54471],[13.18628,52.54147],[13.18419,52.54147],[13.18421,52.54157],[13.18359,52.54162],[13.18323,52.54173],[13.18314,52.54119],[13.18321,52.54031],[13.1831,52.53983],[13.18309,52.53981],[13.18301,52.53982],[13.18303,52.53971],[13.18267,52.53934],[13.18251,52.53912],[13.18231,52.53858],[13.18191,52.53837],[13.18188,52.53832],[13.18193,52.53831],[13.18187,52.53793],[13.18183,52.53793],[13.18164,52.53725],[13.18208,52.53718]]]]}},{"type":"Feature","id":214,"properties":{"plr_schl":"05100317","plrname":"Freiheit","nat_pers":64,"wohmi_fl":"108930","jur_pers":31,"jp_ohn_swg":23.25,"stwbg":7.75,"genossen":0,"sozvermiet":8.75,"plr_id":"05100317"},"geometry":{"type":"MultiPolygon","coordinates":[[[[13.22556,52.5258],[13.22595,52.52579],[13.2273,52.52561],[13.22804,52.52571],[13.22818,52.52602],[13.23093,52.52588],[13.23128,52.52577],[13.23386,52.52603],[13.23485,52.52604],[13.2368,52.52614],[13.23681,52.5261],[13.23803,52.52613],[13.23878,52.5261],[13.23918,52.52604],[13.23983,52.52588],[13.23997,52.52609],[13.24013,52.52599],[13.24056,52.52596],[13.24199,52.52559],[13.24232,52.52555],[13.24429,52.52497],[13.246,52.52455],[13.24614,52.52452],[13.24619,52.52456],[13.24626,52.52456],[13.24751,52.52429],[13.2477,52.52457],[13.24763,52.52464],[13.24762,52.52492],[13.24742,52.52533],[13.24724,52.52587],[13.24711,52.5273],[13.24695,52.5275],[13.24682,52.52758],[13.24653,52.52767],[13.24634,52.52769],[13.2469,52.52872],[13.23942,52.53227],[13.23745,52.53307],[13.23599,52.53349],[13.23397,52.53393],[13.23181,52.53433],[13.23166,52.53407],[13.22711,52.53385],[13.22466,52.53379],[13.22319,52.53379],[13.22222,52.53383],[13.22133,52.53391],[13.21912,52.53421],[13.2173,52.53457],[13.21659,52.53473],[13.21545,52.53505],[13.21471,52.5353],[13.21331,52.53587],[13.21277,52.53605],[13.21159,52.5363],[13.21094,52.53637],[13.21023,52.53639],[13.20973,52.53634],[13.20863,52.53616],[13.20829,52.53573],[13.20772,52.53553],[13.20679,52.53504],[13.20664,52.53502],[13.20576,52.53454],[13.20447,52.53394],[13.20327,52.53343],[13.20339,52.53338],[13.20284,52.53304],[13.20273,52.53305],[13.20162,52.53211],[13.20165,52.53208],[13.20151,52.53197],[13.20329,52.53114],[13.2073,52.52908],[13.20832,52.52866],[13.20959,52.52817],[13.21096,52.52773],[13.21192,52.52748],[13.21307,52.52726],[13.21505,52.52702],[13.21565,52.52704],[13.21636,52.52712],[13.21724,52.52731],[13.21764,52.52743],[13.21964,52.52824],[13.22047,52.5285],[13.2213,52.5287],[13.22238,52.52887],[13.22256,52.52858],[13.22237,52.52855],[13.22252,52.52832],[13.22265,52.52796],[13.22271,52.52751],[13.22262,52.52706],[13.22228,52.52639],[13.22207,52.52625],[13.22202,52.52617],[13.22395,52.52589],[13.22556,52.5258]]]]}},{"type":"Feature","id":215,"properties":{"plr_schl":"05200418","plrname":"Isenburger Weg","nat_pers":97,"wohmi_fl":"990779","jur_pers":1,"jp_ohn_swg":1,"stwbg":0,"genossen":0,"sozvermiet":1,"plr_id":"05200418"},"geometry":{"type":"MultiPolygon","coordinates":[[[[13.1242,52.5391],[13.14042,52.53795],[13.14195,52.5379],[13.14215,52.53859],[13.14259,52.53956],[13.14272,52.53973],[13.14369,52.54588],[13.13355,52.54847],[13.13092,52.54916],[13.13076,52.54924],[13.12965,52.54953],[13.12948,52.54954],[13.12814,52.54989],[13.12797,52.54985],[13.12788,52.54972],[13.12769,52.54977],[13.1265,52.54721],[13.12569,52.54559],[13.12528,52.54444],[13.12496,52.54379],[13.12561,52.54354],[13.12544,52.54313],[13.1242,52.5391]]]]}},{"type":"Feature","id":216,"properties":{"plr_schl":"05200419","plrname":"Am Heideberg","nat_pers":0,"wohmi_fl":"235456","jur_pers":100,"jp_ohn_swg":0,"stwbg":0,"genossen":100,"sozvermiet":100,"plr_id":"05200419"},"geometry":{"type":"MultiPolygon","coordinates":[[[[13.14195,52.5379],[13.14202,52.53784],[13.14237,52.53782],[13.1424,52.53795],[13.14273,52.53796],[13.14472,52.53773],[13.14478,52.53772],[13.14479,52.53768],[13.1462,52.5376],[13.14666,52.53763],[13.14766,52.53754],[13.14893,52.53747],[13.14889,52.53743],[13.14994,52.53736],[13.15104,52.54386],[13.15083,52.54397],[13.14391,52.5458],[13.14369,52.54588],[13.14272,52.53973],[13.14259,52.53956],[13.14215,52.53859],[13.14195,52.5379]]]]}},{"type":"Feature","id":217,"properties":{"plr_schl":"05200420","plrname":"Staakener Straße","nat_pers":91,"wohmi_fl":"1022652","jur_pers":7,"jp_ohn_swg":6.86,"stwbg":0.14,"genossen":0,"sozvermiet":1.14,"plr_id":"05200420"},"geometry":{"type":"MultiPolygon","coordinates":[[[[13.14994,52.53736],[13.15415,52.53709],[13.15569,52.53714],[13.15699,52.53724],[13.15693,52.53695],[13.15682,52.53693],[13.15676,52.53666],[13.15647,52.53669],[13.15646,52.53639],[13.15653,52.53608],[13.15641,52.53607],[13.15625,52.53597],[13.1538,52.53574],[13.15437,52.53319],[13.1543,52.53315],[13.16368,52.5335],[13.16401,52.53298],[13.16475,52.53212],[13.16658,52.53124],[13.16659,52.5307],[13.16665,52.53069],[13.16573,52.53067],[13.16423,52.53058],[13.16295,52.53065],[13.16248,52.53057],[13.16211,52.53046],[13.16138,52.5302],[13.16048,52.52982],[13.1579,52.52917],[13.15636,52.52897],[13.155,52.52891],[13.15435,52.52699],[13.15453,52.52694],[13.15466,52.5268],[13.15487,52.52631],[13.15502,52.5261],[13.15485,52.52579],[13.1578,52.52522],[13.15852,52.52517],[13.15943,52.52521],[13.16776,52.52649],[13.16848,52.52668],[13.1701,52.52728],[13.17046,52.52737],[13.17107,52.52743],[13.17158,52.52742],[13.17208,52.52737],[13.17303,52.52714],[13.17369,52.52685],[13.17475,52.52624],[13.17522,52.52603],[13.1774,52.52543],[13.17896,52.52574],[13.18192,52.52642],[13.17914,52.53099],[13.17907,52.53122],[13.17934,52.53372],[13.17942,52.53376],[13.18053,52.5338],[13.18055,52.5339],[13.18169,52.53394],[13.18183,52.53419],[13.18195,52.53544],[13.18219,52.53599],[13.18218,52.53667],[13.18222,52.53677],[13.18201,52.53697],[13.18202,52.53714],[13.18208,52.53718],[13.17684,52.53806],[13.17675,52.53807],[13.17674,52.538],[13.17662,52.53802],[13.17636,52.53807],[13.17608,52.53822],[13.17563,52.53837],[13.17559,52.53837],[13.17557,52.53831],[13.1755,52.53831],[13.17358,52.5386],[13.17076,52.5391],[13.17047,52.53913],[13.17047,52.53915],[13.17014,52.53921],[13.16853,52.53944],[13.16775,52.53959],[13.16672,52.53983],[13.16495,52.54035],[13.16181,52.54113],[13.15754,52.54227],[13.15732,52.54242],[13.15579,52.5428],[13.15564,52.54279],[13.15303,52.54349],[13.15297,52.5434],[13.15264,52.54345],[13.15104,52.54386],[13.14994,52.53736]]]]}},{"type":"Feature","id":218,"properties":{"plr_schl":"05200421","plrname":"Spandauer Straße","nat_pers":63,"wohmi_fl":"295684","jur_pers":28,"jp_ohn_swg":28,"stwbg":0,"genossen":0,"sozvermiet":9,"plr_id":"05200421"},"geometry":{"type":"MultiPolygon","coordinates":[[[[13.14195,52.5379],[13.14042,52.53795],[13.1298,52.53871],[13.12986,52.53839],[13.12994,52.53843],[13.13016,52.53843],[13.1302,52.5384],[13.13009,52.53819],[13.13018,52.53755],[13.13059,52.53648],[13.13068,52.53644],[13.13369,52.5369],[13.13431,52.53687],[13.13486,52.53671],[13.13611,52.53596],[13.13795,52.53518],[13.13827,52.53496],[13.13841,52.53476],[13.13847,52.53455],[13.13829,52.53338],[13.13838,52.53305],[13.13855,52.53284],[13.13886,52.53264],[13.13913,52.53254],[13.13958,52.53246],[13.13996,52.53246],[13.14081,52.53253],[13.14134,52.5326],[13.14142,52.53264],[13.14782,52.53289],[13.1479,52.53294],[13.14815,52.53295],[13.1543,52.53315],[13.15437,52.53319],[13.1538,52.53574],[13.15625,52.53597],[13.15641,52.53607],[13.15653,52.53608],[13.15646,52.53639],[13.15647,52.53669],[13.15676,52.53666],[13.15682,52.53693],[13.15693,52.53695],[13.15699,52.53724],[13.15569,52.53714],[13.15415,52.53709],[13.14889,52.53743],[13.14893,52.53747],[13.14766,52.53754],[13.14666,52.53763],[13.1462,52.5376],[13.14479,52.53768],[13.14478,52.53772],[13.14472,52.53773],[13.14273,52.53796],[13.1424,52.53795],[13.14237,52.53782],[13.14202,52.53784],[13.14195,52.5379]]]]}},{"type":"Feature","id":219,"properties":{"plr_schl":"05200422","plrname":"Werkstraße","nat_pers":68,"wohmi_fl":"248871","jur_pers":27,"jp_ohn_swg":23.22,"stwbg":3.78,"genossen":0,"sozvermiet":6.78,"plr_id":"05200422"},"geometry":{"type":"MultiPolygon","coordinates":[[[[13.13681,52.53565],[13.13611,52.53596],[13.13486,52.53671],[13.13457,52.53681],[13.13417,52.53689],[13.13348,52.53688],[13.13068,52.53644],[13.13059,52.53648],[13.13018,52.53755],[13.13009,52.53819],[13.1302,52.5384],[13.13016,52.53843],[13.12994,52.53843],[13.12986,52.53839],[13.1298,52.53871],[13.1242,52.5391],[13.12418,52.53905],[13.12407,52.53905],[13.12401,52.53895],[13.12391,52.53858],[13.12357,52.5378],[13.12334,52.53708],[13.1231,52.53663],[13.12226,52.5356],[13.12216,52.53539],[13.12179,52.53505],[13.1217,52.53475],[13.12157,52.53451],[13.12157,52.53435],[13.12124,52.53357],[13.1212,52.53328],[13.12035,52.53223],[13.11999,52.53158],[13.1195,52.53033],[13.1192,52.52913],[13.13764,52.5286],[13.13802,52.52861],[13.13864,52.52869],[13.13906,52.52881],[13.13946,52.529],[13.13996,52.52943],[13.1404,52.53026],[13.14068,52.53102],[13.14072,52.53102],[13.14075,52.53107],[13.14131,52.53217],[13.14142,52.53264],[13.14134,52.5326],[13.14081,52.53253],[13.13996,52.53246],[13.13958,52.53246],[13.13909,52.53255],[13.1387,52.53273],[13.13843,52.53297],[13.13829,52.53332],[13.13847,52.53446],[13.13845,52.53466],[13.13837,52.53483],[13.13818,52.53504],[13.13801,52.53515],[13.13681,52.53565]]]]}},{"type":"Feature","id":220,"properties":{"plr_schl":"05200423","plrname":"Magistratsweg","nat_pers":35,"wohmi_fl":"333067","jur_pers":65,"jp_ohn_swg":37.05,"stwbg":27.95,"genossen":0,"sozvermiet":27.95,"plr_id":"05200423"},"geometry":{"type":"MultiPolygon","coordinates":[[[[13.14142,52.53264],[13.14131,52.53217],[13.14091,52.53137],[13.14236,52.53096],[13.14318,52.53055],[13.14373,52.53032],[13.14435,52.53],[13.14531,52.52957],[13.14703,52.52921],[13.14831,52.5289],[13.15,52.52877],[13.15023,52.52866],[13.15041,52.52863],[13.15264,52.52868],[13.15265,52.5287],[13.15415,52.52885],[13.15636,52.52897],[13.1579,52.52917],[13.16048,52.52982],[13.16138,52.5302],[13.16211,52.53046],[13.16248,52.53057],[13.16295,52.53065],[13.16423,52.53058],[13.16573,52.53067],[13.16665,52.53069],[13.16659,52.5307],[13.16656,52.53126],[13.16475,52.53212],[13.16401,52.53298],[13.16368,52.5335],[13.15604,52.5332],[13.14815,52.53295],[13.1479,52.53294],[13.14782,52.53289],[13.14142,52.53264]]]]}},{"type":"Feature","id":221,"properties":{"plr_schl":"05200524","plrname":"Döberitzer Weg","nat_pers":81,"wohmi_fl":"578674","jur_pers":13,"jp_ohn_swg":11.44,"stwbg":1.56,"genossen":0,"sozvermiet":7.56,"plr_id":"05200524"},"geometry":{"type":"MultiPolygon","coordinates":[[[[13.14508,52.52967],[13.14236,52.53096],[13.14091,52.53137],[13.14072,52.53102],[13.14068,52.53102],[13.1404,52.53026],[13.13994,52.52941],[13.13946,52.529],[13.13916,52.52885],[13.13864,52.52869],[13.13802,52.52861],[13.13529,52.52866],[13.1192,52.52913],[13.11892,52.52634],[13.11871,52.52497],[13.11851,52.52321],[13.11833,52.52075],[13.11811,52.5201],[13.11738,52.51706],[13.11927,52.517],[13.12114,52.51723],[13.12278,52.51739],[13.12515,52.51752],[13.12683,52.51753],[13.13003,52.51799],[13.13136,52.51812],[13.13191,52.51813],[13.13261,52.51819],[13.13318,52.51828],[13.13359,52.5184],[13.13609,52.51873],[13.13619,52.51943],[13.13613,52.51948],[13.13409,52.51959],[13.13446,52.52243],[13.13432,52.52244],[13.13424,52.52239],[13.13368,52.52242],[13.13267,52.52248],[13.13261,52.52253],[13.13324,52.52614],[13.14315,52.52404],[13.1439,52.52766],[13.14452,52.52851],[13.14456,52.5286],[13.14437,52.52871],[13.14508,52.52967]]]]}},{"type":"Feature","id":222,"properties":{"plr_schl":"05200525","plrname":"Pillnitzer Weg","nat_pers":77,"wohmi_fl":"254394","jur_pers":22,"jp_ohn_swg":16.72,"stwbg":5.28,"genossen":0,"sozvermiet":5.28,"plr_id":"05200525"},"geometry":{"type":"MultiPolygon","coordinates":[[[[13.14508,52.52967],[13.14437,52.52871],[13.14456,52.5286],[13.14452,52.52851],[13.1439,52.52766],[13.14315,52.52404],[13.13324,52.52614],[13.13261,52.52253],[13.13267,52.52248],[13.13368,52.52242],[13.13424,52.52239],[13.13432,52.52244],[13.13446,52.52243],[13.13409,52.51959],[13.13613,52.51948],[13.13619,52.51943],[13.13609,52.51873],[13.13615,52.51873],[13.13747,52.51885],[13.13853,52.5191],[13.14147,52.51961],[13.14267,52.51977],[13.14318,52.5197],[13.14357,52.51946],[13.14435,52.51919],[13.14446,52.51909],[13.14482,52.51863],[13.14504,52.51806],[13.14563,52.51747],[13.14651,52.51739],[13.1475,52.5172],[13.14921,52.51656],[13.15114,52.51578],[13.15182,52.51555],[13.15416,52.51444],[13.15673,52.51671],[13.15504,52.51765],[13.15618,52.51797],[13.1515,52.52034],[13.15417,52.5217],[13.15424,52.52214],[13.15437,52.52255],[13.15459,52.52275],[13.15512,52.52299],[13.15539,52.52318],[13.156,52.52385],[13.15611,52.52441],[13.15591,52.52558],[13.15485,52.52579],[13.15502,52.5261],[13.15487,52.52631],[13.15466,52.5268],[13.15453,52.52694],[13.15435,52.52699],[13.155,52.52891],[13.15415,52.52885],[13.15265,52.5287],[13.15264,52.52868],[13.15041,52.52863],[13.15023,52.52866],[13.15,52.52877],[13.14831,52.5289],[13.14703,52.52921],[13.14531,52.52957],[13.14508,52.52967]]]]}},{"type":"Feature","id":223,"properties":{"plr_schl":"05200526","plrname":"Rudolf-Wissell-Großsiedlung","nat_pers":7,"wohmi_fl":"212246","jur_pers":93,"jp_ohn_swg":75.33,"stwbg":17.67,"genossen":0,"sozvermiet":17.67,"plr_id":"05200526"},"geometry":{"type":"MultiPolygon","coordinates":[[[[13.15618,52.51797],[13.1596,52.51896],[13.15985,52.51912],[13.16017,52.51924],[13.16197,52.51975],[13.16217,52.51988],[13.16252,52.52039],[13.16264,52.52077],[13.16258,52.52115],[13.16094,52.52524],[13.16085,52.52528],[13.16079,52.52542],[13.15943,52.52521],[13.15852,52.52517],[13.15799,52.5252],[13.15747,52.52527],[13.15591,52.52558],[13.15611,52.52441],[13.156,52.52385],[13.15539,52.52318],[13.15512,52.52299],[13.15459,52.52275],[13.15437,52.52255],[13.15424,52.52214],[13.15417,52.5217],[13.1515,52.52034],[13.15618,52.51797]]]]}},{"type":"Feature","id":224,"properties":{"plr_schl":"05200527","plrname":"Maulbeerallee","nat_pers":28,"wohmi_fl":"531788","jur_pers":72,"jp_ohn_swg":6.48,"stwbg":63.36,"genossen":2.16,"sozvermiet":65.52,"plr_id":"05200527"},"geometry":{"type":"MultiPolygon","coordinates":[[[[13.17918,52.5168],[13.1808,52.51756],[13.1849,52.51959],[13.1876,52.52098],[13.18784,52.52126],[13.18856,52.52171],[13.18858,52.52177],[13.18809,52.52224],[13.1879,52.52236],[13.18772,52.52244],[13.18731,52.52255],[13.18733,52.52259],[13.17885,52.52488],[13.17712,52.52531],[13.1774,52.52543],[13.17522,52.52603],[13.17475,52.52624],[13.17369,52.52685],[13.17309,52.52712],[13.17261,52.52726],[13.17193,52.52739],[13.17107,52.52743],[13.17046,52.52737],[13.16998,52.52724],[13.16848,52.52668],[13.16776,52.52649],[13.16079,52.52542],[13.16085,52.52528],[13.16094,52.52524],[13.16258,52.52115],[13.16264,52.52077],[13.16259,52.52055],[13.16249,52.52036],[13.17656,52.51738],[13.17657,52.51733],[13.17918,52.5168]]]]}},{"type":"Feature","id":225,"properties":{"plr_schl":"05200528","plrname":"Weinmeisterhornweg","nat_pers":80,"wohmi_fl":"990332","jur_pers":10,"jp_ohn_swg":2.6,"stwbg":7.4,"genossen":0,"sozvermiet":16.4,"plr_id":"05200528"},"geometry":{"type":"MultiPolygon","coordinates":[[[[13.17918,52.5168],[13.17657,52.51733],[13.17656,52.51738],[13.16249,52.52036],[13.16217,52.51988],[13.16197,52.51975],[13.16017,52.51924],[13.15985,52.51912],[13.1596,52.51896],[13.15504,52.51765],[13.15673,52.51671],[13.15416,52.51444],[13.15522,52.51401],[13.15632,52.51361],[13.15738,52.51317],[13.15772,52.51307],[13.15859,52.51294],[13.16026,52.51235],[13.16244,52.51143],[13.16339,52.51108],[13.1662,52.51015],[13.16882,52.50923],[13.16798,52.50886],[13.16685,52.50799],[13.1653,52.50693],[13.16119,52.5042],[13.15859,52.50259],[13.15724,52.50162],[13.16414,52.50123],[13.1682,52.50097],[13.16968,52.50092],[13.17657,52.50047],[13.17739,52.5004],[13.1781,52.5003],[13.17993,52.50023],[13.17983,52.5005],[13.17956,52.50097],[13.17946,52.50125],[13.17944,52.50147],[13.17989,52.50297],[13.18019,52.50423],[13.18023,52.50443],[13.18019,52.50461],[13.18021,52.50496],[13.18014,52.50544],[13.1796,52.50738],[13.17954,52.50775],[13.17959,52.50792],[13.18035,52.50915],[13.18052,52.50933],[13.18248,52.51212],[13.18285,52.51263],[13.18294,52.51265],[13.18311,52.5128],[13.18444,52.51464],[13.18426,52.5146],[13.18434,52.51472],[13.18481,52.51518],[13.1852,52.51564],[13.17948,52.51679],[13.17918,52.5168]]]]}},{"type":"Feature","id":226,"properties":{"plr_schl":"05200629","plrname":"Borkumer Straße","nat_pers":61,"wohmi_fl":"351337","jur_pers":36,"jp_ohn_swg":36,"stwbg":0,"genossen":0,"sozvermiet":0,"plr_id":"05200629"},"geometry":{"type":"MultiPolygon","coordinates":[[[[13.18219,52.53636],[13.18219,52.53599],[13.18195,52.53544],[13.18183,52.53419],[13.18169,52.53394],[13.18055,52.5339],[13.18053,52.5338],[13.17942,52.53376],[13.17934,52.53372],[13.17907,52.53122],[13.17914,52.53099],[13.18202,52.52626],[13.18813,52.52766],[13.19241,52.52645],[13.19272,52.52695],[13.19283,52.52724],[13.19288,52.52753],[13.19283,52.5281],[13.19264,52.52858],[13.19614,52.52922],[13.19705,52.52915],[13.19655,52.52756],[13.19732,52.52761],[13.19784,52.52761],[13.1978,52.52748],[13.19785,52.52717],[13.19798,52.52695],[13.19842,52.52653],[13.19842,52.52648],[13.19911,52.52597],[13.20041,52.52531],[13.20085,52.52515],[13.20144,52.52504],[13.20175,52.52507],[13.20197,52.52514],[13.20219,52.52533],[13.20232,52.52591],[13.20244,52.52598],[13.20138,52.52702],[13.20083,52.5278],[13.19985,52.52893],[13.19947,52.52958],[13.19937,52.53002],[13.19939,52.5304],[13.19955,52.5309],[13.19972,52.53119],[13.20019,52.53175],[13.2008,52.5323],[13.20151,52.53197],[13.20165,52.53208],[13.20162,52.53211],[13.20273,52.53305],[13.20284,52.53304],[13.20339,52.53338],[13.20197,52.53383],[13.20196,52.53381],[13.20178,52.53385],[13.20017,52.53432],[13.19917,52.53457],[13.19763,52.53487],[13.19395,52.53544],[13.19294,52.53555],[13.19286,52.53559],[13.1925,52.53562],[13.19239,52.53555],[13.1896,52.53598],[13.18724,52.53629],[13.18717,52.53635],[13.18208,52.53718],[13.18202,52.53714],[13.18201,52.53697],[13.18222,52.53677],[13.18218,52.53667],[13.18219,52.53636]]]]}},{"type":"Feature","id":227,"properties":{"plr_schl":"05200630","plrname":"Wilhelmstadt West","nat_pers":58,"wohmi_fl":"337067","jur_pers":40,"jp_ohn_swg":38.4,"stwbg":0.8,"genossen":0.8,"sozvermiet":3.6,"plr_id":"05200630"},"geometry":{"type":"MultiPolygon","coordinates":[[[[13.19532,52.51499],[13.19554,52.51475],[13.19604,52.51406],[13.19634,52.51387],[13.19651,52.5138],[13.19674,52.51376],[13.19676,52.51387],[13.19669,52.51388],[13.19684,52.51459],[13.19715,52.5159],[13.1972,52.51604],[13.19724,52.51604],[13.19763,52.51785],[13.19769,52.52173],[13.19737,52.52417],[13.19709,52.52489],[13.19675,52.52554],[13.19578,52.52717],[13.19554,52.52774],[13.19585,52.52827],[13.19614,52.52922],[13.19264,52.52858],[13.19283,52.5281],[13.19288,52.52753],[13.19283,52.52724],[13.19272,52.52695],[13.19241,52.52645],[13.18813,52.52766],[13.18202,52.52626],[13.18192,52.52642],[13.17896,52.52574],[13.1774,52.52543],[13.17712,52.52531],[13.17885,52.52488],[13.18733,52.52259],[13.18731,52.52255],[13.18772,52.52244],[13.1879,52.52236],[13.18809,52.52224],[13.18924,52.52113],[13.18967,52.52088],[13.18971,52.5193],[13.1924,52.51931],[13.1924,52.51796],[13.19262,52.51796],[13.19265,52.51762],[13.19282,52.51721],[13.19301,52.51695],[13.19333,52.51665],[13.19356,52.51649],[13.19479,52.51582],[13.19533,52.51522],[13.19526,52.51521],[13.19519,52.51514],[13.1952,52.51508],[13.19532,52.51499]]]]}},{"type":"Feature","id":228,"properties":{"plr_schl":"05200631","plrname":"Wilhelmstadt Ost","nat_pers":42,"wohmi_fl":"310442","jur_pers":56,"jp_ohn_swg":50.96,"stwbg":5.04,"genossen":0,"sozvermiet":8.04,"plr_id":"05200631"},"geometry":{"type":"MultiPolygon","coordinates":[[[[13.19614,52.52922],[13.19585,52.52827],[13.19554,52.52774],[13.19578,52.52717],[13.19675,52.52554],[13.19727,52.52449],[13.19737,52.52417],[13.19769,52.52173],[13.19763,52.51785],[13.19724,52.51604],[13.1972,52.51604],[13.19706,52.51557],[13.19669,52.51388],[13.19676,52.51387],[13.19674,52.51376],[13.19728,52.51373],[13.19754,52.51378],[13.19775,52.51391],[13.19806,52.51436],[13.19929,52.51556],[13.19942,52.5157],[13.19932,52.51573],[13.20079,52.51727],[13.20147,52.51756],[13.202,52.51793],[13.20223,52.51793],[13.20204,52.51774],[13.20441,52.51697],[13.20474,52.5169],[13.20527,52.51816],[13.20522,52.51843],[13.20495,52.51851],[13.20484,52.51861],[13.20486,52.51873],[13.20494,52.51873],[13.20495,52.51879],[13.20462,52.51925],[13.20453,52.51973],[13.2047,52.5202],[13.20484,52.52039],[13.20514,52.52064],[13.20527,52.52062],[13.2053,52.52069],[13.2054,52.52068],[13.20541,52.52041],[13.20511,52.51987],[13.20511,52.51935],[13.20527,52.51907],[13.20547,52.51896],[13.20551,52.51901],[13.20563,52.51983],[13.20562,52.5207],[13.20557,52.52102],[13.20529,52.52125],[13.20536,52.52129],[13.20494,52.52164],[13.20431,52.52316],[13.20442,52.52381],[13.20429,52.52399],[13.20244,52.52598],[13.20232,52.52591],[13.20216,52.52529],[13.20187,52.5251],[13.20152,52.52504],[13.20093,52.52513],[13.20062,52.52522],[13.19911,52.52597],[13.19842,52.52648],[13.19842,52.52653],[13.19798,52.52695],[13.19785,52.52717],[13.1978,52.52748],[13.19784,52.52761],[13.19732,52.52761],[13.19655,52.52756],[13.19705,52.52915],[13.19614,52.52922]]]]}},{"type":"Feature","id":229,"properties":{"plr_schl":"05200632","plrname":"Tiefwerder","nat_pers":56,"wohmi_fl":"204672","jur_pers":38,"jp_ohn_swg":9.12,"stwbg":25.84,"genossen":3.04,"sozvermiet":34.88,"plr_id":"05200632"},"geometry":{"type":"MultiPolygon","coordinates":[[[[13.21644,52.51165],[13.21676,52.51194],[13.21714,52.51216],[13.21744,52.5124],[13.21847,52.5134],[13.21883,52.51337],[13.21946,52.51399],[13.21968,52.51401],[13.21975,52.51358],[13.22095,52.51362],[13.22031,52.51429],[13.2201,52.5146],[13.21984,52.51579],[13.21949,52.51816],[13.21939,52.51958],[13.21933,52.51958],[13.21933,52.51963],[13.21939,52.51963],[13.21935,52.52086],[13.21939,52.52142],[13.21956,52.52197],[13.21971,52.52227],[13.21963,52.52229],[13.2197,52.52241],[13.21978,52.5224],[13.21989,52.52262],[13.2208,52.52393],[13.22182,52.52564],[13.22167,52.52567],[13.22207,52.52625],[13.22228,52.52639],[13.22262,52.52706],[13.22271,52.52751],[13.22265,52.52796],[13.22252,52.52832],[13.22237,52.52855],[13.22256,52.52858],[13.2224,52.52885],[13.22238,52.52887],[13.2222,52.52885],[13.22163,52.52876],[13.22047,52.5285],[13.21964,52.52824],[13.21764,52.52743],[13.21724,52.52731],[13.21636,52.52712],[13.21565,52.52704],[13.21505,52.52702],[13.21307,52.52726],[13.21148,52.52758],[13.21033,52.52792],[13.20892,52.52842],[13.20771,52.52891],[13.20681,52.52932],[13.20329,52.53114],[13.2008,52.5323],[13.20019,52.53175],[13.19972,52.53119],[13.19955,52.5309],[13.19942,52.53053],[13.19936,52.53015],[13.19947,52.52958],[13.19985,52.52893],[13.20083,52.5278],[13.20138,52.52702],[13.20247,52.52595],[13.20412,52.52417],[13.2049,52.52459],[13.2052,52.52427],[13.20557,52.52378],[13.20599,52.52311],[13.20621,52.52264],[13.20658,52.52133],[13.20669,52.52033],[13.20663,52.5189],[13.20692,52.51919],[13.20794,52.51993],[13.20812,52.52002],[13.20817,52.52002],[13.20823,52.51997],[13.20817,52.51953],[13.20821,52.51925],[13.20818,52.51908],[13.20781,52.51859],[13.20761,52.51843],[13.2074,52.51806],[13.20743,52.51804],[13.2074,52.51788],[13.20736,52.51786],[13.20737,52.51775],[13.20766,52.51746],[13.20756,52.51735],[13.20726,52.51721],[13.20745,52.51719],[13.20765,52.51729],[13.20778,52.51745],[13.208,52.51738],[13.20812,52.51749],[13.20908,52.51743],[13.2091,52.51735],[13.20921,52.51736],[13.2092,52.51743],[13.20958,52.51753],[13.20979,52.51781],[13.20988,52.51779],[13.20995,52.51785],[13.20999,52.51784],[13.21004,52.51793],[13.21017,52.51801],[13.21047,52.51807],[13.21059,52.51799],[13.21062,52.51782],[13.21073,52.51763],[13.211,52.51743],[13.21092,52.51735],[13.21117,52.51725],[13.21134,52.51724],[13.21133,52.51721],[13.21213,52.51704],[13.21316,52.51648],[13.21381,52.51595],[13.2144,52.51534],[13.21457,52.51522],[13.21476,52.51519],[13.21476,52.51514],[13.21483,52.51511],[13.21496,52.51514],[13.21514,52.51512],[13.21511,52.51509],[13.21555,52.51485],[13.21563,52.51474],[13.21568,52.51463],[13.21563,52.51428],[13.21555,52.51422],[13.21531,52.5137],[13.21539,52.51367],[13.21536,52.51363],[13.2154,52.5135],[13.21566,52.51309],[13.21582,52.51264],[13.21587,52.51262],[13.21592,52.51235],[13.21582,52.51235],[13.21582,52.51229],[13.21602,52.51227],[13.21595,52.51207],[13.21599,52.51201],[13.21595,52.51183],[13.21615,52.51187],[13.21644,52.51165]]]]}},{"type":"Feature","id":230,"properties":{"plr_schl":"05200633","plrname":"Graetschelsteig","nat_pers":17,"wohmi_fl":"111049","jur_pers":83,"jp_ohn_swg":0,"stwbg":76.36,"genossen":6.64,"sozvermiet":83,"plr_id":"05200633"},"geometry":{"type":"MultiPolygon","coordinates":[[[[13.17918,52.5168],[13.17948,52.51679],[13.1852,52.51564],[13.18481,52.51518],[13.18496,52.51522],[13.1852,52.51521],[13.18546,52.51508],[13.18566,52.51503],[13.19042,52.51407],[13.19536,52.51308],[13.19545,52.51315],[13.19687,52.51286],[13.19708,52.51373],[13.19651,52.5138],[13.19611,52.514],[13.19594,52.51416],[13.19547,52.51484],[13.1952,52.51508],[13.1952,52.51516],[13.19533,52.51522],[13.19479,52.51582],[13.19356,52.51649],[13.19326,52.51671],[13.19291,52.51708],[13.19269,52.51748],[13.19262,52.51796],[13.1924,52.51796],[13.1924,52.51931],[13.18971,52.5193],[13.18967,52.52088],[13.18924,52.52113],[13.18858,52.52177],[13.18856,52.52171],[13.18784,52.52126],[13.18769,52.52106],[13.18753,52.52094],[13.1849,52.51959],[13.1808,52.51756],[13.17918,52.5168]]]]}},{"type":"Feature","id":231,"properties":{"plr_schl":"05200634","plrname":"Börnicker Straße","nat_pers":85,"wohmi_fl":"711016","jur_pers":15,"jp_ohn_swg":8.85,"stwbg":0,"genossen":6.15,"sozvermiet":6.15,"plr_id":"05200634"},"geometry":{"type":"MultiPolygon","coordinates":[[[[13.21644,52.51165],[13.21615,52.51187],[13.21595,52.51183],[13.21599,52.51197],[13.21595,52.51207],[13.21602,52.51227],[13.21582,52.51229],[13.21582,52.51235],[13.21592,52.51235],[13.21587,52.51262],[13.21582,52.51264],[13.21566,52.51309],[13.2154,52.5135],[13.21536,52.51363],[13.21539,52.51367],[13.21531,52.5137],[13.21555,52.51422],[13.21563,52.51428],[13.21568,52.51461],[13.21563,52.51474],[13.21555,52.51485],[13.21511,52.51509],[13.21514,52.51512],[13.21496,52.51514],[13.21483,52.51511],[13.21476,52.51514],[13.21476,52.51519],[13.21457,52.51522],[13.2144,52.51534],[13.21381,52.51595],[13.21316,52.51648],[13.21213,52.51704],[13.21133,52.51721],[13.21134,52.51724],[13.21117,52.51725],[13.21092,52.51735],[13.211,52.51743],[13.21073,52.51763],[13.21062,52.51782],[13.21059,52.51799],[13.21047,52.51807],[13.21017,52.51801],[13.21004,52.51793],[13.20999,52.51784],[13.20995,52.51785],[13.20988,52.51779],[13.20979,52.51781],[13.20958,52.51753],[13.2092,52.51743],[13.20921,52.51736],[13.2091,52.51735],[13.20908,52.51743],[13.20812,52.51749],[13.208,52.51738],[13.20778,52.51745],[13.20765,52.51729],[13.20745,52.51719],[13.20726,52.51721],[13.20756,52.51735],[13.20766,52.51746],[13.20737,52.51775],[13.20736,52.51786],[13.2074,52.51788],[13.20743,52.51804],[13.2074,52.51806],[13.20761,52.51843],[13.20781,52.51859],[13.20818,52.51908],[13.20821,52.51925],[13.20817,52.51953],[13.20823,52.51997],[13.20817,52.52002],[13.20812,52.52002],[13.20794,52.51993],[13.20692,52.51919],[13.20663,52.5189],[13.20669,52.52001],[13.20666,52.52081],[13.20658,52.52133],[13.20635,52.52224],[13.20608,52.52294],[13.20579,52.52345],[13.20533,52.52411],[13.2049,52.52459],[13.20412,52.52417],[13.20442,52.52381],[13.20431,52.52316],[13.20494,52.52164],[13.20536,52.52129],[13.20529,52.52125],[13.20558,52.521],[13.20564,52.52],[13.20557,52.51934],[13.20547,52.51896],[13.20527,52.51907],[13.20511,52.51935],[13.20511,52.51987],[13.20541,52.52041],[13.2054,52.52068],[13.2053,52.52069],[13.20527,52.52062],[13.20514,52.52064],[13.20484,52.52039],[13.2047,52.5202],[13.20455,52.5198],[13.20462,52.51925],[13.20495,52.51879],[13.20494,52.51873],[13.20486,52.51873],[13.20484,52.51861],[13.20495,52.51851],[13.20522,52.51843],[13.20527,52.51816],[13.20474,52.5169],[13.20441,52.51697],[13.20204,52.51774],[13.20223,52.51793],[13.202,52.51793],[13.20147,52.51756],[13.20079,52.51727],[13.19932,52.51573],[13.19942,52.5157],[13.19929,52.51556],[13.19806,52.51436],[13.19774,52.5139],[13.19747,52.51376],[13.19708,52.51373],[13.19687,52.51286],[13.19545,52.51315],[13.19536,52.51308],[13.19042,52.51407],[13.18566,52.51503],[13.18546,52.51508],[13.1852,52.51521],[13.18496,52.51522],[13.18481,52.51519],[13.18434,52.51472],[13.18426,52.5146],[13.18444,52.51464],[13.18311,52.5128],[13.18294,52.51265],[13.18285,52.51263],[13.18248,52.51212],[13.18052,52.50933],[13.18035,52.50915],[13.17959,52.50792],[13.17954,52.50775],[13.1796,52.50738],[13.18014,52.50544],[13.18021,52.50496],[13.18019,52.50461],[13.18023,52.50443],[13.18019,52.50423],[13.17989,52.50297],[13.17944,52.50147],[13.17946,52.50125],[13.17956,52.50097],[13.17983,52.5005],[13.17993,52.50023],[13.18214,52.50017],[13.18549,52.49997],[13.1917,52.49868],[13.19521,52.49974],[13.19908,52.49988],[13.20513,52.50135],[13.20973,52.50291],[13.20935,52.5043],[13.20876,52.50505],[13.20933,52.50587],[13.2105,52.5072],[13.21101,52.50852],[13.21186,52.50935],[13.21232,52.50924],[13.21279,52.50919],[13.2128,52.50921],[13.21323,52.5091],[13.21408,52.5091],[13.21446,52.50927],[13.21455,52.50937],[13.21558,52.50916],[13.21569,52.50937],[13.21498,52.50951],[13.21561,52.51039],[13.21587,52.51068],[13.2162,52.51134],[13.21644,52.51165]]]]}},{"type":"Feature","id":232,"properties":{"plr_schl":"05300735","plrname":"Haveleck","nat_pers":44,"wohmi_fl":"195197","jur_pers":53,"jp_ohn_swg":11.66,"stwbg":41.34,"genossen":0,"sozvermiet":43.34,"plr_id":"05300735"},"geometry":{"type":"MultiPolygon","coordinates":[[[[13.22804,52.56338],[13.22829,52.56295],[13.22833,52.56281],[13.2283,52.56248],[13.22815,52.56219],[13.22784,52.56189],[13.22761,52.56175],[13.22623,52.56112],[13.22557,52.56073],[13.22498,52.56027],[13.22453,52.55984],[13.2242,52.55935],[13.22296,52.55725],[13.2225,52.55636],[13.22222,52.55567],[13.222,52.55476],[13.22194,52.55406],[13.22284,52.54877],[13.22303,52.54876],[13.22309,52.54869],[13.22358,52.54868],[13.22368,52.5487],[13.22392,52.54867],[13.22394,52.54873],[13.22533,52.54868],[13.22533,52.54865],[13.22552,52.54865],[13.22554,52.5488],[13.2256,52.54883],[13.22761,52.54949],[13.22735,52.54971],[13.22625,52.55093],[13.22612,52.5511],[13.22599,52.55138],[13.22594,52.55165],[13.22598,52.55188],[13.22594,52.55194],[13.22593,52.55263],[13.22592,52.55434],[13.22596,52.55436],[13.23159,52.55245],[13.2318,52.55235],[13.23185,52.55239],[13.23581,52.55042],[13.23609,52.55022],[13.23614,52.55007],[13.23646,52.55002],[13.2369,52.55104],[13.23694,52.55115],[13.2369,52.55116],[13.23813,52.55426],[13.23834,52.55494],[13.23839,52.55556],[13.23834,52.55644],[13.23831,52.55648],[13.23807,52.55657],[13.23807,52.55752],[13.23385,52.55962],[13.23201,52.56064],[13.23119,52.56124],[13.23092,52.56148],[13.23073,52.5614],[13.22829,52.56312],[13.22804,52.56338]]]]}},{"type":"Feature","id":233,"properties":{"plr_schl":"05300736","plrname":"Zitadellenweg","nat_pers":61,"wohmi_fl":"184700","jur_pers":39,"jp_ohn_swg":32.37,"stwbg":6.63,"genossen":0,"sozvermiet":6.63,"plr_id":"05300736"},"geometry":{"type":"MultiPolygon","coordinates":[[[[13.23255,52.54109],[13.23287,52.54217],[13.23287,52.54249],[13.23235,52.54452],[13.23219,52.54494],[13.23203,52.54519],[13.2309,52.54661],[13.23228,52.54698],[13.23238,52.54694],[13.23248,52.54694],[13.23258,52.54698],[13.23266,52.54708],[13.23648,52.5481],[13.23623,52.54856],[13.23622,52.54883],[13.23617,52.54896],[13.23622,52.54944],[13.23646,52.55002],[13.23614,52.55007],[13.23609,52.55022],[13.23581,52.55042],[13.23185,52.55239],[13.2318,52.55235],[13.23159,52.55245],[13.22596,52.55436],[13.22592,52.55434],[13.22593,52.55263],[13.22594,52.55194],[13.22598,52.55188],[13.22594,52.55165],[13.22599,52.55138],[13.22612,52.5511],[13.22625,52.55093],[13.22735,52.54971],[13.22761,52.54949],[13.2256,52.54883],[13.22554,52.5488],[13.22552,52.54865],[13.22533,52.54865],[13.22533,52.54868],[13.22394,52.54873],[13.22392,52.54867],[13.22368,52.5487],[13.22358,52.54868],[13.22309,52.54869],[13.22303,52.54876],[13.22284,52.54877],[13.2228,52.5485],[13.22264,52.5481],[13.22162,52.5465],[13.22122,52.54602],[13.22072,52.54561],[13.22022,52.54531],[13.21923,52.54482],[13.21843,52.5445],[13.2172,52.54408],[13.21593,52.54374],[13.21508,52.54356],[13.2111,52.54379],[13.21082,52.54353],[13.21053,52.54337],[13.21031,52.54329],[13.20959,52.54314],[13.20924,52.54302],[13.20899,52.54288],[13.20875,52.54266],[13.2086,52.54242],[13.20848,52.54192],[13.20849,52.54162],[13.2086,52.54124],[13.20936,52.53952],[13.2095,52.53903],[13.2095,52.53862],[13.20935,52.53797],[13.20918,52.53763],[13.20873,52.537],[13.20822,52.53647],[13.20863,52.53616],[13.20973,52.53634],[13.21023,52.53639],[13.21094,52.53637],[13.21195,52.53624],[13.21277,52.53605],[13.21331,52.53587],[13.21442,52.53541],[13.21545,52.53505],[13.21659,52.53473],[13.2173,52.53457],[13.21912,52.53421],[13.22039,52.53402],[13.22222,52.53383],[13.22319,52.53379],[13.22466,52.53379],[13.22711,52.53385],[13.23166,52.53407],[13.23181,52.53433],[13.23865,52.53573],[13.23956,52.53597],[13.24039,52.53624],[13.2417,52.53689],[13.24216,52.53698],[13.24245,52.53697],[13.24277,52.5369],[13.24307,52.53675],[13.24337,52.5365],[13.24358,52.53646],[13.24366,52.53651],[13.24454,52.53586],[13.24486,52.53605],[13.24571,52.53678],[13.24596,52.53715],[13.24609,52.53748],[13.24588,52.53761],[13.24587,52.53769],[13.24582,52.53772],[13.24503,52.53809],[13.24438,52.53812],[13.23892,52.53881],[13.23796,52.53888],[13.23717,52.53888],[13.23624,52.53881],[13.23199,52.53822],[13.23194,52.53841],[13.23181,52.53856],[13.23185,52.53908],[13.23182,52.53948],[13.2317,52.53952],[13.23186,52.53979],[13.23196,52.54012],[13.23201,52.54088],[13.23258,52.54084],[13.23255,52.54109]]]]}},{"type":"Feature","id":234,"properties":{"plr_schl":"05300737","plrname":"Gartenfelder Straße","nat_pers":34,"wohmi_fl":"573925","jur_pers":65,"jp_ohn_swg":2.6,"stwbg":62.4,"genossen":0,"sozvermiet":62.4,"plr_id":"05300737"},"geometry":{"type":"MultiPolygon","coordinates":[[[[13.23255,52.54109],[13.23258,52.54084],[13.23201,52.54088],[13.23196,52.54012],[13.23186,52.53979],[13.2317,52.53952],[13.23182,52.53948],[13.23185,52.53908],[13.23181,52.53856],[13.23194,52.53841],[13.23199,52.53822],[13.23624,52.53881],[13.23717,52.53888],[13.23796,52.53888],[13.23892,52.53881],[13.24438,52.53812],[13.24666,52.53802],[13.24788,52.53792],[13.24804,52.53837],[13.24798,52.53842],[13.24808,52.53924],[13.24807,52.53958],[13.24723,52.54326],[13.2472,52.54363],[13.24726,52.54396],[13.24737,52.54421],[13.24755,52.54449],[13.248,52.54503],[13.24816,52.54536],[13.24824,52.54566],[13.24823,52.54626],[13.24797,52.54722],[13.24792,52.54759],[13.24742,52.54756],[13.24727,52.54745],[13.24532,52.5473],[13.2434,52.54711],[13.24308,52.54715],[13.24275,52.54709],[13.24205,52.54703],[13.23967,52.54688],[13.23897,52.54688],[13.23818,52.54702],[13.23752,52.54727],[13.23693,52.54763],[13.23648,52.5481],[13.23266,52.54708],[13.23258,52.54698],[13.23248,52.54694],[13.23238,52.54694],[13.23228,52.54698],[13.2309,52.54661],[13.23203,52.54519],[13.23219,52.54494],[13.23235,52.54452],[13.23287,52.54249],[13.23287,52.54217],[13.23255,52.54109]]]]}},{"type":"Feature","id":235,"properties":{"plr_schl":"05300838","plrname":"Gartenfeld","nat_pers":0,"wohmi_fl":"156714","jur_pers":100,"jp_ohn_swg":62,"stwbg":32,"genossen":6,"sozvermiet":38,"plr_id":"05300838"},"geometry":{"type":"MultiPolygon","coordinates":[[[[13.23828,52.55474],[13.23805,52.55405],[13.2369,52.55116],[13.23694,52.55116],[13.2369,52.55104],[13.23625,52.54953],[13.23618,52.54925],[13.23617,52.54896],[13.23622,52.54883],[13.2362,52.54866],[13.23632,52.54835],[13.23647,52.5481],[13.23683,52.54771],[13.23714,52.54748],[13.23752,52.54727],[13.23794,52.5471],[13.23838,52.54697],[13.23897,52.54688],[13.23967,52.54688],[13.24231,52.54705],[13.24308,52.54715],[13.2434,52.54711],[13.24532,52.5473],[13.24727,52.54745],[13.24742,52.54756],[13.248,52.54759],[13.24811,52.5475],[13.24899,52.54756],[13.2519,52.54779],[13.25203,52.54782],[13.25283,52.54785],[13.25315,52.5479],[13.25629,52.54811],[13.25893,52.54834],[13.26524,52.54881],[13.26729,52.54883],[13.27031,52.54876],[13.27034,52.54934],[13.27024,52.54935],[13.26277,52.54946],[13.25838,52.54958],[13.25695,52.54968],[13.25562,52.54986],[13.25424,52.55013],[13.25299,52.55045],[13.25178,52.55087],[13.25059,52.55133],[13.24945,52.55188],[13.24112,52.55603],[13.24113,52.55593],[13.23895,52.55702],[13.23893,52.55727],[13.23834,52.55752],[13.23814,52.55748],[13.23807,52.55752],[13.23807,52.55657],[13.23833,52.55646],[13.23837,52.55626],[13.23839,52.55539],[13.23828,52.55474]]]]}},{"type":"Feature","id":236,"properties":{"plr_schl":"05300839","plrname":"Rohrdamm","nat_pers":56,"wohmi_fl":"532025","jur_pers":44,"jp_ohn_swg":36.08,"stwbg":0.44,"genossen":7.48,"sozvermiet":7.92,"plr_id":"05300839"},"geometry":{"type":"MultiPolygon","coordinates":[[[[13.24792,52.54759],[13.24801,52.54706],[13.24889,52.54713],[13.24902,52.54707],[13.24897,52.54703],[13.24965,52.54667],[13.24976,52.54667],[13.24988,52.54661],[13.25285,52.54502],[13.25417,52.54438],[13.25424,52.54442],[13.25468,52.54418],[13.25475,52.54406],[13.25696,52.54285],[13.25838,52.54199],[13.25921,52.54154],[13.25924,52.54152],[13.25881,52.54144],[13.25897,52.54137],[13.25889,52.54135],[13.26073,52.54045],[13.26287,52.53928],[13.26324,52.53925],[13.26385,52.53906],[13.26398,52.53881],[13.26416,52.53881],[13.26422,52.53891],[13.26449,52.53886],[13.26508,52.53881],[13.26508,52.53878],[13.27122,52.53867],[13.27221,52.5386],[13.27247,52.53928],[13.27247,52.53942],[13.27348,52.54204],[13.27347,52.54231],[13.27314,52.54291],[13.27337,52.54294],[13.27066,52.54789],[13.27012,52.54845],[13.26997,52.54855],[13.26997,52.54866],[13.2703,52.54865],[13.27031,52.54876],[13.26729,52.54883],[13.26524,52.54881],[13.25893,52.54834],[13.25629,52.54811],[13.25315,52.5479],[13.25283,52.54785],[13.25203,52.54782],[13.2519,52.54779],[13.24899,52.54756],[13.24811,52.5475],[13.24803,52.54758],[13.24792,52.54759]]]]}},{"type":"Feature","id":237,"properties":{"plr_schl":"05300840","plrname":"Nonnendammallee","nat_pers":9,"wohmi_fl":"90186","jur_pers":91,"jp_ohn_swg":71.89,"stwbg":19.11,"genossen":0,"sozvermiet":19.11,"plr_id":"05300840"},"geometry":{"type":"MultiPolygon","coordinates":[[[[13.26868,52.52894],[13.2702,52.52895],[13.27303,52.52881],[13.27401,52.52879],[13.27469,52.52887],[13.27528,52.529],[13.27598,52.52926],[13.27736,52.52996],[13.27761,52.53005],[13.27822,52.5302],[13.27879,52.53027],[13.27925,52.53029],[13.27933,52.53033],[13.27937,52.53029],[13.28022,52.53022],[13.28084,52.53007],[13.28124,52.53057],[13.28142,52.53159],[13.28204,52.53326],[13.28213,52.53364],[13.28202,52.5337],[13.28218,52.53405],[13.28117,52.53425],[13.28016,52.53449],[13.27612,52.53569],[13.27603,52.53571],[13.27602,52.53525],[13.27479,52.53552],[13.27483,52.53559],[13.27364,52.53596],[13.27303,52.53476],[13.27263,52.53479],[13.27043,52.53521],[13.26772,52.53552],[13.26623,52.53564],[13.26602,52.53562],[13.26565,52.53565],[13.26468,52.53736],[13.26444,52.53782],[13.26451,52.53782],[13.26385,52.53906],[13.26324,52.53925],[13.26287,52.53928],[13.26073,52.54045],[13.25889,52.54135],[13.25897,52.54137],[13.25881,52.54144],[13.25924,52.54152],[13.25838,52.54199],[13.25696,52.54285],[13.25475,52.54406],[13.25468,52.54418],[13.25424,52.54442],[13.25417,52.54438],[13.25285,52.54502],[13.24988,52.54661],[13.24976,52.54667],[13.24965,52.54667],[13.24897,52.54703],[13.24902,52.54707],[13.24889,52.54713],[13.24801,52.54706],[13.24823,52.54626],[13.24825,52.54576],[13.24821,52.54552],[13.248,52.54503],[13.24755,52.54449],[13.24737,52.54421],[13.24721,52.54375],[13.24723,52.54326],[13.24807,52.53958],[13.24808,52.53924],[13.24798,52.53842],[13.24804,52.53837],[13.24788,52.53792],[13.24666,52.53802],[13.24503,52.53809],[13.24582,52.53772],[13.24587,52.53769],[13.24588,52.53761],[13.24609,52.53748],[13.24596,52.53715],[13.24571,52.53678],[13.24486,52.53605],[13.24454,52.53586],[13.24366,52.53651],[13.24358,52.53646],[13.24337,52.5365],[13.24307,52.53675],[13.24285,52.53687],[13.24245,52.53697],[13.24197,52.53696],[13.24158,52.53684],[13.24039,52.53624],[13.24,52.5361],[13.23878,52.53576],[13.23181,52.53433],[13.23397,52.53393],[13.2355,52.53361],[13.23649,52.53336],[13.23781,52.53294],[13.24001,52.532],[13.2469,52.52872],[13.24668,52.52831],[13.24758,52.52783],[13.24857,52.52746],[13.24927,52.52728],[13.24981,52.52718],[13.25121,52.52709],[13.25387,52.52705],[13.25685,52.52714],[13.25979,52.52732],[13.26093,52.52754],[13.26328,52.52833],[13.26383,52.52849],[13.26458,52.52863],[13.26457,52.52867],[13.26575,52.52882],[13.2666,52.52886],[13.26766,52.52883],[13.26765,52.5289],[13.26868,52.52894]]]]}},{"type":"Feature","id":238,"properties":{"plr_schl":"05300841","plrname":"Siemensdamm","nat_pers":52,"wohmi_fl":"118963","jur_pers":48,"jp_ohn_swg":32.64,"stwbg":0.96,"genossen":14.4,"sozvermiet":15.36,"plr_id":"05300841"},"geometry":{"type":"MultiPolygon","coordinates":[[[[13.26398,52.53881],[13.26451,52.53782],[13.26444,52.53782],[13.26468,52.53736],[13.26565,52.53565],[13.26602,52.53562],[13.26623,52.53564],[13.26772,52.53552],[13.27043,52.53521],[13.27263,52.53479],[13.27303,52.53476],[13.27364,52.53596],[13.27483,52.53559],[13.27479,52.53552],[13.27602,52.53525],[13.27603,52.53571],[13.27628,52.53564],[13.27633,52.5357],[13.27624,52.53572],[13.27621,52.53585],[13.27626,52.53586],[13.27603,52.53645],[13.27581,52.53684],[13.27547,52.53724],[13.27559,52.53727],[13.27553,52.53736],[13.27523,52.53769],[13.27481,52.53799],[13.27408,52.53837],[13.27343,52.53861],[13.27231,52.53887],[13.27221,52.5386],[13.27122,52.53867],[13.26508,52.53878],[13.26508,52.53881],[13.26449,52.53886],[13.26422,52.53891],[13.26416,52.53881],[13.26398,52.53881]]]]}},{"type":"Feature","id":239,"properties":{"plr_schl":"05400942","plrname":"Alt-Gatow","nat_pers":81,"wohmi_fl":"1024719","jur_pers":8,"jp_ohn_swg":5.04,"stwbg":2.96,"genossen":0,"sozvermiet":13.96,"plr_id":"05400942"},"geometry":{"type":"MultiPolygon","coordinates":[[[[13.15369,52.47562],[13.15369,52.4755],[13.15425,52.47525],[13.152,52.47387],[13.15211,52.47369],[13.15684,52.47111],[13.16246,52.46826],[13.16395,52.46945],[13.1667,52.46829],[13.16241,52.46492],[13.15478,52.46049],[13.15471,52.46052],[13.15366,52.4599],[13.15608,52.45889],[13.15587,52.45866],[13.15576,52.45846],[13.15551,52.45753],[13.15398,52.45569],[13.15389,52.45553],[13.15381,52.45522],[13.15383,52.45482],[13.15556,52.45557],[13.15703,52.45498],[13.15735,52.45514],[13.15789,52.45473],[13.15825,52.45481],[13.15833,52.45495],[13.15861,52.45511],[13.15883,52.45517],[13.15955,52.45528],[13.16074,52.4563],[13.16095,52.45651],[13.16101,52.45663],[13.16111,52.45666],[13.16137,52.45687],[13.16157,52.45694],[13.16173,52.45696],[13.16197,52.45715],[13.16202,52.45726],[13.16199,52.45749],[13.16208,52.45763],[13.16288,52.45857],[13.16302,52.4588],[13.16346,52.45923],[13.16358,52.45921],[13.16371,52.45925],[13.16472,52.45962],[13.1647,52.45964],[13.16477,52.45966],[13.16478,52.45964],[13.16551,52.45991],[13.16623,52.45996],[13.16646,52.45994],[13.16665,52.45998],[13.16702,52.45993],[13.16732,52.45996],[13.16762,52.45994],[13.16811,52.46003],[13.1684,52.46003],[13.16909,52.46012],[13.16918,52.46014],[13.16933,52.46025],[13.16942,52.46026],[13.16977,52.46019],[13.17029,52.4602],[13.17043,52.46023],[13.17078,52.46039],[13.17092,52.46041],[13.17135,52.46041],[13.17185,52.46049],[13.17207,52.46048],[13.17231,52.46041],[13.17257,52.4606],[13.17292,52.46065],[13.17306,52.46075],[13.17315,52.46077],[13.17323,52.46075],[13.17485,52.46128],[13.17549,52.46153],[13.17647,52.46177],[13.17748,52.46213],[13.17761,52.46214],[13.17799,52.46207],[13.17814,52.46234],[13.17821,52.46238],[13.17888,52.46233],[13.17905,52.46237],[13.17925,52.4627],[13.17937,52.46273],[13.17946,52.46267],[13.17951,52.46268],[13.1797,52.4628],[13.17978,52.46296],[13.17991,52.46304],[13.18,52.46324],[13.17995,52.46357],[13.18,52.46403],[13.18033,52.46485],[13.18035,52.46503],[13.18024,52.46526],[13.18,52.46533],[13.17995,52.46539],[13.1797,52.46625],[13.17968,52.46648],[13.17985,52.4668],[13.18021,52.46724],[13.18663,52.46655],[13.18817,52.47184],[13.18827,52.47366],[13.18829,52.47408],[13.18725,52.47865],[13.19017,52.48262],[13.18981,52.48433],[13.18715,52.48713],[13.1866,52.48929],[13.18755,52.49121],[13.18953,52.49293],[13.18945,52.49498],[13.18984,52.49755],[13.1917,52.49868],[13.18549,52.49997],[13.18214,52.50017],[13.1781,52.5003],[13.17739,52.5004],[13.17657,52.50047],[13.16968,52.50092],[13.1682,52.50097],[13.16414,52.50123],[13.15722,52.50162],[13.15123,52.49731],[13.15006,52.49663],[13.14959,52.49631],[13.13555,52.48541],[13.13573,52.48528],[13.13586,52.48526],[13.13645,52.48497],[13.13658,52.48481],[13.13669,52.48476],[13.13687,52.48476],[13.13695,52.48473],[13.13815,52.48413],[13.14026,52.48315],[13.14065,52.48289],[13.1407,52.48198],[13.14009,52.47891],[13.14121,52.47774],[13.14312,52.4782],[13.14339,52.47775],[13.14947,52.47849],[13.1519,52.47819],[13.15404,52.47851],[13.15423,52.47693],[13.1536,52.47661],[13.15372,52.47629],[13.15369,52.47562]]]]}},{"type":"Feature","id":240,"properties":{"plr_schl":"05400943","plrname":"Jägerallee","nat_pers":88,"wohmi_fl":"2372724","jur_pers":11,"jp_ohn_swg":6.49,"stwbg":4.51,"genossen":0,"sozvermiet":4.51,"plr_id":"05400943"},"geometry":{"type":"MultiPolygon","coordinates":[[[[13.15369,52.47562],[13.15372,52.47629],[13.1536,52.47661],[13.15423,52.47693],[13.15404,52.47851],[13.1519,52.47819],[13.14947,52.47849],[13.14339,52.47775],[13.14312,52.4782],[13.14121,52.47774],[13.14009,52.47891],[13.1407,52.48198],[13.14065,52.48289],[13.14026,52.48315],[13.13815,52.48413],[13.13695,52.48473],[13.13687,52.48476],[13.13669,52.48476],[13.13658,52.48481],[13.13645,52.48497],[13.13586,52.48526],[13.13573,52.48528],[13.13555,52.48541],[13.13072,52.48164],[13.12833,52.47982],[13.12657,52.47879],[13.12628,52.47866],[13.12397,52.47825],[13.12217,52.47799],[13.12068,52.47771],[13.1205,52.47775],[13.12041,52.4777],[13.11835,52.47737],[13.11769,52.47732],[13.11755,52.47458],[13.11752,52.47439],[13.11736,52.47401],[13.11723,52.47328],[13.11621,52.47168],[13.11379,52.4698],[13.11395,52.46862],[13.11186,52.46745],[13.11056,52.46566],[13.11143,52.46373],[13.11134,52.46186],[13.1105,52.46],[13.11241,52.45899],[13.11256,52.45852],[13.11267,52.45769],[13.11245,52.45658],[13.11218,52.45553],[13.11203,52.45441],[13.11182,52.45398],[13.11432,52.45389],[13.11831,52.45353],[13.12005,52.45341],[13.122,52.45314],[13.12246,52.4531],[13.12453,52.45305],[13.12629,52.45295],[13.12664,52.45294],[13.12664,52.45297],[13.12792,52.45292],[13.13063,52.45268],[13.1306,52.45271],[13.13313,52.45238],[13.13672,52.45222],[13.13811,52.45228],[13.1386,52.45224],[13.14138,52.45277],[13.14273,52.45307],[13.1438,52.45326],[13.14404,52.45342],[13.14419,52.45359],[13.1445,52.45442],[13.14375,52.45462],[13.14306,52.45501],[13.14302,52.45495],[13.14295,52.45506],[13.14287,52.4551],[13.14193,52.45547],[13.1414,52.45574],[13.13897,52.45775],[13.13829,52.45843],[13.13819,52.45847],[13.13809,52.45847],[13.13588,52.46036],[13.13477,52.46106],[13.13593,52.46228],[13.135,52.46271],[13.13504,52.4629],[13.13463,52.46304],[13.13488,52.46401],[13.13634,52.46342],[13.13966,52.46552],[13.1423,52.46726],[13.14993,52.46421],[13.15023,52.46449],[13.1535,52.46314],[13.15181,52.46169],[13.15478,52.46049],[13.16241,52.46492],[13.1667,52.46829],[13.16395,52.46945],[13.16246,52.46826],[13.15684,52.47111],[13.15211,52.47369],[13.152,52.47387],[13.15425,52.47525],[13.15369,52.4755],[13.15369,52.47562]]]]}},{"type":"Feature","id":241,"properties":{"plr_schl":"05400944","plrname":"Kladower Damm","nat_pers":90,"wohmi_fl":"546934","jur_pers":6,"jp_ohn_swg":6,"stwbg":0,"genossen":0,"sozvermiet":4,"plr_id":"05400944"},"geometry":{"type":"MultiPolygon","coordinates":[[[[13.15471,52.46052],[13.15181,52.46169],[13.1535,52.46314],[13.15023,52.46449],[13.14993,52.46421],[13.1423,52.46726],[13.13966,52.46552],[13.13634,52.46342],[13.13488,52.46401],[13.13463,52.46304],[13.13504,52.4629],[13.135,52.46271],[13.13593,52.46228],[13.13477,52.46106],[13.13588,52.46036],[13.13809,52.45847],[13.13819,52.45847],[13.13829,52.45843],[13.13897,52.45775],[13.1414,52.45574],[13.14193,52.45547],[13.14287,52.4551],[13.14295,52.45506],[13.14302,52.45495],[13.14306,52.45501],[13.14375,52.45462],[13.1445,52.45442],[13.14425,52.45371],[13.1441,52.45348],[13.1438,52.45326],[13.14333,52.45318],[13.14374,52.45308],[13.14479,52.45266],[13.14426,52.45164],[13.14398,52.45133],[13.14403,52.45126],[13.14384,52.45078],[13.14393,52.45074],[13.14369,52.45047],[13.1429,52.45015],[13.14076,52.44945],[13.14072,52.4495],[13.14068,52.44949],[13.13915,52.44902],[13.13864,52.44883],[13.13872,52.44879],[13.13779,52.44845],[13.13532,52.44721],[13.13437,52.44702],[13.13391,52.44689],[13.13383,52.44693],[13.13379,52.44692],[13.13344,52.44675],[13.13352,52.44672],[13.13297,52.44644],[13.13166,52.4458],[13.13159,52.4458],[13.13123,52.44563],[13.13085,52.44552],[13.12876,52.44508],[13.12855,52.44501],[13.12706,52.44426],[13.12713,52.44422],[13.12651,52.44391],[13.12575,52.44392],[13.12571,52.44396],[13.12529,52.444],[13.125,52.44406],[13.12483,52.44412],[13.12481,52.44419],[13.12433,52.44372],[13.12382,52.44339],[13.12359,52.44329],[13.12356,52.44331],[13.12117,52.44255],[13.12075,52.44252],[13.12048,52.44255],[13.11969,52.44278],[13.1191,52.44284],[13.11977,52.44171],[13.11993,52.44152],[13.12312,52.43962],[13.12412,52.44068],[13.12688,52.44115],[13.12805,52.44096],[13.12948,52.44131],[13.13081,52.44141],[13.13172,52.4411],[13.13327,52.44209],[13.13609,52.44238],[13.14852,52.44337],[13.15452,52.4466],[13.15796,52.44938],[13.16173,52.45213],[13.16606,52.454],[13.17085,52.45612],[13.17741,52.45592],[13.18122,52.45962],[13.18531,52.46258],[13.18636,52.46564],[13.18663,52.46655],[13.18021,52.46724],[13.17985,52.4668],[13.17968,52.46648],[13.1797,52.46625],[13.17995,52.46539],[13.18,52.46533],[13.18024,52.46526],[13.18035,52.46503],[13.18033,52.46485],[13.18,52.46403],[13.17995,52.46376],[13.18,52.46324],[13.17991,52.46304],[13.17978,52.46296],[13.1797,52.4628],[13.17951,52.46268],[13.17946,52.46267],[13.17937,52.46273],[13.17925,52.4627],[13.17905,52.46237],[13.17888,52.46233],[13.17821,52.46238],[13.17814,52.46234],[13.17799,52.46207],[13.17761,52.46214],[13.17748,52.46213],[13.17647,52.46177],[13.17549,52.46153],[13.17485,52.46128],[13.17323,52.46075],[13.17315,52.46077],[13.17306,52.46075],[13.17292,52.46065],[13.17257,52.4606],[13.17231,52.46041],[13.17207,52.46048],[13.17185,52.46049],[13.17135,52.46041],[13.17092,52.46041],[13.17078,52.46039],[13.17043,52.46023],[13.17029,52.4602],[13.16977,52.46019],[13.16942,52.46026],[13.16933,52.46025],[13.16918,52.46014],[13.16909,52.46012],[13.1684,52.46003],[13.16811,52.46003],[13.16762,52.45994],[13.16732,52.45996],[13.16702,52.45993],[13.16665,52.45998],[13.16646,52.45994],[13.16623,52.45996],[13.16563,52.45993],[13.16551,52.45991],[13.16478,52.45964],[13.16477,52.45966],[13.1647,52.45964],[13.16472,52.45962],[13.16371,52.45925],[13.16358,52.45921],[13.16346,52.45923],[13.16302,52.4588],[13.16288,52.45857],[13.16208,52.45763],[13.16199,52.45749],[13.162,52.45719],[13.16183,52.45702],[13.16173,52.45696],[13.16157,52.45694],[13.16137,52.45687],[13.16111,52.45666],[13.16101,52.45663],[13.16095,52.45651],[13.16074,52.4563],[13.15955,52.45528],[13.15883,52.45517],[13.15861,52.45511],[13.15833,52.45495],[13.15825,52.45481],[13.15789,52.45473],[13.15735,52.45514],[13.15703,52.45498],[13.15556,52.45557],[13.15383,52.45482],[13.15381,52.45522],[13.15389,52.45553],[13.15398,52.45569],[13.15551,52.45753],[13.15576,52.45846],[13.15587,52.45866],[13.15608,52.45889],[13.15366,52.4599],[13.15471,52.46052]]]]}},{"type":"Feature","id":242,"properties":{"plr_schl":"05400945","plrname":"Kafkastraße","nat_pers":87,"wohmi_fl":"891361","jur_pers":3,"jp_ohn_swg":2.58,"stwbg":0,"genossen":0.42,"sozvermiet":8.42,"plr_id":"05400945"},"geometry":{"type":"MultiPolygon","coordinates":[[[[13.11182,52.45398],[13.11136,52.45316],[13.11108,52.45279],[13.10991,52.45155],[13.10956,52.45108],[13.1093,52.45064],[13.11536,52.44565],[13.11663,52.44517],[13.11901,52.44401],[13.11914,52.44377],[13.11902,52.44313],[13.11902,52.44297],[13.1191,52.44284],[13.11969,52.44278],[13.12048,52.44255],[13.12075,52.44252],[13.12117,52.44255],[13.12356,52.44331],[13.12359,52.44329],[13.12417,52.4436],[13.12481,52.44419],[13.12483,52.44412],[13.125,52.44406],[13.12529,52.444],[13.12571,52.44396],[13.12575,52.44392],[13.12651,52.44391],[13.12713,52.44422],[13.12706,52.44426],[13.12855,52.44501],[13.12876,52.44508],[13.13085,52.44552],[13.13123,52.44563],[13.13159,52.4458],[13.13166,52.4458],[13.13297,52.44644],[13.13352,52.44672],[13.13344,52.44675],[13.13379,52.44692],[13.13383,52.44693],[13.13391,52.44689],[13.13437,52.44702],[13.13532,52.44721],[13.13779,52.44845],[13.13872,52.44879],[13.13864,52.44883],[13.13915,52.44902],[13.14068,52.44949],[13.14072,52.4495],[13.14076,52.44945],[13.14217,52.4499],[13.14363,52.45044],[13.14374,52.45051],[13.14393,52.45074],[13.14384,52.45078],[13.14403,52.45126],[13.14398,52.45133],[13.14426,52.45164],[13.14479,52.45266],[13.14374,52.45308],[13.14333,52.45318],[13.14138,52.45277],[13.1386,52.45224],[13.13811,52.45228],[13.13672,52.45222],[13.13313,52.45238],[13.1306,52.45271],[13.13063,52.45268],[13.12792,52.45292],[13.12664,52.45297],[13.12664,52.45294],[13.12629,52.45295],[13.12453,52.45305],[13.12246,52.4531],[13.122,52.45314],[13.12005,52.45341],[13.11831,52.45353],[13.11432,52.45389],[13.11182,52.45398]]]]}},{"type":"Feature","id":243,"properties":{"plr_schl":"06100101","plrname":"Fichtenberg","nat_pers":70,"wohmi_fl":"561490","jur_pers":27,"jp_ohn_swg":15.66,"stwbg":1.35,"genossen":9.99,"sozvermiet":12.34,"plr_id":"06100101"},"geometry":{"type":"MultiPolygon","coordinates":[[[[13.30889,52.46649],[13.30816,52.4661],[13.3079,52.46606],[13.30752,52.46608],[13.30735,52.46605],[13.30684,52.46587],[13.30615,52.46569],[13.30539,52.46419],[13.30498,52.46322],[13.30414,52.45884],[13.30426,52.45863],[13.30716,52.45915],[13.30682,52.45776],[13.30788,52.45699],[13.30886,52.45602],[13.30914,52.45586],[13.30854,52.45556],[13.30962,52.45455],[13.31003,52.45424],[13.31011,52.45411],[13.31025,52.454],[13.31122,52.45359],[13.31168,52.45346],[13.31242,52.45313],[13.31282,52.45279],[13.31299,52.45283],[13.31351,52.45261],[13.31467,52.45296],[13.31484,52.45302],[13.31481,52.45306],[13.31589,52.45339],[13.31591,52.45342],[13.31657,52.4536],[13.31671,52.45365],[13.31668,52.45368],[13.31693,52.45376],[13.31795,52.45407],[13.31837,52.45408],[13.31886,52.45426],[13.31944,52.455],[13.31972,52.4555],[13.31993,52.45572],[13.3199,52.45573],[13.32026,52.45611],[13.32031,52.4561],[13.32052,52.45631],[13.32109,52.45697],[13.32052,52.45711],[13.31902,52.45762],[13.319,52.4576],[13.3158,52.45879],[13.31702,52.46015],[13.31714,52.46037],[13.31783,52.46111],[13.31755,52.46114],[13.31769,52.46124],[13.31272,52.46297],[13.31454,52.46489],[13.31003,52.46648],[13.30951,52.46683],[13.30889,52.46649]]]]}},{"type":"Feature","id":244,"properties":{"plr_schl":"06100102","plrname":"Schloßstraße","nat_pers":77,"wohmi_fl":"281833","jur_pers":22,"jp_ohn_swg":18.92,"stwbg":0.44,"genossen":2.64,"sozvermiet":4.08,"plr_id":"06100102"},"geometry":{"type":"MultiPolygon","coordinates":[[[[13.31454,52.46489],[13.31272,52.46297],[13.31769,52.46124],[13.31755,52.46114],[13.31783,52.46111],[13.31714,52.46037],[13.31702,52.46015],[13.3158,52.45879],[13.319,52.4576],[13.31902,52.45762],[13.32052,52.45711],[13.32109,52.45697],[13.32052,52.45631],[13.32031,52.4561],[13.32026,52.45611],[13.3199,52.45573],[13.31993,52.45572],[13.31972,52.4555],[13.31944,52.455],[13.31886,52.45426],[13.31837,52.45408],[13.31851,52.45396],[13.31856,52.45397],[13.31896,52.45354],[13.31904,52.45336],[13.31916,52.45322],[13.31956,52.4535],[13.31983,52.45318],[13.31987,52.45321],[13.3199,52.45316],[13.32291,52.45539],[13.3241,52.45488],[13.32413,52.4549],[13.32436,52.45483],[13.32515,52.45548],[13.32535,52.4556],[13.32558,52.45551],[13.326,52.45591],[13.32593,52.45593],[13.32646,52.45643],[13.32642,52.45647],[13.32455,52.4565],[13.32415,52.45616],[13.32389,52.45619],[13.32325,52.45644],[13.32296,52.45652],[13.32297,52.45655],[13.32289,52.45656],[13.32287,52.45661],[13.32478,52.45817],[13.32491,52.45819],[13.32502,52.45815],[13.32663,52.45958],[13.32435,52.46038],[13.32508,52.46116],[13.31454,52.46489]]]]}},{"type":"Feature","id":245,"properties":{"plr_schl":"06100103","plrname":"Markelstraße","nat_pers":75,"wohmi_fl":"186302","jur_pers":24,"jp_ohn_swg":18,"stwbg":0.24,"genossen":5.76,"sozvermiet":6,"plr_id":"06100103"},"geometry":{"type":"MultiPolygon","coordinates":[[[[13.32663,52.45958],[13.32688,52.45979],[13.32646,52.46127],[13.32657,52.46135],[13.32676,52.46137],[13.32675,52.4615],[13.32694,52.46158],[13.32864,52.46336],[13.33063,52.46515],[13.3306,52.46522],[13.3297,52.46554],[13.32967,52.4655],[13.32944,52.46559],[13.32937,52.46557],[13.32816,52.46433],[13.32787,52.4645],[13.32758,52.46461],[13.32099,52.46696],[13.3112,52.46712],[13.31077,52.46701],[13.31066,52.46696],[13.31065,52.4669],[13.30994,52.46723],[13.30951,52.46683],[13.31003,52.46648],[13.32508,52.46116],[13.32435,52.46038],[13.32663,52.45958]]]]}},{"type":"Feature","id":246,"properties":{"plr_schl":"06100204","plrname":"Munsterdamm","nat_pers":55,"wohmi_fl":"395654","jur_pers":41,"jp_ohn_swg":32.39,"stwbg":0.82,"genossen":7.79,"sozvermiet":12.61,"plr_id":"06100204"},"geometry":{"type":"MultiPolygon","coordinates":[[[[13.35598,52.45562],[13.35526,52.45565],[13.3542,52.45564],[13.35419,52.45587],[13.35385,52.45634],[13.35368,52.4567],[13.3533,52.45702],[13.35295,52.45712],[13.35248,52.45708],[13.35199,52.45689],[13.35146,52.45677],[13.35093,52.45673],[13.35089,52.45662],[13.34964,52.45677],[13.34908,52.45677],[13.34904,52.45876],[13.3484,52.45877],[13.34834,52.4588],[13.34788,52.45886],[13.34756,52.45899],[13.33947,52.45857],[13.33899,52.45396],[13.33834,52.45155],[13.33857,52.45153],[13.33849,52.45122],[13.34637,52.45025],[13.34784,52.45003],[13.34783,52.45],[13.34795,52.44999],[13.34795,52.44996],[13.34871,52.44986],[13.34871,52.44991],[13.34875,52.44991],[13.34945,52.44981],[13.34998,52.44976],[13.34998,52.44979],[13.35085,52.44969],[13.35082,52.44958],[13.35169,52.44947],[13.35172,52.44959],[13.35327,52.4494],[13.35331,52.44931],[13.35357,52.44924],[13.35415,52.44915],[13.3543,52.44916],[13.3555,52.44901],[13.35716,52.44875],[13.35882,52.44838],[13.35919,52.44825],[13.35951,52.44805],[13.36067,52.44694],[13.36082,52.44693],[13.36105,52.44702],[13.36101,52.44709],[13.36095,52.44711],[13.3602,52.44855],[13.35972,52.4494],[13.35947,52.44969],[13.35896,52.45062],[13.35863,52.45101],[13.35822,52.45182],[13.35726,52.45333],[13.35729,52.45345],[13.3569,52.45403],[13.35691,52.45409],[13.3564,52.45497],[13.35612,52.45561],[13.35598,52.45562]]]]}},{"type":"Feature","id":247,"properties":{"plr_schl":"06100205","plrname":"Südende","nat_pers":69,"wohmi_fl":"547984","jur_pers":25,"jp_ohn_swg":24.5,"stwbg":0.5,"genossen":0,"sozvermiet":5.5,"plr_id":"06100205"},"geometry":{"type":"MultiPolygon","coordinates":[[[[13.33815,52.44964],[13.33947,52.44859],[13.34244,52.44709],[13.34293,52.44706],[13.34293,52.4469],[13.34287,52.44681],[13.34415,52.44614],[13.34488,52.44567],[13.34521,52.44557],[13.34627,52.44545],[13.34623,52.44536],[13.34644,52.4452],[13.34653,52.44505],[13.34654,52.44494],[13.34648,52.4448],[13.34739,52.44457],[13.34948,52.44414],[13.34941,52.44409],[13.34969,52.44401],[13.34992,52.44397],[13.34997,52.44401],[13.3532,52.4434],[13.35408,52.44326],[13.35408,52.4433],[13.35452,52.44319],[13.35567,52.44301],[13.35618,52.44297],[13.35698,52.44298],[13.35808,52.44305],[13.35864,52.44314],[13.35863,52.4431],[13.35953,52.44329],[13.36018,52.44348],[13.36117,52.44389],[13.36238,52.44457],[13.36149,52.44624],[13.36111,52.44682],[13.3612,52.44686],[13.36105,52.44702],[13.36082,52.44693],[13.36067,52.44694],[13.35951,52.44805],[13.35919,52.44825],[13.35882,52.44838],[13.35716,52.44875],[13.3555,52.44901],[13.3543,52.44916],[13.35415,52.44915],[13.35357,52.44924],[13.35331,52.44931],[13.35327,52.4494],[13.35172,52.44959],[13.35169,52.44947],[13.35082,52.44958],[13.35085,52.44969],[13.34998,52.44979],[13.34998,52.44976],[13.34945,52.44981],[13.34875,52.44991],[13.34871,52.44991],[13.34871,52.44986],[13.34795,52.44996],[13.34795,52.44999],[13.34783,52.45],[13.34784,52.45003],[13.34637,52.45025],[13.33849,52.45122],[13.33822,52.45085],[13.33815,52.45086],[13.33806,52.45052],[13.33791,52.45041],[13.33759,52.45026],[13.33763,52.45023],[13.33751,52.45016],[13.33815,52.44964]]]]}},{"type":"Feature","id":248,"properties":{"plr_schl":"06100206","plrname":"Stadtpark","nat_pers":54,"wohmi_fl":"331054","jur_pers":28,"jp_ohn_swg":19.6,"stwbg":0,"genossen":8.4,"sozvermiet":16.4,"plr_id":"06100206"},"geometry":{"type":"MultiPolygon","coordinates":[[[[13.32575,52.44335],[13.32663,52.4438],[13.32771,52.44425],[13.32762,52.44431],[13.32891,52.44478],[13.33036,52.44518],[13.33044,52.44515],[13.33042,52.44517],[13.33062,52.44523],[13.3309,52.44528],[13.33169,52.44541],[13.33339,52.44556],[13.33452,52.4456],[13.33469,52.44554],[13.33476,52.4456],[13.33529,52.4456],[13.33725,52.44551],[13.33744,52.44547],[13.33884,52.44539],[13.33969,52.44536],[13.34009,52.44539],[13.34042,52.44533],[13.34201,52.4452],[13.34468,52.44507],[13.34606,52.44484],[13.34648,52.4448],[13.34654,52.44501],[13.34644,52.4452],[13.34623,52.44536],[13.34627,52.44545],[13.34521,52.44557],[13.34494,52.44564],[13.34415,52.44614],[13.34287,52.44681],[13.34293,52.4469],[13.34293,52.44706],[13.34244,52.44709],[13.33947,52.44859],[13.33751,52.45016],[13.33763,52.45023],[13.33759,52.45026],[13.33791,52.45041],[13.33806,52.45052],[13.33815,52.45086],[13.33822,52.45085],[13.33849,52.45122],[13.33781,52.45132],[13.33772,52.45124],[13.33715,52.45127],[13.33714,52.45124],[13.33585,52.45141],[13.33564,52.45147],[13.33562,52.4515],[13.33149,52.45317],[13.33068,52.45223],[13.32996,52.45148],[13.32745,52.44856],[13.3265,52.44755],[13.32637,52.44733],[13.32558,52.44652],[13.32544,52.44646],[13.325,52.44601],[13.3245,52.44564],[13.32319,52.44493],[13.32376,52.44453],[13.32575,52.44335]]]]}},{"type":"Feature","id":249,"properties":{"plr_schl":"06100207","plrname":"Mittelstraße","nat_pers":71,"wohmi_fl":"339270","jur_pers":27,"jp_ohn_swg":19.71,"stwbg":1.62,"genossen":5.67,"sozvermiet":9.29,"plr_id":"06100207"},"geometry":{"type":"MultiPolygon","coordinates":[[[[13.31563,52.45073],[13.31781,52.45178],[13.31813,52.45148],[13.31798,52.45141],[13.3183,52.45111],[13.31859,52.45053],[13.31936,52.44965],[13.31939,52.44966],[13.31969,52.4495],[13.31958,52.44943],[13.31979,52.44931],[13.31997,52.44909],[13.32014,52.4485],[13.32037,52.44808],[13.32024,52.44801],[13.31995,52.44793],[13.32001,52.4478],[13.32058,52.44707],[13.32097,52.44669],[13.32247,52.44476],[13.32285,52.44475],[13.3245,52.44564],[13.325,52.44601],[13.32544,52.44646],[13.32558,52.44652],[13.32637,52.44733],[13.3265,52.44755],[13.32745,52.44856],[13.32996,52.45148],[13.33068,52.45223],[13.33149,52.45317],[13.32597,52.45541],[13.32535,52.4556],[13.32515,52.45548],[13.32436,52.45483],[13.32413,52.4549],[13.3241,52.45488],[13.32291,52.45539],[13.3199,52.45316],[13.31987,52.45321],[13.31983,52.45318],[13.31956,52.4535],[13.31916,52.45322],[13.31904,52.45336],[13.31896,52.45354],[13.31856,52.45397],[13.31851,52.45396],[13.31837,52.45408],[13.31795,52.45407],[13.31677,52.45371],[13.31668,52.45368],[13.31671,52.45365],[13.31657,52.4536],[13.31591,52.45342],[13.31589,52.45339],[13.31548,52.45326],[13.31552,52.45324],[13.31526,52.45227],[13.31521,52.45072],[13.31516,52.45052],[13.31527,52.45054],[13.31552,52.45074],[13.31552,52.45078],[13.31558,52.45073],[13.31563,52.45073]]]]}},{"type":"Feature","id":250,"properties":{"plr_schl":"06100208","plrname":"Bergstraße","nat_pers":69,"wohmi_fl":"290997","jur_pers":28,"jp_ohn_swg":17.64,"stwbg":0.56,"genossen":9.8,"sozvermiet":12.36,"plr_id":"06100208"},"geometry":{"type":"MultiPolygon","coordinates":[[[[13.33849,52.45122],[13.33857,52.45153],[13.33834,52.45155],[13.33899,52.45396],[13.33947,52.45857],[13.33775,52.4585],[13.33373,52.45826],[13.33331,52.4582],[13.33232,52.45816],[13.33187,52.45836],[13.33185,52.45849],[13.33168,52.45857],[13.3305,52.459],[13.32985,52.45921],[13.32944,52.45919],[13.32938,52.45959],[13.32912,52.45971],[13.32896,52.4597],[13.32897,52.45964],[13.32868,52.45962],[13.32856,52.45953],[13.32823,52.45969],[13.32857,52.45996],[13.32754,52.46037],[13.32502,52.45815],[13.32491,52.45819],[13.32478,52.45817],[13.32289,52.45664],[13.32289,52.45656],[13.32389,52.45619],[13.32415,52.45616],[13.32455,52.4565],[13.32642,52.45647],[13.32646,52.45643],[13.32593,52.45593],[13.326,52.45591],[13.32558,52.45551],[13.32597,52.45541],[13.33562,52.4515],[13.33564,52.45147],[13.33602,52.45137],[13.33714,52.45124],[13.33715,52.45127],[13.33772,52.45124],[13.33781,52.45132],[13.33849,52.45122]]]]}},{"type":"Feature","id":251,"properties":{"plr_schl":"06100209","plrname":"Feuerbachstraße","nat_pers":70,"wohmi_fl":"301888","jur_pers":27,"jp_ohn_swg":11.07,"stwbg":5.13,"genossen":10.8,"sozvermiet":15.93,"plr_id":"06100209"},"geometry":{"type":"MultiPolygon","coordinates":[[[[13.32688,52.45979],[13.32754,52.46037],[13.32857,52.45996],[13.32823,52.45969],[13.32856,52.45953],[13.32868,52.45962],[13.32897,52.45964],[13.32896,52.4597],[13.32912,52.45971],[13.32938,52.45959],[13.32944,52.45919],[13.32985,52.45921],[13.3305,52.459],[13.33168,52.45857],[13.33185,52.45849],[13.33187,52.45836],[13.33232,52.45816],[13.33331,52.4582],[13.33373,52.45826],[13.33775,52.4585],[13.33947,52.45857],[13.33959,52.45961],[13.33959,52.46098],[13.33936,52.46273],[13.33943,52.46278],[13.33935,52.46327],[13.33929,52.46326],[13.33913,52.46442],[13.33904,52.4646],[13.33898,52.46508],[13.3394,52.46526],[13.33891,52.46556],[13.33877,52.46657],[13.33848,52.46638],[13.33791,52.46664],[13.33739,52.46695],[13.33627,52.46742],[13.33586,52.46701],[13.33483,52.4662],[13.33467,52.46628],[13.33141,52.46586],[13.32864,52.46336],[13.32694,52.46158],[13.32675,52.4615],[13.32676,52.46137],[13.32657,52.46135],[13.32646,52.46127],[13.32688,52.45979]]]]}},{"type":"Feature","id":252,"properties":{"plr_schl":"06100210","plrname":"Bismarckstraße","nat_pers":45,"wohmi_fl":"156455","jur_pers":53,"jp_ohn_swg":27.03,"stwbg":1.59,"genossen":24.38,"sozvermiet":25.97,"plr_id":"06100210"},"geometry":{"type":"MultiPolygon","coordinates":[[[[13.33947,52.45857],[13.34756,52.45899],[13.34782,52.45925],[13.34496,52.46172],[13.3446,52.46191],[13.34287,52.46314],[13.3394,52.46526],[13.33898,52.46508],[13.33904,52.4646],[13.33913,52.46442],[13.33929,52.46326],[13.33935,52.46327],[13.33943,52.46278],[13.33936,52.46273],[13.33959,52.46098],[13.33959,52.45961],[13.33947,52.45857]]]]}},{"type":"Feature","id":253,"properties":{"plr_schl":"06200311","plrname":"Alt-Lankwitz","nat_pers":72,"wohmi_fl":"473300","jur_pers":23,"jp_ohn_swg":15.18,"stwbg":0,"genossen":7.82,"sozvermiet":11.82,"plr_id":"06200311"},"geometry":{"type":"MultiPolygon","coordinates":[[[[13.35007,52.43406],[13.35015,52.43406],[13.35167,52.4334],[13.352,52.4333],[13.35248,52.43322],[13.35275,52.43321],[13.35346,52.43328],[13.35846,52.434],[13.36187,52.43444],[13.3645,52.43483],[13.3661,52.43516],[13.36767,52.4356],[13.36725,52.43635],[13.36707,52.4368],[13.36618,52.4384],[13.3646,52.4409],[13.36348,52.44281],[13.36341,52.44281],[13.36264,52.44415],[13.36243,52.4446],[13.36117,52.44389],[13.36018,52.44348],[13.35953,52.44329],[13.35863,52.4431],[13.35864,52.44314],[13.35808,52.44305],[13.35749,52.44301],[13.35641,52.44297],[13.35567,52.44301],[13.35452,52.44319],[13.35408,52.4433],[13.35408,52.44326],[13.3532,52.4434],[13.34997,52.44401],[13.34992,52.44397],[13.34956,52.44404],[13.34925,52.4438],[13.34964,52.44372],[13.34954,52.44364],[13.34965,52.44362],[13.34884,52.44308],[13.35139,52.44056],[13.35179,52.44023],[13.35181,52.44014],[13.35211,52.43985],[13.35207,52.43982],[13.35412,52.43854],[13.35433,52.43846],[13.35368,52.43778],[13.35221,52.43591],[13.35007,52.43406]]]]}},{"type":"Feature","id":254,"properties":{"plr_schl":"06200312","plrname":"Komponistenviertel Lankwitz","nat_pers":86,"wohmi_fl":"648394","jur_pers":13,"jp_ohn_swg":10.01,"stwbg":0.65,"genossen":2.34,"sozvermiet":2.99,"plr_id":"06200312"},"geometry":{"type":"MultiPolygon","coordinates":[[[[13.33064,52.43348],[13.33076,52.43352],[13.33212,52.43276],[13.33373,52.43384],[13.33415,52.43391],[13.33453,52.43385],[13.3347,52.43396],[13.33468,52.43401],[13.33735,52.43588],[13.33799,52.43612],[13.33928,52.4371],[13.34141,52.43863],[13.34185,52.43892],[13.34225,52.43913],[13.34194,52.4393],[13.34313,52.43962],[13.34323,52.43969],[13.34327,52.43963],[13.34339,52.43971],[13.34332,52.43983],[13.34429,52.4404],[13.34712,52.44234],[13.34839,52.44327],[13.34843,52.44339],[13.3489,52.44377],[13.34898,52.44375],[13.34908,52.44383],[13.34925,52.4438],[13.34956,52.44404],[13.34941,52.44409],[13.34948,52.44414],[13.34739,52.44457],[13.34648,52.4448],[13.34606,52.44484],[13.34468,52.44507],[13.34201,52.4452],[13.34042,52.44533],[13.34009,52.44539],[13.33969,52.44536],[13.33884,52.44539],[13.33744,52.44547],[13.33725,52.44551],[13.33529,52.4456],[13.33476,52.4456],[13.33469,52.44554],[13.33452,52.4456],[13.33339,52.44556],[13.33169,52.44541],[13.3309,52.44528],[13.33062,52.44523],[13.33042,52.44517],[13.33044,52.44515],[13.33036,52.44518],[13.32891,52.44478],[13.32762,52.44431],[13.32806,52.444],[13.32812,52.44402],[13.32847,52.44362],[13.3286,52.44307],[13.32884,52.44299],[13.32827,52.44285],[13.32804,52.4427],[13.3278,52.44156],[13.32781,52.4414],[13.32788,52.44128],[13.32851,52.44083],[13.32761,52.44034],[13.32765,52.44031],[13.32708,52.44001],[13.32729,52.43992],[13.32767,52.43897],[13.32823,52.43776],[13.33039,52.43407],[13.33027,52.43402],[13.33064,52.43348]]]]}},{"type":"Feature","id":255,"properties":{"plr_schl":"06200313","plrname":"Lankwitz Kirche","nat_pers":49,"wohmi_fl":"374250","jur_pers":50,"jp_ohn_swg":22.5,"stwbg":11.5,"genossen":16,"sozvermiet":28.5,"plr_id":"06200313"},"geometry":{"type":"MultiPolygon","coordinates":[[[[13.34925,52.4438],[13.34908,52.44383],[13.34898,52.44375],[13.3489,52.44377],[13.34843,52.44339],[13.34839,52.44327],[13.34712,52.44234],[13.34429,52.4404],[13.34332,52.43983],[13.34339,52.43971],[13.34327,52.43963],[13.34323,52.43969],[13.34313,52.43962],[13.34194,52.4393],[13.34225,52.43913],[13.34185,52.43892],[13.34141,52.43863],[13.33933,52.43713],[13.33972,52.43676],[13.33952,52.43663],[13.33994,52.4362],[13.34004,52.436],[13.34017,52.43588],[13.3408,52.43544],[13.34121,52.43521],[13.34278,52.43419],[13.34404,52.43311],[13.34394,52.43306],[13.34401,52.433],[13.34413,52.43304],[13.34447,52.43271],[13.34488,52.4322],[13.34513,52.43178],[13.34531,52.43194],[13.34671,52.43203],[13.34672,52.43192],[13.34763,52.43198],[13.35221,52.43591],[13.35368,52.43778],[13.35433,52.43846],[13.35412,52.43854],[13.35207,52.43982],[13.35211,52.43985],[13.35181,52.44014],[13.35179,52.44023],[13.35139,52.44056],[13.34884,52.44308],[13.34965,52.44362],[13.34954,52.44364],[13.34964,52.44372],[13.34925,52.4438]]]]}},{"type":"Feature","id":256,"properties":{"plr_schl":"06200314","plrname":"Kaiser-Wilhelm-Straße","nat_pers":69,"wohmi_fl":"445577","jur_pers":30,"jp_ohn_swg":8.7,"stwbg":15,"genossen":6.3,"sozvermiet":21.3,"plr_id":"06200314"},"geometry":{"type":"MultiPolygon","coordinates":[[[[13.33212,52.43276],[13.33078,52.432],[13.33104,52.43188],[13.33194,52.43118],[13.33272,52.4297],[13.33178,52.42946],[13.33345,52.42698],[13.33309,52.42689],[13.33386,52.42575],[13.33369,52.42571],[13.33372,52.42557],[13.33448,52.42442],[13.33501,52.42455],[13.33914,52.42636],[13.33969,52.42641],[13.34292,52.42773],[13.34294,52.42779],[13.34312,52.42787],[13.34087,52.4298],[13.34513,52.43178],[13.34488,52.4322],[13.34447,52.43271],[13.34413,52.43304],[13.34401,52.433],[13.34394,52.43306],[13.34404,52.43311],[13.34278,52.43419],[13.34121,52.43521],[13.3408,52.43544],[13.34017,52.43588],[13.34004,52.436],[13.33994,52.4362],[13.33952,52.43663],[13.33972,52.43676],[13.33933,52.43713],[13.33799,52.43612],[13.33735,52.43588],[13.33468,52.43401],[13.3347,52.43396],[13.33453,52.43385],[13.33415,52.43391],[13.33373,52.43384],[13.33212,52.43276]]]]}},{"type":"Feature","id":257,"properties":{"plr_schl":"06200315","plrname":"Gallwitzallee","nat_pers":59,"wohmi_fl":"432662","jur_pers":39,"jp_ohn_swg":27.69,"stwbg":11.31,"genossen":0,"sozvermiet":11.31,"plr_id":"06200315"},"geometry":{"type":"MultiPolygon","coordinates":[[[[13.33649,52.42149],[13.33788,52.42186],[13.33843,52.42194],[13.33898,52.42193],[13.34133,52.42165],[13.34224,52.42157],[13.34308,52.4216],[13.34405,52.42174],[13.34423,52.42151],[13.34911,52.42237],[13.34882,52.42276],[13.3543,52.42416],[13.35553,52.42443],[13.35647,52.4246],[13.35486,52.42793],[13.35283,52.43317],[13.35275,52.43321],[13.35248,52.43322],[13.352,52.4333],[13.35167,52.4334],[13.35015,52.43406],[13.35007,52.43406],[13.34763,52.43198],[13.34672,52.43192],[13.34671,52.43203],[13.34531,52.43194],[13.34513,52.43178],[13.34087,52.4298],[13.34312,52.42787],[13.34294,52.42779],[13.34292,52.42773],[13.33969,52.42641],[13.33914,52.42636],[13.33501,52.42455],[13.33319,52.4241],[13.33345,52.42361],[13.33353,52.42324],[13.33372,52.42307],[13.33563,52.42274],[13.33557,52.42269],[13.33649,52.42149]]]]}},{"type":"Feature","id":258,"properties":{"plr_schl":"06200316","plrname":"Belßstraße","nat_pers":16,"wohmi_fl":"261172","jur_pers":81,"jp_ohn_swg":70.47,"stwbg":4.05,"genossen":6.48,"sozvermiet":13.53,"plr_id":"06200316"},"geometry":{"type":"MultiPolygon","coordinates":[[[[13.35275,52.43321],[13.35283,52.43317],[13.35296,52.43289],[13.35486,52.42793],[13.35647,52.4246],[13.36149,52.42551],[13.36179,52.42561],[13.36171,52.42563],[13.36155,52.42587],[13.36149,52.42606],[13.36151,52.42629],[13.36272,52.42816],[13.36277,52.42831],[13.36265,52.42835],[13.3631,52.42934],[13.36305,52.42978],[13.36314,52.43002],[13.36327,52.43011],[13.36348,52.43015],[13.36445,52.43005],[13.36461,52.43007],[13.3647,52.43013],[13.3648,52.43036],[13.36476,52.43045],[13.36511,52.43137],[13.36512,52.43141],[13.36504,52.43148],[13.36509,52.43163],[13.36527,52.4316],[13.36529,52.43164],[13.36542,52.43163],[13.3665,52.43148],[13.36674,52.4323],[13.36685,52.4334],[13.36681,52.43446],[13.36667,52.43526],[13.36659,52.43529],[13.3655,52.43502],[13.36386,52.43473],[13.36187,52.43444],[13.35846,52.434],[13.35346,52.43328],[13.35275,52.43321]]]]}},{"type":"Feature","id":259,"properties":{"plr_schl":"06200317","plrname":"Lankwitz Süd","nat_pers":83,"wohmi_fl":"977049","jur_pers":16,"jp_ohn_swg":12.32,"stwbg":3.04,"genossen":0.64,"sozvermiet":3.68,"plr_id":"06200317"},"geometry":{"type":"MultiPolygon","coordinates":[[[[13.36149,52.42551],[13.35585,52.42449],[13.35451,52.42421],[13.34882,52.42276],[13.34911,52.42237],[13.34423,52.42151],[13.34405,52.42174],[13.34308,52.4216],[13.34224,52.42157],[13.34133,52.42165],[13.33898,52.42193],[13.33843,52.42194],[13.33788,52.42186],[13.33649,52.42149],[13.34039,52.41632],[13.34167,52.4161],[13.34519,52.41533],[13.34553,52.41528],[13.34547,52.41525],[13.34583,52.41519],[13.34599,52.41545],[13.34832,52.41623],[13.35081,52.41697],[13.3524,52.41761],[13.35358,52.41802],[13.35494,52.41841],[13.35895,52.41987],[13.35927,52.41994],[13.35918,52.42007],[13.36029,52.42057],[13.3632,52.42141],[13.36351,52.42155],[13.36416,52.42231],[13.36792,52.42761],[13.3682,52.42755],[13.3685,52.42759],[13.37115,52.4288],[13.3711,52.42889],[13.3716,52.42912],[13.37097,52.4303],[13.36944,52.43265],[13.36907,52.43334],[13.36767,52.4356],[13.36659,52.43529],[13.36667,52.43526],[13.36681,52.43446],[13.36685,52.4334],[13.36674,52.4323],[13.3665,52.43148],[13.36542,52.43163],[13.36529,52.43164],[13.36527,52.4316],[13.36509,52.43163],[13.36504,52.43148],[13.36512,52.43141],[13.36511,52.43137],[13.36476,52.43045],[13.3648,52.43036],[13.3647,52.43013],[13.36461,52.43007],[13.36445,52.43005],[13.36348,52.43015],[13.36327,52.43011],[13.36314,52.43002],[13.36305,52.42978],[13.3631,52.42934],[13.36265,52.42835],[13.36277,52.42831],[13.36272,52.42816],[13.36152,52.42632],[13.36149,52.42606],[13.36155,52.42587],[13.36171,52.42563],[13.36179,52.42561],[13.36149,52.42551]]]]}},{"type":"Feature","id":260,"properties":{"plr_schl":"06200418","plrname":"Landweg","nat_pers":null,"wohmi_fl":"776759","jur_pers":null,"jp_ohn_swg":null,"stwbg":null,"genossen":null,"sozvermiet":null,"plr_id":"06200418"},"geometry":{"type":"MultiPolygon","coordinates":[[[[13.31049,52.41087],[13.30981,52.41071],[13.30949,52.41075],[13.30857,52.40893],[13.30847,52.40895],[13.30808,52.40776],[13.3067,52.40449],[13.30828,52.40297],[13.30965,52.40151],[13.31129,52.39996],[13.31206,52.39911],[13.31381,52.40045],[13.31414,52.40062],[13.31629,52.40147],[13.31868,52.40247],[13.32084,52.40324],[13.32711,52.40565],[13.32672,52.40608],[13.32205,52.41032],[13.31359,52.4109],[13.31222,52.41094],[13.31049,52.41087]]]]}},{"type":"Feature","id":261,"properties":{"plr_schl":"06200419","plrname":"Thermometersiedlung","nat_pers":33,"wohmi_fl":"218758","jur_pers":64,"jp_ohn_swg":19.2,"stwbg":44.8,"genossen":0,"sozvermiet":47.8,"plr_id":"06200419"},"geometry":{"type":"MultiPolygon","coordinates":[[[[13.31427,52.41756],[13.31372,52.41733],[13.31252,52.41578],[13.31256,52.41575],[13.31164,52.41437],[13.3111,52.41341],[13.31102,52.41343],[13.31039,52.41239],[13.31016,52.41198],[13.31019,52.41197],[13.31003,52.41158],[13.3105,52.41151],[13.31049,52.41087],[13.31222,52.41094],[13.31359,52.4109],[13.32205,52.41032],[13.32181,52.41042],[13.32026,52.4118],[13.31427,52.41756]]]]}},{"type":"Feature","id":262,"properties":{"plr_schl":"06200420","plrname":"Lichterfelde Süd","nat_pers":67,"wohmi_fl":"599286","jur_pers":31,"jp_ohn_swg":10.54,"stwbg":5.89,"genossen":14.57,"sozvermiet":21.46,"plr_id":"06200420"},"geometry":{"type":"MultiPolygon","coordinates":[[[[13.30636,52.42499],[13.30293,52.42046],[13.30279,52.42011],[13.30251,52.41974],[13.302,52.41925],[13.30115,52.41856],[13.29988,52.41775],[13.29922,52.41742],[13.29833,52.41704],[13.29661,52.41643],[13.29709,52.41578],[13.2971,52.41546],[13.29696,52.41505],[13.29672,52.41474],[13.29635,52.41459],[13.29593,52.4145],[13.29773,52.41275],[13.30112,52.40965],[13.30385,52.40723],[13.3067,52.40449],[13.30808,52.40776],[13.30847,52.40895],[13.30857,52.40893],[13.30949,52.41075],[13.30981,52.41071],[13.31049,52.41087],[13.3105,52.41151],[13.31003,52.41158],[13.31019,52.41197],[13.31016,52.41198],[13.31039,52.41239],[13.31102,52.41343],[13.3111,52.41341],[13.31164,52.41437],[13.31256,52.41575],[13.31252,52.41578],[13.31372,52.41733],[13.31427,52.41756],[13.31398,52.41794],[13.31375,52.41816],[13.31392,52.41837],[13.31385,52.41844],[13.31379,52.41849],[13.31359,52.41823],[13.31356,52.41825],[13.31312,52.41868],[13.31314,52.41875],[13.31309,52.41881],[13.31175,52.4201],[13.31162,52.42022],[13.31157,52.42019],[13.31041,52.42124],[13.31166,52.42192],[13.30964,52.42329],[13.30901,52.42381],[13.30852,52.42416],[13.30824,52.42432],[13.30764,52.42459],[13.30636,52.42499]]]]}},{"type":"Feature","id":263,"properties":{"plr_schl":"06200421","plrname":"Königsberger Straße","nat_pers":75,"wohmi_fl":"904806","jur_pers":20,"jp_ohn_swg":14.8,"stwbg":0.6,"genossen":4.6,"sozvermiet":9.2,"plr_id":"06200421"},"geometry":{"type":"MultiPolygon","coordinates":[[[[13.32573,52.42811],[13.32595,52.42822],[13.32657,52.42886],[13.32649,52.4289],[13.32668,52.42908],[13.32899,52.43064],[13.32877,52.43075],[13.33034,52.43176],[13.33063,52.43205],[13.33078,52.432],[13.33212,52.43276],[13.33076,52.43352],[13.33064,52.43348],[13.33027,52.43402],[13.33039,52.43407],[13.32823,52.43776],[13.32767,52.43897],[13.32729,52.43992],[13.32708,52.44001],[13.32765,52.44031],[13.32761,52.44034],[13.32851,52.44083],[13.32788,52.44128],[13.32781,52.4414],[13.3278,52.44156],[13.32804,52.4427],[13.32827,52.44285],[13.32884,52.44299],[13.3286,52.44307],[13.32847,52.44362],[13.32812,52.44402],[13.32806,52.444],[13.32771,52.44425],[13.32663,52.4438],[13.32581,52.44339],[13.32468,52.44268],[13.32393,52.4421],[13.32256,52.44073],[13.31968,52.43749],[13.31943,52.43713],[13.31844,52.43621],[13.31769,52.43563],[13.31652,52.43482],[13.3162,52.4345],[13.31536,52.43397],[13.31149,52.43122],[13.31108,52.43084],[13.31146,52.4307],[13.31121,52.43049],[13.31084,52.43062],[13.31025,52.43012],[13.30957,52.42932],[13.3095,52.42916],[13.30636,52.42499],[13.30764,52.42459],[13.30824,52.42432],[13.30852,52.42416],[13.30901,52.42381],[13.30964,52.42329],[13.31166,52.42192],[13.31041,52.42124],[13.31157,52.42019],[13.31162,52.42022],[13.31175,52.4201],[13.31309,52.41881],[13.31314,52.41875],[13.31312,52.41868],[13.31359,52.41823],[13.31381,52.41852],[13.31376,52.41857],[13.31433,52.41934],[13.31796,52.42271],[13.31977,52.42412],[13.32069,52.42479],[13.32081,52.42479],[13.32122,52.42509],[13.32119,52.42515],[13.32124,52.4252],[13.32255,52.42614],[13.32263,52.42617],[13.32268,52.42611],[13.32304,52.42623],[13.3237,52.42668],[13.32389,52.42675],[13.32431,52.42705],[13.32434,52.427],[13.3252,52.42759],[13.32539,52.42764],[13.32536,52.42769],[13.32565,52.42792],[13.32573,52.42789],[13.32587,52.42801],[13.3257,52.42807],[13.32573,52.42811]]]]}},{"type":"Feature","id":264,"properties":{"plr_schl":"06200422","plrname":"Oberhofer Platz","nat_pers":91,"wohmi_fl":"847747","jur_pers":8,"jp_ohn_swg":6.4,"stwbg":0.4,"genossen":1.2,"sozvermiet":1.6,"plr_id":"06200422"},"geometry":{"type":"MultiPolygon","coordinates":[[[[13.32573,52.42811],[13.3257,52.42807],[13.32587,52.42801],[13.32573,52.42789],[13.32565,52.42792],[13.32536,52.42769],[13.32539,52.42764],[13.3252,52.42759],[13.32434,52.427],[13.32431,52.42705],[13.32389,52.42675],[13.3237,52.42668],[13.32304,52.42623],[13.32268,52.42611],[13.32263,52.42617],[13.32255,52.42614],[13.32124,52.4252],[13.32119,52.42515],[13.32122,52.42509],[13.32081,52.42479],[13.32069,52.42479],[13.31977,52.42412],[13.31796,52.42271],[13.31481,52.41981],[13.3141,52.41907],[13.31405,52.419],[13.31408,52.41899],[13.31376,52.41857],[13.31381,52.41852],[13.31379,52.41849],[13.31415,52.41814],[13.31424,52.41807],[13.31434,52.41805],[13.31534,52.41917],[13.31583,52.41913],[13.31584,52.41916],[13.31856,52.41892],[13.32213,52.41869],[13.3288,52.41818],[13.32939,52.41816],[13.33089,52.41791],[13.34029,52.41615],[13.34039,52.41632],[13.34032,52.41642],[13.33557,52.42269],[13.33563,52.42274],[13.33372,52.42307],[13.33353,52.42324],[13.33345,52.42361],[13.33319,52.4241],[13.33448,52.42442],[13.33372,52.42557],[13.33369,52.42571],[13.33386,52.42575],[13.33309,52.42689],[13.33345,52.42698],[13.33178,52.42946],[13.33272,52.4297],[13.33194,52.43118],[13.33098,52.43192],[13.33063,52.43205],[13.33034,52.43176],[13.32877,52.43075],[13.32899,52.43064],[13.32668,52.42908],[13.32649,52.4289],[13.32657,52.42886],[13.32595,52.42822],[13.32573,52.42811]]]]}},{"type":"Feature","id":265,"properties":{"plr_schl":"06200423","plrname":"Schütte-Lanz-Straße","nat_pers":84,"wohmi_fl":"1102638","jur_pers":15,"jp_ohn_swg":4.5,"stwbg":10.35,"genossen":0.15,"sozvermiet":10.5,"plr_id":"06200423"},"geometry":{"type":"MultiPolygon","coordinates":[[[[13.31427,52.41756],[13.32026,52.4118],[13.32181,52.41042],[13.32205,52.41032],[13.32672,52.40608],[13.32711,52.40565],[13.33552,52.40874],[13.33855,52.40989],[13.34221,52.41134],[13.34335,52.41172],[13.34294,52.41173],[13.34307,52.41224],[13.3431,52.4133],[13.34274,52.41417],[13.34553,52.41528],[13.34519,52.41533],[13.34129,52.41617],[13.34039,52.41632],[13.34029,52.41615],[13.32957,52.41814],[13.32682,52.41832],[13.32595,52.41841],[13.32213,52.41869],[13.31856,52.41892],[13.31584,52.41916],[13.31583,52.41913],[13.31534,52.41917],[13.31434,52.41805],[13.31424,52.41807],[13.31392,52.41837],[13.31375,52.41816],[13.31398,52.41794],[13.31427,52.41756]]]]}},{"type":"Feature","id":266,"properties":{"plr_schl":"06300524","plrname":"Berlepschstraße","nat_pers":75,"wohmi_fl":"861178","jur_pers":22,"jp_ohn_swg":12.32,"stwbg":0,"genossen":9.68,"sozvermiet":12.68,"plr_id":"06300524"},"geometry":{"type":"MultiPolygon","coordinates":[[[[13.23028,52.43126],[13.22948,52.43104],[13.22953,52.43067],[13.22958,52.43067],[13.22964,52.43062],[13.22969,52.42976],[13.22967,52.42911],[13.2295,52.42776],[13.23693,52.42537],[13.23889,52.42519],[13.23914,52.42503],[13.22526,52.42092],[13.22527,52.42084],[13.22648,52.42083],[13.22729,52.42072],[13.22924,52.42052],[13.23314,52.42034],[13.23382,52.42052],[13.23561,52.42087],[13.23783,52.4208],[13.2421,52.42097],[13.24501,52.42111],[13.24595,52.42118],[13.24715,52.4189],[13.24742,52.41748],[13.24848,52.4187],[13.24868,52.419],[13.24883,52.41933],[13.24909,52.41958],[13.25064,52.42259],[13.25227,52.4252],[13.25262,52.42569],[13.25302,52.4261],[13.25544,52.42831],[13.2564,52.42914],[13.25741,52.43031],[13.25662,52.43023],[13.25647,52.43019],[13.25373,52.42934],[13.25019,52.42829],[13.24885,52.42936],[13.2461,52.43092],[13.24548,52.43118],[13.24558,52.43127],[13.24548,52.43131],[13.24534,52.43127],[13.24531,52.43129],[13.24484,52.43114],[13.2447,52.43157],[13.24123,52.43309],[13.24122,52.43312],[13.24095,52.43323],[13.24091,52.43328],[13.24097,52.4333],[13.24039,52.43355],[13.23078,52.43133],[13.23028,52.43126]]]]}},{"type":"Feature","id":267,"properties":{"plr_schl":"06300525","plrname":"Zehlendorf Süd","nat_pers":43,"wohmi_fl":"479576","jur_pers":35,"jp_ohn_swg":32.9,"stwbg":2.1,"genossen":0,"sozvermiet":24.1,"plr_id":"06300525"},"geometry":{"type":"MultiPolygon","coordinates":[[[[13.24742,52.41748],[13.24797,52.41586],[13.24795,52.41568],[13.24842,52.41428],[13.24904,52.41176],[13.24897,52.40883],[13.24874,52.40841],[13.24915,52.4079],[13.24978,52.40498],[13.25164,52.40565],[13.25331,52.40604],[13.2545,52.40621],[13.25584,52.40632],[13.25713,52.4064],[13.25806,52.4064],[13.25932,52.4063],[13.26017,52.40616],[13.26086,52.406],[13.26137,52.40586],[13.2636,52.40499],[13.26463,52.40471],[13.26593,52.40444],[13.26697,52.40428],[13.26901,52.40424],[13.26896,52.40446],[13.2691,52.40444],[13.26898,52.40453],[13.26879,52.40523],[13.26876,52.40522],[13.2683,52.40662],[13.26781,52.40708],[13.26771,52.40732],[13.26749,52.40882],[13.26764,52.40883],[13.2676,52.40914],[13.26712,52.40911],[13.26699,52.41],[13.2669,52.41017],[13.2666,52.4102],[13.26656,52.41047],[13.2653,52.41041],[13.26119,52.41283],[13.25958,52.41373],[13.25938,52.41397],[13.25852,52.41625],[13.2543,52.41591],[13.25417,52.41648],[13.25087,52.41831],[13.24962,52.41897],[13.24883,52.41933],[13.24868,52.419],[13.24848,52.4187],[13.24742,52.41748]]]]}},{"type":"Feature","id":268,"properties":{"plr_schl":"06300526","plrname":"Zehlendorf Mitte","nat_pers":83,"wohmi_fl":"354411","jur_pers":15,"jp_ohn_swg":12.75,"stwbg":2.25,"genossen":0,"sozvermiet":4.25,"plr_id":"06300526"},"geometry":{"type":"MultiPolygon","coordinates":[[[[13.24039,52.43355],[13.24097,52.4333],[13.24091,52.43328],[13.24095,52.43323],[13.24122,52.43312],[13.24123,52.43309],[13.2447,52.43157],[13.24484,52.43114],[13.24531,52.43129],[13.24534,52.43127],[13.24548,52.43131],[13.24558,52.43127],[13.24548,52.43118],[13.2461,52.43092],[13.24885,52.42936],[13.25019,52.42829],[13.25662,52.43023],[13.25741,52.43031],[13.2564,52.42914],[13.25596,52.42878],[13.25971,52.42919],[13.25973,52.42909],[13.26083,52.42927],[13.26133,52.42932],[13.26271,52.43016],[13.26294,52.43026],[13.26332,52.43036],[13.26365,52.43041],[13.26643,52.43056],[13.26484,52.4329],[13.26332,52.43528],[13.26256,52.43511],[13.26227,52.43508],[13.26177,52.43508],[13.26086,52.43525],[13.26009,52.43528],[13.25755,52.43577],[13.25646,52.43595],[13.25595,52.43591],[13.2549,52.43577],[13.24638,52.43451],[13.24131,52.43374],[13.24039,52.43355]]]]}},{"type":"Feature","id":269,"properties":{"plr_schl":"06300527","plrname":"Sundgauer Straße","nat_pers":66,"wohmi_fl":"565305","jur_pers":22,"jp_ohn_swg":17.6,"stwbg":0,"genossen":4.4,"sozvermiet":16.4,"plr_id":"06300527"},"geometry":{"type":"MultiPolygon","coordinates":[[[[13.26332,52.43528],[13.26484,52.4329],[13.26643,52.43056],[13.2722,52.43071],[13.27343,52.43072],[13.27976,52.43232],[13.28003,52.43273],[13.2802,52.4331],[13.28095,52.43552],[13.28093,52.43572],[13.28112,52.43633],[13.28194,52.43853],[13.282,52.4385],[13.28211,52.43868],[13.28218,52.43864],[13.28231,52.43874],[13.28199,52.4389],[13.28194,52.43888],[13.28243,52.44034],[13.28262,52.4406],[13.28312,52.44218],[13.2694,52.4379],[13.2691,52.43758],[13.26568,52.43595],[13.26565,52.43598],[13.26533,52.43583],[13.2648,52.43568],[13.26471,52.43562],[13.26332,52.43528]]]]}},{"type":"Feature","id":270,"properties":{"plr_schl":"06300528","plrname":"Teltower Damm","nat_pers":92,"wohmi_fl":"1735276","jur_pers":6,"jp_ohn_swg":5.7,"stwbg":0.12,"genossen":0.18,"sozvermiet":2.3,"plr_id":"06300528"},"geometry":{"type":"MultiPolygon","coordinates":[[[[13.25596,52.42878],[13.25302,52.4261],[13.25262,52.42569],[13.25227,52.4252],[13.25064,52.42259],[13.24909,52.41958],[13.24883,52.41933],[13.24962,52.41897],[13.25087,52.41831],[13.25417,52.41648],[13.2543,52.41591],[13.25852,52.41625],[13.25938,52.41397],[13.25958,52.41373],[13.26119,52.41283],[13.2653,52.41041],[13.26656,52.41047],[13.2666,52.4102],[13.2669,52.41017],[13.26699,52.41],[13.26712,52.40911],[13.2676,52.40914],[13.26764,52.40883],[13.27041,52.40905],[13.27136,52.40917],[13.27237,52.40937],[13.27364,52.40974],[13.2722,52.41323],[13.27276,52.41477],[13.27281,52.41478],[13.27285,52.41469],[13.27656,52.42552],[13.27976,52.43232],[13.27343,52.43072],[13.2722,52.43071],[13.26643,52.43056],[13.26354,52.4304],[13.26294,52.43026],[13.26279,52.4302],[13.26133,52.42932],[13.26083,52.42927],[13.25973,52.42909],[13.25971,52.42919],[13.25596,52.42878]]]]}},{"type":"Feature","id":271,"properties":{"plr_schl":"06300629","plrname":"Botanischer Garten","nat_pers":73,"wohmi_fl":"517308","jur_pers":19,"jp_ohn_swg":11.02,"stwbg":0,"genossen":7.98,"sozvermiet":13.98,"plr_id":"06300629"},"geometry":{"type":"MultiPolygon","coordinates":[[[[13.31548,52.45326],[13.31481,52.45306],[13.31484,52.45302],[13.31467,52.45296],[13.31351,52.45261],[13.31299,52.45283],[13.31282,52.45279],[13.31242,52.45313],[13.31168,52.45346],[13.31122,52.45359],[13.31019,52.45404],[13.31003,52.45424],[13.30962,52.45455],[13.30854,52.45556],[13.30914,52.45586],[13.30886,52.45602],[13.30788,52.45699],[13.30682,52.45776],[13.30716,52.45915],[13.30426,52.45863],[13.30419,52.45848],[13.30411,52.45842],[13.30383,52.45833],[13.30361,52.45834],[13.29615,52.45122],[13.29549,52.45048],[13.29509,52.44995],[13.29317,52.44647],[13.29367,52.446],[13.29377,52.44598],[13.28685,52.44338],[13.28593,52.44306],[13.28312,52.44218],[13.28262,52.4406],[13.28243,52.44034],[13.28207,52.43926],[13.28565,52.44055],[13.2869,52.44111],[13.29362,52.44348],[13.29417,52.44368],[13.29415,52.44372],[13.29424,52.44374],[13.29427,52.44371],[13.29533,52.44409],[13.29541,52.44401],[13.29564,52.44408],[13.29557,52.44415],[13.2999,52.44545],[13.30353,52.44677],[13.30347,52.44684],[13.3054,52.4475],[13.3057,52.44763],[13.30576,52.44756],[13.30596,52.44763],[13.30592,52.44767],[13.30598,52.44769],[13.306,52.44767],[13.30635,52.44779],[13.30628,52.44786],[13.30649,52.4479],[13.30865,52.44863],[13.31033,52.44913],[13.31202,52.44976],[13.31218,52.44983],[13.31205,52.44996],[13.31266,52.45003],[13.31522,52.45124],[13.31526,52.45227],[13.31552,52.45324],[13.31548,52.45326]]]]}},{"type":"Feature","id":272,"properties":{"plr_schl":"06300630","plrname":"Hindenburgdamm","nat_pers":81,"wohmi_fl":"308496","jur_pers":17,"jp_ohn_swg":13.94,"stwbg":0.68,"genossen":2.38,"sozvermiet":3.06,"plr_id":"06300630"},"geometry":{"type":"MultiPolygon","coordinates":[[[[13.31563,52.45073],[13.31585,52.45035],[13.31575,52.45016],[13.31557,52.44927],[13.31552,52.44688],[13.31606,52.44196],[13.31619,52.44133],[13.31659,52.44031],[13.31664,52.44003],[13.31662,52.43968],[13.31597,52.43806],[13.31538,52.437],[13.31506,52.43664],[13.31429,52.43608],[13.31342,52.43519],[13.31236,52.43395],[13.3101,52.43146],[13.31029,52.43139],[13.31055,52.43122],[13.31048,52.43118],[13.31095,52.43094],[13.31091,52.43091],[13.31108,52.43083],[13.31149,52.43122],[13.31536,52.43397],[13.3162,52.4345],[13.31652,52.43482],[13.31769,52.43563],[13.31844,52.43621],[13.31943,52.43713],[13.31968,52.43749],[13.32088,52.43885],[13.32256,52.44073],[13.32276,52.4409],[13.32342,52.44162],[13.32393,52.4421],[13.32455,52.44259],[13.32575,52.44335],[13.32376,52.44453],[13.32319,52.44493],[13.32285,52.44475],[13.32247,52.44476],[13.32097,52.44669],[13.32058,52.44707],[13.32001,52.4478],[13.31995,52.44793],[13.32024,52.44801],[13.32037,52.44808],[13.32014,52.4485],[13.31997,52.44909],[13.31979,52.44931],[13.31958,52.44943],[13.31969,52.4495],[13.31939,52.44966],[13.31936,52.44965],[13.31859,52.45053],[13.3183,52.45111],[13.31798,52.45141],[13.31813,52.45148],[13.31781,52.45178],[13.31563,52.45073]]]]}},{"type":"Feature","id":273,"properties":{"plr_schl":"06300631","plrname":"Goerzwerke","nat_pers":53,"wohmi_fl":"265472","jur_pers":39,"jp_ohn_swg":38.61,"stwbg":0.39,"genossen":0,"sozvermiet":8.39,"plr_id":"06300631"},"geometry":{"type":"MultiPolygon","coordinates":[[[[13.3101,52.43145],[13.30942,52.43086],[13.30938,52.43083],[13.30931,52.43086],[13.30849,52.43019],[13.30458,52.42683],[13.30445,52.42671],[13.30448,52.42668],[13.30367,52.42598],[13.30304,52.42544],[13.30277,52.42527],[13.30019,52.42306],[13.30023,52.42303],[13.29936,52.42228],[13.29892,52.42195],[13.29857,52.42178],[13.29819,52.42199],[13.29549,52.42042],[13.29429,52.41992],[13.29358,52.41971],[13.28364,52.41712],[13.28277,52.41678],[13.27529,52.41244],[13.27545,52.41234],[13.27589,52.41246],[13.27595,52.41246],[13.27604,52.4124],[13.27547,52.41163],[13.27481,52.41085],[13.27405,52.41021],[13.27361,52.41001],[13.27352,52.41004],[13.27364,52.40974],[13.27237,52.40937],[13.27136,52.40917],[13.27041,52.40905],[13.26749,52.40882],[13.26774,52.40722],[13.26781,52.40708],[13.2683,52.40662],[13.26876,52.40522],[13.26879,52.40523],[13.26898,52.40453],[13.2691,52.40444],[13.26896,52.40446],[13.26901,52.40424],[13.27006,52.40419],[13.27092,52.40422],[13.272,52.40432],[13.2742,52.40479],[13.27582,52.4052],[13.27707,52.40583],[13.28035,52.40736],[13.29017,52.41282],[13.29037,52.41298],[13.29323,52.41456],[13.29553,52.41575],[13.29675,52.41625],[13.29661,52.41643],[13.29833,52.41704],[13.29922,52.41742],[13.30016,52.41791],[13.30088,52.41837],[13.302,52.41925],[13.3027,52.41997],[13.30293,52.42046],[13.30329,52.42095],[13.30692,52.42571],[13.30799,52.42719],[13.3095,52.42916],[13.30957,52.42932],[13.30982,52.42964],[13.31025,52.43012],[13.31084,52.43062],[13.31121,52.43049],[13.31146,52.4307],[13.31091,52.43091],[13.31095,52.43094],[13.31048,52.43118],[13.31055,52.43122],[13.31029,52.43139],[13.3101,52.43145]]]]}},{"type":"Feature","id":274,"properties":{"plr_schl":"06300632","plrname":"Schweizer Viertel","nat_pers":87,"wohmi_fl":"1663336","jur_pers":7,"jp_ohn_swg":3.5,"stwbg":1.82,"genossen":1.68,"sozvermiet":7.5,"plr_id":"06300632"},"geometry":{"type":"MultiPolygon","coordinates":[[[[13.27352,52.41004],[13.27361,52.41001],[13.27405,52.41021],[13.27481,52.41085],[13.27547,52.41163],[13.27604,52.4124],[13.27595,52.41246],[13.27589,52.41246],[13.27545,52.41234],[13.27529,52.41244],[13.28277,52.41678],[13.28364,52.41712],[13.29358,52.41971],[13.29429,52.41992],[13.29549,52.42042],[13.29819,52.42199],[13.29857,52.42178],[13.29892,52.42195],[13.29936,52.42228],[13.30023,52.42303],[13.30019,52.42306],[13.30277,52.42527],[13.30304,52.42544],[13.30367,52.42598],[13.30448,52.42668],[13.30445,52.42671],[13.30458,52.42683],[13.30849,52.43019],[13.30931,52.43086],[13.30938,52.43083],[13.3097,52.43111],[13.30923,52.43118],[13.30854,52.43148],[13.30833,52.43154],[13.30499,52.43212],[13.30108,52.43228],[13.29489,52.43248],[13.2949,52.43254],[13.29291,52.43265],[13.28841,52.43278],[13.28641,52.43261],[13.28642,52.43259],[13.28277,52.43283],[13.28228,52.43284],[13.28183,52.43281],[13.28147,52.43275],[13.27976,52.43232],[13.27656,52.42552],[13.27285,52.41469],[13.27281,52.41478],[13.27276,52.41477],[13.2722,52.41323],[13.27352,52.41004]]]]}},{"type":"Feature","id":275,"properties":{"plr_schl":"06300633","plrname":"Augustaplatz","nat_pers":87,"wohmi_fl":"1067818","jur_pers":10,"jp_ohn_swg":7.6,"stwbg":1.9,"genossen":0.5,"sozvermiet":4.4,"plr_id":"06300633"},"geometry":{"type":"MultiPolygon","coordinates":[[[[13.29564,52.44408],[13.30653,52.43423],[13.3067,52.43409],[13.30675,52.43411],[13.30748,52.43349],[13.3093,52.43185],[13.30957,52.43166],[13.3101,52.43145],[13.31236,52.43395],[13.31342,52.43519],[13.31429,52.43608],[13.31506,52.43664],[13.31538,52.437],[13.31597,52.43806],[13.31661,52.43964],[13.31664,52.44003],[13.31659,52.44031],[13.31619,52.44133],[13.31606,52.44196],[13.31552,52.44688],[13.31557,52.44927],[13.31575,52.45016],[13.31585,52.45035],[13.31563,52.45073],[13.31558,52.45073],[13.31552,52.45078],[13.31552,52.45074],[13.31527,52.45054],[13.31516,52.45052],[13.31521,52.45072],[13.31522,52.45124],[13.31266,52.45003],[13.31205,52.44996],[13.31218,52.44983],[13.3107,52.44926],[13.30993,52.449],[13.30865,52.44863],[13.30649,52.4479],[13.30628,52.44786],[13.30635,52.44779],[13.306,52.44767],[13.30598,52.44769],[13.30592,52.44767],[13.30596,52.44763],[13.30576,52.44756],[13.3057,52.44763],[13.3054,52.4475],[13.30347,52.44684],[13.30353,52.44677],[13.30146,52.446],[13.30089,52.44582],[13.2999,52.44545],[13.29557,52.44415],[13.29564,52.44408]]]]}},{"type":"Feature","id":276,"properties":{"plr_schl":"06300634","plrname":"Lichterfelde West","nat_pers":91,"wohmi_fl":"1084621","jur_pers":7,"jp_ohn_swg":3.99,"stwbg":0.07,"genossen":2.94,"sozvermiet":5.01,"plr_id":"06300634"},"geometry":{"type":"MultiPolygon","coordinates":[[[[13.28207,52.43926],[13.28194,52.43888],[13.28199,52.4389],[13.28231,52.43874],[13.28218,52.43864],[13.28211,52.43868],[13.282,52.4385],[13.28194,52.43853],[13.28112,52.43633],[13.28093,52.43572],[13.28095,52.43552],[13.2802,52.4331],[13.28003,52.43273],[13.27976,52.43232],[13.28147,52.43275],[13.28205,52.43283],[13.28277,52.43283],[13.28642,52.43259],[13.28641,52.43261],[13.28824,52.43277],[13.28911,52.43277],[13.29291,52.43265],[13.2949,52.43254],[13.29489,52.43248],[13.30108,52.43228],[13.30499,52.43212],[13.30833,52.43154],[13.30854,52.43148],[13.30923,52.43118],[13.3097,52.43111],[13.3101,52.43145],[13.30957,52.43166],[13.3093,52.43185],[13.30748,52.43349],[13.30675,52.43411],[13.3067,52.43409],[13.30653,52.43423],[13.29564,52.44408],[13.29541,52.44401],[13.29533,52.44409],[13.29427,52.44371],[13.29424,52.44374],[13.29415,52.44372],[13.29417,52.44368],[13.29362,52.44348],[13.2869,52.44111],[13.28565,52.44055],[13.28207,52.43926]]]]}},{"type":"Feature","id":277,"properties":{"plr_schl":"06400735","plrname":"Wannsee","nat_pers":86,"wohmi_fl":"2268112","jur_pers":10,"jp_ohn_swg":9.2,"stwbg":0.4,"genossen":0.4,"sozvermiet":2.8,"plr_id":"06400735"},"geometry":{"type":"MultiPolygon","coordinates":[[[[13.18682,52.42572],[13.18691,52.42601],[13.18689,52.42634],[13.18682,52.42654],[13.18666,52.42678],[13.18559,52.42805],[13.18539,52.4284],[13.18516,52.42903],[13.1848,52.42908],[13.18478,52.42935],[13.18484,52.42976],[13.18295,52.42987],[13.1735,52.42816],[13.16186,52.45219],[13.16173,52.45213],[13.15796,52.44938],[13.15452,52.4466],[13.14852,52.44337],[13.13609,52.44238],[13.13327,52.44209],[13.13172,52.4411],[13.13081,52.44141],[13.12948,52.44131],[13.12805,52.44096],[13.12688,52.44115],[13.12412,52.44068],[13.12312,52.43962],[13.12315,52.43871],[13.12214,52.43788],[13.11722,52.43616],[13.11393,52.43297],[13.11207,52.43231],[13.11278,52.4292],[13.10802,52.42666],[13.10692,52.42565],[13.10541,52.42528],[13.10457,52.42398],[13.10349,52.4243],[13.1016,52.42464],[13.10095,52.42516],[13.09998,52.42545],[13.09931,52.42534],[13.0984,52.42489],[13.09809,52.42407],[13.09772,52.42347],[13.09584,52.42197],[13.08835,52.41963],[13.09021,52.41355],[13.09019,52.41273],[13.09027,52.41221],[13.09077,52.41156],[13.09212,52.41124],[13.09341,52.41054],[13.09739,52.40942],[13.09798,52.40988],[13.09798,52.40994],[13.09833,52.41006],[13.09861,52.41027],[13.09864,52.41026],[13.0987,52.41033],[13.09855,52.41039],[13.09858,52.41042],[13.09855,52.41047],[13.09859,52.41051],[13.09867,52.41051],[13.09894,52.41077],[13.09898,52.41096],[13.09887,52.41111],[13.09772,52.41162],[13.09759,52.41165],[13.09753,52.4117],[13.09759,52.41174],[13.09756,52.41177],[13.09761,52.41178],[13.09645,52.41309],[13.09681,52.4132],[13.09911,52.41361],[13.10031,52.41378],[13.10057,52.4138],[13.10086,52.41376],[13.10075,52.41335],[13.10073,52.41299],[13.10112,52.41158],[13.10097,52.41068],[13.101,52.41054],[13.10463,52.40974],[13.10512,52.4099],[13.10591,52.40955],[13.10619,52.40956],[13.10655,52.40961],[13.10685,52.40971],[13.10702,52.40981],[13.10714,52.40999],[13.1072,52.41109],[13.10742,52.41209],[13.10733,52.41263],[13.10712,52.4131],[13.10714,52.41321],[13.10726,52.41331],[13.10736,52.41328],[13.10781,52.41333],[13.10962,52.41294],[13.11014,52.41129],[13.11151,52.41141],[13.1118,52.41048],[13.11042,52.41035],[13.11067,52.40957],[13.11059,52.40957],[13.11063,52.40944],[13.10851,52.40924],[13.10693,52.40949],[13.10655,52.40877],[13.10644,52.40878],[13.10638,52.40869],[13.10861,52.40848],[13.10927,52.40818],[13.10945,52.40805],[13.10833,52.40726],[13.10969,52.40654],[13.1111,52.4053],[13.1112,52.40451],[13.11182,52.40399],[13.11634,52.40232],[13.11775,52.40212],[13.11846,52.40128],[13.12023,52.39985],[13.122,52.39855],[13.12421,52.39728],[13.12478,52.39687],[13.12566,52.39666],[13.12692,52.39657],[13.12742,52.39664],[13.12846,52.39694],[13.13252,52.39866],[13.13351,52.39937],[13.13504,52.39857],[13.13664,52.39813],[13.1381,52.39786],[13.13804,52.39768],[13.13647,52.39754],[13.13513,52.39737],[13.13571,52.39618],[13.137,52.39618],[13.13744,52.39615],[13.13726,52.39603],[13.1375,52.39602],[13.13779,52.39613],[13.13859,52.3961],[13.13837,52.39598],[13.13895,52.39599],[13.13823,52.3957],[13.13449,52.39369],[13.13388,52.3933],[13.13175,52.3918],[13.13157,52.39179],[13.13149,52.39188],[13.1313,52.39173],[13.13132,52.39168],[13.13153,52.39173],[13.13017,52.3905],[13.12985,52.3907],[13.13086,52.39169],[13.13103,52.39163],[13.13122,52.39179],[13.1312,52.39184],[13.13093,52.39176],[13.12938,52.39172],[13.12937,52.39165],[13.12729,52.39161],[13.12673,52.38958],[13.13075,52.38738],[13.13109,52.38725],[13.1313,52.38723],[13.13144,52.38747],[13.13154,52.3875],[13.13199,52.38752],[13.13318,52.3873],[13.13398,52.38874],[13.13374,52.38875],[13.1333,52.38865],[13.13287,52.38874],[13.1319,52.3894],[13.13037,52.39037],[13.13208,52.39176],[13.13408,52.39317],[13.13471,52.39356],[13.13642,52.39451],[13.13839,52.39555],[13.14043,52.39637],[13.14182,52.3971],[13.14199,52.39696],[13.1432,52.39725],[13.14328,52.39673],[13.14313,52.39667],[13.1437,52.39625],[13.14386,52.39614],[13.14574,52.3955],[13.15002,52.39509],[13.15329,52.39484],[13.15887,52.39394],[13.16685,52.39434],[13.16877,52.3944],[13.17176,52.39564],[13.17131,52.39758],[13.17117,52.39783],[13.17084,52.39774],[13.16932,52.39745],[13.16811,52.39729],[13.16125,52.39663],[13.1578,52.39636],[13.15792,52.3969],[13.15778,52.39723],[13.15795,52.39756],[13.15844,52.39827],[13.15877,52.3989],[13.15922,52.39954],[13.15939,52.39991],[13.15932,52.40041],[13.15923,52.40278],[13.15936,52.40281],[13.15935,52.40286],[13.16462,52.40461],[13.16733,52.40555],[13.17179,52.40701],[13.18523,52.4115],[13.179,52.4145],[13.17491,52.41641],[13.17474,52.41653],[13.17464,52.41667],[13.17439,52.41773],[13.17442,52.41787],[13.17453,52.41803],[13.17506,52.41831],[13.17654,52.4189],[13.17714,52.41908],[13.18033,52.41852],[13.18049,52.4201],[13.18057,52.42038],[13.18076,52.42066],[13.18101,52.42086],[13.18348,52.42217],[13.18478,52.4228],[13.18522,52.42305],[13.18499,52.4232],[13.18534,52.42337],[13.18431,52.42394],[13.18516,52.42435],[13.18584,52.42479],[13.18655,52.42535],[13.18682,52.42572]]]]}},{"type":"Feature","id":278,"properties":{"plr_schl":"06400736","plrname":"Düppel","nat_pers":60,"wohmi_fl":"546252","jur_pers":11,"jp_ohn_swg":7.37,"stwbg":3.63,"genossen":0,"sozvermiet":33.63,"plr_id":"06400736"},"geometry":{"type":"MultiPolygon","coordinates":[[[[13.18033,52.41852],[13.17714,52.41908],[13.17654,52.4189],[13.17529,52.41842],[13.17453,52.41803],[13.17442,52.41787],[13.17439,52.41773],[13.17461,52.41675],[13.17469,52.41659],[13.17504,52.41634],[13.17839,52.41479],[13.18523,52.4115],[13.19152,52.41362],[13.19667,52.41531],[13.19666,52.41535],[13.19725,52.41554],[13.19946,52.41541],[13.20033,52.41552],[13.20122,52.41553],[13.20232,52.41561],[13.20453,52.41583],[13.20645,52.41617],[13.20971,52.4168],[13.211,52.41711],[13.21202,52.4174],[13.21304,52.41778],[13.21355,52.41784],[13.21423,52.41804],[13.21488,52.4183],[13.21638,52.41883],[13.21709,52.41917],[13.21803,52.4193],[13.21927,52.41963],[13.22143,52.42012],[13.22359,52.42077],[13.22368,52.42067],[13.22505,52.42108],[13.22526,52.42092],[13.23914,52.42503],[13.23889,52.42519],[13.23693,52.42537],[13.2295,52.42776],[13.22969,52.42945],[13.22964,52.43062],[13.22958,52.43067],[13.22953,52.43067],[13.21057,52.42627],[13.20251,52.42306],[13.20236,52.42291],[13.20153,52.42257],[13.20016,52.42187],[13.19957,52.42179],[13.19548,52.42019],[13.19409,52.41978],[13.19268,52.41945],[13.19276,52.41927],[13.18686,52.41886],[13.18256,52.41845],[13.18132,52.41843],[13.18033,52.41852]]]]}},{"type":"Feature","id":279,"properties":{"plr_schl":"06400737","plrname":"Nikolassee","nat_pers":78,"wohmi_fl":"2044500","jur_pers":13,"jp_ohn_swg":11.57,"stwbg":1.43,"genossen":0,"sozvermiet":7.43,"plr_id":"06400737"},"geometry":{"type":"MultiPolygon","coordinates":[[[[13.23833,52.46917],[13.23625,52.46951],[13.2351,52.46966],[13.23388,52.47012],[13.23147,52.47076],[13.23021,52.47075],[13.22868,52.47049],[13.22678,52.47036],[13.22552,52.47013],[13.22378,52.46999],[13.22357,52.47002],[13.22159,52.46998],[13.22015,52.47006],[13.21924,52.47004],[13.21654,52.47012],[13.21616,52.4701],[13.21423,52.46982],[13.21323,52.46953],[13.21235,52.46956],[13.21148,52.46944],[13.21017,52.46971],[13.2091,52.46982],[13.20771,52.47002],[13.20646,52.47031],[13.20577,52.47043],[13.2051,52.47052],[13.20457,52.47053],[13.20413,52.47049],[13.20373,52.4705],[13.20274,52.47025],[13.20221,52.47016],[13.20169,52.46996],[13.20156,52.46987],[13.2009,52.46923],[13.20064,52.46904],[13.19971,52.46882],[13.1994,52.46876],[13.19915,52.46875],[13.19898,52.46877],[13.19809,52.46901],[13.19793,52.46913],[13.19773,52.46936],[13.19762,52.46973],[13.19772,52.47035],[13.19758,52.47064],[13.197,52.47117],[13.19662,52.47134],[13.19637,52.47135],[13.19523,52.47125],[13.19456,52.47098],[13.19391,52.47109],[13.18817,52.47184],[13.18636,52.46564],[13.18531,52.46258],[13.18122,52.45962],[13.17741,52.45592],[13.17085,52.45612],[13.16606,52.454],[13.16186,52.45219],[13.1735,52.42816],[13.18295,52.42987],[13.18484,52.42976],[13.18478,52.42935],[13.1848,52.42908],[13.18516,52.42903],[13.18539,52.4284],[13.18561,52.42802],[13.18676,52.42665],[13.18689,52.42634],[13.18691,52.42601],[13.18681,52.42569],[13.1866,52.4254],[13.186,52.42491],[13.18532,52.42444],[13.18431,52.42394],[13.18534,52.42337],[13.18499,52.4232],[13.18522,52.42305],[13.18478,52.4228],[13.18348,52.42217],[13.18101,52.42086],[13.18083,52.42073],[13.18059,52.42042],[13.18051,52.42019],[13.18033,52.41852],[13.18132,52.41843],[13.18256,52.41845],[13.18686,52.41886],[13.19276,52.41927],[13.19268,52.41945],[13.19409,52.41978],[13.19548,52.42019],[13.19957,52.42179],[13.20016,52.42187],[13.20153,52.42257],[13.20236,52.42291],[13.20251,52.42306],[13.21057,52.42627],[13.22446,52.42949],[13.22401,52.42982],[13.22363,52.43003],[13.21875,52.43263],[13.21488,52.43961],[13.21479,52.43967],[13.21459,52.44003],[13.21358,52.44244],[13.2078,52.44518],[13.20843,52.44574],[13.20837,52.44576],[13.2173,52.45281],[13.21756,52.45284],[13.21779,52.45273],[13.21816,52.45299],[13.21817,52.45302],[13.21806,52.45307],[13.21886,52.45405],[13.2268,52.46031],[13.22712,52.4606],[13.22831,52.46139],[13.22848,52.46159],[13.22911,52.46215],[13.2296,52.46249],[13.23096,52.46355],[13.23715,52.46845],[13.23718,52.46843],[13.23745,52.46864],[13.23833,52.46917]]]]}},{"type":"Feature","id":280,"properties":{"plr_schl":"06400838","plrname":"Krumme Lanke","nat_pers":88,"wohmi_fl":"1584965","jur_pers":11,"jp_ohn_swg":7.7,"stwbg":0,"genossen":3.3,"sozvermiet":3.3,"plr_id":"06400838"},"geometry":{"type":"MultiPolygon","coordinates":[[[[13.23833,52.46917],[13.23745,52.46864],[13.23718,52.46843],[13.23715,52.46845],[13.23096,52.46355],[13.2296,52.46249],[13.22911,52.46215],[13.22848,52.46159],[13.22831,52.46139],[13.22712,52.4606],[13.2268,52.46031],[13.21886,52.45405],[13.21806,52.45307],[13.21817,52.45302],[13.21816,52.45299],[13.21779,52.45273],[13.21756,52.45284],[13.2173,52.45281],[13.20837,52.44576],[13.20843,52.44574],[13.2078,52.44518],[13.21358,52.44244],[13.21459,52.44003],[13.21479,52.43967],[13.21488,52.43961],[13.21875,52.43263],[13.22363,52.43003],[13.22401,52.42982],[13.22446,52.42949],[13.22952,52.43066],[13.22948,52.43104],[13.23028,52.43126],[13.23019,52.43129],[13.23012,52.4315],[13.22997,52.43267],[13.22998,52.43358],[13.23011,52.43431],[13.23036,52.43501],[13.23072,52.43567],[13.2311,52.43619],[13.23184,52.43707],[13.23227,52.43744],[13.23452,52.43908],[13.23529,52.43949],[13.237,52.44027],[13.23783,52.4407],[13.23899,52.44143],[13.24061,52.44261],[13.24043,52.44272],[13.24061,52.44297],[13.24085,52.44315],[13.24081,52.44317],[13.24096,52.44332],[13.24144,52.44368],[13.24139,52.44373],[13.24172,52.44404],[13.24292,52.44507],[13.24388,52.44581],[13.24479,52.44645],[13.24646,52.4475],[13.24075,52.45217],[13.24208,52.45247],[13.24468,52.45286],[13.24802,52.45334],[13.2505,52.4536],[13.25027,52.45549],[13.25015,52.45712],[13.25008,52.45711],[13.24999,52.45778],[13.2499,52.45793],[13.24918,52.45848],[13.24899,52.45867],[13.24779,52.46014],[13.24757,52.46047],[13.24745,52.46081],[13.24742,52.46166],[13.24751,52.46674],[13.24758,52.46733],[13.24766,52.46741],[13.24777,52.4674],[13.24784,52.46754],[13.24735,52.46771],[13.24675,52.46774],[13.24553,52.46793],[13.24382,52.46825],[13.24304,52.46836],[13.24201,52.46856],[13.24157,52.46861],[13.23904,52.46904],[13.23905,52.46906],[13.23835,52.46919],[13.23833,52.46917]]]]}},{"type":"Feature","id":281,"properties":{"plr_schl":"06400839","plrname":"Fischerhüttenstraße","nat_pers":83,"wohmi_fl":"937719","jur_pers":15,"jp_ohn_swg":13.8,"stwbg":1.2,"genossen":0,"sozvermiet":3.2,"plr_id":"06400839"},"geometry":{"type":"MultiPolygon","coordinates":[[[[13.24039,52.43355],[13.24102,52.43369],[13.24207,52.43386],[13.25595,52.43591],[13.25646,52.43595],[13.25755,52.43577],[13.25872,52.43553],[13.25798,52.43648],[13.25803,52.43653],[13.25557,52.43993],[13.25548,52.44016],[13.25496,52.44258],[13.25503,52.44281],[13.25313,52.44435],[13.25319,52.44438],[13.25283,52.44468],[13.2486,52.4481],[13.24814,52.44845],[13.24779,52.44865],[13.24617,52.44773],[13.24646,52.4475],[13.24479,52.44645],[13.24388,52.44581],[13.24292,52.44507],[13.24172,52.44404],[13.24139,52.44373],[13.24144,52.44368],[13.24096,52.44332],[13.24081,52.44317],[13.24085,52.44315],[13.24061,52.44297],[13.24043,52.44272],[13.24061,52.44261],[13.23899,52.44143],[13.23783,52.4407],[13.237,52.44027],[13.23529,52.43949],[13.23452,52.43908],[13.23227,52.43744],[13.23184,52.43707],[13.23095,52.436],[13.23054,52.43537],[13.23036,52.43501],[13.23011,52.43431],[13.22996,52.43327],[13.22997,52.43267],[13.23012,52.4315],[13.23019,52.43129],[13.23025,52.43126],[13.23078,52.43133],[13.24039,52.43355]]]]}},{"type":"Feature","id":282,"properties":{"plr_schl":"06400840","plrname":"Fischtal","nat_pers":76,"wohmi_fl":"813872","jur_pers":24,"jp_ohn_swg":22.56,"stwbg":0,"genossen":1.44,"sozvermiet":1.44,"plr_id":"06400840"},"geometry":{"type":"MultiPolygon","coordinates":[[[[13.25496,52.44258],[13.25649,52.44283],[13.25749,52.44308],[13.25788,52.44323],[13.25917,52.44389],[13.25963,52.44409],[13.26015,52.44428],[13.26132,52.44463],[13.26227,52.44486],[13.2631,52.44502],[13.26557,52.44541],[13.26642,52.44562],[13.26745,52.44597],[13.26336,52.44925],[13.26332,52.44944],[13.26343,52.44992],[13.26226,52.45083],[13.26235,52.45129],[13.26232,52.45133],[13.26161,52.45138],[13.26015,52.45254],[13.25996,52.45254],[13.25999,52.45258],[13.25686,52.45508],[13.25696,52.45509],[13.25439,52.45713],[13.25385,52.45713],[13.25359,52.45719],[13.25324,52.45734],[13.25286,52.45744],[13.25258,52.45738],[13.25184,52.45696],[13.25131,52.45675],[13.25093,52.4568],[13.2506,52.45694],[13.25052,52.45718],[13.25015,52.45712],[13.25027,52.45549],[13.2505,52.4536],[13.24802,52.45334],[13.24468,52.45286],[13.24208,52.45247],[13.24075,52.45217],[13.24617,52.44773],[13.24779,52.44865],[13.24814,52.44845],[13.25283,52.44468],[13.25319,52.44438],[13.25313,52.44435],[13.25493,52.4429],[13.25503,52.44281],[13.25496,52.44258]]]]}},{"type":"Feature","id":283,"properties":{"plr_schl":"06400841","plrname":"Zehlendorf Eiche","nat_pers":77,"wohmi_fl":"806456","jur_pers":20,"jp_ohn_swg":18.8,"stwbg":0,"genossen":1.2,"sozvermiet":2.2,"plr_id":"06400841"},"geometry":{"type":"MultiPolygon","coordinates":[[[[13.25872,52.43553],[13.26009,52.43528],[13.26086,52.43525],[13.26177,52.43508],[13.26227,52.43508],[13.26282,52.43515],[13.26471,52.43562],[13.2648,52.43568],[13.26533,52.43583],[13.26565,52.43598],[13.26568,52.43595],[13.2691,52.43758],[13.2694,52.4379],[13.28153,52.44169],[13.27925,52.44203],[13.27767,52.44218],[13.27336,52.4424],[13.27031,52.44245],[13.27027,52.44249],[13.27025,52.44318],[13.27015,52.44353],[13.26998,52.44384],[13.26957,52.44428],[13.26745,52.44597],[13.26642,52.44562],[13.26557,52.44541],[13.2631,52.44502],[13.26227,52.44486],[13.26132,52.44463],[13.26015,52.44428],[13.25963,52.44409],[13.25917,52.44389],[13.25788,52.44323],[13.25749,52.44308],[13.25649,52.44283],[13.25496,52.44258],[13.25548,52.44016],[13.25557,52.43993],[13.25803,52.43653],[13.25798,52.43648],[13.25872,52.43553]]]]}},{"type":"Feature","id":284,"properties":{"plr_schl":"06400842","plrname":"Hüttenweg","nat_pers":43,"wohmi_fl":"514598","jur_pers":55,"jp_ohn_swg":55,"stwbg":0,"genossen":0,"sozvermiet":1,"plr_id":"06400842"},"geometry":{"type":"MultiPolygon","coordinates":[[[[13.26803,52.44551],[13.26798,52.44566],[13.26878,52.44722],[13.27091,52.45074],[13.271,52.45077],[13.27027,52.45082],[13.27055,52.45114],[13.27191,52.45347],[13.272,52.4537],[13.27259,52.45475],[13.2734,52.45673],[13.27442,52.46008],[13.27476,52.46097],[13.27602,52.46341],[13.27753,52.46556],[13.27781,52.46606],[13.27793,52.46639],[13.27799,52.46672],[13.27806,52.46838],[13.27833,52.46857],[13.27833,52.46864],[13.26881,52.46754],[13.26661,52.46731],[13.26639,52.46735],[13.26612,52.46724],[13.264,52.46697],[13.26355,52.46695],[13.26311,52.46698],[13.2629,52.46701],[13.26231,52.46717],[13.26232,52.46722],[13.2622,52.46732],[13.2621,52.46731],[13.26205,52.46735],[13.26215,52.4674],[13.26163,52.46777],[13.26086,52.4674],[13.26059,52.46713],[13.26028,52.46693],[13.25909,52.4665],[13.25561,52.46675],[13.25479,52.46678],[13.25311,52.46672],[13.25263,52.46675],[13.25184,52.46686],[13.24784,52.46754],[13.24777,52.4674],[13.24766,52.46741],[13.24758,52.46733],[13.24751,52.46674],[13.24742,52.46166],[13.24745,52.46081],[13.24757,52.46047],[13.24779,52.46014],[13.24899,52.45867],[13.24918,52.45848],[13.2499,52.45793],[13.25002,52.4577],[13.25008,52.45711],[13.25052,52.45718],[13.2506,52.45694],[13.25093,52.4568],[13.25131,52.45675],[13.25184,52.45696],[13.25258,52.45738],[13.25286,52.45744],[13.25324,52.45734],[13.25359,52.45719],[13.25385,52.45713],[13.25439,52.45713],[13.25696,52.45509],[13.25686,52.45508],[13.25999,52.45258],[13.25996,52.45254],[13.26015,52.45254],[13.26161,52.45138],[13.26232,52.45133],[13.26235,52.45129],[13.26226,52.45083],[13.26343,52.44992],[13.26332,52.44944],[13.26336,52.44925],[13.26803,52.44551]]]]}},{"type":"Feature","id":285,"properties":{"plr_schl":"06400843","plrname":"Thielallee","nat_pers":81,"wohmi_fl":"873546","jur_pers":10,"jp_ohn_swg":6.6,"stwbg":0,"genossen":3.4,"sozvermiet":11.4,"plr_id":"06400843"},"geometry":{"type":"MultiPolygon","coordinates":[[[[13.30417,52.45882],[13.29957,52.45799],[13.29871,52.45788],[13.29836,52.45787],[13.29662,52.45796],[13.29304,52.45818],[13.29167,52.45813],[13.29075,52.45813],[13.28945,52.45665],[13.28605,52.45292],[13.286,52.45292],[13.28562,52.45263],[13.28507,52.4523],[13.28343,52.45156],[13.28292,52.45124],[13.28134,52.45056],[13.27975,52.44992],[13.27876,52.44993],[13.27868,52.45006],[13.2781,52.4502],[13.27776,52.45025],[13.27095,52.45077],[13.26904,52.44767],[13.26822,52.44617],[13.26797,52.44563],[13.26803,52.44551],[13.26957,52.44428],[13.26998,52.44384],[13.27015,52.44353],[13.27025,52.44318],[13.27029,52.44246],[13.27336,52.4424],[13.27767,52.44218],[13.27925,52.44203],[13.28153,52.44169],[13.28593,52.44306],[13.28685,52.44338],[13.29377,52.44598],[13.29367,52.446],[13.29317,52.44647],[13.29509,52.44995],[13.29549,52.45048],[13.29615,52.45122],[13.30361,52.45834],[13.30394,52.45835],[13.30419,52.45848],[13.30426,52.45863],[13.30417,52.45882]]]]}},{"type":"Feature","id":286,"properties":{"plr_schl":"06400844","plrname":"Dahlem","nat_pers":82,"wohmi_fl":"1652055","jur_pers":10,"jp_ohn_swg":8.7,"stwbg":1.3,"genossen":0,"sozvermiet":4.3,"plr_id":"06400844"},"geometry":{"type":"MultiPolygon","coordinates":[[[[13.30417,52.45882],[13.30414,52.45884],[13.30423,52.45934],[13.30498,52.46322],[13.30539,52.46419],[13.30615,52.46569],[13.30684,52.46587],[13.30735,52.46605],[13.30752,52.46608],[13.3079,52.46606],[13.30816,52.4661],[13.30951,52.46683],[13.30994,52.46723],[13.3091,52.46771],[13.30857,52.46742],[13.30837,52.46755],[13.30833,52.46753],[13.30748,52.46788],[13.30633,52.46741],[13.30637,52.46749],[13.29741,52.46895],[13.29657,52.46913],[13.29018,52.47033],[13.29015,52.47013],[13.28988,52.46989],[13.28908,52.47053],[13.28351,52.46932],[13.28164,52.46895],[13.28075,52.4688],[13.27873,52.46854],[13.27868,52.46851],[13.27869,52.46861],[13.27833,52.46857],[13.27806,52.46838],[13.27799,52.46672],[13.27793,52.46639],[13.27781,52.46606],[13.27753,52.46556],[13.27602,52.46341],[13.27515,52.46177],[13.27456,52.4605],[13.2734,52.45673],[13.27259,52.45475],[13.272,52.4537],[13.27191,52.45347],[13.27055,52.45114],[13.27027,52.45082],[13.27776,52.45025],[13.2781,52.4502],[13.27868,52.45006],[13.27876,52.44993],[13.27975,52.44992],[13.28134,52.45056],[13.28292,52.45124],[13.28343,52.45156],[13.28507,52.4523],[13.28562,52.45263],[13.286,52.45292],[13.28605,52.45292],[13.28945,52.45665],[13.29075,52.45813],[13.29167,52.45813],[13.29304,52.45818],[13.29662,52.45796],[13.29836,52.45787],[13.29871,52.45788],[13.29957,52.45799],[13.30417,52.45882]]]]}},{"type":"Feature","id":287,"properties":{"plr_schl":"07100101","plrname":"Wittenbergplatz","nat_pers":58,"wohmi_fl":"279608","jur_pers":39,"jp_ohn_swg":29.64,"stwbg":8.97,"genossen":0.39,"sozvermiet":12.36,"plr_id":"07100101"},"geometry":{"type":"MultiPolygon","coordinates":[[[[13.34923,52.50307],[13.3415,52.50494],[13.33714,52.50091],[13.33698,52.50069],[13.33892,52.49991],[13.33882,52.49974],[13.33899,52.49942],[13.33817,52.49802],[13.33788,52.49738],[13.33782,52.49739],[13.33733,52.49606],[13.33731,52.49599],[13.33738,52.49598],[13.33738,52.49585],[13.33728,52.49586],[13.33734,52.49479],[13.33744,52.49479],[13.33746,52.49419],[13.3376,52.49423],[13.33825,52.49422],[13.3383,52.49419],[13.33882,52.49411],[13.34108,52.49408],[13.3416,52.4941],[13.34189,52.49419],[13.34222,52.4942],[13.34541,52.49419],[13.34616,52.49421],[13.34639,52.49466],[13.34568,52.49466],[13.34578,52.49471],[13.34583,52.49485],[13.3459,52.49548],[13.34568,52.49989],[13.34584,52.5004],[13.34544,52.50046],[13.34525,52.50058],[13.34569,52.50078],[13.34636,52.50139],[13.347,52.50187],[13.3477,52.50227],[13.34903,52.5029],[13.34925,52.50302],[13.34923,52.50307]]]]}},{"type":"Feature","id":288,"properties":{"plr_schl":"07100102","plrname":"Kalckreuthstraße","nat_pers":67,"wohmi_fl":"226360","jur_pers":32,"jp_ohn_swg":24,"stwbg":8,"genossen":0,"sozvermiet":10,"plr_id":"07100102"},"geometry":{"type":"MultiPolygon","coordinates":[[[[13.34923,52.50307],[13.34925,52.50302],[13.34903,52.5029],[13.3477,52.50227],[13.347,52.50187],[13.34636,52.50139],[13.34569,52.50078],[13.34525,52.50058],[13.34544,52.50046],[13.34584,52.5004],[13.34568,52.49989],[13.3459,52.49548],[13.34583,52.49485],[13.34578,52.49471],[13.34568,52.49466],[13.34639,52.49466],[13.34616,52.49421],[13.34661,52.49427],[13.34947,52.49451],[13.34988,52.49457],[13.35196,52.49474],[13.35243,52.49475],[13.35543,52.49453],[13.35438,52.49863],[13.35439,52.49877],[13.35459,52.49904],[13.35489,52.49906],[13.35506,52.49958],[13.35482,52.49971],[13.35437,52.50004],[13.3541,52.50037],[13.35394,52.50074],[13.35381,52.50121],[13.35367,52.5012],[13.35364,52.50131],[13.35357,52.5016],[13.35362,52.50163],[13.35354,52.50194],[13.35368,52.50204],[13.35139,52.50259],[13.35139,52.50255],[13.34923,52.50307]]]]}},{"type":"Feature","id":289,"properties":{"plr_schl":"07100103","plrname":"Frobenstraße","nat_pers":29,"wohmi_fl":"180880","jur_pers":69,"jp_ohn_swg":24.15,"stwbg":44.85,"genossen":0,"sozvermiet":47.85,"plr_id":"07100103"},"geometry":{"type":"MultiPolygon","coordinates":[[[[13.36078,52.49415],[13.36091,52.49579],[13.36254,52.49966],[13.35754,52.5011],[13.35368,52.50204],[13.35354,52.50194],[13.35362,52.50163],[13.35357,52.5016],[13.35364,52.50131],[13.35367,52.5012],[13.35381,52.50121],[13.35394,52.50074],[13.3541,52.50037],[13.35437,52.50004],[13.35482,52.49971],[13.35506,52.49958],[13.35489,52.49906],[13.35459,52.49904],[13.35439,52.49877],[13.35438,52.49863],[13.35543,52.49453],[13.36078,52.49415]]]]}},{"type":"Feature","id":290,"properties":{"plr_schl":"07100204","plrname":"Barbarossaplatz","nat_pers":82,"wohmi_fl":"259229","jur_pers":17,"jp_ohn_swg":15.64,"stwbg":0.51,"genossen":0.85,"sozvermiet":1.36,"plr_id":"07100204"},"geometry":{"type":"MultiPolygon","coordinates":[[[[13.34529,52.48927],[13.34642,52.48929],[13.35056,52.4897],[13.35427,52.49008],[13.35427,52.49011],[13.35463,52.49015],[13.35516,52.49017],[13.3565,52.4903],[13.36014,52.49076],[13.36026,52.49081],[13.36037,52.49104],[13.36057,52.49192],[13.36066,52.49192],[13.36072,52.49273],[13.36066,52.49273],[13.36078,52.49415],[13.35243,52.49475],[13.3516,52.49472],[13.34616,52.49421],[13.34554,52.49343],[13.34538,52.49316],[13.34536,52.49268],[13.34542,52.49268],[13.34529,52.48927]]]]}},{"type":"Feature","id":291,"properties":{"plr_schl":"07100205","plrname":"Alvenslebenstraße","nat_pers":25,"wohmi_fl":"152197","jur_pers":75,"jp_ohn_swg":17.25,"stwbg":57.75,"genossen":0,"sozvermiet":57.75,"plr_id":"07100205"},"geometry":{"type":"MultiPolygon","coordinates":[[[[13.36953,52.49887],[13.36936,52.49874],[13.36879,52.49878],[13.36304,52.49956],[13.36254,52.49966],[13.36091,52.49579],[13.36078,52.49415],[13.36134,52.4941],[13.36627,52.4933],[13.36797,52.49297],[13.36826,52.49332],[13.36822,52.49333],[13.36858,52.49396],[13.36841,52.49448],[13.36868,52.49739],[13.3696,52.49811],[13.36973,52.49878],[13.36953,52.49887]]]]}},{"type":"Feature","id":292,"properties":{"plr_schl":"07100206","plrname":"Großgörschenstraße","nat_pers":51,"wohmi_fl":"181346","jur_pers":48,"jp_ohn_swg":23.04,"stwbg":24,"genossen":0.96,"sozvermiet":24.96,"plr_id":"07100206"},"geometry":{"type":"MultiPolygon","coordinates":[[[[13.3735,52.48775],[13.37354,52.48798],[13.37473,52.48938],[13.3754,52.48943],[13.37548,52.49046],[13.3764,52.49143],[13.37643,52.49168],[13.37107,52.49276],[13.37108,52.49291],[13.36924,52.49328],[13.36916,52.49314],[13.36826,52.49332],[13.36797,52.49297],[13.36627,52.4933],[13.36134,52.4941],[13.36078,52.49415],[13.36066,52.49273],[13.36072,52.49273],[13.36066,52.49192],[13.36057,52.49192],[13.36042,52.49118],[13.36026,52.49081],[13.36085,52.49064],[13.36066,52.49043],[13.36084,52.49032],[13.36056,52.49013],[13.3625,52.48894],[13.36301,52.4887],[13.36386,52.48823],[13.36416,52.48819],[13.36845,52.48819],[13.37049,52.48794],[13.37313,52.48781],[13.37311,52.48777],[13.3735,52.48775]]]]}},{"type":"Feature","id":293,"properties":{"plr_schl":"07200307","plrname":"Bayerischer Platz","nat_pers":75,"wohmi_fl":"273130","jur_pers":24,"jp_ohn_swg":12.24,"stwbg":8.64,"genossen":3.12,"sozvermiet":11.76,"plr_id":"07200307"},"geometry":{"type":"MultiPolygon","coordinates":[[[[13.33746,52.49419],[13.33745,52.49407],[13.33735,52.49408],[13.33711,52.49239],[13.3371,52.49229],[13.3372,52.4923],[13.33709,52.49101],[13.33753,52.49072],[13.33733,52.49048],[13.33703,52.49042],[13.33696,52.49037],[13.3369,52.48987],[13.3369,52.48967],[13.33697,52.48966],[13.33697,52.48942],[13.3369,52.48941],[13.33694,52.48899],[13.33704,52.4885],[13.33713,52.48843],[13.33721,52.48806],[13.33715,52.48804],[13.33713,52.4879],[13.33705,52.48592],[13.33907,52.4858],[13.34351,52.48564],[13.34415,52.48576],[13.34435,52.48584],[13.34473,52.48592],[13.3453,52.48584],[13.34535,52.48626],[13.34529,52.48932],[13.34542,52.49268],[13.34536,52.49268],[13.34538,52.49316],[13.34554,52.49343],[13.34616,52.49421],[13.34541,52.49419],[13.34222,52.4942],[13.34189,52.49419],[13.3416,52.4941],[13.34108,52.49408],[13.33882,52.49411],[13.3383,52.49419],[13.33825,52.49422],[13.3376,52.49423],[13.33746,52.49419]]]]}},{"type":"Feature","id":294,"properties":{"plr_schl":"07200308","plrname":"Volkspark (Rudolph-Wilde-Park)","nat_pers":63,"wohmi_fl":"223379","jur_pers":36,"jp_ohn_swg":21.24,"stwbg":14.76,"genossen":0,"sozvermiet":14.76,"plr_id":"07200308"},"geometry":{"type":"MultiPolygon","coordinates":[[[[13.33712,52.48592],[13.33717,52.48567],[13.33709,52.48568],[13.33712,52.48253],[13.3372,52.48253],[13.33705,52.48209],[13.33705,52.48071],[13.33716,52.48036],[13.33716,52.48012],[13.33706,52.47988],[13.33707,52.4784],[13.33895,52.47853],[13.33898,52.47846],[13.34005,52.47855],[13.34184,52.47854],[13.3426,52.4786],[13.34298,52.4786],[13.34344,52.47856],[13.34348,52.47831],[13.34383,52.47813],[13.34554,52.47812],[13.34628,52.47815],[13.35185,52.47952],[13.35206,52.47962],[13.35238,52.47987],[13.35271,52.48007],[13.35206,52.4804],[13.35133,52.48072],[13.34827,52.48205],[13.34823,52.48203],[13.34767,52.48232],[13.34771,52.48235],[13.34688,52.48279],[13.34687,52.48286],[13.34669,52.48309],[13.34664,52.48308],[13.3466,52.48313],[13.34656,52.48311],[13.34646,52.48323],[13.34644,52.48326],[13.34652,52.48329],[13.34596,52.484],[13.34587,52.48397],[13.34571,52.48418],[13.34579,52.48421],[13.34564,52.4844],[13.34567,52.48441],[13.34559,52.4846],[13.34531,52.48494],[13.3453,52.48584],[13.34473,52.48592],[13.34435,52.48584],[13.34415,52.48576],[13.34351,52.48564],[13.33907,52.4858],[13.33712,52.48592]]]]}},{"type":"Feature","id":295,"properties":{"plr_schl":"07200409","plrname":"Belziger Straße","nat_pers":65,"wohmi_fl":"238733","jur_pers":33,"jp_ohn_swg":27.06,"stwbg":5.94,"genossen":0,"sozvermiet":6.94,"plr_id":"07200409"},"geometry":{"type":"MultiPolygon","coordinates":[[[[13.3453,52.48584],[13.34531,52.48494],[13.34559,52.4846],[13.34567,52.48441],[13.34564,52.4844],[13.34579,52.48421],[13.34571,52.48418],[13.34587,52.48397],[13.34596,52.484],[13.34652,52.48329],[13.34644,52.48326],[13.34646,52.48323],[13.34656,52.48311],[13.3466,52.48313],[13.34664,52.48308],[13.34669,52.48309],[13.34687,52.48286],[13.34688,52.48279],[13.34771,52.48235],[13.34767,52.48232],[13.34823,52.48203],[13.34935,52.48282],[13.34942,52.48281],[13.3505,52.48358],[13.35199,52.48431],[13.35531,52.48586],[13.35565,52.48606],[13.35566,52.48614],[13.35594,52.48629],[13.35598,52.48627],[13.35612,52.48629],[13.35619,52.48626],[13.35628,52.48632],[13.35658,52.48661],[13.3565,52.48663],[13.35655,52.48669],[13.3597,52.49014],[13.35963,52.49017],[13.36026,52.49081],[13.36014,52.49076],[13.35622,52.49027],[13.35516,52.49017],[13.35463,52.49015],[13.35427,52.49011],[13.35427,52.49008],[13.35335,52.48998],[13.34642,52.48929],[13.34529,52.48927],[13.34535,52.48626],[13.3453,52.48584]]]]}},{"type":"Feature","id":296,"properties":{"plr_schl":"07200410","plrname":"Feurigstraße","nat_pers":41,"wohmi_fl":"124438","jur_pers":54,"jp_ohn_swg":18.36,"stwbg":34.02,"genossen":1.62,"sozvermiet":39.64,"plr_id":"07200410"},"geometry":{"type":"MultiPolygon","coordinates":[[[[13.34827,52.48205],[13.35206,52.4804],[13.35266,52.4801],[13.35293,52.48032],[13.35301,52.48029],[13.35428,52.48121],[13.35583,52.48246],[13.35643,52.48303],[13.35716,52.48364],[13.35778,52.48402],[13.35901,52.48506],[13.35902,52.48502],[13.3599,52.48576],[13.35989,52.48583],[13.3603,52.48619],[13.35983,52.48635],[13.35924,52.48635],[13.35924,52.48638],[13.35821,52.48638],[13.35739,52.48666],[13.35737,52.48671],[13.35728,52.48675],[13.35674,52.4869],[13.3565,52.48663],[13.35658,52.48661],[13.35619,52.48626],[13.35612,52.48629],[13.35608,52.48627],[13.35594,52.48629],[13.35566,52.48614],[13.35565,52.48606],[13.35531,52.48586],[13.35199,52.48431],[13.3505,52.48358],[13.3498,52.48307],[13.34942,52.48281],[13.34935,52.48282],[13.34827,52.48205]]]]}},{"type":"Feature","id":297,"properties":{"plr_schl":"07200411","plrname":"Julius-Leber-Brücke","nat_pers":43,"wohmi_fl":"60267","jur_pers":57,"jp_ohn_swg":14.82,"stwbg":42.18,"genossen":0,"sozvermiet":42.18,"plr_id":"07200411"},"geometry":{"type":"MultiPolygon","coordinates":[[[[13.36416,52.48819],[13.36386,52.48823],[13.36301,52.4887],[13.3625,52.48894],[13.36056,52.49013],[13.36084,52.49032],[13.36066,52.49043],[13.36085,52.49064],[13.36026,52.49081],[13.35963,52.49017],[13.3597,52.49014],[13.35674,52.4869],[13.35728,52.48675],[13.35737,52.48671],[13.35739,52.48666],[13.35821,52.48638],[13.35924,52.48638],[13.35924,52.48635],[13.35983,52.48635],[13.36078,52.48605],[13.36098,52.48596],[13.36139,52.48618],[13.36163,52.48613],[13.36416,52.48819]]]]}},{"type":"Feature","id":298,"properties":{"plr_schl":"07200412","plrname":"Schöneberger Linse","nat_pers":36,"wohmi_fl":"58883","jur_pers":60,"jp_ohn_swg":42,"stwbg":16.2,"genossen":1.8,"sozvermiet":22,"plr_id":"07200412"},"geometry":{"type":"MultiPolygon","coordinates":[[[[13.36558,52.47372],[13.36562,52.47404],[13.36558,52.47404],[13.36559,52.47414],[13.36569,52.47435],[13.36545,52.47473],[13.36547,52.47476],[13.36418,52.47677],[13.36407,52.47674],[13.3639,52.47697],[13.36355,52.47729],[13.3635,52.47736],[13.3635,52.47747],[13.36329,52.47764],[13.36319,52.47758],[13.36245,52.47809],[13.36245,52.47805],[13.36194,52.47831],[13.36194,52.47836],[13.36081,52.47885],[13.36018,52.47906],[13.35849,52.47944],[13.3585,52.47946],[13.35756,52.47958],[13.35754,52.47955],[13.35691,52.4796],[13.35617,52.47959],[13.35617,52.47962],[13.35535,52.4796],[13.35535,52.47956],[13.35455,52.47944],[13.35391,52.4793],[13.35767,52.47663],[13.35937,52.4758],[13.36115,52.47497],[13.36144,52.47487],[13.36314,52.47449],[13.36329,52.47439],[13.36392,52.47417],[13.36534,52.47349],[13.36538,52.47373],[13.36558,52.47372]]]]}},{"type":"Feature","id":299,"properties":{"plr_schl":"07200413","plrname":"Cheruskerstraße","nat_pers":80,"wohmi_fl":"144287","jur_pers":20,"jp_ohn_swg":18.4,"stwbg":1.6,"genossen":0,"sozvermiet":2.6,"plr_id":"07200413"},"geometry":{"type":"MultiPolygon","coordinates":[[[[13.35271,52.48007],[13.35317,52.47988],[13.35391,52.4793],[13.35455,52.47944],[13.35535,52.47956],[13.35535,52.4796],[13.35617,52.47962],[13.35617,52.47959],[13.35691,52.4796],[13.35754,52.47955],[13.35756,52.47958],[13.3585,52.47946],[13.35849,52.47944],[13.36018,52.47906],[13.36081,52.47885],[13.36194,52.47836],[13.36194,52.47831],[13.36245,52.47805],[13.36245,52.47809],[13.36319,52.47758],[13.36329,52.47764],[13.3635,52.47747],[13.3635,52.47736],[13.36355,52.47729],[13.3639,52.47697],[13.36407,52.47674],[13.36418,52.47677],[13.36547,52.47476],[13.36545,52.47473],[13.36569,52.47435],[13.36559,52.47414],[13.36558,52.47404],[13.36562,52.47404],[13.36558,52.47372],[13.36591,52.47382],[13.3662,52.47342],[13.36659,52.47304],[13.36687,52.47283],[13.36759,52.4724],[13.36785,52.47219],[13.36869,52.47178],[13.36928,52.4714],[13.36973,52.47127],[13.37037,52.47114],[13.371,52.47116],[13.37108,52.47203],[13.37022,52.47214],[13.36974,52.47224],[13.36904,52.47249],[13.36823,52.47286],[13.36739,52.47348],[13.36705,52.47383],[13.36674,52.47424],[13.36658,52.47448],[13.36649,52.47477],[13.36649,52.47517],[13.36672,52.47676],[13.36743,52.47804],[13.37086,52.4838],[13.37147,52.48489],[13.37153,52.48489],[13.37157,52.48495],[13.36874,52.48494],[13.36364,52.48498],[13.36323,52.48519],[13.36168,52.48581],[13.36098,52.48596],[13.36031,52.4862],[13.35989,52.48583],[13.3599,52.48576],[13.35902,52.48502],[13.35901,52.48506],[13.35778,52.48402],[13.35716,52.48364],[13.35643,52.48303],[13.35583,52.48246],[13.35428,52.48121],[13.35301,52.48029],[13.35293,52.48032],[13.35266,52.4801],[13.35271,52.48007]]]]}},{"type":"Feature","id":300,"properties":{"plr_schl":"07200414","plrname":"Hohenfriedbergstraße","nat_pers":81,"wohmi_fl":"79412","jur_pers":15,"jp_ohn_swg":14.25,"stwbg":0.75,"genossen":0,"sozvermiet":1.75,"plr_id":"07200414"},"geometry":{"type":"MultiPolygon","coordinates":[[[[13.37157,52.48495],[13.37166,52.48512],[13.37161,52.48512],[13.37164,52.48518],[13.37402,52.48517],[13.37416,52.48713],[13.37416,52.48771],[13.37311,52.48777],[13.37313,52.48781],[13.37049,52.48794],[13.36845,52.48819],[13.36416,52.48819],[13.36163,52.48613],[13.36139,52.48618],[13.36098,52.48596],[13.36168,52.48581],[13.36323,52.48519],[13.36364,52.48498],[13.36874,52.48494],[13.37157,52.48495]]]]}},{"type":"Feature","id":301,"properties":{"plr_schl":"07300515","plrname":"Taunusstraße","nat_pers":85,"wohmi_fl":"213666","jur_pers":15,"jp_ohn_swg":15,"stwbg":0,"genossen":0,"sozvermiet":0,"plr_id":"07300515"},"geometry":{"type":"MultiPolygon","coordinates":[[[[13.32048,52.47747],[13.32043,52.47747],[13.32042,52.47734],[13.32017,52.4714],[13.32025,52.47141],[13.32025,52.47147],[13.32355,52.47145],[13.32365,52.47134],[13.32379,52.47126],[13.3241,52.4712],[13.32435,52.47123],[13.32445,52.47127],[13.32458,52.47134],[13.32466,52.47144],[13.32766,52.47142],[13.32798,52.47114],[13.32811,52.47111],[13.32812,52.47108],[13.32863,52.47108],[13.32877,52.47112],[13.32878,52.47155],[13.32863,52.47192],[13.32832,52.47302],[13.3282,52.47309],[13.32812,52.47358],[13.32819,52.47603],[13.32816,52.47603],[13.32817,52.4767],[13.32825,52.4767],[13.32825,52.47687],[13.32811,52.47743],[13.32709,52.47747],[13.32242,52.47749],[13.32048,52.47747]]]]}},{"type":"Feature","id":302,"properties":{"plr_schl":"07300516","plrname":"Odenwaldstraße","nat_pers":82,"wohmi_fl":"273252","jur_pers":17,"jp_ohn_swg":15.13,"stwbg":1.53,"genossen":0.34,"sozvermiet":1.87,"plr_id":"07300516"},"geometry":{"type":"MultiPolygon","coordinates":[[[[13.32937,52.46557],[13.33269,52.46878],[13.3322,52.46898],[13.32877,52.47112],[13.32863,52.47108],[13.32812,52.47108],[13.32811,52.47111],[13.32798,52.47114],[13.32766,52.47142],[13.32466,52.47144],[13.32458,52.47134],[13.32445,52.47127],[13.32435,52.47123],[13.3241,52.4712],[13.32379,52.47126],[13.32365,52.47134],[13.32355,52.47145],[13.32025,52.47147],[13.32025,52.47141],[13.32017,52.4714],[13.32014,52.47074],[13.32022,52.47074],[13.32022,52.47054],[13.32028,52.4705],[13.32024,52.47046],[13.32053,52.47027],[13.32052,52.47013],[13.32025,52.46997],[13.32026,52.4699],[13.32019,52.46986],[13.32009,52.46962],[13.31998,52.46698],[13.32099,52.46696],[13.32758,52.46461],[13.32787,52.4645],[13.32816,52.46433],[13.32937,52.46557]]]]}},{"type":"Feature","id":303,"properties":{"plr_schl":"07300517","plrname":"Perelsplatz","nat_pers":77,"wohmi_fl":"317276","jur_pers":23,"jp_ohn_swg":20.01,"stwbg":2.99,"genossen":0,"sozvermiet":2.99,"plr_id":"07300517"},"geometry":{"type":"MultiPolygon","coordinates":[[[[13.34351,52.47788],[13.34382,52.47811],[13.34348,52.47831],[13.34344,52.47856],[13.3426,52.4786],[13.34184,52.47854],[13.34005,52.47855],[13.33898,52.47846],[13.33895,52.47853],[13.33707,52.4784],[13.33707,52.47813],[13.33299,52.47785],[13.33299,52.4778],[13.33294,52.4778],[13.33294,52.47772],[13.33287,52.47772],[13.33287,52.47741],[13.32811,52.47743],[13.32825,52.47687],[13.32825,52.4767],[13.32817,52.4767],[13.32816,52.47603],[13.32819,52.47603],[13.32812,52.47358],[13.3282,52.47309],[13.32832,52.47302],[13.32863,52.47192],[13.32878,52.47155],[13.32877,52.47112],[13.33227,52.46894],[13.33269,52.46878],[13.33621,52.47211],[13.34091,52.47586],[13.34351,52.47788]]]]}},{"type":"Feature","id":304,"properties":{"plr_schl":"07300618","plrname":"Ceciliengärten","nat_pers":84,"wohmi_fl":"325530","jur_pers":15,"jp_ohn_swg":11.1,"stwbg":3.9,"genossen":0,"sozvermiet":3.9,"plr_id":"07300618"},"geometry":{"type":"MultiPolygon","coordinates":[[[[13.33063,52.46515],[13.33141,52.46586],[13.33467,52.46628],[13.33483,52.4662],[13.33586,52.46701],[13.33627,52.46742],[13.3373,52.46699],[13.33939,52.4687],[13.34026,52.46929],[13.34251,52.4711],[13.34336,52.4717],[13.34358,52.4719],[13.34346,52.47245],[13.34759,52.47582],[13.34566,52.47728],[13.34578,52.47735],[13.3447,52.47801],[13.3443,52.47798],[13.34389,52.4779],[13.34351,52.47788],[13.33966,52.47487],[13.3359,52.47183],[13.32937,52.46557],[13.32944,52.46559],[13.32967,52.4655],[13.3297,52.46554],[13.3306,52.46522],[13.33063,52.46515]]]]}},{"type":"Feature","id":305,"properties":{"plr_schl":"07300619","plrname":"Grazer Platz","nat_pers":39,"wohmi_fl":"410144","jur_pers":60,"jp_ohn_swg":60,"stwbg":0,"genossen":0,"sozvermiet":0,"plr_id":"07300619"},"geometry":{"type":"MultiPolygon","coordinates":[[[[13.3373,52.46699],[13.33791,52.46664],[13.33848,52.46638],[13.33877,52.46657],[13.33891,52.46556],[13.34287,52.46314],[13.3446,52.46191],[13.34496,52.46172],[13.34782,52.45925],[13.34756,52.45899],[13.34788,52.45886],[13.34834,52.4588],[13.3484,52.45877],[13.34904,52.45876],[13.34908,52.45677],[13.34964,52.45677],[13.35089,52.45662],[13.35093,52.45673],[13.35146,52.45677],[13.35199,52.45689],[13.35248,52.45708],[13.35295,52.45712],[13.3533,52.45702],[13.35368,52.4567],[13.35385,52.45634],[13.35419,52.45587],[13.3542,52.45564],[13.35526,52.45565],[13.35598,52.45562],[13.35591,52.45577],[13.3558,52.45631],[13.35579,52.45671],[13.3557,52.45717],[13.35573,52.45725],[13.3558,52.45729],[13.35599,52.45728],[13.35598,52.45743],[13.35581,52.45746],[13.35579,52.45812],[13.35584,52.45969],[13.35613,52.46065],[13.35599,52.46067],[13.35614,52.46098],[13.35637,52.46097],[13.35658,52.46134],[13.35767,52.46295],[13.35869,52.46463],[13.36013,52.46711],[13.3619,52.47043],[13.36374,52.47345],[13.36351,52.47353],[13.36363,52.47368],[13.36361,52.4739],[13.36384,52.47402],[13.36392,52.47417],[13.36329,52.47439],[13.36314,52.47449],[13.36144,52.47487],[13.36115,52.47497],[13.35767,52.47663],[13.35441,52.47892],[13.35317,52.47988],[13.35271,52.48007],[13.35238,52.47987],[13.35206,52.47962],[13.35185,52.47952],[13.34628,52.47815],[13.34554,52.47812],[13.34378,52.47814],[13.34382,52.47811],[13.34351,52.47788],[13.34389,52.4779],[13.3443,52.47798],[13.3447,52.47801],[13.34558,52.47749],[13.34578,52.47735],[13.34566,52.47728],[13.34759,52.47582],[13.34346,52.47245],[13.34358,52.4719],[13.34336,52.4717],[13.34251,52.4711],[13.34026,52.46929],[13.33939,52.4687],[13.3373,52.46699]]]]}},{"type":"Feature","id":306,"properties":{"plr_schl":"07400720","plrname":"Gontermannstraße","nat_pers":61,"wohmi_fl":"419348","jur_pers":37,"jp_ohn_swg":15.54,"stwbg":21.46,"genossen":0,"sozvermiet":22.46,"plr_id":"07400720"},"geometry":{"type":"MultiPolygon","coordinates":[[[[13.37157,52.48495],[13.37153,52.48489],[13.37147,52.48489],[13.37086,52.4838],[13.36743,52.47804],[13.36672,52.47676],[13.3665,52.47536],[13.36649,52.47477],[13.36658,52.47448],[13.36674,52.47424],[13.3673,52.47357],[13.36823,52.47286],[13.36904,52.47249],[13.36985,52.47221],[13.37108,52.47203],[13.371,52.47116],[13.37141,52.47116],[13.37288,52.47087],[13.37527,52.47052],[13.37754,52.47023],[13.37754,52.47019],[13.37768,52.47018],[13.37768,52.4702],[13.37895,52.47016],[13.38526,52.47012],[13.38526,52.4703],[13.38527,52.47033],[13.38534,52.47033],[13.38535,52.47044],[13.38591,52.47032],[13.38595,52.47149],[13.38419,52.47149],[13.38366,52.4715],[13.38357,52.47154],[13.38237,52.47155],[13.37965,52.47197],[13.37809,52.472],[13.37808,52.47366],[13.37803,52.47428],[13.37734,52.47429],[13.37673,52.47434],[13.3758,52.47453],[13.37502,52.47481],[13.3745,52.47509],[13.37414,52.47535],[13.375,52.47592],[13.37501,52.47599],[13.37459,52.47654],[13.37437,52.4771],[13.37428,52.47901],[13.37435,52.47901],[13.37465,52.47993],[13.37494,52.48036],[13.37525,52.48066],[13.37566,52.4809],[13.37602,52.48106],[13.37665,52.48126],[13.37772,52.48146],[13.37799,52.4814],[13.37828,52.48144],[13.37942,52.4813],[13.37987,52.48121],[13.38096,52.48089],[13.38226,52.48046],[13.38443,52.48029],[13.38616,52.48027],[13.38627,52.48486],[13.37157,52.48495]]]]}},{"type":"Feature","id":307,"properties":{"plr_schl":"07400721","plrname":"Paradestraße","nat_pers":86,"wohmi_fl":"412027","jur_pers":13,"jp_ohn_swg":12.35,"stwbg":0.65,"genossen":0,"sozvermiet":0.65,"plr_id":"07400721"},"geometry":{"type":"MultiPolygon","coordinates":[[[[13.38598,52.47009],[13.3868,52.47004],[13.38777,52.46988],[13.38944,52.46949],[13.39102,52.46904],[13.39235,52.46856],[13.39577,52.46706],[13.39738,52.46645],[13.39879,52.46601],[13.40042,52.46559],[13.4015,52.46523],[13.4016,52.46526],[13.40172,52.46524],[13.40311,52.46496],[13.40455,52.46479],[13.40637,52.46472],[13.40641,52.46462],[13.41074,52.46499],[13.41305,52.46515],[13.41335,52.46514],[13.41308,52.46501],[13.41276,52.4648],[13.4124,52.46444],[13.41288,52.46449],[13.41371,52.46495],[13.41422,52.46511],[13.41472,52.4652],[13.41688,52.4654],[13.41578,52.47031],[13.41349,52.47871],[13.41094,52.4779],[13.41088,52.47772],[13.40689,52.47817],[13.40662,52.47823],[13.4068,52.47886],[13.40624,52.48016],[13.40606,52.48099],[13.40615,52.48123],[13.4064,52.48277],[13.40359,52.48337],[13.40205,52.48363],[13.40046,52.48381],[13.40023,52.48391],[13.39464,52.48403],[13.39452,52.48411],[13.39424,52.4841],[13.39425,52.48577],[13.38629,52.48583],[13.38616,52.48027],[13.38443,52.48029],[13.38226,52.48046],[13.38096,52.48089],[13.37987,52.48121],[13.37942,52.4813],[13.37848,52.48142],[13.37828,52.48144],[13.37799,52.4814],[13.37772,52.48146],[13.37665,52.48126],[13.37602,52.48106],[13.37572,52.48093],[13.37515,52.48058],[13.37479,52.48017],[13.37465,52.47993],[13.37435,52.47901],[13.37428,52.47901],[13.37434,52.47727],[13.37448,52.47675],[13.37468,52.47639],[13.37501,52.47599],[13.375,52.47592],[13.37414,52.47535],[13.3745,52.47509],[13.37502,52.47481],[13.3758,52.47453],[13.37673,52.47434],[13.37734,52.47429],[13.37803,52.47428],[13.37808,52.47366],[13.37809,52.472],[13.37965,52.47197],[13.38237,52.47155],[13.38357,52.47154],[13.38366,52.4715],[13.38419,52.47149],[13.38595,52.47149],[13.38591,52.47028],[13.38598,52.47026],[13.38598,52.47009]]]]}},{"type":"Feature","id":308,"properties":{"plr_schl":"07400822","plrname":"Lindenhofsiedlung","nat_pers":9,"wohmi_fl":"143985","jur_pers":90,"jp_ohn_swg":20.7,"stwbg":0,"genossen":69.3,"sozvermiet":70.3,"plr_id":"07400822"},"geometry":{"type":"MultiPolygon","coordinates":[[[[13.371,52.47116],[13.3703,52.47115],[13.36946,52.47134],[13.36912,52.47148],[13.36869,52.47178],[13.36785,52.47219],[13.36759,52.4724],[13.36687,52.47283],[13.36659,52.47304],[13.3662,52.47342],[13.36591,52.47382],[13.36558,52.47372],[13.36538,52.47373],[13.36534,52.47349],[13.36392,52.47417],[13.36384,52.47402],[13.36361,52.4739],[13.36363,52.47368],[13.36351,52.47353],[13.36374,52.47345],[13.3619,52.47043],[13.36013,52.46711],[13.35819,52.46379],[13.3574,52.46253],[13.35658,52.46134],[13.35637,52.46097],[13.35614,52.46098],[13.35611,52.46094],[13.35599,52.46067],[13.35613,52.46065],[13.35588,52.45992],[13.35581,52.4593],[13.35581,52.45746],[13.35598,52.45743],[13.35599,52.45728],[13.35905,52.45681],[13.35917,52.45677],[13.3597,52.4564],[13.36033,52.45621],[13.36087,52.45609],[13.36169,52.45596],[13.36417,52.45576],[13.37017,52.45561],[13.3696,52.45656],[13.36975,52.4584],[13.3703,52.45852],[13.37064,52.45872],[13.37085,52.45902],[13.37095,52.45938],[13.3709,52.45986],[13.37074,52.46014],[13.37044,52.46035],[13.36992,52.46053],[13.37043,52.4671],[13.37074,52.47027],[13.37094,52.47054],[13.371,52.47116]]]]}},{"type":"Feature","id":309,"properties":{"plr_schl":"07400823","plrname":"Wittekindstraße","nat_pers":16,"wohmi_fl":"410409","jur_pers":84,"jp_ohn_swg":42,"stwbg":14.28,"genossen":27.72,"sozvermiet":42,"plr_id":"07400823"},"geometry":{"type":"MultiPolygon","coordinates":[[[[13.371,52.47116],[13.37094,52.47054],[13.37074,52.47027],[13.37043,52.4671],[13.36992,52.46053],[13.37044,52.46035],[13.37074,52.46014],[13.3709,52.45986],[13.37095,52.45938],[13.37085,52.45902],[13.37064,52.45872],[13.3703,52.45852],[13.36975,52.4584],[13.3696,52.45653],[13.37017,52.45561],[13.37469,52.45537],[13.37478,52.45536],[13.37483,52.4553],[13.37526,52.45513],[13.37588,52.45538],[13.37588,52.45544],[13.376,52.45551],[13.3759,52.45582],[13.37581,52.4558],[13.37581,52.45584],[13.37577,52.45583],[13.3758,52.4563],[13.37588,52.45632],[13.37799,52.46581],[13.37837,52.46642],[13.37849,52.46699],[13.37843,52.46719],[13.3784,52.4676],[13.3781,52.46855],[13.37809,52.47019],[13.37754,52.47019],[13.37754,52.47023],[13.37527,52.47052],[13.37288,52.47087],[13.37141,52.47116],[13.371,52.47116]]]]}},{"type":"Feature","id":310,"properties":{"plr_schl":"07400824","plrname":"Bosepark","nat_pers":72,"wohmi_fl":"255334","jur_pers":27,"jp_ohn_swg":19.17,"stwbg":0.54,"genossen":7.29,"sozvermiet":7.83,"plr_id":"07400824"},"geometry":{"type":"MultiPolygon","coordinates":[[[[13.38467,52.45924],[13.38566,52.46325],[13.38578,52.46404],[13.3858,52.4656],[13.38591,52.4656],[13.38593,52.46616],[13.38598,52.47026],[13.38591,52.47028],[13.38591,52.47032],[13.38535,52.47044],[13.38534,52.47033],[13.38527,52.47033],[13.38526,52.4703],[13.38526,52.47012],[13.37895,52.47016],[13.37809,52.47019],[13.3781,52.46855],[13.3784,52.4676],[13.37843,52.46719],[13.37849,52.46699],[13.37837,52.46642],[13.37799,52.46581],[13.37668,52.45996],[13.38467,52.45924]]]]}},{"type":"Feature","id":311,"properties":{"plr_schl":"07400825","plrname":"Friedrich-Karl-Straße","nat_pers":60,"wohmi_fl":"207002","jur_pers":38,"jp_ohn_swg":34.2,"stwbg":2.28,"genossen":1.52,"sozvermiet":3.8,"plr_id":"07400825"},"geometry":{"type":"MultiPolygon","coordinates":[[[[13.37588,52.45538],[13.3762,52.455],[13.37615,52.45499],[13.37737,52.45358],[13.37743,52.4536],[13.37796,52.45267],[13.37792,52.45266],[13.37802,52.45248],[13.3783,52.45209],[13.38252,52.45311],[13.38286,52.45257],[13.38421,52.4528],[13.3848,52.45284],[13.38423,52.45551],[13.38413,52.45627],[13.38416,52.45688],[13.38413,52.45693],[13.38467,52.45924],[13.37668,52.45996],[13.37588,52.45632],[13.3758,52.4563],[13.37577,52.45583],[13.37581,52.45584],[13.37581,52.4558],[13.3759,52.45582],[13.376,52.45551],[13.37588,52.45544],[13.37588,52.45538]]]]}},{"type":"Feature","id":312,"properties":{"plr_schl":"07400826","plrname":"Marienhöhe","nat_pers":52,"wohmi_fl":"442365","jur_pers":48,"jp_ohn_swg":21.6,"stwbg":0,"genossen":26.4,"sozvermiet":26.4,"plr_id":"07400826"},"geometry":{"type":"MultiPolygon","coordinates":[[[[13.37588,52.45538],[13.37526,52.45513],[13.37483,52.4553],[13.37478,52.45536],[13.37469,52.45537],[13.37007,52.45562],[13.36417,52.45576],[13.36169,52.45596],[13.36087,52.45609],[13.36033,52.45621],[13.3597,52.4564],[13.35917,52.45677],[13.35905,52.45681],[13.3559,52.4573],[13.35573,52.45725],[13.3557,52.45717],[13.35579,52.45671],[13.3558,52.45631],[13.35591,52.45577],[13.35598,52.45562],[13.35612,52.45561],[13.3564,52.45497],[13.35691,52.45409],[13.3569,52.45403],[13.35729,52.45345],[13.35726,52.45333],[13.35822,52.45182],[13.35863,52.45101],[13.35896,52.45062],[13.35947,52.44969],[13.35972,52.4494],[13.36095,52.44711],[13.36101,52.44709],[13.3612,52.44686],[13.36111,52.44682],[13.36149,52.44624],[13.36238,52.44457],[13.36243,52.4446],[13.36264,52.44415],[13.36308,52.4444],[13.36313,52.44434],[13.36425,52.44491],[13.36567,52.44549],[13.36584,52.44562],[13.36604,52.44591],[13.36618,52.44599],[13.36626,52.44597],[13.36638,52.44612],[13.36787,52.4469],[13.369,52.44753],[13.36928,52.44773],[13.37018,52.44819],[13.3747,52.4507],[13.37642,52.45142],[13.37769,52.45185],[13.3783,52.45202],[13.37827,52.45208],[13.3783,52.45209],[13.37802,52.45248],[13.37792,52.45266],[13.37796,52.45267],[13.37743,52.4536],[13.37737,52.45358],[13.37615,52.45499],[13.3762,52.455],[13.37588,52.45538]]]]}},{"type":"Feature","id":313,"properties":{"plr_schl":"07400927","plrname":"Rathaus Tempelhof","nat_pers":40,"wohmi_fl":"431584","jur_pers":49,"jp_ohn_swg":36.26,"stwbg":2.94,"genossen":9.8,"sozvermiet":22.74,"plr_id":"07400927"},"geometry":{"type":"MultiPolygon","coordinates":[[[[13.42088,52.45642],[13.41887,52.45668],[13.41845,52.45677],[13.4162,52.4573],[13.41557,52.45755],[13.41321,52.45799],[13.41357,52.45819],[13.41349,52.45821],[13.41179,52.45842],[13.41153,52.45883],[13.41132,52.45937],[13.41129,52.45986],[13.41215,52.46422],[13.41276,52.4648],[13.41308,52.46501],[13.41335,52.46514],[13.41305,52.46515],[13.41074,52.46499],[13.40639,52.46462],[13.40637,52.46472],[13.40513,52.46475],[13.40428,52.46481],[13.40311,52.46496],[13.4016,52.46526],[13.4015,52.46523],[13.40042,52.46559],[13.39831,52.46615],[13.39684,52.46664],[13.39577,52.46706],[13.39235,52.46856],[13.39102,52.46904],[13.38944,52.46949],[13.38777,52.46988],[13.3868,52.47004],[13.38598,52.47009],[13.38591,52.4656],[13.3858,52.4656],[13.3858,52.46432],[13.38574,52.46375],[13.38566,52.46325],[13.38473,52.45954],[13.38413,52.45693],[13.38416,52.45693],[13.38413,52.45627],[13.38423,52.45551],[13.3848,52.45284],[13.38781,52.45313],[13.38901,52.4533],[13.3907,52.45326],[13.39104,52.45328],[13.39165,52.45339],[13.39195,52.45329],[13.39201,52.45314],[13.39488,52.45307],[13.39636,52.45308],[13.39924,52.45298],[13.40511,52.45286],[13.40613,52.45279],[13.40766,52.45262],[13.40827,52.4526],[13.40877,52.45331],[13.40881,52.45331],[13.40937,52.4532],[13.40976,52.45316],[13.41263,52.45292],[13.41486,52.45251],[13.41614,52.45233],[13.41638,52.45171],[13.41655,52.4517],[13.41684,52.45224],[13.41768,52.4522],[13.41878,52.45362],[13.41966,52.45468],[13.42088,52.45642]]]]}},{"type":"Feature","id":314,"properties":{"plr_schl":"07400928","plrname":"Germaniagarten","nat_pers":59,"wohmi_fl":"222755","jur_pers":39,"jp_ohn_swg":39,"stwbg":0,"genossen":0,"sozvermiet":2,"plr_id":"07400928"},"geometry":{"type":"MultiPolygon","coordinates":[[[[13.41688,52.4654],[13.41472,52.4652],[13.41422,52.46511],[13.41371,52.46495],[13.41288,52.46449],[13.4124,52.46444],[13.41215,52.46422],[13.41129,52.45986],[13.41132,52.45937],[13.41153,52.45883],[13.41179,52.45842],[13.41349,52.45821],[13.41357,52.45819],[13.41321,52.45799],[13.41557,52.45755],[13.4162,52.4573],[13.41845,52.45677],[13.41887,52.45668],[13.42077,52.45643],[13.42088,52.45642],[13.4212,52.45675],[13.42139,52.45671],[13.42211,52.45666],[13.42353,52.45661],[13.42536,52.45661],[13.42657,52.4567],[13.42462,52.4579],[13.42061,52.45937],[13.42143,52.46066],[13.42323,52.4604],[13.42301,52.46132],[13.42197,52.46152],[13.42203,52.46161],[13.42214,52.46251],[13.4221,52.46272],[13.4219,52.46287],[13.42171,52.4635],[13.42162,52.4653],[13.42154,52.46584],[13.41688,52.4654]]]]}},{"type":"Feature","id":315,"properties":{"plr_schl":"07501029","plrname":"Ringstraße","nat_pers":36,"wohmi_fl":"403106","jur_pers":63,"jp_ohn_swg":34.65,"stwbg":15.75,"genossen":12.6,"sozvermiet":29.35,"plr_id":"07501029"},"geometry":{"type":"MultiPolygon","coordinates":[[[[13.36767,52.4356],[13.36987,52.43625],[13.37031,52.43634],[13.37482,52.43696],[13.37974,52.43772],[13.37993,52.43769],[13.38056,52.43776],[13.3819,52.43916],[13.38199,52.4394],[13.38186,52.43948],[13.38169,52.44045],[13.38161,52.44069],[13.38147,52.44104],[13.38139,52.44103],[13.38066,52.44294],[13.37965,52.44499],[13.37869,52.45134],[13.3783,52.45202],[13.37769,52.45185],[13.37642,52.45142],[13.3747,52.4507],[13.37018,52.44819],[13.36928,52.44773],[13.369,52.44753],[13.36787,52.4469],[13.36638,52.44612],[13.36626,52.44597],[13.36618,52.44599],[13.36604,52.44591],[13.36584,52.44562],[13.36567,52.44549],[13.36425,52.44491],[13.36313,52.44434],[13.36308,52.4444],[13.36264,52.44415],[13.36341,52.44281],[13.36348,52.44281],[13.3646,52.4409],[13.36618,52.4384],[13.36707,52.4368],[13.36725,52.43635],[13.36767,52.4356]]]]}},{"type":"Feature","id":316,"properties":{"plr_schl":"07501030","plrname":"Machonstraße","nat_pers":56,"wohmi_fl":"350575","jur_pers":41,"jp_ohn_swg":14.35,"stwbg":0.82,"genossen":25.83,"sozvermiet":26.65,"plr_id":"07501030"},"geometry":{"type":"MultiPolygon","coordinates":[[[[13.38199,52.4394],[13.38293,52.43956],[13.38361,52.43973],[13.38703,52.44032],[13.3874,52.44042],[13.3864,52.44329],[13.38524,52.44947],[13.38509,52.45078],[13.38477,52.45254],[13.3848,52.45284],[13.38421,52.4528],[13.38286,52.45257],[13.38252,52.45311],[13.37827,52.45208],[13.37869,52.45134],[13.37965,52.44499],[13.38066,52.44294],[13.38139,52.44103],[13.38147,52.44104],[13.38169,52.44045],[13.38186,52.43948],[13.38199,52.4394]]]]}},{"type":"Feature","id":317,"properties":{"plr_schl":"07501031","plrname":"Eisenacher Straße","nat_pers":45,"wohmi_fl":"511479","jur_pers":47,"jp_ohn_swg":15.98,"stwbg":3.29,"genossen":27.73,"sozvermiet":39.02,"plr_id":"07501031"},"geometry":{"type":"MultiPolygon","coordinates":[[[[13.3874,52.44042],[13.39032,52.44087],[13.39031,52.44083],[13.39194,52.44091],[13.39247,52.44091],[13.39353,52.44085],[13.39362,52.44076],[13.39477,52.44034],[13.3951,52.44038],[13.39583,52.44037],[13.3958,52.4405],[13.396,52.44073],[13.40225,52.44671],[13.40827,52.4526],[13.40766,52.45262],[13.40613,52.45279],[13.40511,52.45286],[13.39924,52.45298],[13.39636,52.45308],[13.39488,52.45307],[13.39201,52.45314],[13.39195,52.45329],[13.39165,52.45339],[13.39104,52.45328],[13.3907,52.45326],[13.38901,52.4533],[13.38781,52.45313],[13.3848,52.45284],[13.38477,52.45254],[13.38509,52.45078],[13.38524,52.44947],[13.3864,52.44329],[13.3874,52.44042]]]]}},{"type":"Feature","id":318,"properties":{"plr_schl":"07501032","plrname":"Imbrosweg","nat_pers":61,"wohmi_fl":"589902","jur_pers":39,"jp_ohn_swg":34.32,"stwbg":0,"genossen":4.68,"sozvermiet":5.68,"plr_id":"07501032"},"geometry":{"type":"MultiPolygon","coordinates":[[[[13.41639,52.45141],[13.41655,52.4517],[13.41638,52.45171],[13.41614,52.45233],[13.41486,52.45251],[13.41263,52.45292],[13.40976,52.45316],[13.40937,52.4532],[13.40877,52.45331],[13.40832,52.45265],[13.40757,52.45191],[13.40225,52.44671],[13.39594,52.44067],[13.3958,52.4405],[13.39585,52.44034],[13.39597,52.44028],[13.39709,52.44026],[13.39851,52.44014],[13.39851,52.44012],[13.4029,52.43978],[13.41048,52.43913],[13.41126,52.43912],[13.4124,52.4421],[13.41398,52.44593],[13.41477,52.44701],[13.4151,52.44848],[13.41573,52.44927],[13.41608,52.45083],[13.41639,52.45141]]]]}},{"type":"Feature","id":319,"properties":{"plr_schl":"07501133","plrname":"Fritz-Werner-Straße","nat_pers":49,"wohmi_fl":"467906","jur_pers":49,"jp_ohn_swg":22.05,"stwbg":14.7,"genossen":12.25,"sozvermiet":26.95,"plr_id":"07501133"},"geometry":{"type":"MultiPolygon","coordinates":[[[[13.38199,52.4394],[13.3819,52.43916],[13.38056,52.43776],[13.37993,52.43769],[13.37974,52.43772],[13.37482,52.43696],[13.37031,52.43634],[13.36987,52.43625],[13.36767,52.4356],[13.36907,52.43334],[13.36944,52.43265],[13.37097,52.4303],[13.37121,52.4299],[13.37155,52.42919],[13.37521,52.42872],[13.37502,52.42834],[13.37824,52.42781],[13.37837,52.42795],[13.379,52.42785],[13.38148,52.42744],[13.38145,52.42728],[13.3835,52.42695],[13.38607,52.42722],[13.38613,52.42727],[13.38766,52.42744],[13.38767,52.42739],[13.38776,52.42736],[13.38837,52.42496],[13.38835,52.42491],[13.39484,52.42625],[13.38885,52.43679],[13.38835,52.43749],[13.38814,52.438],[13.38796,52.43863],[13.38827,52.43867],[13.3882,52.43892],[13.3883,52.43902],[13.38827,52.43919],[13.38824,52.43925],[13.38807,52.43922],[13.38802,52.43933],[13.38795,52.43936],[13.38771,52.44],[13.3874,52.44042],[13.38703,52.44032],[13.38361,52.43973],[13.38293,52.43956],[13.38199,52.4394]]]]}},{"type":"Feature","id":320,"properties":{"plr_schl":"07501134","plrname":"Hundsteinweg","nat_pers":81,"wohmi_fl":"1197581","jur_pers":18,"jp_ohn_swg":7.02,"stwbg":2.88,"genossen":8.1,"sozvermiet":10.98,"plr_id":"07501134"},"geometry":{"type":"MultiPolygon","coordinates":[[[[13.3874,52.44042],[13.38771,52.44],[13.38795,52.43936],[13.38802,52.43933],[13.38807,52.43922],[13.38824,52.43925],[13.38827,52.43919],[13.3883,52.43902],[13.3882,52.43892],[13.38827,52.43867],[13.38796,52.43863],[13.38814,52.438],[13.38835,52.43749],[13.38885,52.43679],[13.38916,52.43625],[13.3995,52.41802],[13.40012,52.41877],[13.40482,52.42],[13.40547,52.42176],[13.4026,52.42216],[13.40518,52.42555],[13.40576,52.42645],[13.40612,52.42718],[13.40634,52.42781],[13.40677,52.42989],[13.40687,52.43014],[13.40861,52.43273],[13.40887,52.43318],[13.40916,52.43421],[13.4098,52.43517],[13.41038,52.43614],[13.41044,52.43702],[13.41052,52.4373],[13.41126,52.43912],[13.41048,52.43913],[13.4029,52.43978],[13.39851,52.44012],[13.39851,52.44014],[13.39709,52.44026],[13.39597,52.44028],[13.39583,52.44037],[13.3951,52.44038],[13.39477,52.44034],[13.39362,52.44076],[13.39353,52.44085],[13.39295,52.4409],[13.39194,52.44091],[13.39031,52.44083],[13.39032,52.44087],[13.3874,52.44042]]]]}},{"type":"Feature","id":321,"properties":{"plr_schl":"07501135","plrname":"Birnhornweg","nat_pers":98,"wohmi_fl":"416668","jur_pers":2,"jp_ohn_swg":2,"stwbg":0,"genossen":0,"sozvermiet":0,"plr_id":"07501135"},"geometry":{"type":"MultiPolygon","coordinates":[[[[13.38835,52.42491],[13.38705,52.42464],[13.38657,52.42451],[13.38254,52.42323],[13.38326,52.42295],[13.38501,52.42199],[13.38547,52.42176],[13.38627,52.42144],[13.38709,52.42117],[13.38897,52.42069],[13.38988,52.4204],[13.39046,52.42018],[13.39093,52.41996],[13.39144,52.41965],[13.39249,52.41921],[13.39382,52.41887],[13.39375,52.41871],[13.39379,52.41864],[13.39512,52.41805],[13.39572,52.41785],[13.39809,52.41678],[13.39819,52.41674],[13.39835,52.41674],[13.39871,52.4172],[13.39844,52.41732],[13.39918,52.41747],[13.39907,52.41768],[13.39943,52.41813],[13.39484,52.42625],[13.38835,52.42491]]]]}},{"type":"Feature","id":322,"properties":{"plr_schl":"07601236","plrname":"Marienfelder Allee Nordwest","nat_pers":51,"wohmi_fl":"662697","jur_pers":46,"jp_ohn_swg":24.84,"stwbg":13.34,"genossen":7.82,"sozvermiet":24.16,"plr_id":"07601236"},"geometry":{"type":"MultiPolygon","coordinates":[[[[13.36157,52.42094],[13.36061,52.42067],[13.36008,52.42048],[13.35918,52.42007],[13.35927,52.41994],[13.35895,52.41987],[13.35494,52.41841],[13.35358,52.41802],[13.3524,52.41761],[13.35081,52.41697],[13.34832,52.41623],[13.34599,52.41545],[13.34583,52.41519],[13.34874,52.41473],[13.35009,52.41447],[13.35018,52.41449],[13.35046,52.41444],[13.3505,52.41438],[13.3524,52.414],[13.35442,52.41353],[13.35523,52.41341],[13.35916,52.41307],[13.36174,52.41259],[13.36256,52.41235],[13.36338,52.41319],[13.36405,52.41405],[13.36415,52.4143],[13.36576,52.41629],[13.36605,52.41664],[13.36615,52.41665],[13.36714,52.41797],[13.36757,52.41842],[13.36795,52.41888],[13.36801,52.41902],[13.36882,52.41997],[13.36886,52.41996],[13.36899,52.42011],[13.37236,52.42415],[13.37259,52.42437],[13.37297,52.42464],[13.37301,52.42462],[13.37357,52.42487],[13.37377,52.42503],[13.37403,52.42517],[13.37367,52.42577],[13.37337,52.42575],[13.37321,52.42577],[13.37288,52.4266],[13.3728,52.42666],[13.3726,52.42672],[13.37132,52.42899],[13.3711,52.42889],[13.37115,52.4288],[13.3685,52.42759],[13.3682,52.42755],[13.36792,52.42761],[13.3644,52.42264],[13.36361,52.42164],[13.36345,52.42151],[13.36326,52.42143],[13.36157,52.42094]]]]}},{"type":"Feature","id":323,"properties":{"plr_schl":"07601237","plrname":"Kirchstraße","nat_pers":92,"wohmi_fl":"649448","jur_pers":7,"jp_ohn_swg":4.69,"stwbg":1.89,"genossen":0.42,"sozvermiet":3.31,"plr_id":"07601237"},"geometry":{"type":"MultiPolygon","coordinates":[[[[13.37558,52.40926],[13.37652,52.40938],[13.377,52.40947],[13.37813,52.40975],[13.37882,52.40999],[13.38037,52.41068],[13.38122,52.41096],[13.38172,52.41109],[13.38124,52.41189],[13.38134,52.41191],[13.38105,52.41247],[13.3809,52.41244],[13.38008,52.41392],[13.38046,52.41409],[13.38044,52.41413],[13.37994,52.41496],[13.37984,52.41504],[13.3788,52.41685],[13.37815,52.41787],[13.37817,52.41792],[13.37809,52.41807],[13.37797,52.41801],[13.37789,52.41781],[13.37614,52.42014],[13.37624,52.42029],[13.37644,52.42036],[13.3764,52.42041],[13.3763,52.42043],[13.37632,52.4205],[13.37554,52.42154],[13.37551,52.4216],[13.37565,52.42163],[13.37495,52.42283],[13.37478,52.42303],[13.37491,52.42312],[13.37477,52.42337],[13.37482,52.42338],[13.37463,52.42374],[13.37437,52.42447],[13.37432,52.42454],[13.37416,52.42462],[13.374,52.42462],[13.37389,52.42458],[13.37352,52.42482],[13.37352,52.42485],[13.37289,52.42459],[13.37259,52.42437],[13.37221,52.42398],[13.36899,52.42011],[13.36886,52.41996],[13.36882,52.41997],[13.36801,52.41902],[13.36795,52.41888],[13.36757,52.41842],[13.36714,52.41797],[13.36615,52.41665],[13.36605,52.41664],[13.36576,52.41629],[13.36415,52.4143],[13.36405,52.41405],[13.36338,52.41319],[13.36256,52.41235],[13.36331,52.41208],[13.36798,52.41024],[13.36896,52.40991],[13.36994,52.40965],[13.37104,52.40943],[13.3725,52.40925],[13.37339,52.4092],[13.37428,52.40919],[13.37558,52.40926]]]]}},{"type":"Feature","id":324,"properties":{"plr_schl":"07601238","plrname":"Marienfelde Nordost","nat_pers":62,"wohmi_fl":"304477","jur_pers":9,"jp_ohn_swg":9,"stwbg":0,"genossen":0,"sozvermiet":29,"plr_id":"07601238"},"geometry":{"type":"MultiPolygon","coordinates":[[[[13.38172,52.41109],[13.38285,52.40921],[13.38354,52.40821],[13.38519,52.40555],[13.38666,52.40268],[13.38677,52.4027],[13.38769,52.40092],[13.38882,52.39914],[13.38908,52.39862],[13.38916,52.39861],[13.38948,52.39813],[13.38983,52.39823],[13.38952,52.3987],[13.38975,52.39874],[13.38976,52.39881],[13.38606,52.40511],[13.38679,52.40526],[13.38666,52.40615],[13.38731,52.4059],[13.38733,52.40592],[13.3927,52.41295],[13.39255,52.41324],[13.39261,52.4133],[13.39304,52.4134],[13.39618,52.41751],[13.39622,52.41756],[13.39626,52.41754],[13.39632,52.41758],[13.39572,52.41785],[13.39512,52.41805],[13.39379,52.41864],[13.39375,52.41871],[13.39382,52.41887],[13.39249,52.41921],[13.39144,52.41965],[13.39093,52.41996],[13.39032,52.42024],[13.38897,52.42069],[13.38756,52.42104],[13.3867,52.42129],[13.38547,52.42176],[13.38332,52.42292],[13.38254,52.42323],[13.38657,52.42451],[13.38705,52.42464],[13.38835,52.42491],[13.38837,52.42496],[13.38776,52.42736],[13.38767,52.42739],[13.38766,52.42744],[13.38613,52.42727],[13.38607,52.42722],[13.3835,52.42695],[13.38145,52.42728],[13.38148,52.42744],[13.379,52.42785],[13.37837,52.42795],[13.37824,52.42781],[13.37502,52.42834],[13.37521,52.42872],[13.37155,52.42919],[13.3716,52.42912],[13.37132,52.42899],[13.3726,52.42672],[13.3728,52.42666],[13.37288,52.4266],[13.37321,52.42577],[13.37337,52.42575],[13.37367,52.42577],[13.37403,52.42517],[13.37377,52.42503],[13.37352,52.42482],[13.37389,52.42458],[13.374,52.42462],[13.37416,52.42462],[13.37432,52.42454],[13.37437,52.42447],[13.37463,52.42374],[13.37482,52.42338],[13.37477,52.42337],[13.37491,52.42312],[13.37478,52.42303],[13.37495,52.42283],[13.37565,52.42163],[13.37551,52.4216],[13.37554,52.42154],[13.37632,52.4205],[13.3763,52.42043],[13.3764,52.42041],[13.37644,52.42036],[13.37624,52.42029],[13.37614,52.42014],[13.37789,52.41781],[13.37797,52.41801],[13.37809,52.41807],[13.37817,52.41792],[13.37815,52.41787],[13.3788,52.41685],[13.37984,52.41504],[13.37994,52.41496],[13.38044,52.41413],[13.38046,52.41409],[13.38008,52.41392],[13.3809,52.41244],[13.38105,52.41247],[13.38134,52.41191],[13.38124,52.41189],[13.38172,52.41109]]]]}},{"type":"Feature","id":325,"properties":{"plr_schl":"07601339","plrname":"Tirschenreuther Ring West","nat_pers":23,"wohmi_fl":"282781","jur_pers":77,"jp_ohn_swg":0,"stwbg":70.07,"genossen":6.93,"sozvermiet":77,"plr_id":"07601339"},"geometry":{"type":"MultiPolygon","coordinates":[[[[13.34583,52.41519],[13.34547,52.41525],[13.34274,52.41417],[13.3431,52.4133],[13.34307,52.41224],[13.34294,52.41173],[13.34335,52.41172],[13.34306,52.40769],[13.34616,52.40577],[13.34871,52.40652],[13.35051,52.407],[13.3504,52.40719],[13.35062,52.40743],[13.35075,52.40768],[13.35082,52.40828],[13.35071,52.40922],[13.35052,52.40989],[13.35007,52.41109],[13.3499,52.41217],[13.3499,52.41265],[13.35004,52.41346],[13.35046,52.41444],[13.35018,52.41449],[13.35009,52.41447],[13.34874,52.41473],[13.34583,52.41519]]]]}},{"type":"Feature","id":326,"properties":{"plr_schl":"07601340","plrname":"Tirschenreuther Ring Ost","nat_pers":13,"wohmi_fl":"245028","jur_pers":87,"jp_ohn_swg":20.88,"stwbg":33.06,"genossen":33.06,"sozvermiet":66.12,"plr_id":"07601340"},"geometry":{"type":"MultiPolygon","coordinates":[[[[13.35051,52.407],[13.35328,52.4077],[13.35304,52.40811],[13.35302,52.40816],[13.35307,52.40821],[13.35364,52.40832],[13.35397,52.40843],[13.35426,52.40856],[13.35462,52.40879],[13.35472,52.4088],[13.3553,52.40861],[13.35561,52.40855],[13.35623,52.40851],[13.35652,52.40853],[13.3571,52.40863],[13.35869,52.40903],[13.35896,52.40903],[13.3594,52.40892],[13.36071,52.41061],[13.36152,52.41143],[13.36163,52.41148],[13.36222,52.41207],[13.36229,52.41208],[13.36256,52.41235],[13.36174,52.41259],[13.35916,52.41307],[13.35523,52.41341],[13.35442,52.41353],[13.3524,52.414],[13.3505,52.41438],[13.35046,52.41444],[13.35004,52.41346],[13.3499,52.41265],[13.3499,52.41217],[13.35007,52.41109],[13.35054,52.40983],[13.35077,52.40886],[13.35082,52.40828],[13.3508,52.40788],[13.35064,52.40746],[13.3504,52.40719],[13.35051,52.407]]]]}},{"type":"Feature","id":327,"properties":{"plr_schl":"07601341","plrname":"Diedersdorfer Weg","nat_pers":16,"wohmi_fl":"489766","jur_pers":12,"jp_ohn_swg":8.04,"stwbg":3.96,"genossen":0,"sozvermiet":75.96,"plr_id":"07601341"},"geometry":{"type":"MultiPolygon","coordinates":[[[[13.35236,52.40217],[13.3529,52.40188],[13.35441,52.40097],[13.35729,52.39962],[13.3595,52.39841],[13.36062,52.398],[13.36244,52.39722],[13.36422,52.39668],[13.37195,52.3938],[13.37036,52.38843],[13.37093,52.38842],[13.37515,52.38819],[13.37785,52.38815],[13.37878,52.38816],[13.38239,52.38832],[13.38209,52.38982],[13.3822,52.39004],[13.38148,52.39041],[13.37982,52.39147],[13.38,52.39155],[13.38094,52.39416],[13.38161,52.39381],[13.3822,52.39808],[13.38229,52.39813],[13.38304,52.39818],[13.38386,52.39831],[13.38804,52.39921],[13.38842,52.39853],[13.38853,52.39849],[13.38909,52.39861],[13.38882,52.39914],[13.38769,52.40092],[13.38677,52.4027],[13.38666,52.40268],[13.38519,52.40555],[13.38354,52.40821],[13.38285,52.40921],[13.38172,52.41109],[13.38122,52.41096],[13.38037,52.41068],[13.37869,52.40994],[13.37747,52.40957],[13.37652,52.40938],[13.37523,52.40923],[13.37428,52.40919],[13.37294,52.40922],[13.3719,52.40931],[13.37104,52.40943],[13.36994,52.40965],[13.36896,52.40991],[13.36761,52.41038],[13.36449,52.41162],[13.36256,52.41235],[13.36229,52.41208],[13.36222,52.41207],[13.36163,52.41148],[13.36152,52.41143],[13.36071,52.41061],[13.3594,52.40892],[13.35896,52.40903],[13.35869,52.40903],[13.3571,52.40863],[13.35652,52.40853],[13.35623,52.40851],[13.35561,52.40855],[13.3553,52.40861],[13.35472,52.4088],[13.35462,52.40879],[13.35426,52.40856],[13.35397,52.40843],[13.35364,52.40832],[13.35307,52.40821],[13.35302,52.40816],[13.35304,52.40811],[13.35328,52.4077],[13.34896,52.40659],[13.34616,52.40577],[13.34928,52.40382],[13.35083,52.4029],[13.35236,52.40217]]]]}},{"type":"Feature","id":328,"properties":{"plr_schl":"07601442","plrname":"Kettinger Straße","nat_pers":88,"wohmi_fl":"1586781","jur_pers":9,"jp_ohn_swg":3.78,"stwbg":2.25,"genossen":2.97,"sozvermiet":8.22,"plr_id":"07601442"},"geometry":{"type":"MultiPolygon","coordinates":[[[[13.4025,52.41271],[13.39943,52.41813],[13.39907,52.41768],[13.39918,52.41747],[13.39844,52.41732],[13.39871,52.4172],[13.39839,52.41678],[13.39831,52.41673],[13.39809,52.41678],[13.39632,52.41758],[13.39626,52.41754],[13.39622,52.41756],[13.39304,52.4134],[13.39261,52.4133],[13.39255,52.41324],[13.3927,52.41295],[13.38733,52.40592],[13.38731,52.4059],[13.38666,52.40615],[13.38679,52.40526],[13.38606,52.40511],[13.38903,52.40009],[13.38976,52.39881],[13.38975,52.39874],[13.39122,52.39902],[13.39191,52.39899],[13.39191,52.39886],[13.39183,52.39876],[13.40169,52.39453],[13.40261,52.39423],[13.40349,52.39404],[13.40451,52.39392],[13.40548,52.3939],[13.40712,52.39396],[13.40693,52.3941],[13.40648,52.40431],[13.40654,52.40438],[13.40704,52.40448],[13.40621,52.40594],[13.40595,52.40665],[13.4025,52.41271]]]]}},{"type":"Feature","id":329,"properties":{"plr_schl":"07601443","plrname":"Töpchiner Weg","nat_pers":86,"wohmi_fl":"1497955","jur_pers":14,"jp_ohn_swg":7.7,"stwbg":4.76,"genossen":1.54,"sozvermiet":6.3,"plr_id":"07601443"},"geometry":{"type":"MultiPolygon","coordinates":[[[[13.42378,52.39514],[13.42109,52.40103],[13.41842,52.40708],[13.41829,52.40793],[13.41848,52.40925],[13.41862,52.40964],[13.41875,52.40998],[13.41958,52.41018],[13.41968,52.41049],[13.41812,52.41081],[13.41427,52.41231],[13.41301,52.41266],[13.41149,52.41314],[13.41058,52.41332],[13.40997,52.41339],[13.40864,52.41344],[13.40756,52.4134],[13.406,52.41324],[13.4025,52.41271],[13.40595,52.40665],[13.40621,52.40594],[13.40704,52.40448],[13.40654,52.40438],[13.40648,52.40431],[13.40693,52.3941],[13.40712,52.39396],[13.40762,52.39398],[13.409,52.3941],[13.4109,52.39437],[13.41095,52.39442],[13.41119,52.39444],[13.41124,52.39442],[13.41213,52.39445],[13.41665,52.3947],[13.41674,52.39471],[13.41666,52.39475],[13.41672,52.39476],[13.42378,52.39514]]]]}},{"type":"Feature","id":330,"properties":{"plr_schl":"07601544","plrname":"John-Locke-Straße","nat_pers":60,"wohmi_fl":"699888","jur_pers":35,"jp_ohn_swg":10.15,"stwbg":22.75,"genossen":2.1,"sozvermiet":25.85,"plr_id":"07601544"},"geometry":{"type":"MultiPolygon","coordinates":[[[[13.38975,52.39874],[13.38952,52.3987],[13.39053,52.39708],[13.39093,52.39637],[13.39087,52.39636],[13.39133,52.39557],[13.39162,52.39564],[13.39369,52.3921],[13.39375,52.39213],[13.39414,52.39148],[13.39424,52.39147],[13.39429,52.3914],[13.39626,52.38826],[13.39711,52.38682],[13.39714,52.3866],[13.39791,52.38497],[13.39925,52.38267],[13.40059,52.3833],[13.40074,52.38315],[13.40074,52.3832],[13.40138,52.3835],[13.40774,52.38644],[13.40779,52.3864],[13.40814,52.38656],[13.41019,52.38754],[13.4097,52.3877],[13.40892,52.38829],[13.40863,52.38856],[13.40814,52.38908],[13.40781,52.38952],[13.4074,52.39025],[13.40717,52.39087],[13.40705,52.39149],[13.40696,52.39346],[13.40714,52.39363],[13.40712,52.39396],[13.40548,52.3939],[13.40451,52.39392],[13.40349,52.39404],[13.40261,52.39423],[13.40169,52.39453],[13.39183,52.39876],[13.39191,52.39886],[13.39191,52.39899],[13.39122,52.39902],[13.38975,52.39874]]]]}},{"type":"Feature","id":331,"properties":{"plr_schl":"07601545","plrname":"Nahariyastraße","nat_pers":54,"wohmi_fl":"621201","jur_pers":44,"jp_ohn_swg":23.32,"stwbg":11,"genossen":9.68,"sozvermiet":22.68,"plr_id":"07601545"},"geometry":{"type":"MultiPolygon","coordinates":[[[[13.42665,52.38857],[13.42583,52.39058],[13.42378,52.39514],[13.41672,52.39476],[13.41666,52.39475],[13.41674,52.39471],[13.41665,52.3947],[13.41213,52.39445],[13.41124,52.39442],[13.41119,52.39444],[13.41095,52.39442],[13.4109,52.39437],[13.409,52.3941],[13.40712,52.39396],[13.40714,52.39363],[13.40696,52.39346],[13.40705,52.39149],[13.40717,52.39087],[13.4074,52.39025],[13.40781,52.38952],[13.40814,52.38908],[13.40863,52.38856],[13.40892,52.38829],[13.4097,52.3877],[13.41019,52.38754],[13.41032,52.3876],[13.41153,52.38767],[13.41789,52.38791],[13.4182,52.38788],[13.41854,52.38776],[13.41873,52.38797],[13.41874,52.38812],[13.42665,52.38857]]]]}},{"type":"Feature","id":332,"properties":{"plr_schl":"07601546","plrname":"Franziusweg","nat_pers":94,"wohmi_fl":"1192509","jur_pers":4,"jp_ohn_swg":3.2,"stwbg":0.32,"genossen":0.48,"sozvermiet":2.8,"plr_id":"07601546"},"geometry":{"type":"MultiPolygon","coordinates":[[[[13.38239,52.38832],[13.3873,52.38857],[13.38797,52.38434],[13.38823,52.38213],[13.38808,52.38173],[13.38824,52.38103],[13.38823,52.38073],[13.3881,52.37999],[13.38809,52.37936],[13.38843,52.37786],[13.3932,52.3777],[13.39509,52.37761],[13.39517,52.37766],[13.39712,52.37758],[13.4005,52.37735],[13.40197,52.37721],[13.40162,52.37792],[13.40041,52.38001],[13.40016,52.37995],[13.40008,52.38013],[13.40031,52.38019],[13.39905,52.38231],[13.39941,52.38241],[13.39791,52.38497],[13.39714,52.3866],[13.39711,52.38682],[13.39626,52.38826],[13.39429,52.3914],[13.39424,52.39147],[13.39414,52.39148],[13.39375,52.39213],[13.39369,52.3921],[13.39162,52.39564],[13.39133,52.39557],[13.39087,52.39636],[13.39093,52.39637],[13.39085,52.39652],[13.38983,52.39823],[13.38948,52.39813],[13.38915,52.39862],[13.38853,52.39849],[13.38842,52.39853],[13.38804,52.39921],[13.38386,52.39831],[13.38304,52.39818],[13.38229,52.39813],[13.3822,52.39808],[13.38161,52.39381],[13.38094,52.39416],[13.38,52.39155],[13.37982,52.39147],[13.38148,52.39041],[13.3822,52.39004],[13.38209,52.38982],[13.38239,52.38832]]]]}},{"type":"Feature","id":333,"properties":{"plr_schl":"07601547","plrname":"Horstwalder Straße","nat_pers":78,"wohmi_fl":"562012","jur_pers":22,"jp_ohn_swg":15.18,"stwbg":3.74,"genossen":3.08,"sozvermiet":6.82,"plr_id":"07601547"},"geometry":{"type":"MultiPolygon","coordinates":[[[[13.39925,52.38267],[13.39941,52.38241],[13.39905,52.38231],[13.40031,52.38019],[13.40008,52.38013],[13.40016,52.37995],[13.40041,52.38001],[13.40162,52.37792],[13.40197,52.37721],[13.40472,52.37694],[13.40612,52.37691],[13.40718,52.37685],[13.4091,52.37664],[13.40989,52.37659],[13.41283,52.37688],[13.41264,52.37641],[13.41816,52.37623],[13.41796,52.37652],[13.41813,52.37652],[13.41805,52.37671],[13.41793,52.37679],[13.41784,52.37693],[13.41767,52.37692],[13.41695,52.37799],[13.41614,52.37909],[13.41568,52.37953],[13.41336,52.38282],[13.41334,52.38285],[13.41338,52.38285],[13.41329,52.383],[13.41032,52.3872],[13.41019,52.38754],[13.40814,52.38656],[13.40779,52.3864],[13.40774,52.38644],[13.40138,52.3835],[13.40074,52.3832],[13.40074,52.38315],[13.40059,52.3833],[13.39925,52.38267]]]]}},{"type":"Feature","id":334,"properties":{"plr_schl":"07601548","plrname":"Wittelsbacherstraße","nat_pers":96,"wohmi_fl":"633856","jur_pers":4,"jp_ohn_swg":4,"stwbg":0,"genossen":0,"sozvermiet":0,"plr_id":"07601548"},"geometry":{"type":"MultiPolygon","coordinates":[[[[13.42665,52.38857],[13.41874,52.38812],[13.41873,52.38797],[13.41854,52.38776],[13.4182,52.38788],[13.41789,52.38791],[13.41153,52.38767],[13.41032,52.3876],[13.41019,52.38754],[13.41032,52.3872],[13.41329,52.383],[13.41338,52.38285],[13.41334,52.38285],[13.41336,52.38282],[13.41568,52.37953],[13.41614,52.37909],[13.41695,52.37799],[13.41767,52.37692],[13.41784,52.37693],[13.41793,52.37679],[13.41805,52.37671],[13.41813,52.37652],[13.41796,52.37652],[13.41816,52.37623],[13.42081,52.37614],[13.42203,52.37802],[13.42746,52.38578],[13.42742,52.38643],[13.42702,52.38773],[13.42665,52.38857]]]]}},{"type":"Feature","id":335,"properties":{"plr_schl":"08100101","plrname":"Hasenheide","nat_pers":51,"wohmi_fl":"96180","jur_pers":48,"jp_ohn_swg":35.52,"stwbg":12.48,"genossen":0,"sozvermiet":13.48,"plr_id":"08100101"},"geometry":{"type":"MultiPolygon","coordinates":[[[[13.42394,52.48628],[13.42084,52.48717],[13.40789,52.48886],[13.40772,52.48875],[13.40784,52.48849],[13.40791,52.48848],[13.40853,52.48714],[13.40719,52.4859],[13.40686,52.48548],[13.40675,52.48513],[13.4064,52.48277],[13.41772,52.48033],[13.41831,52.48023],[13.41904,52.48019],[13.41947,52.48022],[13.41994,52.48033],[13.42483,52.48087],[13.42469,52.48128],[13.42463,52.48184],[13.42458,52.48372],[13.42428,52.48447],[13.42394,52.4856],[13.42389,52.48561],[13.42394,52.48628]]]]}},{"type":"Feature","id":336,"properties":{"plr_schl":"08100102","plrname":"Schillerpromenade Nord","nat_pers":74,"wohmi_fl":"144359","jur_pers":26,"jp_ohn_swg":22.88,"stwbg":2.6,"genossen":0.52,"sozvermiet":3.12,"plr_id":"08100102"},"geometry":{"type":"MultiPolygon","coordinates":[[[[13.42483,52.48087],[13.41994,52.48033],[13.41947,52.48022],[13.41904,52.48019],[13.41831,52.48023],[13.41772,52.48033],[13.4064,52.48277],[13.40615,52.48123],[13.40606,52.48099],[13.40624,52.48016],[13.4068,52.47886],[13.40662,52.47823],[13.40689,52.47817],[13.41088,52.47772],[13.41094,52.4779],[13.41349,52.47871],[13.41362,52.47905],[13.41431,52.47894],[13.4152,52.47871],[13.41622,52.47849],[13.41642,52.47776],[13.41764,52.47789],[13.41796,52.4778],[13.41825,52.47675],[13.41856,52.4765],[13.41894,52.47511],[13.42615,52.47593],[13.4271,52.47606],[13.42697,52.47619],[13.4269,52.47634],[13.42683,52.47651],[13.4269,52.47652],[13.42625,52.47807],[13.42608,52.47828],[13.42554,52.48001],[13.42512,52.47997],[13.42483,52.48087]]]]}},{"type":"Feature","id":337,"properties":{"plr_schl":"08100103","plrname":"Schillerpromenade Süd","nat_pers":63,"wohmi_fl":"124356","jur_pers":36,"jp_ohn_swg":15.84,"stwbg":14.04,"genossen":6.12,"sozvermiet":20.16,"plr_id":"08100103"},"geometry":{"type":"MultiPolygon","coordinates":[[[[13.41349,52.47871],[13.4156,52.47099],[13.41604,52.46915],[13.4162,52.46943],[13.41725,52.47009],[13.41731,52.47021],[13.41754,52.47036],[13.41996,52.47075],[13.42018,52.4708],[13.42032,52.47088],[13.42053,52.47105],[13.42053,52.47111],[13.4203,52.47181],[13.4201,52.47199],[13.41989,52.47208],[13.42006,52.47207],[13.42852,52.47303],[13.42727,52.47548],[13.42729,52.47563],[13.4271,52.47606],[13.42615,52.47593],[13.41894,52.47511],[13.41856,52.4765],[13.41825,52.47675],[13.41796,52.4778],[13.41764,52.47789],[13.41642,52.47776],[13.41622,52.47849],[13.4152,52.47871],[13.41431,52.47894],[13.41362,52.47905],[13.41349,52.47871]]]]}},{"type":"Feature","id":338,"properties":{"plr_schl":"08100104","plrname":"Wartheplatz","nat_pers":48,"wohmi_fl":"110540","jur_pers":52,"jp_ohn_swg":34.84,"stwbg":17.16,"genossen":0,"sozvermiet":17.16,"plr_id":"08100104"},"geometry":{"type":"MultiPolygon","coordinates":[[[[13.42852,52.47303],[13.42006,52.47207],[13.41989,52.47208],[13.4201,52.47199],[13.4203,52.47181],[13.42053,52.47111],[13.42053,52.47105],[13.42032,52.47088],[13.42018,52.4708],[13.41996,52.47075],[13.41754,52.47036],[13.41731,52.47021],[13.41725,52.47009],[13.4162,52.46943],[13.41604,52.46915],[13.41688,52.4654],[13.42127,52.46581],[13.42106,52.46664],[13.42801,52.46739],[13.4303,52.46771],[13.43041,52.46769],[13.43093,52.46776],[13.43095,52.46773],[13.43132,52.46779],[13.42852,52.47303]]]]}},{"type":"Feature","id":339,"properties":{"plr_schl":"08100105","plrname":"Silbersteinstraße","nat_pers":46,"wohmi_fl":"184562","jur_pers":50,"jp_ohn_swg":46.5,"stwbg":0.5,"genossen":3,"sozvermiet":6.5,"plr_id":"08100105"},"geometry":{"type":"MultiPolygon","coordinates":[[[[13.42127,52.46581],[13.42154,52.46584],[13.42162,52.4653],[13.42171,52.4635],[13.4219,52.46287],[13.4221,52.46272],[13.42214,52.46251],[13.42203,52.46161],[13.42197,52.46152],[13.42301,52.46132],[13.42534,52.46156],[13.43174,52.46233],[13.43386,52.46269],[13.43454,52.46286],[13.43372,52.46378],[13.43308,52.46462],[13.43299,52.4649],[13.4321,52.46656],[13.43137,52.4678],[13.43095,52.46773],[13.43093,52.46776],[13.43041,52.46769],[13.4303,52.46771],[13.42801,52.46739],[13.42106,52.46664],[13.42127,52.46581]]]]}},{"type":"Feature","id":340,"properties":{"plr_schl":"08100206","plrname":"Flughafenstraße","nat_pers":60,"wohmi_fl":"168611","jur_pers":40,"jp_ohn_swg":23.6,"stwbg":9.6,"genossen":6.8,"sozvermiet":16.4,"plr_id":"08100206"},"geometry":{"type":"MultiPolygon","coordinates":[[[[13.42394,52.48628],[13.42389,52.48561],[13.42394,52.4856],[13.42428,52.48447],[13.42458,52.48372],[13.42462,52.48201],[13.42469,52.48128],[13.42512,52.47997],[13.42554,52.48001],[13.42608,52.47828],[13.42875,52.47861],[13.42893,52.4781],[13.42902,52.47806],[13.43315,52.47858],[13.43317,52.47851],[13.43729,52.47904],[13.43696,52.47947],[13.43672,52.47961],[13.43458,52.48118],[13.43325,52.4821],[13.43147,52.48294],[13.42453,52.48609],[13.42394,52.48628]]]]}},{"type":"Feature","id":341,"properties":{"plr_schl":"08100207","plrname":"Rollberg","nat_pers":25,"wohmi_fl":"186764","jur_pers":75,"jp_ohn_swg":11.25,"stwbg":63.75,"genossen":0,"sozvermiet":63.75,"plr_id":"08100207"},"geometry":{"type":"MultiPolygon","coordinates":[[[[13.43819,52.47895],[13.43796,52.47912],[13.43317,52.47851],[13.43315,52.47858],[13.42902,52.47806],[13.42893,52.4781],[13.42875,52.47861],[13.42608,52.47828],[13.42625,52.47807],[13.4269,52.47652],[13.42683,52.47651],[13.4269,52.47634],[13.42697,52.47619],[13.4271,52.47606],[13.42729,52.47563],[13.42727,52.47548],[13.42766,52.47472],[13.43129,52.47517],[13.43488,52.47439],[13.43639,52.47431],[13.43785,52.47449],[13.43873,52.47423],[13.43867,52.47422],[13.44009,52.47383],[13.44071,52.4739],[13.44009,52.4749],[13.43995,52.47524],[13.44,52.47537],[13.43982,52.47583],[13.43968,52.47596],[13.43932,52.47676],[13.4378,52.47883],[13.43819,52.47895]]]]}},{"type":"Feature","id":342,"properties":{"plr_schl":"08100208","plrname":"Körnerpark","nat_pers":62,"wohmi_fl":"207368","jur_pers":38,"jp_ohn_swg":29.26,"stwbg":3.42,"genossen":5.32,"sozvermiet":9.74,"plr_id":"08100208"},"geometry":{"type":"MultiPolygon","coordinates":[[[[13.42766,52.47472],[13.43053,52.46922],[13.43132,52.46779],[13.43597,52.46848],[13.43852,52.4688],[13.44009,52.46908],[13.44094,52.46916],[13.44191,52.46934],[13.44131,52.47265],[13.44111,52.47316],[13.44071,52.4739],[13.44009,52.47383],[13.43867,52.47422],[13.43873,52.47423],[13.43785,52.47449],[13.43639,52.47431],[13.43488,52.47439],[13.43129,52.47517],[13.42766,52.47472]]]]}},{"type":"Feature","id":343,"properties":{"plr_schl":"08100209","plrname":"Glasower Straße","nat_pers":62,"wohmi_fl":"191326","jur_pers":36,"jp_ohn_swg":23.04,"stwbg":4.32,"genossen":8.64,"sozvermiet":13.96,"plr_id":"08100209"},"geometry":{"type":"MultiPolygon","coordinates":[[[[13.43137,52.4678],[13.4321,52.46656],[13.43299,52.4649],[13.43308,52.46462],[13.43372,52.46378],[13.43454,52.46286],[13.43793,52.46316],[13.44116,52.46339],[13.44229,52.46354],[13.44418,52.46385],[13.44452,52.46368],[13.4482,52.46436],[13.44798,52.46475],[13.44769,52.46504],[13.44621,52.46651],[13.44543,52.4671],[13.44463,52.46791],[13.44817,52.46828],[13.4479,52.46926],[13.44799,52.46949],[13.44812,52.46966],[13.44198,52.46891],[13.44191,52.46934],[13.44094,52.46916],[13.44009,52.46908],[13.43852,52.4688],[13.43597,52.46848],[13.43137,52.4678]]]]}},{"type":"Feature","id":344,"properties":{"plr_schl":"08100310","plrname":"Maybachufer","nat_pers":75,"wohmi_fl":"136970","jur_pers":25,"jp_ohn_swg":23.5,"stwbg":0.75,"genossen":0.75,"sozvermiet":1.5,"plr_id":"08100310"},"geometry":{"type":"MultiPolygon","coordinates":[[[[13.42846,52.49351],[13.42249,52.49545],[13.42153,52.49569],[13.4204,52.49586],[13.42079,52.49548],[13.42359,52.49102],[13.42761,52.4914],[13.42876,52.49126],[13.42927,52.49124],[13.43036,52.49103],[13.43398,52.48972],[13.43529,52.49107],[13.43543,52.49128],[13.42846,52.49351]]]]}},{"type":"Feature","id":345,"properties":{"plr_schl":"08100311","plrname":"Reuterplatz","nat_pers":74,"wohmi_fl":"144788","jur_pers":26,"jp_ohn_swg":19.24,"stwbg":6.76,"genossen":0,"sozvermiet":6.76,"plr_id":"08100311"},"geometry":{"type":"MultiPolygon","coordinates":[[[[13.42494,52.48778],[13.42515,52.48771],[13.42519,52.48775],[13.42525,52.48775],[13.42543,52.48768],[13.42542,52.48762],[13.43023,52.48592],[13.43073,52.48636],[13.43398,52.48972],[13.43036,52.49103],[13.42927,52.49124],[13.42876,52.49126],[13.42761,52.4914],[13.42359,52.49102],[13.42488,52.48894],[13.42487,52.4889],[13.42541,52.48809],[13.42494,52.48778]]]]}},{"type":"Feature","id":346,"properties":{"plr_schl":"08100312","plrname":"Weichselplatz","nat_pers":59,"wohmi_fl":"232614","jur_pers":39,"jp_ohn_swg":24.18,"stwbg":5.85,"genossen":8.97,"sozvermiet":16.82,"plr_id":"08100312"},"geometry":{"type":"MultiPolygon","coordinates":[[[[13.4401,52.4815],[13.44053,52.48187],[13.44467,52.48499],[13.44176,52.48646],[13.44128,52.48673],[13.44091,52.48699],[13.44058,52.48732],[13.44031,52.48776],[13.43962,52.48966],[13.43926,52.48961],[13.43827,52.49038],[13.43543,52.49128],[13.43529,52.49107],[13.43107,52.48671],[13.43053,52.48616],[13.43023,52.48592],[13.43345,52.48478],[13.4401,52.4815]]]]}},{"type":"Feature","id":347,"properties":{"plr_schl":"08100313","plrname":"Bouchéstraße","nat_pers":42,"wohmi_fl":"92907","jur_pers":58,"jp_ohn_swg":11.6,"stwbg":0.58,"genossen":45.82,"sozvermiet":46.4,"plr_id":"08100313"},"geometry":{"type":"MultiPolygon","coordinates":[[[[13.43966,52.48991],[13.43962,52.48966],[13.44031,52.48776],[13.44052,52.4874],[13.44074,52.48715],[13.44097,52.48694],[13.44145,52.48663],[13.44467,52.48499],[13.44635,52.48626],[13.44884,52.48796],[13.44873,52.48803],[13.44866,52.48798],[13.44676,52.48896],[13.44444,52.48746],[13.43966,52.48991]]]]}},{"type":"Feature","id":348,"properties":{"plr_schl":"08100314","plrname":"Donaustraße","nat_pers":68,"wohmi_fl":"140260","jur_pers":31,"jp_ohn_swg":24.18,"stwbg":3.1,"genossen":3.72,"sozvermiet":7.82,"plr_id":"08100314"},"geometry":{"type":"MultiPolygon","coordinates":[[[[13.42394,52.48628],[13.42453,52.48609],[13.43147,52.48294],[13.43325,52.4821],[13.43514,52.48076],[13.4401,52.4815],[13.43345,52.48478],[13.42542,52.48762],[13.42543,52.48768],[13.42525,52.48775],[13.42519,52.48775],[13.42515,52.48771],[13.42492,52.48777],[13.42403,52.48669],[13.42368,52.48636],[13.42394,52.48628]]]]}},{"type":"Feature","id":349,"properties":{"plr_schl":"08100415","plrname":"Ganghoferstraße","nat_pers":57,"wohmi_fl":"126696","jur_pers":40,"jp_ohn_swg":24,"stwbg":7.2,"genossen":8.8,"sozvermiet":18,"plr_id":"08100415"},"geometry":{"type":"MultiPolygon","coordinates":[[[[13.43514,52.48076],[13.43672,52.47961],[13.43696,52.47947],[13.43729,52.47904],[13.43796,52.47912],[13.43873,52.47855],[13.43926,52.47821],[13.44155,52.47866],[13.44164,52.47868],[13.44166,52.47872],[13.4431,52.47783],[13.4433,52.47766],[13.44536,52.47644],[13.44627,52.47624],[13.44793,52.47596],[13.44864,52.47562],[13.44876,52.47549],[13.44913,52.47567],[13.44951,52.47593],[13.44975,52.47613],[13.45039,52.4768],[13.44038,52.48175],[13.4401,52.4815],[13.43514,52.48076]]]]}},{"type":"Feature","id":350,"properties":{"plr_schl":"08100416","plrname":"Alt-Rixdorf","nat_pers":69,"wohmi_fl":"181770","jur_pers":27,"jp_ohn_swg":15.39,"stwbg":11.61,"genossen":0,"sozvermiet":14.61,"plr_id":"08100416"},"geometry":{"type":"MultiPolygon","coordinates":[[[[13.44876,52.47549],[13.44864,52.47562],[13.44793,52.47596],[13.44627,52.47624],[13.44536,52.47644],[13.4433,52.47766],[13.4431,52.47783],[13.44166,52.47872],[13.44164,52.47868],[13.44155,52.47866],[13.43926,52.47821],[13.43819,52.47895],[13.4378,52.47883],[13.4393,52.47679],[13.43968,52.47596],[13.43982,52.47583],[13.44,52.47537],[13.43995,52.47524],[13.44009,52.4749],[13.44068,52.47396],[13.44127,52.4728],[13.44147,52.47179],[13.44171,52.47178],[13.44242,52.47243],[13.44284,52.47227],[13.443,52.47178],[13.44307,52.47176],[13.44582,52.47208],[13.44571,52.47244],[13.44644,52.4725],[13.44711,52.4726],[13.44813,52.47286],[13.44903,52.47362],[13.44933,52.47448],[13.44922,52.47503],[13.44876,52.47549]]]]}},{"type":"Feature","id":351,"properties":{"plr_schl":"08100417","plrname":"Braunschweiger Straße","nat_pers":60,"wohmi_fl":"164432","jur_pers":40,"jp_ohn_swg":32.4,"stwbg":4,"genossen":3.6,"sozvermiet":7.6,"plr_id":"08100417"},"geometry":{"type":"MultiPolygon","coordinates":[[[[13.44191,52.46934],[13.44198,52.46891],[13.44812,52.46966],[13.44833,52.46983],[13.44917,52.47006],[13.45072,52.47026],[13.45185,52.47044],[13.4523,52.47056],[13.45267,52.47067],[13.45327,52.47091],[13.45327,52.47107],[13.45457,52.47114],[13.45435,52.47145],[13.45511,52.47196],[13.45575,52.47251],[13.45605,52.47282],[13.45633,52.47346],[13.4565,52.4734],[13.45656,52.47372],[13.45039,52.4768],[13.44975,52.47613],[13.44951,52.47593],[13.44913,52.47567],[13.44876,52.47549],[13.44922,52.47503],[13.44933,52.47448],[13.44903,52.47362],[13.44813,52.47286],[13.44711,52.4726],[13.44644,52.4725],[13.44571,52.47244],[13.44582,52.47208],[13.44307,52.47176],[13.443,52.47178],[13.44284,52.47227],[13.44242,52.47243],[13.44171,52.47178],[13.44147,52.47179],[13.44191,52.46934]]]]}},{"type":"Feature","id":352,"properties":{"plr_schl":"08100418","plrname":"Hertzbergplatz","nat_pers":44,"wohmi_fl":"196526","jur_pers":56,"jp_ohn_swg":29.12,"stwbg":2.24,"genossen":24.64,"sozvermiet":26.88,"plr_id":"08100418"},"geometry":{"type":"MultiPolygon","coordinates":[[[[13.44038,52.48175],[13.45546,52.47429],[13.45606,52.47399],[13.45614,52.47392],[13.4579,52.47308],[13.45885,52.47768],[13.45878,52.47777],[13.45777,52.47829],[13.4576,52.47834],[13.45764,52.47864],[13.45725,52.47884],[13.45707,52.47889],[13.45246,52.48125],[13.45226,52.48109],[13.44467,52.48499],[13.44038,52.48175]]]]}},{"type":"Feature","id":353,"properties":{"plr_schl":"08100419","plrname":"Treptower Straße Nord","nat_pers":46,"wohmi_fl":"174111","jur_pers":48,"jp_ohn_swg":29.76,"stwbg":1.44,"genossen":16.8,"sozvermiet":24.24,"plr_id":"08100419"},"geometry":{"type":"MultiPolygon","coordinates":[[[[13.44467,52.48499],[13.45226,52.48109],[13.45246,52.48125],[13.45707,52.47889],[13.45715,52.47896],[13.45843,52.48543],[13.45856,52.48552],[13.45813,52.48582],[13.45607,52.48425],[13.45044,52.48715],[13.45033,52.48709],[13.44884,52.48796],[13.44635,52.48626],[13.44467,52.48499]]]]}},{"type":"Feature","id":354,"properties":{"plr_schl":"08100520","plrname":"Weiße Siedlung","nat_pers":70,"wohmi_fl":"173836","jur_pers":29,"jp_ohn_swg":29,"stwbg":0,"genossen":0,"sozvermiet":1,"plr_id":"08100520"},"geometry":{"type":"MultiPolygon","coordinates":[[[[13.45707,52.47889],[13.45725,52.47884],[13.45764,52.47864],[13.4576,52.47834],[13.45777,52.47829],[13.45878,52.47777],[13.45885,52.47768],[13.45739,52.47057],[13.4572,52.47034],[13.45752,52.47025],[13.45762,52.47038],[13.46009,52.46967],[13.46109,52.46942],[13.46169,52.46932],[13.46254,52.46926],[13.46246,52.46922],[13.46244,52.46916],[13.46284,52.46914],[13.46302,52.46922],[13.46384,52.46926],[13.4654,52.46945],[13.46547,52.46949],[13.46566,52.46941],[13.46614,52.46947],[13.46613,52.46955],[13.46607,52.46959],[13.47056,52.4702],[13.47107,52.47026],[13.47095,52.4702],[13.47176,52.47031],[13.47241,52.47065],[13.47098,52.47203],[13.4701,52.47296],[13.4698,52.47333],[13.46962,52.47367],[13.46961,52.47399],[13.46998,52.47484],[13.47033,52.47584],[13.47057,52.47691],[13.46116,52.48354],[13.46118,52.4837],[13.4586,52.4855],[13.45856,52.48552],[13.45843,52.48543],[13.45715,52.47896],[13.45707,52.47889]]]]}},{"type":"Feature","id":355,"properties":{"plr_schl":"08100521","plrname":"Schulenburgpark","nat_pers":8,"wohmi_fl":"307483","jur_pers":92,"jp_ohn_swg":3.68,"stwbg":71.76,"genossen":16.56,"sozvermiet":88.32,"plr_id":"08100521"},"geometry":{"type":"MultiPolygon","coordinates":[[[[13.45479,52.4609],[13.45518,52.46099],[13.45536,52.46085],[13.4563,52.45979],[13.45662,52.45964],[13.45698,52.45911],[13.45699,52.4592],[13.45712,52.45926],[13.45723,52.45926],[13.45727,52.45921],[13.45734,52.45924],[13.47497,52.45876],[13.47498,52.45947],[13.47517,52.45991],[13.47571,52.46078],[13.4758,52.46091],[13.4772,52.46199],[13.47855,52.46398],[13.47848,52.46499],[13.47834,52.46523],[13.47635,52.46713],[13.4756,52.46765],[13.47503,52.46813],[13.47241,52.47065],[13.47176,52.47031],[13.47095,52.4702],[13.47107,52.47026],[13.47056,52.4702],[13.46607,52.46959],[13.46613,52.46955],[13.46614,52.46947],[13.46566,52.46941],[13.46547,52.46949],[13.4654,52.46945],[13.46384,52.46926],[13.46302,52.46922],[13.46283,52.46914],[13.46244,52.46916],[13.46246,52.46922],[13.46254,52.46926],[13.46169,52.46932],[13.46109,52.46942],[13.46009,52.46967],[13.45762,52.47038],[13.45752,52.47025],[13.4572,52.47034],[13.45739,52.47057],[13.4579,52.47308],[13.45656,52.47372],[13.4565,52.4734],[13.45633,52.47346],[13.45605,52.47282],[13.45575,52.47251],[13.45511,52.47196],[13.45435,52.47145],[13.45457,52.47114],[13.45327,52.47107],[13.45327,52.47091],[13.45267,52.47067],[13.45185,52.47044],[13.45072,52.47026],[13.44917,52.47006],[13.44833,52.46983],[13.44812,52.46966],[13.44799,52.46949],[13.4479,52.46926],[13.44817,52.46828],[13.44463,52.46791],[13.44543,52.4671],[13.44621,52.46651],[13.44769,52.46504],[13.44798,52.46475],[13.4482,52.46436],[13.45128,52.465],[13.45205,52.46511],[13.4523,52.46513],[13.45247,52.46513],[13.45248,52.46511],[13.45275,52.46514],[13.45247,52.46473],[13.45237,52.46407],[13.45251,52.46343],[13.4529,52.46282],[13.45475,52.46089],[13.45479,52.4609]]]]}},{"type":"Feature","id":356,"properties":{"plr_schl":"08200622","plrname":"Jahnstraße","nat_pers":46,"wohmi_fl":"172382","jur_pers":51,"jp_ohn_swg":41.82,"stwbg":5.1,"genossen":4.08,"sozvermiet":12.18,"plr_id":"08200622"},"geometry":{"type":"MultiPolygon","coordinates":[[[[13.44844,52.45963],[13.44918,52.45974],[13.45037,52.4598],[13.451,52.4598],[13.45489,52.45966],[13.45501,52.45967],[13.45508,52.45971],[13.45502,52.45982],[13.4533,52.45988],[13.45303,52.46027],[13.45306,52.4603],[13.45483,52.46069],[13.4549,52.46078],[13.45479,52.4609],[13.45475,52.46089],[13.4529,52.46282],[13.45251,52.46343],[13.45237,52.46407],[13.45247,52.46473],[13.45275,52.46514],[13.45248,52.46511],[13.45247,52.46513],[13.45205,52.46511],[13.45128,52.465],[13.44742,52.4642],[13.44452,52.46368],[13.44418,52.46385],[13.44229,52.46354],[13.44116,52.46339],[13.43645,52.46304],[13.43454,52.46286],[13.43418,52.46276],[13.43444,52.46188],[13.43462,52.46163],[13.43521,52.45985],[13.43575,52.45864],[13.43568,52.45863],[13.43582,52.45836],[13.43587,52.45836],[13.43591,52.45827],[13.44099,52.45866],[13.44772,52.45951],[13.44844,52.45963]]]]}},{"type":"Feature","id":357,"properties":{"plr_schl":"08200623","plrname":"Park am Buschkrug","nat_pers":38,"wohmi_fl":"266709","jur_pers":58,"jp_ohn_swg":25.52,"stwbg":5.22,"genossen":27.26,"sozvermiet":36.48,"plr_id":"08200623"},"geometry":{"type":"MultiPolygon","coordinates":[[[[13.43591,52.45827],[13.43608,52.45796],[13.43603,52.45795],[13.43616,52.45771],[13.43623,52.45772],[13.43632,52.45759],[13.43685,52.45641],[13.43822,52.45305],[13.43833,52.45273],[13.43815,52.45272],[13.43815,52.45249],[13.44084,52.45259],[13.44083,52.45261],[13.44167,52.45254],[13.44234,52.45244],[13.44353,52.45232],[13.44459,52.45225],[13.45139,52.45236],[13.45149,52.45234],[13.45185,52.45235],[13.45334,52.45259],[13.45332,52.45265],[13.45541,52.45297],[13.45676,52.45293],[13.45836,52.45262],[13.45892,52.45242],[13.45924,52.45225],[13.45972,52.45178],[13.46012,52.45146],[13.46054,52.45119],[13.46098,52.451],[13.46133,52.45091],[13.46205,52.45082],[13.46286,52.45112],[13.46275,52.45123],[13.46267,52.4512],[13.46256,52.45151],[13.46171,52.45265],[13.46149,52.45282],[13.46134,52.453],[13.45901,52.45647],[13.45755,52.45828],[13.45662,52.45964],[13.4563,52.45979],[13.45588,52.46028],[13.45584,52.46032],[13.45581,52.46031],[13.45546,52.46076],[13.45518,52.46099],[13.45479,52.4609],[13.4549,52.46078],[13.45483,52.46069],[13.45303,52.46028],[13.4533,52.45988],[13.45502,52.45982],[13.45508,52.45971],[13.45494,52.45966],[13.451,52.4598],[13.44959,52.45977],[13.44868,52.45968],[13.44772,52.45951],[13.44099,52.45866],[13.43591,52.45827]]]]}},{"type":"Feature","id":358,"properties":{"plr_schl":"08200624","plrname":"Tempelhofer Weg","nat_pers":31,"wohmi_fl":"330696","jur_pers":69,"jp_ohn_swg":33.81,"stwbg":31.74,"genossen":3.45,"sozvermiet":35.19,"plr_id":"08200624"},"geometry":{"type":"MultiPolygon","coordinates":[[[[13.42301,52.46132],[13.42323,52.4604],[13.42143,52.46066],[13.42061,52.45937],[13.42462,52.4579],[13.42657,52.4567],[13.42536,52.45661],[13.42353,52.45661],[13.42211,52.45666],[13.42139,52.45671],[13.4212,52.45675],[13.42076,52.45629],[13.41966,52.45468],[13.41878,52.45362],[13.41768,52.4522],[13.41684,52.45224],[13.41639,52.45141],[13.41702,52.45149],[13.41989,52.45202],[13.42057,52.45209],[13.42926,52.45219],[13.43122,52.45226],[13.4317,52.45223],[13.43291,52.45228],[13.43302,52.45225],[13.43323,52.45209],[13.43423,52.45126],[13.43456,52.45086],[13.43595,52.44885],[13.43622,52.44947],[13.43667,52.45007],[13.43684,52.45006],[13.43776,52.45132],[13.43783,52.4513],[13.43796,52.45151],[13.43819,52.45193],[13.43815,52.45272],[13.43833,52.45273],[13.43668,52.45679],[13.43632,52.45759],[13.43623,52.45772],[13.43616,52.45771],[13.43603,52.45795],[13.43608,52.45796],[13.43568,52.45863],[13.43575,52.45864],[13.43521,52.45985],[13.43462,52.46163],[13.43444,52.46188],[13.43418,52.46276],[13.43294,52.46252],[13.43174,52.46233],[13.42636,52.46167],[13.42301,52.46132]]]]}},{"type":"Feature","id":359,"properties":{"plr_schl":"08200725","plrname":"Mohriner Allee Nord","nat_pers":97,"wohmi_fl":"366101","jur_pers":2,"jp_ohn_swg":2,"stwbg":0,"genossen":0,"sozvermiet":1,"plr_id":"08200725"},"geometry":{"type":"MultiPolygon","coordinates":[[[[13.43342,52.44378],[13.43326,52.44422],[13.43316,52.44501],[13.43439,52.4467],[13.43424,52.4467],[13.43481,52.44748],[13.43495,52.44747],[13.43595,52.44885],[13.43444,52.45102],[13.43391,52.45155],[13.43302,52.45225],[13.43291,52.45228],[13.4317,52.45223],[13.43122,52.45226],[13.42926,52.45219],[13.42076,52.4521],[13.41989,52.45202],[13.41702,52.45149],[13.41639,52.45141],[13.41608,52.45083],[13.41573,52.44927],[13.4151,52.44848],[13.41477,52.44701],[13.41398,52.44593],[13.4124,52.4421],[13.41117,52.43889],[13.41191,52.43892],[13.41224,52.43896],[13.41222,52.43902],[13.41654,52.43992],[13.41653,52.43994],[13.41698,52.44004],[13.41699,52.44002],[13.4176,52.44014],[13.41759,52.44017],[13.42019,52.44071],[13.42149,52.44095],[13.4225,52.44116],[13.42249,52.44118],[13.42281,52.44125],[13.42282,52.44123],[13.4244,52.44155],[13.43014,52.44275],[13.43073,52.44292],[13.43327,52.44384],[13.43333,52.44383],[13.43337,52.44377],[13.43342,52.44378]]]]}},{"type":"Feature","id":360,"properties":{"plr_schl":"08200726","plrname":"Hufeisensiedlung","nat_pers":64,"wohmi_fl":"450825","jur_pers":36,"jp_ohn_swg":19.08,"stwbg":16.92,"genossen":0,"sozvermiet":16.92,"plr_id":"08200726"},"geometry":{"type":"MultiPolygon","coordinates":[[[[13.43595,52.44885],[13.43495,52.44747],[13.43481,52.44748],[13.43424,52.4467],[13.43439,52.4467],[13.43316,52.44501],[13.43326,52.44422],[13.43354,52.44348],[13.43447,52.44377],[13.43631,52.44443],[13.43658,52.44435],[13.43777,52.44544],[13.43787,52.4454],[13.43769,52.44524],[13.43846,52.44489],[13.4394,52.44498],[13.43993,52.44507],[13.44006,52.44514],[13.44032,52.44519],[13.44025,52.44514],[13.44039,52.44516],[13.44252,52.4456],[13.44354,52.4457],[13.44434,52.4457],[13.45388,52.44532],[13.45484,52.44529],[13.45536,52.44533],[13.45293,52.45137],[13.45253,52.45242],[13.45259,52.45247],[13.45185,52.45235],[13.45149,52.45234],[13.45139,52.45236],[13.44459,52.45225],[13.44353,52.45232],[13.44234,52.45244],[13.44167,52.45254],[13.44083,52.45261],[13.44084,52.45259],[13.43815,52.45249],[13.43819,52.45193],[13.43796,52.45151],[13.43783,52.4513],[13.43776,52.45132],[13.43684,52.45006],[13.43667,52.45007],[13.43622,52.44947],[13.43595,52.44885]]]]}},{"type":"Feature","id":361,"properties":{"plr_schl":"08200727","plrname":"Parchimer Allee Süd","nat_pers":16,"wohmi_fl":"591482","jur_pers":82,"jp_ohn_swg":77.9,"stwbg":4.1,"genossen":0,"sozvermiet":5.1,"plr_id":"08200727"},"geometry":{"type":"MultiPolygon","coordinates":[[[[13.43451,52.44046],[13.43528,52.44048],[13.43572,52.4404],[13.4359,52.44033],[13.43665,52.4399],[13.43737,52.43957],[13.44232,52.43763],[13.44302,52.43741],[13.44353,52.43729],[13.44432,52.43714],[13.44575,52.43702],[13.44862,52.43708],[13.44979,52.43707],[13.45052,52.43703],[13.45099,52.43699],[13.45162,52.43677],[13.45158,52.43702],[13.45172,52.43743],[13.45249,52.43867],[13.45293,52.43924],[13.45429,52.44062],[13.45608,52.44214],[13.45666,52.4428],[13.45719,52.44327],[13.45731,52.44346],[13.45731,52.44353],[13.45818,52.4443],[13.45838,52.44443],[13.45859,52.4445],[13.45907,52.4445],[13.45911,52.44484],[13.45907,52.44513],[13.45885,52.4452],[13.45607,52.44531],[13.45536,52.44533],[13.45484,52.44529],[13.45388,52.44532],[13.44395,52.44571],[13.44323,52.44568],[13.44252,52.4456],[13.44039,52.44516],[13.44025,52.44514],[13.44032,52.44519],[13.44006,52.44514],[13.43993,52.44507],[13.4394,52.44498],[13.43846,52.44489],[13.43769,52.44524],[13.43787,52.4454],[13.43777,52.44544],[13.43658,52.44435],[13.43631,52.44443],[13.43447,52.44377],[13.43354,52.44348],[13.43433,52.44161],[13.43445,52.44114],[13.43451,52.44046]]]]}},{"type":"Feature","id":362,"properties":{"plr_schl":"08200728","plrname":"Ortolanweg","nat_pers":3,"wohmi_fl":"48437","jur_pers":91,"jp_ohn_swg":70.07,"stwbg":0,"genossen":20.93,"sozvermiet":26.93,"plr_id":"08200728"},"geometry":{"type":"MultiPolygon","coordinates":[[[[13.45259,52.45247],[13.45253,52.45242],[13.45293,52.45137],[13.45536,52.44533],[13.45885,52.4452],[13.45907,52.44513],[13.45911,52.44487],[13.45907,52.4445],[13.46155,52.44429],[13.46182,52.44425],[13.46214,52.44416],[13.46619,52.44226],[13.46704,52.44178],[13.46832,52.44081],[13.46865,52.44011],[13.46877,52.43996],[13.46897,52.43981],[13.46963,52.44017],[13.47287,52.4386],[13.47299,52.43871],[13.47362,52.4382],[13.47478,52.43925],[13.47549,52.43995],[13.47666,52.44121],[13.47774,52.44225],[13.47805,52.4425],[13.47825,52.44241],[13.47869,52.44274],[13.4785,52.4428],[13.47809,52.44315],[13.47668,52.44384],[13.47621,52.44396],[13.47479,52.44463],[13.46562,52.4491],[13.46455,52.44974],[13.46391,52.45019],[13.4635,52.45057],[13.46306,52.45108],[13.46294,52.45115],[13.46205,52.45082],[13.46133,52.45091],[13.46098,52.451],[13.46054,52.45119],[13.46012,52.45146],[13.45972,52.45178],[13.45924,52.45225],[13.45892,52.45242],[13.45836,52.45262],[13.45676,52.45293],[13.45541,52.45297],[13.45332,52.45265],[13.45334,52.45259],[13.45259,52.45247]]]]}},{"type":"Feature","id":363,"properties":{"plr_schl":"08200729","plrname":"Britzer Garten","nat_pers":73,"wohmi_fl":"314503","jur_pers":5,"jp_ohn_swg":5,"stwbg":0,"genossen":0,"sozvermiet":21,"plr_id":"08200729"},"geometry":{"type":"MultiPolygon","coordinates":[[[[13.43342,52.44378],[13.43337,52.44377],[13.43333,52.44383],[13.43327,52.44384],[13.43073,52.44292],[13.43014,52.44275],[13.4244,52.44155],[13.42282,52.44123],[13.42281,52.44125],[13.42249,52.44118],[13.4225,52.44116],[13.42149,52.44095],[13.42019,52.44071],[13.41759,52.44017],[13.4176,52.44014],[13.41699,52.44002],[13.41698,52.44004],[13.41653,52.43994],[13.41654,52.43992],[13.41222,52.43902],[13.41224,52.43896],[13.41191,52.43892],[13.41117,52.43889],[13.41052,52.4373],[13.41044,52.43702],[13.41038,52.43614],[13.4098,52.43517],[13.40916,52.43421],[13.40887,52.43318],[13.40861,52.43273],[13.40687,52.43014],[13.40677,52.42989],[13.40654,52.42864],[13.40624,52.42753],[13.41152,52.42561],[13.41257,52.42515],[13.41375,52.42449],[13.41429,52.42414],[13.41446,52.42399],[13.41487,52.42348],[13.41496,52.42331],[13.41505,52.42293],[13.41575,52.42287],[13.42164,52.42441],[13.42894,52.42485],[13.42992,52.42614],[13.43019,52.42666],[13.43481,52.42787],[13.43459,52.42998],[13.43491,52.43326],[13.43462,52.43825],[13.43462,52.43837],[13.43469,52.43828],[13.43468,52.43852],[13.43447,52.44099],[13.43427,52.44178],[13.43342,52.44378]]]]}},{"type":"Feature","id":364,"properties":{"plr_schl":"08200730","plrname":"Handwerker-Siedlung","nat_pers":15,"wohmi_fl":"765726","jur_pers":10,"jp_ohn_swg":6.9,"stwbg":2.7,"genossen":0.4,"sozvermiet":78.1,"plr_id":"08200730"},"geometry":{"type":"MultiPolygon","coordinates":[[[[13.43451,52.44046],[13.43468,52.43852],[13.43469,52.43828],[13.43462,52.43837],[13.43462,52.43825],[13.43491,52.43326],[13.43459,52.42998],[13.43481,52.42787],[13.43477,52.42786],[13.43481,52.4269],[13.43534,52.42688],[13.43534,52.42672],[13.43528,52.42672],[13.43547,52.42531],[13.43552,52.42531],[13.4356,52.42501],[13.43582,52.42483],[13.43581,52.42466],[13.43669,52.42376],[13.43782,52.42397],[13.43781,52.42399],[13.43915,52.42419],[13.43916,52.42424],[13.44007,52.42448],[13.44237,52.42537],[13.44652,52.42704],[13.44654,52.4271],[13.44592,52.42754],[13.44604,52.42759],[13.44614,52.42758],[13.44657,52.42787],[13.44702,52.42831],[13.44745,52.42887],[13.44772,52.42936],[13.44881,52.43177],[13.44924,52.43302],[13.44962,52.43302],[13.45053,52.43338],[13.45051,52.43363],[13.45079,52.4351],[13.45129,52.43644],[13.45162,52.43677],[13.45099,52.43699],[13.45052,52.43703],[13.44979,52.43707],[13.44862,52.43708],[13.44575,52.43702],[13.44432,52.43714],[13.44353,52.43729],[13.44302,52.43741],[13.44232,52.43763],[13.43737,52.43957],[13.43665,52.4399],[13.4359,52.44033],[13.43572,52.4404],[13.43528,52.44048],[13.43451,52.44046]]]]}},{"type":"Feature","id":365,"properties":{"plr_schl":"08200831","plrname":"Buckow West","nat_pers":77,"wohmi_fl":"1077743","jur_pers":13,"jp_ohn_swg":7.02,"stwbg":5.98,"genossen":0,"sozvermiet":15.98,"plr_id":"08200831"},"geometry":{"type":"MultiPolygon","coordinates":[[[[13.41505,52.42293],[13.41496,52.42331],[13.41487,52.42348],[13.41446,52.42399],[13.41429,52.42414],[13.41375,52.42449],[13.41257,52.42515],[13.41152,52.42561],[13.40624,52.42753],[13.40609,52.42711],[13.40576,52.42645],[13.40527,52.42568],[13.4026,52.42216],[13.40547,52.42176],[13.40482,52.42],[13.40012,52.41877],[13.3995,52.41802],[13.4025,52.41271],[13.406,52.41324],[13.40756,52.4134],[13.40864,52.41344],[13.40997,52.41339],[13.41058,52.41332],[13.41149,52.41314],[13.41301,52.41266],[13.41427,52.41231],[13.41812,52.41081],[13.4184,52.41074],[13.41932,52.41205],[13.41968,52.41242],[13.41995,52.41262],[13.42018,52.41274],[13.42067,52.4129],[13.42093,52.41294],[13.4209,52.41313],[13.421,52.41321],[13.42074,52.41464],[13.42047,52.41519],[13.42011,52.41559],[13.41987,52.41578],[13.41927,52.41614],[13.41858,52.41644],[13.41803,52.41664],[13.41778,52.41679],[13.41761,52.41696],[13.41684,52.41806],[13.41536,52.42038],[13.41506,52.42102],[13.41475,52.42295],[13.41505,52.42293]]]]}},{"type":"Feature","id":366,"properties":{"plr_schl":"08200832","plrname":"Buckow Mitte","nat_pers":62,"wohmi_fl":"1155840","jur_pers":35,"jp_ohn_swg":16.45,"stwbg":13.3,"genossen":5.25,"sozvermiet":22.55,"plr_id":"08200832"},"geometry":{"type":"MultiPolygon","coordinates":[[[[13.41505,52.42293],[13.41475,52.42295],[13.41506,52.42102],[13.41536,52.42038],[13.41684,52.41806],[13.41761,52.41696],[13.41778,52.41679],[13.41803,52.41664],[13.41908,52.41623],[13.4197,52.4159],[13.42011,52.41559],[13.42037,52.41532],[13.42071,52.41474],[13.421,52.41321],[13.4209,52.41313],[13.42093,52.41294],[13.42067,52.4129],[13.42018,52.41274],[13.41995,52.41262],[13.41968,52.41242],[13.41932,52.41205],[13.4184,52.41074],[13.41968,52.41049],[13.41958,52.41018],[13.42178,52.41053],[13.42312,52.41084],[13.4247,52.41125],[13.42777,52.41186],[13.43033,52.41229],[13.43035,52.41225],[13.43193,52.41251],[13.43536,52.41356],[13.43861,52.41441],[13.43891,52.41445],[13.43842,52.41639],[13.43831,52.41707],[13.43829,52.41846],[13.43837,52.41948],[13.43823,52.4206],[13.43802,52.42162],[13.43762,52.4226],[13.43751,52.42279],[13.43716,52.4232],[13.43721,52.42322],[13.43591,52.42454],[13.43579,52.42469],[13.43582,52.42483],[13.4356,52.42501],[13.43552,52.42531],[13.43547,52.42531],[13.43542,52.42562],[13.43528,52.42672],[13.43534,52.42672],[13.43534,52.42688],[13.43481,52.4269],[13.43477,52.42786],[13.43019,52.42666],[13.42992,52.42614],[13.42894,52.42485],[13.42164,52.42441],[13.41575,52.42287],[13.41505,52.42293]]]]}},{"type":"Feature","id":367,"properties":{"plr_schl":"08200833","plrname":"Buckow Ost","nat_pers":70,"wohmi_fl":"796771","jur_pers":29,"jp_ohn_swg":14.79,"stwbg":12.18,"genossen":2.03,"sozvermiet":15.21,"plr_id":"08200833"},"geometry":{"type":"MultiPolygon","coordinates":[[[[13.43669,52.42376],[13.43721,52.42322],[13.43716,52.4232],[13.43751,52.42279],[13.43762,52.4226],[13.43791,52.42196],[13.4381,52.4213],[13.43837,52.41948],[13.43829,52.41846],[13.43831,52.41707],[13.43842,52.41639],[13.43891,52.41445],[13.44061,52.41482],[13.44157,52.41507],[13.44324,52.41559],[13.44706,52.41669],[13.4479,52.41716],[13.45197,52.41849],[13.45337,52.41901],[13.45469,52.41945],[13.45654,52.41993],[13.4589,52.42047],[13.45946,52.42057],[13.46091,52.42075],[13.46133,52.42103],[13.46165,52.42145],[13.46122,52.42155],[13.46123,52.42152],[13.45632,52.4227],[13.45238,52.4236],[13.45176,52.4238],[13.45008,52.42402],[13.4472,52.42492],[13.44715,52.42503],[13.44763,52.4251],[13.44693,52.42539],[13.44635,52.42573],[13.44595,52.42607],[13.44543,52.42662],[13.44237,52.42537],[13.43995,52.42444],[13.43916,52.42424],[13.43915,52.42419],[13.43781,52.42399],[13.43782,52.42397],[13.43669,52.42376]]]]}},{"type":"Feature","id":368,"properties":{"plr_schl":"08300934","plrname":"Gropiusstadt Nord-West","nat_pers":50,"wohmi_fl":"526191","jur_pers":50,"jp_ohn_swg":50,"stwbg":0,"genossen":0,"sozvermiet":0,"plr_id":"08300934"},"geometry":{"type":"MultiPolygon","coordinates":[[[[13.45053,52.43338],[13.45061,52.43319],[13.45106,52.43249],[13.45165,52.43171],[13.45253,52.43074],[13.45356,52.4298],[13.45283,52.4295],[13.45396,52.42861],[13.45499,52.42791],[13.45612,52.42723],[13.45725,52.42663],[13.45725,52.42587],[13.46491,52.42597],[13.46952,52.4287],[13.47071,52.42953],[13.47163,52.43035],[13.47218,52.43096],[13.47266,52.43162],[13.47306,52.43232],[13.47293,52.43244],[13.47224,52.43203],[13.47205,52.43215],[13.47215,52.43221],[13.47193,52.43234],[13.47177,52.43225],[13.47156,52.43237],[13.47176,52.43249],[13.47172,52.43252],[13.47187,52.43261],[13.47182,52.43265],[13.4721,52.43283],[13.47195,52.4329],[13.47133,52.4325],[13.47061,52.43292],[13.47055,52.43288],[13.47036,52.43299],[13.47059,52.43315],[13.47039,52.43326],[13.47027,52.43317],[13.4696,52.43344],[13.46892,52.43295],[13.46871,52.43305],[13.46691,52.43175],[13.46763,52.43146],[13.46518,52.42974],[13.46507,52.42973],[13.46426,52.43008],[13.46149,52.43111],[13.46094,52.4314],[13.46045,52.4318],[13.46048,52.43187],[13.46016,52.43215],[13.4609,52.43242],[13.46247,52.43287],[13.46239,52.433],[13.4628,52.43335],[13.46224,52.43385],[13.46163,52.43416],[13.46084,52.43447],[13.46064,52.43454],[13.46062,52.43452],[13.45988,52.43479],[13.45672,52.43158],[13.45675,52.43152],[13.45665,52.43141],[13.45468,52.43199],[13.45459,52.43197],[13.45441,52.43202],[13.45603,52.4341],[13.45596,52.43418],[13.45617,52.4344],[13.45427,52.43497],[13.45347,52.43528],[13.45275,52.43569],[13.45231,52.43604],[13.45174,52.43658],[13.45175,52.43663],[13.45154,52.43669],[13.45129,52.43644],[13.45079,52.4351],[13.45051,52.43363],[13.45053,52.43338]]]]}},{"type":"Feature","id":369,"properties":{"plr_schl":"08300935","plrname":"Gropiusstadt Süd-West","nat_pers":54,"wohmi_fl":"309786","jur_pers":46,"jp_ohn_swg":40.94,"stwbg":0,"genossen":5.06,"sozvermiet":5.06,"plr_id":"08300935"},"geometry":{"type":"MultiPolygon","coordinates":[[[[13.44543,52.42662],[13.44595,52.42607],[13.44635,52.42573],[13.44693,52.42539],[13.44763,52.4251],[13.44715,52.42503],[13.4472,52.42492],[13.45008,52.42402],[13.45176,52.4238],[13.45238,52.4236],[13.45632,52.4227],[13.46123,52.42152],[13.46122,52.42155],[13.46131,52.42153],[13.46277,52.42391],[13.46323,52.42457],[13.46355,52.42493],[13.46399,52.42533],[13.46491,52.42597],[13.45725,52.42587],[13.45725,52.42663],[13.45612,52.42723],[13.45499,52.42791],[13.45396,52.42861],[13.45283,52.4295],[13.45356,52.4298],[13.45253,52.43074],[13.45165,52.43171],[13.45106,52.43249],[13.45061,52.43319],[13.45053,52.43338],[13.44962,52.43302],[13.44924,52.43302],[13.44881,52.43177],[13.44772,52.42936],[13.44745,52.42887],[13.44702,52.42831],[13.44657,52.42787],[13.44614,52.42758],[13.44604,52.42759],[13.44592,52.42754],[13.44654,52.4271],[13.44652,52.42704],[13.44543,52.42662]]]]}},{"type":"Feature","id":370,"properties":{"plr_schl":"08301036","plrname":"Gropiusstadt Mitte","nat_pers":25,"wohmi_fl":"255780","jur_pers":72,"jp_ohn_swg":22.32,"stwbg":29.52,"genossen":20.16,"sozvermiet":52.68,"plr_id":"08301036"},"geometry":{"type":"MultiPolygon","coordinates":[[[[13.473,52.43219],[13.47262,52.43156],[13.47212,52.43089],[13.47163,52.43035],[13.47071,52.42953],[13.46952,52.4287],[13.46455,52.42574],[13.46405,52.42538],[13.46355,52.42493],[13.46291,52.42413],[13.46131,52.42153],[13.46165,52.42145],[13.46133,52.42103],[13.46089,52.42075],[13.46355,52.42108],[13.46802,52.42003],[13.468,52.42006],[13.46847,52.42001],[13.47092,52.41989],[13.47102,52.41988],[13.47101,52.41981],[13.47364,52.41968],[13.47364,52.42],[13.47317,52.42068],[13.47307,52.42106],[13.47322,52.42346],[13.47382,52.42559],[13.47372,52.42564],[13.47379,52.42595],[13.47386,52.42599],[13.47397,52.42743],[13.47392,52.42783],[13.47378,52.42812],[13.47401,52.42821],[13.47361,52.42861],[13.47573,52.4294],[13.47658,52.42975],[13.47628,52.43],[13.4748,52.43098],[13.47446,52.43078],[13.47394,52.43111],[13.47475,52.43158],[13.47299,52.43241],[13.47306,52.43232],[13.473,52.43219]]]]}},{"type":"Feature","id":371,"properties":{"plr_schl":"08301037","plrname":"Gropiusstadt Süd-Ost","nat_pers":2,"wohmi_fl":"302482","jur_pers":98,"jp_ohn_swg":0,"stwbg":85.26,"genossen":12.74,"sozvermiet":98,"plr_id":"08301037"},"geometry":{"type":"MultiPolygon","coordinates":[[[[13.47379,52.42595],[13.47372,52.42564],[13.47382,52.42559],[13.47323,52.42353],[13.47307,52.42114],[13.47314,52.42074],[13.47364,52.42],[13.47365,52.41975],[13.47767,52.41959],[13.47869,52.4197],[13.47925,52.41982],[13.47978,52.41999],[13.47997,52.42007],[13.48078,52.42076],[13.48508,52.42406],[13.48508,52.42417],[13.48272,52.42588],[13.48271,52.42583],[13.48243,52.42576],[13.48194,52.42573],[13.47379,52.42595]]]]}},{"type":"Feature","id":372,"properties":{"plr_schl":"08401138","plrname":"Goldhähnchenweg","nat_pers":15,"wohmi_fl":"94724","jur_pers":83,"jp_ohn_swg":1.66,"stwbg":32.37,"genossen":48.97,"sozvermiet":81.34,"plr_id":"08401138"},"geometry":{"type":"MultiPolygon","coordinates":[[[[13.45666,52.4428],[13.45679,52.44264],[13.45674,52.4426],[13.45687,52.44247],[13.45745,52.442],[13.45766,52.44188],[13.4576,52.44183],[13.45809,52.44149],[13.45909,52.4406],[13.45918,52.44059],[13.46249,52.44218],[13.46254,52.44221],[13.46255,52.44234],[13.46275,52.44244],[13.46286,52.44235],[13.46398,52.4429],[13.46499,52.44245],[13.46532,52.44261],[13.46529,52.44268],[13.46211,52.44417],[13.46155,52.44429],[13.45895,52.44451],[13.45859,52.4445],[13.45838,52.44443],[13.45822,52.44433],[13.45731,52.44353],[13.45731,52.44346],[13.45719,52.44327],[13.45666,52.4428]]]]}},{"type":"Feature","id":373,"properties":{"plr_schl":"08401139","plrname":"Vogelviertel Süd","nat_pers":80,"wohmi_fl":"437144","jur_pers":19,"jp_ohn_swg":6.46,"stwbg":2.09,"genossen":10.45,"sozvermiet":12.54,"plr_id":"08401139"},"geometry":{"type":"MultiPolygon","coordinates":[[[[13.45162,52.43677],[13.45154,52.43669],[13.45175,52.43663],[13.45174,52.43658],[13.45239,52.43597],[13.45275,52.43569],[13.45347,52.43528],[13.45427,52.43497],[13.45617,52.4344],[13.45596,52.43418],[13.45603,52.4341],[13.45441,52.43202],[13.45459,52.43197],[13.45468,52.43199],[13.45665,52.43141],[13.45675,52.43152],[13.45672,52.43158],[13.45988,52.43479],[13.46062,52.43452],[13.46064,52.43454],[13.46084,52.43447],[13.46163,52.43416],[13.46224,52.43385],[13.4628,52.43335],[13.46239,52.433],[13.46247,52.43287],[13.4609,52.43242],[13.46016,52.43215],[13.46048,52.43187],[13.46045,52.4318],[13.46094,52.4314],[13.46149,52.43111],[13.46426,52.43008],[13.46507,52.42973],[13.46518,52.42974],[13.46763,52.43146],[13.46691,52.43175],[13.46871,52.43305],[13.46892,52.43295],[13.4696,52.43344],[13.47027,52.43317],[13.47039,52.43326],[13.47059,52.43315],[13.47036,52.43299],[13.47055,52.43288],[13.47061,52.43292],[13.47133,52.4325],[13.47195,52.4329],[13.47226,52.43319],[13.47178,52.43341],[13.46939,52.43436],[13.46826,52.43497],[13.46693,52.43579],[13.46486,52.43697],[13.46435,52.43723],[13.46293,52.43786],[13.46287,52.43794],[13.46238,52.43819],[13.46231,52.43822],[13.46228,52.4382],[13.46116,52.43887],[13.46061,52.43922],[13.45986,52.43979],[13.45967,52.43998],[13.45938,52.44038],[13.45809,52.44149],[13.4576,52.44183],[13.45766,52.44188],[13.45745,52.442],[13.45687,52.44247],[13.45674,52.4426],[13.45679,52.44264],[13.45666,52.4428],[13.45608,52.44214],[13.45429,52.44062],[13.45277,52.43906],[13.45172,52.43743],[13.45158,52.43702],[13.45162,52.43677]]]]}},{"type":"Feature","id":374,"properties":{"plr_schl":"08401140","plrname":"Vogelviertel Nord","nat_pers":86,"wohmi_fl":"345706","jur_pers":13,"jp_ohn_swg":3.38,"stwbg":1.95,"genossen":7.67,"sozvermiet":9.62,"plr_id":"08401140"},"geometry":{"type":"MultiPolygon","coordinates":[[[[13.46529,52.44268],[13.46532,52.44261],[13.46499,52.44245],[13.46398,52.4429],[13.46286,52.44235],[13.46275,52.44244],[13.46255,52.44234],[13.46254,52.44221],[13.4622,52.44203],[13.46083,52.44136],[13.46027,52.44113],[13.45921,52.4406],[13.45909,52.4406],[13.45938,52.44038],[13.45967,52.43998],[13.45986,52.43979],[13.46061,52.43922],[13.46165,52.43857],[13.46228,52.4382],[13.46231,52.43822],[13.46238,52.43819],[13.46287,52.43794],[13.46293,52.43786],[13.46475,52.43703],[13.46693,52.43579],[13.46826,52.43497],[13.46891,52.43462],[13.46906,52.4346],[13.46945,52.43483],[13.46961,52.43475],[13.46967,52.43478],[13.47049,52.43537],[13.47362,52.4382],[13.47299,52.43871],[13.47287,52.4386],[13.46963,52.44017],[13.46897,52.43981],[13.46867,52.44008],[13.46842,52.44065],[13.46821,52.44091],[13.46717,52.44169],[13.46672,52.44198],[13.46529,52.44268]]]]}},{"type":"Feature","id":375,"properties":{"plr_schl":"08401241","plrname":"Blumenviertel","nat_pers":96,"wohmi_fl":"1532685","jur_pers":3,"jp_ohn_swg":2.94,"stwbg":0.06,"genossen":0,"sozvermiet":1.06,"plr_id":"08401241"},"geometry":{"type":"MultiPolygon","coordinates":[[[[13.47869,52.44274],[13.47825,52.44241],[13.47805,52.4425],[13.47774,52.44225],[13.47666,52.44121],[13.47549,52.43995],[13.47478,52.43925],[13.47049,52.43537],[13.46967,52.43478],[13.46961,52.43475],[13.46945,52.43483],[13.46906,52.4346],[13.46896,52.4346],[13.46946,52.43433],[13.47178,52.43341],[13.47226,52.43319],[13.47195,52.4329],[13.4721,52.43283],[13.47182,52.43265],[13.47187,52.43261],[13.47172,52.43252],[13.47176,52.43249],[13.47156,52.43237],[13.47177,52.43225],[13.47193,52.43234],[13.47215,52.43221],[13.47205,52.43215],[13.47224,52.43203],[13.47293,52.43244],[13.47475,52.43158],[13.47394,52.43111],[13.47446,52.43078],[13.4748,52.43098],[13.47628,52.43],[13.47658,52.42975],[13.47573,52.4294],[13.47361,52.42861],[13.47401,52.42821],[13.47378,52.42812],[13.47391,52.42786],[13.47397,52.42759],[13.47386,52.42599],[13.47379,52.42595],[13.48194,52.42573],[13.48243,52.42576],[13.48271,52.42583],[13.48272,52.42588],[13.48508,52.42417],[13.48508,52.42406],[13.49675,52.43303],[13.49691,52.43315],[13.49704,52.43315],[13.49716,52.43321],[13.4976,52.43355],[13.49753,52.43357],[13.49709,52.43391],[13.49508,52.43489],[13.49452,52.43505],[13.49425,52.43517],[13.48938,52.43754],[13.48915,52.43776],[13.48898,52.43785],[13.48474,52.43991],[13.48427,52.44002],[13.47869,52.44274]]]]}},{"type":"Feature","id":376,"properties":{"plr_schl":"08401242","plrname":"Zittauer Straße","nat_pers":69,"wohmi_fl":"1358232","jur_pers":6,"jp_ohn_swg":0.89999,"stwbg":1.8,"genossen":3.3,"sozvermiet":30.1,"plr_id":"08401242"},"geometry":{"type":"MultiPolygon","coordinates":[[[[13.47365,52.41975],[13.47364,52.41968],[13.47101,52.41981],[13.47102,52.41988],[13.47092,52.41989],[13.46847,52.42001],[13.468,52.42006],[13.46882,52.41819],[13.47101,52.41406],[13.47179,52.41275],[13.47301,52.41085],[13.47418,52.40863],[13.47582,52.40624],[13.47694,52.40411],[13.47732,52.40371],[13.4785,52.40431],[13.4794,52.40485],[13.48085,52.40579],[13.48302,52.4074],[13.48329,52.40765],[13.48367,52.4075],[13.48377,52.40757],[13.48468,52.40834],[13.48598,52.40972],[13.4875,52.41152],[13.48823,52.41262],[13.48891,52.41328],[13.49011,52.41334],[13.49009,52.4135],[13.48934,52.41434],[13.48985,52.41482],[13.49014,52.41521],[13.49042,52.41537],[13.49112,52.41695],[13.49132,52.41763],[13.4914,52.41762],[13.49149,52.41797],[13.49148,52.41819],[13.49097,52.41866],[13.4896,52.41972],[13.48961,52.41975],[13.4903,52.42003],[13.48984,52.4204],[13.48939,52.42086],[13.48887,52.42149],[13.48855,52.42199],[13.4874,52.4229],[13.48732,52.423],[13.48587,52.42412],[13.48585,52.42421],[13.48558,52.42444],[13.48078,52.42076],[13.47997,52.42007],[13.47978,52.41999],[13.47925,52.41982],[13.47869,52.4197],[13.47767,52.41959],[13.47365,52.41975]]]]}},{"type":"Feature","id":377,"properties":{"plr_schl":"08401243","plrname":"Alt-Rudow","nat_pers":87,"wohmi_fl":"1271531","jur_pers":10,"jp_ohn_swg":8.7,"stwbg":1.2,"genossen":0.1,"sozvermiet":3.3,"plr_id":"08401243"},"geometry":{"type":"MultiPolygon","coordinates":[[[[13.50543,52.41857],[13.50998,52.41931],[13.51154,52.41962],[13.51272,52.41991],[13.51432,52.42045],[13.5178,52.42188],[13.51855,52.42257],[13.51844,52.42291],[13.51961,52.42463],[13.51956,52.42471],[13.52043,52.42609],[13.52051,52.42656],[13.5199,52.42674],[13.51686,52.42691],[13.51558,52.42702],[13.51441,52.42716],[13.5127,52.42744],[13.51149,52.42769],[13.50958,52.42821],[13.50792,52.42877],[13.50668,52.42927],[13.49854,52.43321],[13.49797,52.43334],[13.4976,52.43355],[13.49716,52.43321],[13.49704,52.43315],[13.49691,52.43315],[13.49675,52.43303],[13.48558,52.42444],[13.48585,52.42421],[13.48587,52.42412],[13.48732,52.423],[13.4874,52.4229],[13.48855,52.42199],[13.48887,52.42149],[13.48939,52.42086],[13.49004,52.42023],[13.49419,52.4171],[13.4953,52.41645],[13.49621,52.41602],[13.49626,52.41605],[13.49651,52.41594],[13.49712,52.41617],[13.49714,52.41623],[13.49739,52.41632],[13.49753,52.41632],[13.49788,52.41645],[13.49869,52.41687],[13.49994,52.4177],[13.50034,52.41789],[13.50077,52.41804],[13.50166,52.41821],[13.50543,52.41857]]]]}},{"type":"Feature","id":378,"properties":{"plr_schl":"08401244","plrname":"Waßmannsdorfer Chaussee","nat_pers":85,"wohmi_fl":"1359606","jur_pers":5,"jp_ohn_swg":2.65,"stwbg":0.15,"genossen":2.2,"sozvermiet":12.35,"plr_id":"08401244"},"geometry":{"type":"MultiPolygon","coordinates":[[[[13.49651,52.41594],[13.49626,52.41605],[13.49621,52.41602],[13.4961,52.41606],[13.49561,52.41629],[13.49486,52.41669],[13.49422,52.41708],[13.4903,52.42003],[13.48961,52.41975],[13.4896,52.41972],[13.49097,52.41866],[13.49148,52.41819],[13.49149,52.41812],[13.4914,52.41762],[13.49132,52.41763],[13.49112,52.41695],[13.49042,52.41537],[13.49014,52.41521],[13.48985,52.41482],[13.48934,52.41434],[13.49009,52.4135],[13.49011,52.41334],[13.48891,52.41328],[13.48823,52.41262],[13.4875,52.41152],[13.48598,52.40972],[13.48468,52.40834],[13.48377,52.40757],[13.48367,52.4075],[13.48329,52.40765],[13.48302,52.4074],[13.48085,52.40579],[13.4794,52.40485],[13.4785,52.40431],[13.47732,52.40371],[13.47761,52.40343],[13.47764,52.40332],[13.47761,52.40272],[13.47813,52.40159],[13.47878,52.40042],[13.47895,52.39998],[13.47917,52.39858],[13.47976,52.39595],[13.48355,52.39694],[13.48648,52.39742],[13.49056,52.39776],[13.49285,52.39821],[13.49503,52.39857],[13.49754,52.39881],[13.50071,52.39933],[13.50053,52.40101],[13.5008,52.40102],[13.50051,52.4037],[13.50057,52.40377],[13.50572,52.40579],[13.5059,52.4059],[13.50662,52.40618],[13.50658,52.40622],[13.50739,52.40655],[13.50736,52.40658],[13.50833,52.40703],[13.50599,52.40945],[13.50286,52.41251],[13.50201,52.41331],[13.50164,52.41361],[13.50113,52.41396],[13.49926,52.4151],[13.49903,52.41496],[13.49651,52.41594]]]]}},{"type":"Feature","id":379,"properties":{"plr_schl":"08401245","plrname":"Frauenviertel","nat_pers":33,"wohmi_fl":"154633","jur_pers":67,"jp_ohn_swg":60.3,"stwbg":3.35,"genossen":3.35,"sozvermiet":6.7,"plr_id":"08401245"},"geometry":{"type":"MultiPolygon","coordinates":[[[[13.50071,52.39933],[13.50575,52.39991],[13.50817,52.40026],[13.51175,52.40082],[13.51303,52.40105],[13.5141,52.40128],[13.51012,52.40518],[13.50833,52.40703],[13.50736,52.40658],[13.50739,52.40655],[13.50658,52.40622],[13.50662,52.40618],[13.5059,52.4059],[13.50572,52.40579],[13.50057,52.40377],[13.50051,52.4037],[13.5008,52.40102],[13.50053,52.40101],[13.50071,52.39933]]]]}},{"type":"Feature","id":380,"properties":{"plr_schl":"08401246","plrname":"Waltersdorfer Chaussee Ost","nat_pers":68,"wohmi_fl":"1057999","jur_pers":13,"jp_ohn_swg":9.1,"stwbg":1.95,"genossen":1.95,"sozvermiet":22.9,"plr_id":"08401246"},"geometry":{"type":"MultiPolygon","coordinates":[[[[13.49651,52.41594],[13.49903,52.41496],[13.49926,52.4151],[13.50113,52.41396],[13.50194,52.41337],[13.50599,52.40945],[13.50966,52.40564],[13.5141,52.40128],[13.516,52.40179],[13.51598,52.40219],[13.51698,52.40284],[13.51665,52.40333],[13.51755,52.40386],[13.51877,52.40466],[13.51933,52.40494],[13.51905,52.40512],[13.52071,52.40629],[13.5206,52.4064],[13.52102,52.40671],[13.52167,52.40729],[13.52179,52.40744],[13.52234,52.40854],[13.52321,52.41081],[13.52293,52.41104],[13.52348,52.41167],[13.52301,52.41214],[13.52345,52.41242],[13.52323,52.41265],[13.52325,52.41269],[13.5236,52.41317],[13.52406,52.41359],[13.52263,52.41415],[13.52259,52.41432],[13.52226,52.41443],[13.52296,52.41545],[13.5225,52.41625],[13.52222,52.41692],[13.52213,52.41735],[13.52216,52.4183],[13.52212,52.41843],[13.52085,52.41954],[13.5205,52.42084],[13.52018,52.42103],[13.51991,52.42135],[13.51948,52.42142],[13.51865,52.42226],[13.51855,52.42257],[13.5179,52.42195],[13.51774,52.42185],[13.51432,52.42045],[13.51272,52.41991],[13.51154,52.41962],[13.50998,52.41931],[13.50543,52.41857],[13.50166,52.41821],[13.501,52.4181],[13.50049,52.41795],[13.49994,52.4177],[13.49869,52.41687],[13.49814,52.41657],[13.49769,52.41637],[13.49753,52.41632],[13.49739,52.41632],[13.49714,52.41623],[13.49712,52.41617],[13.49651,52.41594]]]]}},{"type":"Feature","id":381,"properties":{"plr_schl":"09100101","plrname":"Alt-Treptow","nat_pers":41,"wohmi_fl":"396527","jur_pers":56,"jp_ohn_swg":31.92,"stwbg":10.08,"genossen":14,"sozvermiet":27.08,"plr_id":"09100101"},"geometry":{"type":"MultiPolygon","coordinates":[[[[13.44884,52.48796],[13.45033,52.48709],[13.45044,52.48715],[13.45607,52.48425],[13.45813,52.48582],[13.45839,52.48595],[13.45824,52.48606],[13.45857,52.48625],[13.45845,52.48669],[13.4582,52.4872],[13.45806,52.48772],[13.45771,52.48806],[13.4579,52.48817],[13.4574,52.48843],[13.45866,52.48918],[13.45873,52.4898],[13.45887,52.49017],[13.45907,52.49055],[13.45909,52.49053],[13.45916,52.49055],[13.45932,52.49077],[13.46027,52.49018],[13.47175,52.48243],[13.47174,52.48239],[13.47297,52.48156],[13.47927,52.48453],[13.47953,52.48466],[13.47949,52.48469],[13.47965,52.48467],[13.48133,52.48547],[13.48183,52.48596],[13.48224,52.48586],[13.48237,52.48586],[13.48296,52.48605],[13.48206,52.48744],[13.48168,52.48764],[13.48047,52.48789],[13.48006,52.48794],[13.47942,52.48792],[13.47924,52.48787],[13.47863,52.48703],[13.47807,52.48772],[13.47794,52.48795],[13.47769,52.48878],[13.47705,52.48931],[13.47613,52.48996],[13.47544,52.49033],[13.47379,52.49103],[13.47102,52.49149],[13.4685,52.49234],[13.46706,52.49269],[13.46422,52.49374],[13.46338,52.49413],[13.4632,52.49422],[13.46317,52.49435],[13.46396,52.49499],[13.46398,52.49506],[13.46374,52.49522],[13.46331,52.49541],[13.46319,52.49545],[13.46306,52.49535],[13.46193,52.49559],[13.45951,52.49654],[13.45507,52.49742],[13.45504,52.49737],[13.45407,52.49756],[13.45335,52.49753],[13.45269,52.49758],[13.45146,52.49734],[13.45091,52.49711],[13.45065,52.49694],[13.4507,52.49693],[13.44773,52.49475],[13.44742,52.49466],[13.44709,52.49463],[13.44633,52.49473],[13.44582,52.49472],[13.44522,52.49455],[13.44498,52.49442],[13.44373,52.49347],[13.44078,52.49117],[13.44004,52.49073],[13.43982,52.49049],[13.43966,52.48991],[13.44444,52.48746],[13.44676,52.48896],[13.44866,52.48798],[13.44873,52.48803],[13.44884,52.48796]]]]}},{"type":"Feature","id":382,"properties":{"plr_schl":"09100202","plrname":"Plänterwald West","nat_pers":33,"wohmi_fl":"188029","jur_pers":65,"jp_ohn_swg":15.6,"stwbg":20.8,"genossen":28.6,"sozvermiet":50.4,"plr_id":"09100202"},"geometry":{"type":"MultiPolygon","coordinates":[[[[13.45813,52.48582],[13.46118,52.4837],[13.46116,52.48354],[13.47057,52.47691],[13.47033,52.47584],[13.46998,52.47484],[13.46961,52.47399],[13.46962,52.47367],[13.4698,52.47333],[13.46995,52.47315],[13.47393,52.47523],[13.47388,52.47527],[13.47452,52.47561],[13.47563,52.47619],[13.47568,52.47615],[13.47587,52.47625],[13.47591,52.47623],[13.47652,52.47655],[13.47648,52.47658],[13.47835,52.47756],[13.47279,52.48131],[13.47273,52.48136],[13.47297,52.48156],[13.47174,52.48239],[13.47175,52.48243],[13.46027,52.49018],[13.45932,52.49077],[13.45916,52.49055],[13.45909,52.49053],[13.45907,52.49055],[13.45887,52.49017],[13.45873,52.4898],[13.45866,52.48918],[13.4574,52.48843],[13.4579,52.48817],[13.45771,52.48806],[13.45806,52.48772],[13.4582,52.4872],[13.45843,52.48674],[13.45855,52.48636],[13.45857,52.48625],[13.45824,52.48606],[13.45839,52.48595],[13.45813,52.48582]]]]}},{"type":"Feature","id":383,"properties":{"plr_schl":"09100203","plrname":"Plänterwald Ost","nat_pers":32,"wohmi_fl":"404440","jur_pers":68,"jp_ohn_swg":11.56,"stwbg":25.84,"genossen":30.6,"sozvermiet":56.44,"plr_id":"09100203"},"geometry":{"type":"MultiPolygon","coordinates":[[[[13.46995,52.47315],[13.47098,52.47203],[13.47265,52.47042],[13.47915,52.4713],[13.47947,52.47107],[13.48086,52.47124],[13.48116,52.47125],[13.48182,52.47123],[13.48277,52.47109],[13.48416,52.47109],[13.48415,52.47143],[13.4839,52.47159],[13.48472,52.47202],[13.48483,52.47195],[13.48584,52.47253],[13.48377,52.47391],[13.48756,52.47571],[13.49249,52.47022],[13.49503,52.47233],[13.49484,52.47279],[13.49451,52.47434],[13.49448,52.47519],[13.49496,52.4766],[13.4955,52.47786],[13.49559,52.47818],[13.49561,52.47877],[13.49492,52.48133],[13.49349,52.48469],[13.49274,52.48582],[13.49122,52.48714],[13.49082,52.4874],[13.48987,52.48764],[13.4885,52.48784],[13.48755,52.48779],[13.48674,52.48765],[13.48595,52.4874],[13.48292,52.48603],[13.48237,52.48586],[13.48224,52.48586],[13.48183,52.48596],[13.48133,52.48547],[13.47965,52.48467],[13.47949,52.48469],[13.47953,52.48466],[13.47927,52.48453],[13.47297,52.48156],[13.47273,52.48136],[13.47279,52.48131],[13.47835,52.47756],[13.47648,52.47658],[13.47652,52.47655],[13.47591,52.47623],[13.47587,52.47625],[13.47568,52.47615],[13.47563,52.47619],[13.47452,52.47561],[13.47388,52.47527],[13.47393,52.47523],[13.46995,52.47315]]]]}},{"type":"Feature","id":384,"properties":{"plr_schl":"09100304","plrname":"Baumschulenweg West","nat_pers":32,"wohmi_fl":"546534","jur_pers":68,"jp_ohn_swg":20.4,"stwbg":8.84,"genossen":38.76,"sozvermiet":47.6,"plr_id":"09100304"},"geometry":{"type":"MultiPolygon","coordinates":[[[[13.47497,52.45882],[13.47898,52.45873],[13.48009,52.45873],[13.48161,52.45881],[13.48205,52.45877],[13.48322,52.45892],[13.48418,52.45909],[13.48522,52.45932],[13.4856,52.45944],[13.48635,52.45976],[13.4868,52.45959],[13.48803,52.45924],[13.49134,52.45836],[13.49215,52.45817],[13.49687,52.45821],[13.49747,52.45835],[13.50051,52.46022],[13.49935,52.46102],[13.49832,52.46182],[13.49692,52.4627],[13.49571,52.4633],[13.49567,52.46335],[13.4955,52.46342],[13.49555,52.46345],[13.49358,52.4645],[13.4939,52.46483],[13.49359,52.46503],[13.49361,52.46506],[13.48981,52.46771],[13.48415,52.47143],[13.48416,52.47109],[13.48277,52.47109],[13.48182,52.47123],[13.48116,52.47125],[13.48086,52.47124],[13.47947,52.47107],[13.47915,52.4713],[13.47265,52.47042],[13.47503,52.46813],[13.4756,52.46765],[13.47635,52.46713],[13.47834,52.46523],[13.47848,52.46499],[13.47855,52.46398],[13.4772,52.46199],[13.4758,52.46091],[13.47517,52.45991],[13.47498,52.45947],[13.47497,52.45882]]]]}},{"type":"Feature","id":385,"properties":{"plr_schl":"09100305","plrname":"Baumschulenweg Ost","nat_pers":26,"wohmi_fl":"141230","jur_pers":71,"jp_ohn_swg":49.7,"stwbg":11.36,"genossen":9.94,"sozvermiet":24.3,"plr_id":"09100305"},"geometry":{"type":"MultiPolygon","coordinates":[[[[13.48415,52.47143],[13.48981,52.46771],[13.49257,52.4658],[13.49385,52.46486],[13.49404,52.46499],[13.49551,52.46655],[13.49567,52.46666],[13.4979,52.46905],[13.49813,52.46914],[13.49853,52.46916],[13.49883,52.4691],[13.49903,52.469],[13.49845,52.46965],[13.49811,52.46991],[13.49752,52.47017],[13.49703,52.4703],[13.49694,52.47036],[13.49681,52.47032],[13.49671,52.47045],[13.49666,52.47043],[13.49658,52.47053],[13.49648,52.4705],[13.49589,52.47119],[13.49608,52.47125],[13.49582,52.47156],[13.49552,52.47147],[13.49541,52.4716],[13.49503,52.47233],[13.49249,52.47022],[13.48756,52.47571],[13.48377,52.47391],[13.48584,52.47253],[13.48483,52.47195],[13.48472,52.47202],[13.4839,52.47159],[13.48415,52.47143]]]]}},{"type":"Feature","id":386,"properties":{"plr_schl":"09100306","plrname":"Späthsfelde","nat_pers":91,"wohmi_fl":"651592","jur_pers":6,"jp_ohn_swg":0.53999,"stwbg":5.46,"genossen":0,"sozvermiet":8.46,"plr_id":"09100306"},"geometry":{"type":"MultiPolygon","coordinates":[[[[13.45698,52.45911],[13.45755,52.45828],[13.45901,52.45647],[13.46134,52.453],[13.46149,52.45282],[13.46171,52.45265],[13.46256,52.45151],[13.46267,52.4512],[13.46275,52.45123],[13.46286,52.45112],[13.46294,52.45115],[13.46306,52.45108],[13.4635,52.45057],[13.46408,52.45006],[13.46516,52.44936],[13.46614,52.44883],[13.47586,52.44412],[13.47621,52.44396],[13.47668,52.44384],[13.47809,52.44315],[13.4785,52.4428],[13.47907,52.44257],[13.4842,52.44006],[13.48874,52.4429],[13.48876,52.44292],[13.4887,52.44295],[13.48984,52.4439],[13.49072,52.44353],[13.4929,52.44548],[13.49324,52.44528],[13.49732,52.44857],[13.49156,52.45023],[13.49028,52.45064],[13.48853,52.45139],[13.48741,52.45165],[13.48641,52.45193],[13.48576,52.45205],[13.48326,52.4521],[13.48282,52.45214],[13.4824,52.45222],[13.48186,52.45239],[13.48134,52.45265],[13.47924,52.45414],[13.4793,52.45428],[13.47925,52.45427],[13.47884,52.45448],[13.47563,52.45623],[13.47698,52.45712],[13.47887,52.45858],[13.47894,52.45864],[13.47888,52.4587],[13.4789,52.45874],[13.47498,52.45882],[13.47497,52.45876],[13.45734,52.45924],[13.45727,52.45921],[13.45723,52.45926],[13.45712,52.45926],[13.45699,52.4592],[13.45698,52.45911]]]]}},{"type":"Feature","id":387,"properties":{"plr_schl":"09100407","plrname":"Johannisthal West","nat_pers":57,"wohmi_fl":"822731","jur_pers":37,"jp_ohn_swg":8.51,"stwbg":10.73,"genossen":17.76,"sozvermiet":34.49,"plr_id":"09100407"},"geometry":{"type":"MultiPolygon","coordinates":[[[[13.4789,52.45874],[13.47888,52.4587],[13.47894,52.45864],[13.47887,52.45858],[13.47698,52.45712],[13.47563,52.45623],[13.47884,52.45448],[13.47925,52.45427],[13.4793,52.45428],[13.47924,52.45414],[13.48134,52.45265],[13.48186,52.45239],[13.4824,52.45222],[13.48282,52.45214],[13.48326,52.4521],[13.48576,52.45205],[13.48641,52.45193],[13.48741,52.45165],[13.48853,52.45139],[13.49028,52.45064],[13.49156,52.45023],[13.49732,52.44857],[13.49324,52.44528],[13.4929,52.44548],[13.49072,52.44353],[13.48984,52.4439],[13.4887,52.44295],[13.48876,52.44292],[13.48874,52.4429],[13.4842,52.44006],[13.48427,52.44002],[13.48474,52.43991],[13.48898,52.43785],[13.48915,52.43776],[13.48938,52.43754],[13.49425,52.43517],[13.49452,52.43505],[13.49508,52.43489],[13.49709,52.43391],[13.49753,52.43357],[13.49806,52.43399],[13.50052,52.43533],[13.5008,52.43555],[13.50212,52.43625],[13.50268,52.43651],[13.50346,52.4368],[13.504,52.43689],[13.5033,52.43766],[13.50337,52.43769],[13.50284,52.43827],[13.50277,52.43824],[13.50274,52.43828],[13.50269,52.43827],[13.50216,52.43876],[13.50153,52.43927],[13.49988,52.44037],[13.49983,52.44046],[13.49984,52.44057],[13.49991,52.44066],[13.50017,52.44082],[13.5001,52.44086],[13.50213,52.44262],[13.50245,52.44289],[13.50274,52.44303],[13.50354,52.44374],[13.50347,52.44377],[13.50451,52.44468],[13.50469,52.44483],[13.5051,52.44493],[13.50525,52.44516],[13.5054,52.4453],[13.50686,52.44652],[13.50715,52.44739],[13.50723,52.44737],[13.50733,52.44766],[13.50895,52.45263],[13.50922,52.4529],[13.51014,52.45353],[13.50886,52.45438],[13.50909,52.45456],[13.50791,52.45516],[13.50586,52.45649],[13.50502,52.45714],[13.50385,52.4579],[13.50051,52.46022],[13.49747,52.45835],[13.49687,52.45821],[13.49215,52.45817],[13.49134,52.45836],[13.48803,52.45924],[13.4868,52.45959],[13.48635,52.45976],[13.4856,52.45944],[13.48522,52.45932],[13.48418,52.45909],[13.4825,52.45882],[13.48205,52.45877],[13.48161,52.45881],[13.48009,52.45873],[13.4789,52.45874]]]]}},{"type":"Feature","id":388,"properties":{"plr_schl":"09100408","plrname":"Johannisthal Ost","nat_pers":56,"wohmi_fl":"402349","jur_pers":42,"jp_ohn_swg":12.18,"stwbg":23.1,"genossen":6.72,"sozvermiet":30.82,"plr_id":"09100408"},"geometry":{"type":"MultiPolygon","coordinates":[[[[13.51014,52.45353],[13.50922,52.4529],[13.50895,52.45263],[13.50733,52.44766],[13.50723,52.44737],[13.50715,52.44739],[13.50686,52.44652],[13.5054,52.4453],[13.50525,52.44516],[13.5051,52.44493],[13.50469,52.44483],[13.50451,52.44468],[13.50347,52.44377],[13.50354,52.44374],[13.50274,52.44303],[13.50245,52.44289],[13.50213,52.44262],[13.5001,52.44086],[13.50017,52.44082],[13.49991,52.44066],[13.49984,52.44057],[13.49983,52.44046],[13.49988,52.44037],[13.50153,52.43927],[13.50216,52.43876],[13.50269,52.43827],[13.50274,52.43828],[13.50277,52.43824],[13.50284,52.43827],[13.50337,52.43769],[13.5033,52.43766],[13.50416,52.43669],[13.50625,52.4374],[13.50647,52.43745],[13.50688,52.43766],[13.5072,52.43794],[13.50737,52.43823],[13.50747,52.43946],[13.50803,52.44191],[13.50832,52.44225],[13.50941,52.44303],[13.51064,52.4445],[13.5119,52.44521],[13.51232,52.44537],[13.51722,52.44776],[13.51098,52.45289],[13.51014,52.45353]]]]}},{"type":"Feature","id":389,"properties":{"plr_schl":"09100409","plrname":"Landschaftspark Adlershof","nat_pers":46,"wohmi_fl":"1093279","jur_pers":43,"jp_ohn_swg":39.56,"stwbg":2.15,"genossen":1.29,"sozvermiet":14.44,"plr_id":"09100409"},"geometry":{"type":"MultiPolygon","coordinates":[[[[13.504,52.43689],[13.50346,52.4368],[13.50268,52.43651],[13.50212,52.43625],[13.5008,52.43555],[13.50052,52.43533],[13.49806,52.43399],[13.49753,52.43357],[13.49797,52.43334],[13.49854,52.43321],[13.50668,52.42927],[13.50792,52.42877],[13.50958,52.42821],[13.51149,52.42769],[13.5127,52.42744],[13.51441,52.42716],[13.51558,52.42702],[13.51686,52.42691],[13.51995,52.42673],[13.51797,52.43271],[13.52665,52.43774],[13.52735,52.4381],[13.53048,52.43992],[13.53021,52.44003],[13.53005,52.44014],[13.53007,52.44017],[13.52889,52.44095],[13.53142,52.44234],[13.53055,52.44298],[13.52112,52.44934],[13.52061,52.44965],[13.51982,52.44969],[13.51837,52.45065],[13.51655,52.45168],[13.51565,52.45224],[13.51467,52.45289],[13.51474,52.45296],[13.51446,52.45315],[13.51298,52.45412],[13.5128,52.45421],[13.51273,52.45417],[13.51219,52.45453],[13.51231,52.45453],[13.51229,52.45455],[13.51216,52.45458],[13.51209,52.45463],[13.51191,52.45461],[13.51173,52.45454],[13.51148,52.45471],[13.5105,52.45413],[13.5098,52.45376],[13.51044,52.45333],[13.51722,52.44776],[13.51232,52.44537],[13.5119,52.44521],[13.51064,52.4445],[13.50941,52.44303],[13.50832,52.44225],[13.50803,52.44191],[13.50747,52.43946],[13.50737,52.43823],[13.50714,52.43787],[13.50679,52.4376],[13.50647,52.43745],[13.50625,52.4374],[13.50416,52.43669],[13.504,52.43689]]]]}},{"type":"Feature","id":390,"properties":{"plr_schl":"09200510","plrname":"Helmholtz-Kiez","nat_pers":34,"wohmi_fl":"433807","jur_pers":60,"jp_ohn_swg":54.6,"stwbg":4.8,"genossen":0.6,"sozvermiet":10.4,"plr_id":"09200510"},"geometry":{"type":"MultiPolygon","coordinates":[[[[13.49418,52.48312],[13.49492,52.48133],[13.49561,52.47877],[13.49559,52.47818],[13.4955,52.47786],[13.49496,52.4766],[13.49448,52.47519],[13.49451,52.47434],[13.49484,52.47279],[13.49522,52.47191],[13.49541,52.4716],[13.49552,52.47147],[13.49582,52.47156],[13.49608,52.47125],[13.49589,52.47119],[13.49648,52.4705],[13.49658,52.47053],[13.49666,52.47043],[13.49671,52.47045],[13.49681,52.47032],[13.49694,52.47036],[13.49703,52.4703],[13.49752,52.47017],[13.49811,52.46991],[13.49845,52.46965],[13.49882,52.46925],[13.49918,52.46881],[13.49961,52.46779],[13.50108,52.46561],[13.50234,52.46398],[13.50282,52.46353],[13.50372,52.463],[13.50592,52.46199],[13.50594,52.46202],[13.50617,52.46192],[13.50816,52.46129],[13.51029,52.46046],[13.51133,52.45992],[13.5128,52.45926],[13.51434,52.46256],[13.51416,52.46271],[13.51379,52.46454],[13.51375,52.46455],[13.51373,52.46471],[13.51378,52.46473],[13.51378,52.46485],[13.51329,52.46709],[13.51334,52.46711],[13.51354,52.46761],[13.5142,52.46832],[13.51427,52.46836],[13.51472,52.46835],[13.5151,52.46869],[13.51502,52.46877],[13.51503,52.46884],[13.51584,52.46946],[13.5176,52.47112],[13.51778,52.47124],[13.51783,52.47122],[13.51788,52.47127],[13.51783,52.47129],[13.51786,52.47138],[13.51847,52.47194],[13.51891,52.4725],[13.52047,52.474],[13.51994,52.47422],[13.51661,52.47535],[13.51612,52.47548],[13.51536,52.47562],[13.51462,52.4757],[13.51361,52.47571],[13.51297,52.47566],[13.50785,52.4749],[13.50432,52.47812],[13.50189,52.48257],[13.50153,52.48258],[13.50051,52.4827],[13.49935,52.48293],[13.49828,52.48322],[13.49785,52.48328],[13.49723,52.48331],[13.49687,52.48327],[13.49671,52.48332],[13.49418,52.48312]]]]}},{"type":"Feature","id":391,"properties":{"plr_schl":"09200511","plrname":"Griechischer Park","nat_pers":28,"wohmi_fl":"496723","jur_pers":67,"jp_ohn_swg":16.08,"stwbg":37.52,"genossen":13.4,"sozvermiet":54.92,"plr_id":"09200511"},"geometry":{"type":"MultiPolygon","coordinates":[[[[13.51281,52.45927],[13.51469,52.45844],[13.51513,52.4583],[13.51566,52.45816],[13.51663,52.45801],[13.51816,52.45788],[13.51886,52.4577],[13.51916,52.45756],[13.51974,52.45717],[13.52005,52.45681],[13.52033,52.45614],[13.52053,52.45578],[13.52089,52.45531],[13.52125,52.45495],[13.52162,52.45467],[13.52169,52.45454],[13.52179,52.45454],[13.52229,52.45423],[13.52285,52.45396],[13.52425,52.45346],[13.52615,52.453],[13.52763,52.45276],[13.52852,52.45268],[13.5308,52.45293],[13.53251,52.45328],[13.5294,52.45637],[13.52947,52.4564],[13.52945,52.45651],[13.5295,52.45652],[13.52944,52.45679],[13.52926,52.45695],[13.52861,52.45709],[13.52697,52.45832],[13.52699,52.45846],[13.53241,52.4616],[13.53272,52.46183],[13.52072,52.46701],[13.52023,52.46718],[13.51778,52.4677],[13.51626,52.46826],[13.5156,52.46854],[13.51545,52.46855],[13.5151,52.46869],[13.51472,52.46835],[13.51427,52.46836],[13.51416,52.46828],[13.51354,52.46761],[13.51334,52.46711],[13.51329,52.46709],[13.51378,52.46485],[13.51378,52.46473],[13.51373,52.46471],[13.51375,52.46455],[13.51379,52.46454],[13.51416,52.46271],[13.51434,52.46256],[13.51281,52.45927]]]]}},{"type":"Feature","id":392,"properties":{"plr_schl":"09200512","plrname":"Wuhlheide","nat_pers":27,"wohmi_fl":"161037","jur_pers":73,"jp_ohn_swg":28.47,"stwbg":34.31,"genossen":10.22,"sozvermiet":44.53,"plr_id":"09200512"},"geometry":{"type":"MultiPolygon","coordinates":[[[[13.52032,52.47407],[13.52047,52.474],[13.51891,52.4725],[13.51847,52.47194],[13.51786,52.47138],[13.51783,52.47129],[13.51788,52.47127],[13.5176,52.47112],[13.51584,52.46946],[13.51503,52.46884],[13.51502,52.46877],[13.51509,52.46869],[13.51545,52.46855],[13.5156,52.46854],[13.51626,52.46826],[13.51778,52.4677],[13.52,52.46724],[13.52072,52.46701],[13.53272,52.46183],[13.53241,52.4616],[13.52699,52.45846],[13.52697,52.45832],[13.52861,52.45709],[13.52926,52.45695],[13.52944,52.45679],[13.5295,52.45652],[13.52945,52.45651],[13.52947,52.4564],[13.5294,52.45637],[13.53251,52.45328],[13.53316,52.45341],[13.53536,52.45422],[13.53749,52.45539],[13.53819,52.45557],[13.54015,52.45561],[13.54261,52.45547],[13.54304,52.4554],[13.54465,52.45525],[13.54464,52.4552],[13.54483,52.45518],[13.54485,52.45522],[13.54543,52.45515],[13.5464,52.45494],[13.54762,52.45458],[13.54845,52.45437],[13.55003,52.45403],[13.55054,52.45397],[13.55142,52.45366],[13.5522,52.4536],[13.55408,52.4532],[13.55771,52.45312],[13.55761,52.45435],[13.55738,52.45437],[13.55738,52.45475],[13.55726,52.45552],[13.55743,52.45555],[13.55733,52.45591],[13.56224,52.45663],[13.56271,52.45673],[13.56363,52.45677],[13.56151,52.4587],[13.55578,52.46515],[13.55558,52.46543],[13.5555,52.46547],[13.55428,52.46684],[13.55431,52.46685],[13.55422,52.46696],[13.55291,52.46839],[13.55265,52.46872],[13.55259,52.46886],[13.55262,52.46896],[13.55296,52.46925],[13.5528,52.46932],[13.55285,52.46937],[13.55299,52.46933],[13.55305,52.46943],[13.55292,52.46946],[13.55288,52.46965],[13.55267,52.4697],[13.55257,52.46965],[13.55202,52.46975],[13.55127,52.46995],[13.55085,52.47011],[13.54945,52.47076],[13.54913,52.47099],[13.54865,52.47122],[13.54244,52.47395],[13.54207,52.47399],[13.53985,52.47498],[13.53232,52.46908],[13.53143,52.46839],[13.53139,52.4684],[13.53077,52.46794],[13.52753,52.47062],[13.52554,52.47236],[13.52367,52.47386],[13.52243,52.47475],[13.52158,52.47522],[13.52144,52.47514],[13.52032,52.47407]]]]}},{"type":"Feature","id":393,"properties":{"plr_schl":"09200613","plrname":"Bahnhof Schöneweide","nat_pers":29,"wohmi_fl":"464205","jur_pers":68,"jp_ohn_swg":39.44,"stwbg":9.52,"genossen":19.04,"sozvermiet":30.56,"plr_id":"09200613"},"geometry":{"type":"MultiPolygon","coordinates":[[[[13.5146,52.4585],[13.51375,52.45884],[13.51223,52.45951],[13.51133,52.45992],[13.51029,52.46046],[13.50816,52.46129],[13.50617,52.46192],[13.50594,52.46202],[13.50592,52.46199],[13.50372,52.463],[13.50282,52.46353],[13.50234,52.46398],[13.50108,52.46561],[13.49961,52.46779],[13.49918,52.46881],[13.49903,52.469],[13.49876,52.46912],[13.49853,52.46916],[13.49819,52.46915],[13.4979,52.46905],[13.49567,52.46666],[13.49551,52.46655],[13.49404,52.46499],[13.49385,52.46487],[13.4939,52.46483],[13.49388,52.46479],[13.49358,52.4645],[13.49555,52.46345],[13.4955,52.46342],[13.49567,52.46335],[13.49571,52.4633],[13.49692,52.4627],[13.49832,52.46182],[13.49935,52.46102],[13.50385,52.4579],[13.50502,52.45714],[13.50586,52.45649],[13.50791,52.45516],[13.50909,52.45456],[13.50886,52.45438],[13.50977,52.45377],[13.5098,52.45376],[13.5103,52.45402],[13.51148,52.45471],[13.51173,52.45454],[13.51201,52.45463],[13.51209,52.45463],[13.51216,52.45458],[13.51229,52.45455],[13.51231,52.45453],[13.51219,52.45453],[13.51273,52.45417],[13.5128,52.45421],[13.51298,52.45412],[13.51474,52.45296],[13.51467,52.45289],[13.51551,52.45233],[13.51655,52.45168],[13.51837,52.45065],[13.51982,52.44969],[13.52061,52.44965],[13.522,52.44875],[13.52248,52.44902],[13.5228,52.44902],[13.5228,52.44927],[13.52377,52.44925],[13.52439,52.44919],[13.5245,52.44942],[13.52418,52.4495],[13.52391,52.45005],[13.52418,52.45009],[13.52431,52.44983],[13.52768,52.45047],[13.53478,52.45175],[13.53457,52.4518],[13.53496,52.45187],[13.53505,52.45185],[13.53505,52.45189],[13.53789,52.45229],[13.53886,52.45246],[13.53889,52.45238],[13.53914,52.45243],[13.5391,52.4525],[13.54122,52.4529],[13.54143,52.45295],[13.54166,52.45307],[13.54203,52.4531],[13.54206,52.45317],[13.54219,52.4532],[13.54225,52.45315],[13.54297,52.45327],[13.54348,52.45331],[13.54422,52.4533],[13.54505,52.45322],[13.545,52.45316],[13.54905,52.45229],[13.54885,52.45218],[13.55668,52.45045],[13.55727,52.45029],[13.5579,52.45004],[13.55789,52.45016],[13.55851,52.44984],[13.55822,52.45317],[13.55755,52.45311],[13.55408,52.4532],[13.5522,52.4536],[13.55142,52.45366],[13.55054,52.45397],[13.55003,52.45403],[13.54845,52.45437],[13.54762,52.45458],[13.5464,52.45494],[13.54543,52.45515],[13.54485,52.45522],[13.54483,52.45518],[13.54464,52.4552],[13.54465,52.45525],[13.54304,52.4554],[13.54261,52.45547],[13.54015,52.45561],[13.53819,52.45557],[13.53749,52.45539],[13.53536,52.45422],[13.53316,52.45341],[13.5308,52.45293],[13.52852,52.45268],[13.52763,52.45276],[13.52615,52.453],[13.52425,52.45346],[13.52285,52.45396],[13.52229,52.45423],[13.52179,52.45454],[13.52169,52.45454],[13.52162,52.45467],[13.52125,52.45495],[13.52089,52.45531],[13.52053,52.45578],[13.52033,52.45614],[13.52005,52.45681],[13.51979,52.45712],[13.51935,52.45745],[13.51898,52.45765],[13.51864,52.45777],[13.51816,52.45788],[13.51663,52.45801],[13.51566,52.45816],[13.51469,52.45844],[13.5146,52.4585]]]]}},{"type":"Feature","id":394,"properties":{"plr_schl":"09200614","plrname":"Oberspree","nat_pers":62,"wohmi_fl":"347390","jur_pers":38,"jp_ohn_swg":1.14,"stwbg":25.46,"genossen":11.4,"sozvermiet":36.86,"plr_id":"09200614"},"geometry":{"type":"MultiPolygon","coordinates":[[[[13.522,52.44875],[13.53021,52.44321],[13.53106,52.44367],[13.53316,52.44225],[13.53664,52.44418],[13.53299,52.44644],[13.53279,52.44774],[13.54042,52.44815],[13.54233,52.44921],[13.54288,52.4502],[13.54792,52.44911],[13.55332,52.44799],[13.55496,52.45083],[13.54885,52.45218],[13.54905,52.45229],[13.545,52.45316],[13.54505,52.45322],[13.54422,52.4533],[13.54324,52.4533],[13.54225,52.45315],[13.54219,52.4532],[13.54206,52.45317],[13.54203,52.4531],[13.54166,52.45307],[13.54143,52.45295],[13.54122,52.4529],[13.5391,52.4525],[13.53914,52.45243],[13.53889,52.45238],[13.53886,52.45246],[13.53789,52.45229],[13.53505,52.45189],[13.53505,52.45185],[13.53496,52.45187],[13.53457,52.4518],[13.53478,52.45175],[13.52768,52.45047],[13.52431,52.44983],[13.52418,52.45009],[13.52391,52.45005],[13.52418,52.4495],[13.5245,52.44942],[13.52439,52.44919],[13.52377,52.44925],[13.5228,52.44927],[13.5228,52.44902],[13.52248,52.44902],[13.522,52.44875]]]]}},{"type":"Feature","id":395,"properties":{"plr_schl":"09200715","plrname":"Wista","nat_pers":15,"wohmi_fl":"290867","jur_pers":68,"jp_ohn_swg":44.2,"stwbg":17,"genossen":6.8,"sozvermiet":41.8,"plr_id":"09200715"},"geometry":{"type":"MultiPolygon","coordinates":[[[[13.53142,52.44234],[13.52889,52.44095],[13.53007,52.44017],[13.53005,52.44014],[13.53021,52.44003],[13.53048,52.43992],[13.52735,52.4381],[13.52665,52.43774],[13.51797,52.43271],[13.51993,52.42677],[13.51995,52.42673],[13.52051,52.42656],[13.52046,52.42624],[13.52065,52.42623],[13.52082,52.42617],[13.52139,52.42613],[13.52152,52.42609],[13.52331,52.42598],[13.52406,52.42604],[13.52797,52.42583],[13.52803,52.42582],[13.52811,52.42573],[13.52818,52.42556],[13.52825,52.42556],[13.52843,52.42579],[13.52851,52.4258],[13.54086,52.42511],[13.54359,52.42497],[13.54457,52.42496],[13.54522,52.42483],[13.54701,52.42486],[13.5494,52.42504],[13.54999,52.42521],[13.55418,52.42573],[13.55427,52.42576],[13.55429,52.4258],[13.55506,52.42591],[13.55371,52.42677],[13.5534,52.42701],[13.554,52.42687],[13.55436,52.42682],[13.55443,52.42682],[13.55445,52.42687],[13.55352,52.42743],[13.55008,52.42974],[13.54737,52.43138],[13.5429,52.4344],[13.54281,52.4344],[13.54221,52.43493],[13.54241,52.43501],[13.54206,52.4352],[13.53522,52.43983],[13.53517,52.43981],[13.53142,52.44234]]]]}},{"type":"Feature","id":396,"properties":{"plr_schl":"09200716","plrname":"Dörpfeldstraße West","nat_pers":61,"wohmi_fl":"494260","jur_pers":39,"jp_ohn_swg":13.65,"stwbg":12.48,"genossen":12.87,"sozvermiet":25.35,"plr_id":"09200716"},"geometry":{"type":"MultiPolygon","coordinates":[[[[13.53021,52.44321],[13.53096,52.4427],[13.53092,52.44268],[13.53325,52.4411],[13.53517,52.43981],[13.53522,52.43983],[13.54206,52.4352],[13.54241,52.43501],[13.54221,52.43493],[13.54281,52.4344],[13.5429,52.4344],[13.54486,52.43305],[13.54583,52.43244],[13.54751,52.43129],[13.54934,52.4302],[13.55045,52.42949],[13.55049,52.42947],[13.55093,52.42948],[13.5521,52.43026],[13.55382,52.43168],[13.55439,52.43227],[13.55433,52.43229],[13.55478,52.43284],[13.54814,52.43785],[13.54811,52.438],[13.54511,52.4406],[13.54339,52.44194],[13.54455,52.4425],[13.54414,52.44283],[13.54447,52.44298],[13.54378,52.44351],[13.54175,52.44254],[13.54083,52.44253],[13.54077,52.44228],[13.54088,52.44227],[13.54082,52.4421],[13.53996,52.44215],[13.54003,52.44236],[13.53966,52.44242],[13.5394,52.44252],[13.53932,52.44252],[13.53664,52.44418],[13.53316,52.44225],[13.53106,52.44367],[13.53021,52.44321]]]]}},{"type":"Feature","id":397,"properties":{"plr_schl":"09200717","plrname":"Dörpfeldstraße Ost","nat_pers":67,"wohmi_fl":"741415","jur_pers":27,"jp_ohn_swg":8.64,"stwbg":9.72,"genossen":8.64,"sozvermiet":24.36,"plr_id":"09200717"},"geometry":{"type":"MultiPolygon","coordinates":[[[[13.55506,52.42591],[13.55511,52.42587],[13.55569,52.42594],[13.55579,52.42593],[13.56102,52.42657],[13.5616,52.42656],[13.56342,52.42679],[13.56369,52.43051],[13.56359,52.43139],[13.5634,52.43216],[13.56318,52.43274],[13.56271,52.43363],[13.56158,52.43521],[13.56105,52.43591],[13.56093,52.43599],[13.56022,52.43704],[13.55982,52.43779],[13.55947,52.4388],[13.55935,52.43941],[13.55911,52.44197],[13.55939,52.44208],[13.55922,52.44286],[13.55908,52.44398],[13.55907,52.44458],[13.55895,52.44522],[13.55888,52.44646],[13.55882,52.44648],[13.55878,52.44655],[13.55851,52.44984],[13.55789,52.45016],[13.5579,52.45004],[13.55727,52.45029],[13.55684,52.45041],[13.55496,52.45083],[13.55332,52.44799],[13.54792,52.44911],[13.54288,52.4502],[13.54233,52.44921],[13.54042,52.44815],[13.53279,52.44774],[13.53299,52.44644],[13.53932,52.44252],[13.5394,52.44252],[13.53966,52.44242],[13.54003,52.44236],[13.53996,52.44215],[13.54082,52.4421],[13.54088,52.44227],[13.54077,52.44228],[13.54083,52.44253],[13.54175,52.44254],[13.54378,52.44351],[13.54447,52.44298],[13.54414,52.44283],[13.54455,52.4425],[13.54339,52.44194],[13.54511,52.4406],[13.54811,52.438],[13.54814,52.43785],[13.55478,52.43284],[13.55433,52.43229],[13.55439,52.43227],[13.55399,52.43183],[13.5521,52.43026],[13.55093,52.42948],[13.55049,52.42947],[13.55352,52.42743],[13.55445,52.42687],[13.55443,52.42682],[13.55436,52.42682],[13.554,52.42687],[13.5534,52.42701],[13.55371,52.42677],[13.55506,52.42591]]]]}},{"type":"Feature","id":398,"properties":{"plr_schl":"09200818","plrname":"Spindlersfeld","nat_pers":57,"wohmi_fl":"307371","jur_pers":34,"jp_ohn_swg":8.84,"stwbg":25.16,"genossen":0,"sozvermiet":34.16,"plr_id":"09200818"},"geometry":{"type":"MultiPolygon","coordinates":[[[[13.55822,52.45317],[13.55877,52.44687],[13.55942,52.44683],[13.55947,52.44676],[13.55963,52.4467],[13.56236,52.4461],[13.563,52.44608],[13.56619,52.44542],[13.56682,52.44525],[13.56976,52.44468],[13.57004,52.44464],[13.57006,52.44471],[13.57015,52.44466],[13.57022,52.44497],[13.5704,52.44529],[13.57056,52.44547],[13.57088,52.44627],[13.57157,52.44742],[13.57164,52.44746],[13.57169,52.44756],[13.5717,52.44778],[13.57152,52.44798],[13.57129,52.44809],[13.57044,52.44825],[13.56983,52.44845],[13.56911,52.44882],[13.56907,52.44881],[13.56906,52.44885],[13.56808,52.44959],[13.56727,52.45044],[13.56674,52.45108],[13.56601,52.45214],[13.56563,52.4526],[13.56544,52.4528],[13.56509,52.45306],[13.56459,52.45325],[13.56417,52.45335],[13.5635,52.45345],[13.56307,52.45347],[13.56272,52.45344],[13.56252,52.45336],[13.56199,52.45324],[13.56095,52.45318],[13.56049,52.45321],[13.5588,52.45322],[13.55822,52.45317]]]]}},{"type":"Feature","id":399,"properties":{"plr_schl":"09200819","plrname":"Köllnische Vorstadt","nat_pers":41,"wohmi_fl":"419878","jur_pers":55,"jp_ohn_swg":17.6,"stwbg":15.4,"genossen":22,"sozvermiet":40.4,"plr_id":"09200819"},"geometry":{"type":"MultiPolygon","coordinates":[[[[13.57204,52.43319],[13.57204,52.43323],[13.57197,52.43323],[13.57187,52.43346],[13.57183,52.43373],[13.57186,52.43373],[13.57187,52.43396],[13.5718,52.43402],[13.5719,52.43436],[13.57216,52.43466],[13.57232,52.43495],[13.57278,52.4353],[13.57287,52.43545],[13.57293,52.43546],[13.57368,52.43602],[13.57435,52.43646],[13.57454,52.43662],[13.57462,52.43679],[13.57468,52.43683],[13.57461,52.43686],[13.57461,52.43724],[13.57432,52.43761],[13.57364,52.43794],[13.5733,52.43807],[13.57315,52.43822],[13.57313,52.43833],[13.57215,52.43833],[13.57215,52.43835],[13.57312,52.43835],[13.57312,52.43837],[13.57286,52.4388],[13.57281,52.43885],[13.57274,52.43885],[13.57268,52.43896],[13.57262,52.43895],[13.57254,52.43906],[13.57244,52.43921],[13.57246,52.43931],[13.57232,52.4394],[13.57147,52.44038],[13.57092,52.44114],[13.57065,52.4418],[13.57057,52.44182],[13.57047,52.44254],[13.57048,52.44296],[13.57052,52.44307],[13.57041,52.44359],[13.57027,52.44363],[13.57023,52.44374],[13.5702,52.44411],[13.57025,52.44413],[13.57099,52.44411],[13.57096,52.44433],[13.57137,52.44434],[13.57139,52.44457],[13.57129,52.44465],[13.5713,52.44481],[13.57103,52.44481],[13.57068,52.44473],[13.57027,52.44473],[13.57026,52.44466],[13.57015,52.44466],[13.57006,52.44471],[13.57004,52.44464],[13.56976,52.44468],[13.56682,52.44525],[13.56619,52.44542],[13.56316,52.44605],[13.563,52.44608],[13.56236,52.4461],[13.56148,52.44628],[13.55963,52.4467],[13.55947,52.44676],[13.55942,52.44683],[13.55877,52.44687],[13.55878,52.44655],[13.55882,52.44648],[13.55888,52.44646],[13.55892,52.44613],[13.55895,52.44522],[13.55907,52.44458],[13.55908,52.44398],[13.55917,52.44322],[13.55939,52.44208],[13.55911,52.44197],[13.55935,52.43941],[13.55953,52.4386],[13.55982,52.43779],[13.56022,52.43704],[13.56093,52.43599],[13.56105,52.43591],[13.56158,52.43521],[13.56271,52.43363],[13.56318,52.43274],[13.5634,52.43216],[13.56354,52.43163],[13.56365,52.43096],[13.56368,52.43006],[13.56342,52.42679],[13.56446,52.42693],[13.56496,52.42708],[13.57297,52.42809],[13.57283,52.42833],[13.57303,52.42836],[13.5735,52.4285],[13.57394,52.42879],[13.57412,52.42901],[13.57395,52.42978],[13.57379,52.43097],[13.57368,52.43093],[13.57366,52.43088],[13.57347,52.43082],[13.5734,52.4309],[13.57376,52.43102],[13.57374,52.43105],[13.57364,52.43106],[13.5729,52.43152],[13.5728,52.4315],[13.57279,52.43153],[13.57286,52.43154],[13.57267,52.43166],[13.57215,52.43243],[13.57209,52.43299],[13.57241,52.433],[13.5724,52.43307],[13.5721,52.43306],[13.57204,52.43319]]]]}},{"type":"Feature","id":400,"properties":{"plr_schl":"09300920","plrname":"Dorf Altglienicke","nat_pers":87,"wohmi_fl":"2236117","jur_pers":10,"jp_ohn_swg":5.5,"stwbg":4.5,"genossen":0,"sozvermiet":6.5,"plr_id":"09300920"},"geometry":{"type":"MultiPolygon","coordinates":[[[[13.51855,52.42257],[13.51865,52.42226],[13.51948,52.42142],[13.51991,52.42135],[13.52018,52.42103],[13.5205,52.42084],[13.52085,52.41954],[13.52212,52.41843],[13.52216,52.4183],[13.52213,52.41735],[13.52222,52.41692],[13.5225,52.41625],[13.52296,52.41545],[13.52226,52.41443],[13.52259,52.41432],[13.52263,52.41415],[13.52406,52.41359],[13.5236,52.41317],[13.52325,52.41269],[13.52323,52.41265],[13.52345,52.41242],[13.52301,52.41214],[13.52348,52.41167],[13.52293,52.41104],[13.52321,52.41081],[13.52234,52.40854],[13.52179,52.40744],[13.52167,52.40729],[13.52102,52.40671],[13.5206,52.4064],[13.52071,52.40629],[13.51905,52.40512],[13.51933,52.40494],[13.51877,52.40466],[13.51755,52.40386],[13.51665,52.40333],[13.51698,52.40284],[13.51598,52.40219],[13.516,52.40179],[13.51714,52.40155],[13.51863,52.40109],[13.52128,52.40067],[13.52289,52.40308],[13.52289,52.40318],[13.52367,52.40436],[13.52384,52.4045],[13.52396,52.40467],[13.52389,52.40469],[13.52441,52.40547],[13.52447,52.40546],[13.52519,52.40653],[13.52524,52.40672],[13.5252,52.40677],[13.52535,52.407],[13.52539,52.40715],[13.52574,52.40768],[13.52567,52.40769],[13.52581,52.40791],[13.53305,52.40679],[13.53617,52.41189],[13.53688,52.41171],[13.54122,52.41039],[13.54386,52.40965],[13.54712,52.40865],[13.54734,52.40879],[13.54882,52.41004],[13.55024,52.41143],[13.55168,52.41292],[13.55311,52.41449],[13.55321,52.41453],[13.5534,52.41482],[13.55382,52.41526],[13.55378,52.4153],[13.55387,52.41539],[13.55389,52.41537],[13.55422,52.41573],[13.55433,52.41575],[13.55443,52.41587],[13.55443,52.41593],[13.55458,52.41608],[13.5545,52.41612],[13.55479,52.41634],[13.55521,52.41693],[13.55534,52.41689],[13.55549,52.41706],[13.55533,52.41712],[13.55626,52.41871],[13.55639,52.4192],[13.55643,52.41968],[13.55644,52.42264],[13.55637,52.42313],[13.55615,52.42374],[13.55586,52.42426],[13.55556,52.42466],[13.55557,52.42474],[13.55546,52.42482],[13.55537,52.42482],[13.5548,52.42531],[13.55434,52.42564],[13.55428,52.42564],[13.55427,52.42576],[13.54999,52.42521],[13.5494,52.42504],[13.54701,52.42486],[13.54522,52.42483],[13.54457,52.42496],[13.54359,52.42497],[13.54086,52.42511],[13.52851,52.4258],[13.52843,52.42579],[13.52825,52.42556],[13.52818,52.42556],[13.52811,52.42573],[13.52803,52.42582],[13.52797,52.42583],[13.52406,52.42604],[13.52331,52.42598],[13.52152,52.42609],[13.52139,52.42613],[13.52082,52.42617],[13.52065,52.42623],[13.52046,52.42624],[13.52043,52.42609],[13.52023,52.42573],[13.51956,52.42471],[13.51961,52.42463],[13.51844,52.42291],[13.51855,52.42257]]]]}},{"type":"Feature","id":401,"properties":{"plr_schl":"09300921","plrname":"Preußen Siedlung","nat_pers":92,"wohmi_fl":"559727","jur_pers":6,"jp_ohn_swg":2.16,"stwbg":3.06,"genossen":0.78,"sozvermiet":5.84,"plr_id":"09300921"},"geometry":{"type":"MultiPolygon","coordinates":[[[[13.55537,52.40477],[13.5564,52.40541],[13.55714,52.40579],[13.55804,52.40632],[13.55856,52.4067],[13.5598,52.40749],[13.56006,52.40771],[13.56013,52.40772],[13.56082,52.40816],[13.56229,52.40932],[13.56504,52.41164],[13.56611,52.41268],[13.56683,52.41346],[13.56707,52.41361],[13.56867,52.41573],[13.56601,52.41736],[13.55585,52.42463],[13.55557,52.42474],[13.55556,52.42466],[13.55586,52.42426],[13.55615,52.42374],[13.55637,52.42313],[13.55644,52.42264],[13.55643,52.41968],[13.55639,52.4192],[13.55626,52.41871],[13.55533,52.41712],[13.55549,52.41706],[13.55534,52.41689],[13.55521,52.41693],[13.55479,52.41634],[13.5545,52.41612],[13.55458,52.41608],[13.55443,52.41593],[13.55443,52.41587],[13.55433,52.41575],[13.55422,52.41573],[13.55389,52.41537],[13.55387,52.41539],[13.55378,52.4153],[13.55382,52.41526],[13.5534,52.41482],[13.55321,52.41453],[13.55311,52.41449],[13.55118,52.41239],[13.54941,52.41061],[13.54857,52.40982],[13.54734,52.40879],[13.5458,52.40767],[13.55044,52.40788],[13.55123,52.40598],[13.55181,52.40444],[13.55181,52.40423],[13.55171,52.40402],[13.55126,52.40369],[13.55143,52.40358],[13.55184,52.40406],[13.55218,52.40437],[13.55246,52.40392],[13.55305,52.40321],[13.55537,52.40477]]]]}},{"type":"Feature","id":402,"properties":{"plr_schl":"09300922","plrname":"Kosmos Viertel","nat_pers":0,"wohmi_fl":"196532","jur_pers":100,"jp_ohn_swg":1,"stwbg":62,"genossen":37,"sozvermiet":99,"plr_id":"09300922"},"geometry":{"type":"MultiPolygon","coordinates":[[[[13.53305,52.40679],[13.52581,52.40791],[13.52567,52.40769],[13.52574,52.40768],[13.52539,52.40715],[13.52535,52.407],[13.5252,52.40677],[13.52524,52.40672],[13.52519,52.40653],[13.52447,52.40546],[13.52441,52.40547],[13.52389,52.40469],[13.52396,52.40467],[13.52384,52.4045],[13.52367,52.40436],[13.52289,52.40318],[13.52289,52.40308],[13.52128,52.40067],[13.5218,52.40057],[13.52282,52.40006],[13.5246,52.39938],[13.52639,52.39894],[13.52735,52.40186],[13.52731,52.40187],[13.52739,52.40197],[13.52753,52.40209],[13.52805,52.40234],[13.52815,52.40243],[13.5294,52.40308],[13.52973,52.4033],[13.52989,52.40328],[13.53134,52.40492],[13.53196,52.40556],[13.53204,52.40569],[13.53282,52.4064],[13.53305,52.40679]]]]}},{"type":"Feature","id":403,"properties":{"plr_schl":"09300923","plrname":"Kölner Viertel","nat_pers":66,"wohmi_fl":"929239","jur_pers":33,"jp_ohn_swg":11.55,"stwbg":21.45,"genossen":0,"sozvermiet":21.45,"plr_id":"09300923"},"geometry":{"type":"MultiPolygon","coordinates":[[[[13.55143,52.40358],[13.55126,52.40369],[13.55171,52.40402],[13.55181,52.40423],[13.55181,52.40444],[13.55123,52.40598],[13.55044,52.40788],[13.5458,52.40767],[13.54712,52.40865],[13.54386,52.40965],[13.54122,52.41039],[13.53688,52.41171],[13.53617,52.41189],[13.53282,52.4064],[13.53204,52.40569],[13.53196,52.40556],[13.53134,52.40492],[13.52989,52.40328],[13.52973,52.4033],[13.5294,52.40308],[13.52815,52.40243],[13.52805,52.40234],[13.52753,52.40209],[13.52731,52.40187],[13.52735,52.40186],[13.52639,52.39894],[13.52969,52.3973],[13.53369,52.39887],[13.53506,52.39926],[13.53706,52.39999],[13.53843,52.40063],[13.53821,52.39998],[13.53751,52.39899],[13.53874,52.39896],[13.53894,52.39898],[13.53999,52.39913],[13.53994,52.39925],[13.54004,52.39927],[13.54087,52.39939],[13.54091,52.39928],[13.54316,52.39968],[13.54333,52.39967],[13.54392,52.39982],[13.5439,52.39986],[13.54492,52.40015],[13.54609,52.40055],[13.54826,52.40148],[13.54866,52.40174],[13.5493,52.4018],[13.55017,52.40232],[13.55069,52.40276],[13.55143,52.40358]]]]}},{"type":"Feature","id":404,"properties":{"plr_schl":"09301024","plrname":"Falkenberg","nat_pers":51,"wohmi_fl":"574457","jur_pers":49,"jp_ohn_swg":18.62,"stwbg":6.37,"genossen":24.01,"sozvermiet":30.38,"plr_id":"09301024"},"geometry":{"type":"MultiPolygon","coordinates":[[[[13.55537,52.40477],[13.55505,52.40451],[13.55477,52.4042],[13.55452,52.40373],[13.55445,52.40318],[13.55459,52.40265],[13.55484,52.40228],[13.55507,52.40203],[13.55679,52.40066],[13.5575,52.39998],[13.55781,52.4001],[13.55867,52.40055],[13.55908,52.40073],[13.55962,52.4009],[13.55959,52.40093],[13.56006,52.40107],[13.56141,52.40133],[13.56233,52.40142],[13.56314,52.40157],[13.56386,52.40172],[13.56385,52.40175],[13.56501,52.40209],[13.56843,52.40321],[13.57038,52.40389],[13.57165,52.40439],[13.57218,52.40475],[13.57281,52.40532],[13.57313,52.40578],[13.57338,52.40637],[13.57348,52.40678],[13.57348,52.40789],[13.57337,52.40844],[13.5734,52.40844],[13.57301,52.40976],[13.57271,52.41032],[13.57216,52.41079],[13.57271,52.41135],[13.57274,52.41132],[13.57307,52.41165],[13.57324,52.41175],[13.57316,52.41183],[13.57278,52.41285],[13.5728,52.41297],[13.57265,52.41309],[13.57262,52.41307],[13.57065,52.41452],[13.56867,52.41573],[13.56707,52.41361],[13.56683,52.41346],[13.56611,52.41268],[13.56504,52.41164],[13.56229,52.40932],[13.56082,52.40816],[13.56013,52.40772],[13.56006,52.40771],[13.5598,52.40749],[13.55856,52.4067],[13.55804,52.40632],[13.55714,52.40579],[13.5564,52.40541],[13.55537,52.40477]]]]}},{"type":"Feature","id":405,"properties":{"plr_schl":"09301025","plrname":"Alt-Bohnsdorf","nat_pers":76,"wohmi_fl":"3103323","jur_pers":23,"jp_ohn_swg":17.02,"stwbg":3.45,"genossen":2.53,"sozvermiet":6.98,"plr_id":"09301025"},"geometry":{"type":"MultiPolygon","coordinates":[[[[13.57324,52.41175],[13.57307,52.41165],[13.57274,52.41132],[13.57271,52.41135],[13.57216,52.41079],[13.57271,52.41032],[13.57301,52.40976],[13.5734,52.40844],[13.57337,52.40844],[13.57348,52.40789],[13.57349,52.40734],[13.57348,52.40678],[13.57338,52.40637],[13.57313,52.40578],[13.57294,52.40549],[13.57254,52.40505],[13.57218,52.40475],[13.57165,52.40439],[13.57038,52.40389],[13.56843,52.40321],[13.56476,52.40201],[13.56385,52.40175],[13.56386,52.40172],[13.56233,52.40142],[13.56141,52.40133],[13.5609,52.40124],[13.56006,52.40107],[13.55965,52.40095],[13.55959,52.40093],[13.55962,52.4009],[13.55921,52.40078],[13.55867,52.40055],[13.55818,52.40028],[13.55762,52.40001],[13.5575,52.39998],[13.55679,52.40066],[13.55507,52.40203],[13.55484,52.40228],[13.55459,52.40265],[13.55445,52.40318],[13.55452,52.40373],[13.55477,52.4042],[13.55505,52.40451],[13.55536,52.40478],[13.55305,52.40321],[13.55246,52.40392],[13.55218,52.40437],[13.55184,52.40406],[13.55083,52.4029],[13.55017,52.40232],[13.5493,52.4018],[13.54866,52.40174],[13.54826,52.40148],[13.54609,52.40055],[13.54492,52.40015],[13.5439,52.39986],[13.54392,52.39982],[13.54333,52.39967],[13.54316,52.39968],[13.54091,52.39928],[13.54087,52.39939],[13.54004,52.39927],[13.53994,52.39925],[13.53999,52.39913],[13.53894,52.39898],[13.53874,52.39896],[13.53751,52.39899],[13.53708,52.39825],[13.53721,52.39804],[13.53631,52.39782],[13.53669,52.39721],[13.53641,52.39662],[13.53583,52.39562],[13.53537,52.39401],[13.5351,52.39331],[13.53483,52.39144],[13.53482,52.39077],[13.53549,52.38899],[13.54591,52.38872],[13.55163,52.38851],[13.55368,52.3884],[13.56009,52.38819],[13.56322,52.38813],[13.56419,52.38814],[13.56577,52.38845],[13.56793,52.38878],[13.56929,52.38904],[13.57437,52.39012],[13.57561,52.39024],[13.57661,52.39039],[13.58166,52.39121],[13.58257,52.39139],[13.58783,52.39252],[13.59061,52.39336],[13.5928,52.39383],[13.59273,52.39399],[13.59268,52.39438],[13.59301,52.39499],[13.59326,52.39561],[13.59299,52.39608],[13.5931,52.39647],[13.59312,52.39673],[13.59299,52.3969],[13.59104,52.39719],[13.59049,52.39722],[13.59035,52.39717],[13.5893,52.39881],[13.58864,52.39955],[13.58852,52.39958],[13.58827,52.39955],[13.58764,52.3994],[13.58708,52.39939],[13.58652,52.39932],[13.58642,52.39933],[13.58567,52.39994],[13.5853,52.4004],[13.58465,52.40084],[13.58474,52.40088],[13.58464,52.40094],[13.5843,52.40133],[13.58683,52.40353],[13.58598,52.40402],[13.58448,52.4048],[13.58276,52.4058],[13.58193,52.40637],[13.58163,52.40622],[13.58069,52.40694],[13.57983,52.40742],[13.57865,52.40815],[13.57789,52.40875],[13.57751,52.40897],[13.57487,52.40934],[13.57355,52.41146],[13.57324,52.41175]]]]}},{"type":"Feature","id":406,"properties":{"plr_schl":"09301126","plrname":"Grünau","nat_pers":75,"wohmi_fl":"944622","jur_pers":22,"jp_ohn_swg":12.1,"stwbg":1.54,"genossen":8.36,"sozvermiet":12.9,"plr_id":"09301126"},"geometry":{"type":"MultiPolygon","coordinates":[[[[13.55557,52.42474],[13.55585,52.42463],[13.56601,52.41736],[13.57065,52.41452],[13.57262,52.41307],[13.57265,52.41309],[13.5728,52.41297],[13.57278,52.41285],[13.57316,52.41183],[13.57355,52.41146],[13.57487,52.40934],[13.57751,52.40897],[13.57789,52.40875],[13.57865,52.40815],[13.57983,52.40742],[13.58069,52.40694],[13.58163,52.40622],[13.58193,52.40637],[13.58276,52.4058],[13.58448,52.4048],[13.58598,52.40402],[13.58683,52.40353],[13.5843,52.40133],[13.58464,52.40094],[13.58474,52.40088],[13.58465,52.40084],[13.5853,52.4004],[13.58567,52.39994],[13.58642,52.39933],[13.58652,52.39932],[13.58708,52.39939],[13.58764,52.3994],[13.58827,52.39955],[13.58852,52.39958],[13.58864,52.39955],[13.5893,52.39881],[13.59035,52.39717],[13.59049,52.39722],[13.59104,52.39719],[13.59294,52.39691],[13.59299,52.3969],[13.59312,52.39673],[13.5931,52.39647],[13.59299,52.39608],[13.59326,52.39561],[13.59301,52.39499],[13.59268,52.39438],[13.59273,52.39399],[13.5928,52.39383],[13.5927,52.39381],[13.59333,52.3933],[13.59409,52.39255],[13.59414,52.39244],[13.59423,52.39212],[13.59399,52.39163],[13.59385,52.39084],[13.5937,52.39049],[13.59365,52.39023],[13.59368,52.38996],[13.59388,52.38968],[13.59405,52.38953],[13.59432,52.38892],[13.59467,52.38898],[13.59502,52.38894],[13.5952,52.38874],[13.59528,52.38848],[13.59525,52.38816],[13.59491,52.38756],[13.59497,52.38721],[13.59612,52.38598],[13.59828,52.38551],[13.59898,52.38541],[13.59926,52.38543],[13.59938,52.38541],[13.59953,52.38528],[13.59973,52.38501],[13.60032,52.38451],[13.60047,52.38432],[13.601,52.38405],[13.60138,52.38394],[13.603,52.38284],[13.60319,52.38239],[13.60346,52.38196],[13.60372,52.38167],[13.60439,52.38127],[13.60486,52.38094],[13.60543,52.38038],[13.6064,52.37912],[13.61453,52.38613],[13.60993,52.38812],[13.62088,52.39748],[13.62087,52.39753],[13.62031,52.39781],[13.61983,52.39811],[13.62024,52.39855],[13.62145,52.39871],[13.62194,52.3984],[13.62497,52.40099],[13.62543,52.4003],[13.62555,52.40032],[13.62565,52.40017],[13.62907,52.40069],[13.62906,52.40059],[13.62923,52.40024],[13.62935,52.40008],[13.62955,52.39992],[13.62961,52.39994],[13.6297,52.39986],[13.63031,52.3996],[13.63074,52.39949],[13.63095,52.39951],[13.63111,52.39957],[13.6313,52.39971],[13.63312,52.40077],[13.62831,52.40375],[13.62806,52.40393],[13.62777,52.40421],[13.62742,52.40477],[13.62725,52.40552],[13.62671,52.40706],[13.62646,52.40751],[13.62583,52.40819],[13.62506,52.4087],[13.6244,52.40903],[13.62398,52.40917],[13.62339,52.40925],[13.62309,52.40925],[13.61477,52.4087],[13.61427,52.40871],[13.61385,52.40878],[13.60742,52.41053],[13.60655,52.41073],[13.6055,52.41105],[13.6017,52.41278],[13.60118,52.41297],[13.60032,52.4132],[13.59951,52.41327],[13.5987,52.41328],[13.59619,52.41309],[13.59515,52.41294],[13.59341,52.41253],[13.59278,52.41241],[13.59181,52.41239],[13.59087,52.41247],[13.59004,52.41262],[13.58903,52.41289],[13.58814,52.41321],[13.58714,52.41368],[13.58661,52.41397],[13.58577,52.41453],[13.5852,52.41508],[13.58478,52.41568],[13.58463,52.416],[13.58454,52.41656],[13.58458,52.41719],[13.58484,52.41815],[13.58488,52.41849],[13.58488,52.41898],[13.58475,52.41952],[13.58441,52.42016],[13.58411,52.42052],[13.5836,52.42098],[13.58281,52.42154],[13.58247,52.42188],[13.58222,52.42223],[13.58204,52.42264],[13.58196,52.42302],[13.58188,52.42439],[13.58171,52.42486],[13.58129,52.42549],[13.5806,52.42616],[13.57999,52.42661],[13.57929,52.42703],[13.57834,52.42745],[13.57647,52.42803],[13.57584,52.42838],[13.57159,52.42793],[13.57127,52.42786],[13.56496,52.42708],[13.56446,52.42693],[13.5616,52.42656],[13.56102,52.42657],[13.55579,52.42593],[13.55569,52.42594],[13.55511,52.42587],[13.55506,52.42591],[13.55445,52.42583],[13.55428,52.42579],[13.55425,52.42571],[13.55428,52.42564],[13.55434,52.42564],[13.5548,52.42531],[13.55537,52.42482],[13.55546,52.42482],[13.55557,52.42474]]]]}},{"type":"Feature","id":407,"properties":{"plr_schl":"09301227","plrname":"Karolinenhof","nat_pers":98,"wohmi_fl":"592064","jur_pers":1,"jp_ohn_swg":1,"stwbg":0,"genossen":0,"sozvermiet":1,"plr_id":"09301227"},"geometry":{"type":"MultiPolygon","coordinates":[[[[13.649,52.38536],[13.64871,52.38555],[13.64863,52.38562],[13.64861,52.3857],[13.64853,52.38573],[13.64842,52.38584],[13.64833,52.38615],[13.64513,52.3926],[13.64421,52.39387],[13.64379,52.39436],[13.64269,52.39551],[13.64229,52.39582],[13.64154,52.39622],[13.64089,52.39646],[13.63978,52.39676],[13.63921,52.39697],[13.63312,52.40077],[13.6313,52.39971],[13.63111,52.39957],[13.63095,52.39951],[13.63074,52.39949],[13.63031,52.3996],[13.6297,52.39986],[13.62961,52.39994],[13.62955,52.39992],[13.62935,52.40008],[13.62923,52.40024],[13.62906,52.40059],[13.62907,52.40069],[13.62565,52.40017],[13.62555,52.40032],[13.62543,52.4003],[13.62497,52.40099],[13.62194,52.3984],[13.62145,52.39871],[13.62024,52.39855],[13.61983,52.39811],[13.62031,52.39781],[13.62087,52.39753],[13.62088,52.39748],[13.61646,52.3937],[13.63369,52.38623],[13.63962,52.38242],[13.64082,52.38315],[13.64085,52.3832],[13.64269,52.38427],[13.64191,52.38471],[13.64165,52.38492],[13.6415,52.38512],[13.64148,52.38527],[13.64154,52.38529],[13.64145,52.38553],[13.649,52.38536]]]]}},{"type":"Feature","id":408,"properties":{"plr_schl":"09301228","plrname":"Schmöckwitz/Rauchfangswerder","nat_pers":89,"wohmi_fl":"1041343","jur_pers":3,"jp_ohn_swg":3,"stwbg":0,"genossen":0,"sozvermiet":9,"plr_id":"09301228"},"geometry":{"type":"MultiPolygon","coordinates":[[[[13.61646,52.3937],[13.60993,52.38812],[13.61453,52.38613],[13.60832,52.38076],[13.6064,52.37915],[13.60633,52.37861],[13.60547,52.37797],[13.60651,52.37675],[13.60681,52.37603],[13.60677,52.37541],[13.60664,52.37506],[13.60582,52.37362],[13.6074,52.37399],[13.6204,52.37848],[13.62851,52.38136],[13.63322,52.37624],[13.64268,52.37751],[13.64285,52.37439],[13.64284,52.37258],[13.64253,52.37143],[13.6421,52.37081],[13.64354,52.37047],[13.64683,52.37016],[13.64674,52.36959],[13.64687,52.36895],[13.64726,52.36802],[13.64719,52.36702],[13.64694,52.36608],[13.6467,52.36576],[13.6461,52.36527],[13.64474,52.36481],[13.64374,52.36427],[13.64114,52.3631],[13.64024,52.36193],[13.63987,52.36169],[13.63909,52.36098],[13.63899,52.36064],[13.63871,52.36024],[13.63844,52.35974],[13.63847,52.35916],[13.63872,52.35875],[13.63856,52.35816],[13.6383,52.35775],[13.63823,52.35727],[13.63814,52.35709],[13.63779,52.34821],[13.6367,52.34814],[13.63632,52.34682],[13.63682,52.34523],[13.63717,52.34473],[13.6387,52.34319],[13.64086,52.34188],[13.64282,52.33994],[13.6445,52.33992],[13.64468,52.33969],[13.64523,52.33915],[13.64551,52.33879],[13.64591,52.33864],[13.64744,52.33827],[13.64774,52.33825],[13.64842,52.33827],[13.64871,52.33835],[13.64885,52.33834],[13.65094,52.33895],[13.65169,52.33947],[13.65115,52.3426],[13.6523,52.34385],[13.65276,52.34478],[13.6533,52.34556],[13.6535,52.34573],[13.65363,52.3459],[13.65424,52.34628],[13.65488,52.34678],[13.65558,52.34722],[13.65611,52.34781],[13.65617,52.34798],[13.65595,52.34817],[13.65601,52.34848],[13.65655,52.34921],[13.65677,52.34961],[13.65675,52.34994],[13.65682,52.35058],[13.65698,52.35134],[13.65709,52.35161],[13.65721,52.35173],[13.65751,52.35191],[13.65789,52.35205],[13.65842,52.35214],[13.65898,52.35236],[13.65916,52.35264],[13.65897,52.35281],[13.65957,52.35331],[13.65996,52.35349],[13.66012,52.35351],[13.66088,52.35377],[13.66107,52.3539],[13.6616,52.35406],[13.66186,52.35419],[13.66202,52.35421],[13.66222,52.35442],[13.66195,52.35451],[13.66199,52.35461],[13.66219,52.35479],[13.66269,52.35508],[13.66245,52.35528],[13.66238,52.3557],[13.66244,52.35586],[13.6627,52.35628],[13.663,52.35689],[13.66315,52.35706],[13.66363,52.35741],[13.66417,52.35778],[13.66491,52.35813],[13.66519,52.35818],[13.66552,52.35818],[13.6662,52.35809],[13.66608,52.3583],[13.66602,52.35861],[13.66585,52.35908],[13.66575,52.35963],[13.66616,52.36052],[13.66615,52.36071],[13.66627,52.36102],[13.66634,52.36159],[13.66666,52.36236],[13.66718,52.36297],[13.66848,52.36421],[13.66891,52.36447],[13.6699,52.36469],[13.67001,52.36477],[13.67042,52.36529],[13.67092,52.36624],[13.67118,52.36648],[13.67151,52.36666],[13.67182,52.36678],[13.67228,52.3669],[13.67404,52.36725],[13.67418,52.36733],[13.67442,52.36735],[13.67484,52.36752],[13.67492,52.36752],[13.67542,52.36768],[13.67556,52.36776],[13.67614,52.36796],[13.67642,52.36813],[13.67661,52.36819],[13.67673,52.36832],[13.67692,52.36835],[13.67698,52.3684],[13.67707,52.3684],[13.67712,52.36846],[13.67734,52.36857],[13.67742,52.36857],[13.67841,52.36919],[13.67906,52.36935],[13.67921,52.36945],[13.67934,52.36946],[13.67949,52.36943],[13.68012,52.36942],[13.6807,52.36951],[13.68103,52.36947],[13.68114,52.36956],[13.68129,52.36958],[13.68141,52.36954],[13.68149,52.36957],[13.68215,52.36964],[13.68283,52.36951],[13.68475,52.36882],[13.68537,52.36852],[13.68668,52.36774],[13.68722,52.3673],[13.68892,52.36741],[13.68928,52.36753],[13.68953,52.36766],[13.68926,52.36785],[13.6897,52.36781],[13.68999,52.36786],[13.6906,52.36774],[13.69143,52.3674],[13.69148,52.3673],[13.69189,52.36724],[13.69194,52.3672],[13.6922,52.36721],[13.69224,52.36726],[13.69212,52.36733],[13.69155,52.36744],[13.69143,52.36749],[13.69131,52.3676],[13.69128,52.36778],[13.69202,52.36794],[13.69308,52.36798],[13.69297,52.36834],[13.69279,52.36852],[13.69268,52.36882],[13.6927,52.36894],[13.69285,52.36918],[13.69322,52.36951],[13.6937,52.36974],[13.69393,52.36995],[13.69455,52.37029],[13.69487,52.37057],[13.69509,52.3707],[13.69575,52.37137],[13.69622,52.37191],[13.69644,52.37211],[13.69704,52.37254],[13.69739,52.37306],[13.69797,52.37341],[13.69829,52.37371],[13.69871,52.37416],[13.6989,52.37449],[13.69917,52.3747],[13.69922,52.37491],[13.69996,52.37559],[13.70062,52.37719],[13.70041,52.37751],[13.69942,52.37751],[13.69929,52.37774],[13.69721,52.37744],[13.6981,52.3799],[13.69851,52.38069],[13.69881,52.38112],[13.69883,52.3815],[13.69832,52.38149],[13.69517,52.38095],[13.69427,52.38128],[13.68974,52.38325],[13.68791,52.38295],[13.68731,52.38332],[13.68706,52.38388],[13.68618,52.38386],[13.68612,52.38399],[13.68657,52.38479],[13.68665,52.38503],[13.68683,52.3853],[13.68759,52.38517],[13.68802,52.38607],[13.68832,52.38581],[13.68848,52.38557],[13.68869,52.38542],[13.68887,52.38503],[13.68938,52.38516],[13.68976,52.3852],[13.69061,52.3855],[13.69302,52.38708],[13.69361,52.38757],[13.69416,52.38786],[13.69479,52.38841],[13.69542,52.38888],[13.69597,52.38898],[13.69682,52.38969],[13.69734,52.38992],[13.69748,52.39022],[13.6975,52.39056],[13.69786,52.39096],[13.69765,52.39112],[13.69774,52.3913],[13.69798,52.39142],[13.69804,52.3916],[13.69827,52.39177],[13.69874,52.3919],[13.69901,52.39191],[13.69902,52.39179],[13.69875,52.39143],[13.69855,52.39138],[13.69842,52.39114],[13.6984,52.39075],[13.6987,52.3906],[13.69925,52.39078],[13.6996,52.39096],[13.70015,52.39115],[13.70054,52.39163],[13.70119,52.39225],[13.70184,52.39303],[13.70235,52.39333],[13.70259,52.39338],[13.70329,52.39326],[13.70354,52.39329],[13.70449,52.39354],[13.70545,52.39408],[13.70616,52.39483],[13.70656,52.39512],[13.70726,52.39522],[13.7076,52.39515],[13.70794,52.39513],[13.70868,52.39537],[13.70925,52.39569],[13.70939,52.39591],[13.70985,52.39637],[13.70948,52.39684],[13.70919,52.39668],[13.70843,52.39656],[13.70589,52.39647],[13.7056,52.3965],[13.70548,52.39655],[13.70535,52.39653],[13.70488,52.3966],[13.70452,52.3967],[13.70425,52.39688],[13.70403,52.39696],[13.70359,52.397],[13.70349,52.39693],[13.70331,52.39702],[13.70313,52.39706],[13.70311,52.39712],[13.70293,52.39724],[13.70277,52.3973],[13.70224,52.39769],[13.7022,52.39775],[13.70223,52.39779],[13.70192,52.39809],[13.69662,52.39566],[13.69463,52.39449],[13.69353,52.39399],[13.69293,52.39378],[13.69042,52.39303],[13.68636,52.39212],[13.68476,52.39174],[13.68365,52.39144],[13.68247,52.39105],[13.68102,52.39041],[13.68034,52.39005],[13.67984,52.3897],[13.67949,52.38937],[13.67926,52.38903],[13.67911,52.38865],[13.67905,52.38832],[13.6792,52.38704],[13.67903,52.38679],[13.67885,52.38668],[13.67851,52.38657],[13.67312,52.3854],[13.67299,52.38533],[13.67243,52.38526],[13.67184,52.3851],[13.67159,52.38496],[13.67151,52.38485],[13.67121,52.38463],[13.67115,52.3845],[13.67119,52.38436],[13.67087,52.38399],[13.67074,52.38374],[13.67042,52.38345],[13.67008,52.38285],[13.66998,52.38279],[13.66972,52.3825],[13.66971,52.38228],[13.66958,52.38217],[13.66937,52.38213],[13.66892,52.38215],[13.66862,52.3821],[13.66821,52.38209],[13.66781,52.38203],[13.66743,52.38201],[13.66711,52.38187],[13.66685,52.38168],[13.66664,52.38164],[13.66637,52.38166],[13.66627,52.38164],[13.66603,52.38169],[13.66589,52.38178],[13.65745,52.38052],[13.65718,52.3806],[13.65693,52.38096],[13.65681,52.38102],[13.65652,52.38127],[13.65632,52.38134],[13.65619,52.38144],[13.65528,52.38154],[13.65454,52.38192],[13.649,52.38536],[13.64145,52.38553],[13.64154,52.38529],[13.64148,52.38527],[13.6415,52.38512],[13.64165,52.38492],[13.64191,52.38471],[13.64269,52.38427],[13.64085,52.3832],[13.64082,52.38315],[13.63962,52.38242],[13.63369,52.38623],[13.61646,52.3937]]]]}},{"type":"Feature","id":409,"properties":{"plr_schl":"09401329","plrname":"Kietzer Feld/Nachtheide","nat_pers":69,"wohmi_fl":"1698475","jur_pers":30,"jp_ohn_swg":12,"stwbg":7.2,"genossen":10.8,"sozvermiet":19,"plr_id":"09401329"},"geometry":{"type":"MultiPolygon","coordinates":[[[[13.58358,52.42296],[13.58358,52.42293],[13.58394,52.42281],[13.58419,52.42269],[13.58429,52.42253],[13.58475,52.42208],[13.58517,52.42193],[13.5854,52.42175],[13.58552,52.4218],[13.58626,52.42191],[13.59269,52.4225],[13.59289,52.42251],[13.59309,52.42192],[13.59621,52.42229],[13.59628,52.42237],[13.59655,52.42243],[13.5969,52.42224],[13.59716,52.42198],[13.59721,52.42187],[13.59711,52.4217],[13.59681,52.42163],[13.59605,52.42157],[13.59526,52.42146],[13.59503,52.42134],[13.59497,52.42121],[13.59528,52.42087],[13.5955,52.4207],[13.59584,52.4205],[13.59629,52.4203],[13.5967,52.42004],[13.59657,52.41993],[13.59587,52.41957],[13.59674,52.41967],[13.59631,52.41949],[13.59537,52.41938],[13.5956,52.41907],[13.59616,52.41872],[13.59645,52.41848],[13.59649,52.41834],[13.5958,52.41858],[13.59529,52.4189],[13.59451,52.41885],[13.59408,52.41852],[13.59395,52.41828],[13.59439,52.41719],[13.59468,52.41676],[13.59527,52.41645],[13.59548,52.41621],[13.59539,52.41606],[13.59529,52.41571],[13.59538,52.41543],[13.59559,52.41523],[13.59604,52.41548],[13.59635,52.41537],[13.59662,52.41532],[13.59707,52.41513],[13.59706,52.41485],[13.59791,52.41502],[13.59769,52.41547],[13.59776,52.41553],[13.5987,52.4157],[13.59887,52.41516],[13.59916,52.41528],[13.59945,52.41531],[13.59933,52.41563],[13.59975,52.41561],[13.5998,52.4155],[13.6001,52.41551],[13.60076,52.41544],[13.60129,52.41531],[13.6012,52.41519],[13.60172,52.41505],[13.60191,52.41492],[13.60191,52.41474],[13.60086,52.41306],[13.60139,52.4129],[13.60189,52.4127],[13.6055,52.41105],[13.60655,52.41073],[13.60742,52.41053],[13.61385,52.40878],[13.61427,52.40871],[13.61477,52.4087],[13.62309,52.40925],[13.62363,52.40923],[13.62425,52.40909],[13.62488,52.4088],[13.62571,52.40829],[13.6261,52.40793],[13.62649,52.40747],[13.62677,52.40691],[13.62724,52.40555],[13.62745,52.40469],[13.62777,52.40421],[13.62806,52.40393],[13.62831,52.40375],[13.6314,52.40184],[13.6352,52.40333],[13.637,52.40395],[13.63919,52.40446],[13.64148,52.4048],[13.64322,52.40568],[13.64433,52.40619],[13.64527,52.40686],[13.64613,52.40785],[13.64664,52.40817],[13.64706,52.40861],[13.64734,52.409],[13.645,52.40995],[13.64408,52.40966],[13.6446,52.40989],[13.64503,52.41103],[13.64798,52.4167],[13.64919,52.41674],[13.65084,52.41673],[13.65288,52.41601],[13.65311,52.41646],[13.65502,52.41744],[13.65692,52.41824],[13.65937,52.41821],[13.66129,52.41831],[13.6623,52.41926],[13.66276,52.42043],[13.66296,52.42188],[13.66374,52.42269],[13.66544,52.42364],[13.66701,52.42465],[13.66807,52.42573],[13.67012,52.42649],[13.6713,52.42726],[13.67153,52.42842],[13.67182,52.42861],[13.6723,52.42954],[13.67217,52.42977],[13.67208,52.43005],[13.67218,52.43018],[13.67269,52.43053],[13.67281,52.43068],[13.67278,52.43091],[13.67243,52.43127],[13.67247,52.43144],[13.67266,52.43153],[13.67279,52.43155],[13.67316,52.43147],[13.67319,52.43146],[13.67316,52.43143],[13.67321,52.43141],[13.67328,52.43142],[13.67429,52.43102],[13.67481,52.43074],[13.67478,52.43072],[13.67482,52.4307],[13.67485,52.43072],[13.67528,52.43052],[13.67586,52.43049],[13.67627,52.43054],[13.67653,52.43052],[13.67668,52.43054],[13.67668,52.43058],[13.67673,52.43058],[13.67673,52.43055],[13.67693,52.43054],[13.6774,52.43056],[13.67739,52.43054],[13.67754,52.43054],[13.67754,52.43048],[13.67774,52.43048],[13.67774,52.43054],[13.67788,52.43054],[13.67788,52.4305],[13.67801,52.43051],[13.67806,52.43073],[13.67789,52.43099],[13.67755,52.4313],[13.67697,52.43195],[13.67608,52.43305],[13.6754,52.4336],[13.67479,52.434],[13.67469,52.43401],[13.6746,52.43397],[13.67462,52.4339],[13.67477,52.4338],[13.67473,52.43376],[13.67482,52.43366],[13.67458,52.43358],[13.6746,52.43355],[13.62485,52.44438],[13.62509,52.44418],[13.6249,52.44366],[13.62451,52.44342],[13.62282,52.44186],[13.62269,52.44183],[13.6226,52.44166],[13.62246,52.44163],[13.62231,52.44127],[13.62228,52.44096],[13.62218,52.44062],[13.6219,52.43993],[13.62197,52.43968],[13.62166,52.43923],[13.62158,52.43878],[13.62119,52.43837],[13.62116,52.43826],[13.62093,52.43793],[13.62097,52.43773],[13.62083,52.43686],[13.62041,52.43551],[13.62049,52.43528],[13.62042,52.43455],[13.62055,52.4339],[13.6205,52.43356],[13.62066,52.43301],[13.62061,52.43281],[13.62069,52.43259],[13.6206,52.43244],[13.62074,52.43229],[13.62017,52.43173],[13.61968,52.43131],[13.61918,52.43094],[13.61843,52.43046],[13.61586,52.42966],[13.61575,52.42972],[13.61549,52.42979],[13.61519,52.42999],[13.61495,52.43009],[13.59271,52.4386],[13.59229,52.43882],[13.58697,52.44087],[13.58665,52.44108],[13.58621,52.44079],[13.58641,52.44066],[13.58642,52.44061],[13.58655,52.44055],[13.58667,52.4403],[13.58686,52.44005],[13.58693,52.44007],[13.5875,52.43926],[13.58723,52.43908],[13.58214,52.43891],[13.57905,52.43893],[13.57889,52.43881],[13.5789,52.43874],[13.57838,52.43871],[13.5783,52.43881],[13.57284,52.43881],[13.57296,52.43867],[13.57312,52.43835],[13.57215,52.43835],[13.57215,52.43833],[13.57313,52.43833],[13.57315,52.43822],[13.5733,52.43807],[13.57364,52.43794],[13.57432,52.43761],[13.57461,52.43724],[13.57461,52.43686],[13.57468,52.43683],[13.57462,52.43679],[13.57454,52.43662],[13.57435,52.43646],[13.57368,52.43602],[13.57293,52.43546],[13.57287,52.43545],[13.57278,52.4353],[13.57232,52.43495],[13.57216,52.43466],[13.5719,52.43436],[13.5718,52.43402],[13.57187,52.43396],[13.57186,52.43373],[13.57183,52.43373],[13.57186,52.43351],[13.57197,52.43323],[13.57204,52.43323],[13.5721,52.43306],[13.5724,52.43307],[13.57241,52.433],[13.57209,52.43299],[13.57215,52.43243],[13.57267,52.43166],[13.57286,52.43154],[13.57279,52.43153],[13.5728,52.4315],[13.5729,52.43152],[13.57364,52.43106],[13.57374,52.43105],[13.57376,52.43102],[13.5734,52.4309],[13.57347,52.43082],[13.57366,52.43088],[13.57368,52.43093],[13.57379,52.43097],[13.57395,52.42978],[13.57412,52.42901],[13.57394,52.42879],[13.57364,52.42857],[13.57329,52.42843],[13.57283,52.42833],[13.57297,52.42809],[13.57584,52.42838],[13.57718,52.42859],[13.57735,52.42848],[13.57851,52.42842],[13.57852,52.42846],[13.57952,52.4283],[13.57975,52.42822],[13.57981,52.42823],[13.58004,52.42813],[13.58011,52.42816],[13.5802,52.42814],[13.58036,52.42806],[13.58064,52.42799],[13.58069,52.42795],[13.58064,52.42793],[13.58069,52.42788],[13.58075,52.42791],[13.58161,52.4272],[13.58155,52.42718],[13.58161,52.42711],[13.58171,52.42704],[13.58203,52.42694],[13.58231,52.42693],[13.58238,52.42686],[13.58241,52.42671],[13.58265,52.42659],[13.58284,52.42656],[13.58288,52.42651],[13.58294,52.42652],[13.58315,52.42635],[13.5834,52.42601],[13.58357,52.42559],[13.58357,52.42543],[13.58365,52.42532],[13.58375,52.42533],[13.58376,52.42528],[13.58371,52.42528],[13.58375,52.42514],[13.58386,52.42499],[13.58361,52.42497],[13.58363,52.42491],[13.58321,52.42487],[13.58328,52.42454],[13.58296,52.42453],[13.58297,52.42447],[13.58381,52.42453],[13.58385,52.42433],[13.58314,52.42427],[13.58315,52.42423],[13.58377,52.42428],[13.58381,52.4241],[13.58417,52.42413],[13.58413,52.42403],[13.58414,52.42399],[13.58419,52.42399],[13.58414,52.42368],[13.584,52.42348],[13.5837,52.42324],[13.58366,52.42311],[13.58355,52.42302],[13.58362,52.42297],[13.58358,52.42296]]]]}},{"type":"Feature","id":410,"properties":{"plr_schl":"09401330","plrname":"Wendenschloß","nat_pers":94,"wohmi_fl":"398219","jur_pers":4,"jp_ohn_swg":3.76,"stwbg":0.24,"genossen":0,"sozvermiet":1.24,"plr_id":"09401330"},"geometry":{"type":"MultiPolygon","coordinates":[[[[13.58358,52.42296],[13.58362,52.42297],[13.58355,52.42302],[13.58366,52.42311],[13.5837,52.42324],[13.584,52.42348],[13.58414,52.42368],[13.58419,52.42399],[13.58414,52.42399],[13.58413,52.42403],[13.58418,52.42409],[13.58417,52.42413],[13.58381,52.4241],[13.58377,52.42428],[13.58315,52.42423],[13.58314,52.42427],[13.58385,52.42433],[13.58381,52.42453],[13.58297,52.42447],[13.58296,52.42453],[13.58328,52.42454],[13.58321,52.42487],[13.58363,52.42491],[13.58361,52.42497],[13.58386,52.42499],[13.58375,52.42514],[13.58371,52.42528],[13.58376,52.42528],[13.58375,52.42533],[13.58365,52.42532],[13.58357,52.42543],[13.58357,52.42559],[13.5834,52.42601],[13.58315,52.42635],[13.58294,52.42652],[13.58288,52.42651],[13.58284,52.42656],[13.58265,52.42659],[13.58241,52.42671],[13.58238,52.42686],[13.58229,52.42694],[13.58219,52.42692],[13.58203,52.42694],[13.58171,52.42704],[13.58156,52.42716],[13.58156,52.42719],[13.58161,52.4272],[13.58075,52.42791],[13.58069,52.42788],[13.58064,52.42793],[13.58069,52.42795],[13.58064,52.42799],[13.58036,52.42806],[13.5802,52.42814],[13.58011,52.42816],[13.58004,52.42813],[13.57981,52.42823],[13.57975,52.42822],[13.57952,52.4283],[13.57852,52.42846],[13.57851,52.42842],[13.57735,52.42848],[13.57718,52.42859],[13.57584,52.42838],[13.57647,52.42803],[13.57834,52.42745],[13.57929,52.42703],[13.57999,52.42661],[13.5806,52.42616],[13.58118,52.42562],[13.58149,52.42523],[13.58174,52.4248],[13.58188,52.42439],[13.58196,52.42302],[13.58204,52.42264],[13.58222,52.42223],[13.58247,52.42188],[13.58281,52.42154],[13.5836,52.42098],[13.58411,52.42052],[13.58441,52.42016],[13.58475,52.41952],[13.58488,52.41898],[13.58488,52.41849],[13.58484,52.41815],[13.58458,52.41719],[13.58454,52.41688],[13.58455,52.41642],[13.58468,52.41587],[13.58509,52.41521],[13.58543,52.41483],[13.58577,52.41453],[13.58661,52.41397],[13.58793,52.4133],[13.58903,52.41289],[13.59004,52.41262],[13.59056,52.41252],[13.59161,52.4124],[13.59278,52.41241],[13.59372,52.4126],[13.5949,52.41289],[13.5959,52.41306],[13.59847,52.41327],[13.59928,52.41328],[13.60009,52.41323],[13.60043,52.41318],[13.60086,52.41306],[13.60191,52.41474],[13.60191,52.41492],[13.60172,52.41505],[13.6012,52.41519],[13.60129,52.41531],[13.60118,52.41534],[13.60076,52.41544],[13.6001,52.41551],[13.5998,52.4155],[13.59975,52.41561],[13.59933,52.41563],[13.59945,52.41531],[13.59916,52.41528],[13.59887,52.41516],[13.5987,52.4157],[13.59776,52.41553],[13.59769,52.41547],[13.59791,52.41502],[13.59706,52.41485],[13.59707,52.41513],[13.59662,52.41532],[13.59635,52.41537],[13.59604,52.41548],[13.59559,52.41523],[13.59538,52.41543],[13.59529,52.41571],[13.59539,52.41606],[13.59548,52.41621],[13.59527,52.41645],[13.59468,52.41676],[13.59439,52.41719],[13.59395,52.41828],[13.59408,52.41852],[13.59451,52.41885],[13.59529,52.4189],[13.5958,52.41858],[13.59649,52.41834],[13.59645,52.41848],[13.59616,52.41872],[13.5956,52.41907],[13.59537,52.41938],[13.59631,52.41949],[13.59674,52.41967],[13.59587,52.41957],[13.59657,52.41993],[13.5967,52.42004],[13.59629,52.4203],[13.59584,52.4205],[13.5955,52.4207],[13.59528,52.42087],[13.59497,52.42121],[13.59503,52.42134],[13.59526,52.42146],[13.59605,52.42157],[13.59681,52.42163],[13.59711,52.4217],[13.59721,52.4219],[13.59708,52.42207],[13.59681,52.4223],[13.59655,52.42243],[13.59628,52.42237],[13.59621,52.42229],[13.59309,52.42192],[13.59289,52.42251],[13.59103,52.42236],[13.58626,52.42191],[13.58552,52.4218],[13.5854,52.42175],[13.58517,52.42193],[13.58475,52.42208],[13.58429,52.42253],[13.58419,52.42269],[13.58394,52.42281],[13.58358,52.42293],[13.58358,52.42296]]]]}},{"type":"Feature","id":411,"properties":{"plr_schl":"09401431","plrname":"Allende I","nat_pers":32,"wohmi_fl":"206908","jur_pers":67,"jp_ohn_swg":7.37,"stwbg":22.78,"genossen":36.85,"sozvermiet":60.63,"plr_id":"09401431"},"geometry":{"type":"MultiPolygon","coordinates":[[[[13.58665,52.44108],[13.58687,52.44093],[13.58694,52.44097],[13.58712,52.44098],[13.59036,52.44103],[13.59307,52.4412],[13.59302,52.44137],[13.59311,52.44139],[13.59319,52.44157],[13.59331,52.4425],[13.59349,52.44499],[13.59345,52.44513],[13.5935,52.44629],[13.59346,52.44658],[13.59353,52.44683],[13.59355,52.44724],[13.5935,52.4476],[13.59344,52.44762],[13.59333,52.44791],[13.59323,52.44844],[13.59326,52.44849],[13.59309,52.44901],[13.59128,52.449],[13.58926,52.44894],[13.58874,52.44886],[13.58861,52.44883],[13.58863,52.4488],[13.58856,52.44879],[13.58852,52.44883],[13.58769,52.44856],[13.58676,52.44806],[13.58661,52.4479],[13.5864,52.44776],[13.5862,52.44772],[13.58603,52.44763],[13.58604,52.44751],[13.58582,52.44736],[13.58566,52.4473],[13.58571,52.44727],[13.58555,52.44707],[13.58555,52.44701],[13.58539,52.44696],[13.58545,52.44687],[13.58544,52.44673],[13.58552,52.44666],[13.58541,52.4466],[13.58544,52.44658],[13.58539,52.44655],[13.58533,52.44655],[13.5852,52.44647],[13.58522,52.44644],[13.58516,52.4464],[13.58512,52.44642],[13.58456,52.44612],[13.58445,52.44617],[13.58426,52.44619],[13.5838,52.44615],[13.58399,52.44583],[13.58415,52.44567],[13.58427,52.4457],[13.58428,52.44568],[13.58418,52.44566],[13.58439,52.44554],[13.58461,52.44545],[13.58472,52.44548],[13.58478,52.44546],[13.58468,52.4454],[13.58487,52.44524],[13.58474,52.44519],[13.58458,52.44539],[13.58414,52.44558],[13.58402,52.44567],[13.58388,52.4458],[13.5839,52.44582],[13.58376,52.44599],[13.58372,52.44595],[13.58374,52.44602],[13.58364,52.44614],[13.58284,52.44594],[13.58264,52.44584],[13.58266,52.44581],[13.58253,52.4457],[13.58257,52.44566],[13.5826,52.44568],[13.58264,52.4456],[13.58255,52.44557],[13.58255,52.44551],[13.58342,52.44514],[13.58353,52.4452],[13.58346,52.44513],[13.58401,52.44489],[13.58406,52.44493],[13.5841,52.4449],[13.58406,52.44487],[13.5844,52.44468],[13.58447,52.44472],[13.58452,52.44469],[13.58447,52.44465],[13.58477,52.44445],[13.58466,52.44438],[13.58487,52.44421],[13.5842,52.44391],[13.58414,52.44384],[13.58343,52.44343],[13.58268,52.44281],[13.58267,52.4427],[13.58281,52.44259],[13.58549,52.44157],[13.58616,52.44127],[13.58635,52.44126],[13.58665,52.44108]]]]}},{"type":"Feature","id":412,"properties":{"plr_schl":"09401432","plrname":"Siedlung Kämmereiheide","nat_pers":69,"wohmi_fl":"295191","jur_pers":15,"jp_ohn_swg":15,"stwbg":0,"genossen":0,"sozvermiet":16,"plr_id":"09401432"},"geometry":{"type":"MultiPolygon","coordinates":[[[[13.59309,52.44901],[13.59326,52.44849],[13.59323,52.44844],[13.59333,52.44791],[13.59344,52.44762],[13.5935,52.4476],[13.59355,52.44724],[13.59353,52.44683],[13.59346,52.44658],[13.5935,52.44629],[13.59345,52.44513],[13.59349,52.44499],[13.59331,52.4425],[13.59319,52.44157],[13.59311,52.44139],[13.59302,52.44137],[13.59307,52.4412],[13.59377,52.44119],[13.59811,52.44147],[13.59811,52.44151],[13.5982,52.44153],[13.60206,52.44176],[13.60233,52.44178],[13.60239,52.44181],[13.6049,52.442],[13.61067,52.44235],[13.6146,52.44262],[13.61465,52.44457],[13.61447,52.4446],[13.61445,52.44463],[13.6144,52.44461],[13.61419,52.44466],[13.61414,52.44471],[13.61401,52.44472],[13.61388,52.44478],[13.61259,52.44507],[13.61212,52.44527],[13.61171,52.44554],[13.61168,52.44553],[13.61168,52.44557],[13.61141,52.44568],[13.61142,52.4457],[13.61118,52.44573],[13.61062,52.44592],[13.61006,52.4463],[13.60951,52.44643],[13.60926,52.44653],[13.60874,52.44684],[13.60741,52.44738],[13.60484,52.44784],[13.60423,52.44799],[13.6028,52.44859],[13.60211,52.44882],[13.60195,52.44893],[13.60179,52.44893],[13.60165,52.44897],[13.59862,52.44905],[13.59664,52.44945],[13.5961,52.44951],[13.59309,52.44901]]]]}},{"type":"Feature","id":413,"properties":{"plr_schl":"09401433","plrname":"Allende II","nat_pers":0,"wohmi_fl":"131550","jur_pers":95,"jp_ohn_swg":17.1,"stwbg":41.8,"genossen":36.1,"sozvermiet":82.9,"plr_id":"09401433"},"geometry":{"type":"MultiPolygon","coordinates":[[[[13.61572,52.42972],[13.61586,52.42966],[13.61843,52.43046],[13.61918,52.43094],[13.61968,52.43131],[13.62017,52.43173],[13.62074,52.43229],[13.6206,52.43244],[13.62069,52.43259],[13.62061,52.43281],[13.62066,52.43301],[13.6205,52.43356],[13.62055,52.4339],[13.62042,52.43455],[13.62049,52.43528],[13.62041,52.43551],[13.62083,52.43686],[13.62097,52.43773],[13.62093,52.43793],[13.62116,52.43826],[13.62119,52.43837],[13.62158,52.43878],[13.62166,52.43923],[13.62197,52.43968],[13.6219,52.43993],[13.62218,52.44062],[13.62228,52.44096],[13.62231,52.44127],[13.62246,52.44163],[13.6226,52.44166],[13.62269,52.44183],[13.62282,52.44186],[13.62451,52.44342],[13.6249,52.44366],[13.62509,52.44418],[13.62485,52.44438],[13.62289,52.44412],[13.62286,52.44398],[13.62254,52.44387],[13.62241,52.44388],[13.622,52.44401],[13.62171,52.444],[13.62107,52.44413],[13.62089,52.44412],[13.62037,52.44389],[13.62012,52.44368],[13.61983,52.44361],[13.61953,52.44347],[13.61925,52.4434],[13.61918,52.44341],[13.61894,52.44328],[13.61851,52.44322],[13.61834,52.44316],[13.61827,52.4432],[13.61781,52.44316],[13.61744,52.44322],[13.61736,52.44327],[13.61723,52.44328],[13.61705,52.44334],[13.61628,52.44378],[13.61535,52.44415],[13.61516,52.44436],[13.61499,52.44443],[13.61488,52.44452],[13.61465,52.44457],[13.6146,52.44262],[13.61067,52.44235],[13.6049,52.442],[13.60239,52.44181],[13.60233,52.44178],[13.60206,52.44176],[13.5982,52.44153],[13.59811,52.44151],[13.59811,52.44147],[13.59377,52.44119],[13.59297,52.4412],[13.59013,52.44102],[13.58712,52.44098],[13.58694,52.44097],[13.58688,52.44094],[13.58686,52.44092],[13.58697,52.44087],[13.59229,52.43882],[13.59271,52.4386],[13.61495,52.43009],[13.61519,52.42999],[13.61549,52.42979],[13.61572,52.42972]]]]}},{"type":"Feature","id":414,"properties":{"plr_schl":"09401534","plrname":"Altstadt Köpenick","nat_pers":45,"wohmi_fl":"304267","jur_pers":54,"jp_ohn_swg":25.38,"stwbg":27.54,"genossen":1.08,"sozvermiet":29.62,"plr_id":"09401534"},"geometry":{"type":"MultiPolygon","coordinates":[[[[13.57482,52.44835],[13.57451,52.44828],[13.57441,52.44821],[13.5744,52.44814],[13.57468,52.44761],[13.57363,52.44628],[13.57313,52.4454],[13.57279,52.4447],[13.57268,52.44464],[13.57236,52.44459],[13.5723,52.44453],[13.57229,52.44437],[13.57139,52.44438],[13.57134,52.44433],[13.57096,52.44433],[13.57099,52.44411],[13.57029,52.44413],[13.5702,52.44411],[13.57023,52.44374],[13.57027,52.44363],[13.57041,52.44359],[13.57052,52.44307],[13.57048,52.44296],[13.57047,52.44254],[13.57057,52.44182],[13.57065,52.4418],[13.57092,52.44114],[13.57147,52.44038],[13.57232,52.4394],[13.57246,52.43931],[13.57244,52.43921],[13.57262,52.43895],[13.57268,52.43896],[13.57274,52.43885],[13.57281,52.43885],[13.57284,52.43881],[13.5783,52.43881],[13.57838,52.43871],[13.5789,52.43874],[13.57889,52.43881],[13.57905,52.43893],[13.58214,52.43891],[13.58723,52.43908],[13.5875,52.43926],[13.58693,52.44007],[13.58686,52.44005],[13.58667,52.4403],[13.58655,52.44055],[13.58642,52.44061],[13.58641,52.44066],[13.58621,52.44079],[13.58665,52.44108],[13.58635,52.44126],[13.58616,52.44127],[13.58549,52.44157],[13.58281,52.44259],[13.58266,52.44272],[13.58268,52.44281],[13.58343,52.44343],[13.58414,52.44384],[13.5842,52.44391],[13.58465,52.44413],[13.58468,52.44411],[13.58486,52.4442],[13.58476,52.44432],[13.58413,52.44467],[13.58349,52.44497],[13.58232,52.44544],[13.58214,52.44549],[13.58191,52.44545],[13.5815,52.44563],[13.58119,52.4457],[13.58103,52.4457],[13.58099,52.44574],[13.58018,52.44547],[13.57918,52.44504],[13.57913,52.44508],[13.57924,52.44516],[13.58032,52.44564],[13.58025,52.44603],[13.57981,52.44668],[13.57972,52.44706],[13.57981,52.44706],[13.57972,52.44757],[13.57959,52.44767],[13.57799,52.44817],[13.57738,52.44831],[13.57569,52.44803],[13.57516,52.44839],[13.57507,52.4484],[13.57482,52.44835]]]]}},{"type":"Feature","id":415,"properties":{"plr_schl":"09401635","plrname":"Müggelheim","nat_pers":94,"wohmi_fl":"2104999","jur_pers":4,"jp_ohn_swg":2.96,"stwbg":1.04,"genossen":0,"sozvermiet":2.04,"plr_id":"09401635"},"geometry":{"type":"MultiPolygon","coordinates":[[[[13.73006,52.41833],[13.73007,52.41826],[13.72987,52.41808],[13.7298,52.41796],[13.72959,52.41789],[13.72951,52.4178],[13.72903,52.41763],[13.72884,52.41753],[13.7286,52.41749],[13.72849,52.4175],[13.72832,52.41745],[13.72815,52.41745],[13.72801,52.41734],[13.72719,52.417],[13.72713,52.41693],[13.72715,52.41686],[13.72681,52.41665],[13.72659,52.41684],[13.72517,52.41636],[13.72453,52.41673],[13.72436,52.41677],[13.72389,52.41698],[13.72347,52.41728],[13.72327,52.4175],[13.72316,52.41771],[13.72294,52.4178],[13.72267,52.41798],[13.72241,52.41808],[13.72129,52.41836],[13.72125,52.41833],[13.72118,52.41835],[13.72112,52.41838],[13.72115,52.41841],[13.7211,52.41843],[13.72104,52.4184],[13.721,52.41843],[13.72104,52.41846],[13.72094,52.41853],[13.72089,52.4185],[13.72082,52.41856],[13.72086,52.41858],[13.72067,52.41871],[13.7207,52.41872],[13.72052,52.41897],[13.7205,52.4193],[13.72039,52.41965],[13.7204,52.41981],[13.72013,52.4206],[13.7201,52.42081],[13.71979,52.42132],[13.71786,52.42261],[13.71731,52.42309],[13.71564,52.42476],[13.71492,52.42527],[13.71442,52.42549],[13.7141,52.42559],[13.71355,52.4257],[13.71308,52.42575],[13.71265,52.42576],[13.71159,52.42569],[13.71157,52.42563],[13.71155,52.42569],[13.71127,52.42566],[13.71124,52.4256],[13.71118,52.42561],[13.71117,52.42558],[13.71113,52.42559],[13.71114,52.42566],[13.71102,52.42565],[13.71097,52.4256],[13.71007,52.42556],[13.70947,52.42556],[13.70928,52.4256],[13.70923,52.42557],[13.7089,52.42556],[13.70861,52.42559],[13.70858,52.42553],[13.70849,52.42553],[13.7085,52.42559],[13.7081,52.4256],[13.7081,52.42563],[13.70799,52.42564],[13.70794,52.42561],[13.7077,52.42562],[13.70756,52.42565],[13.70751,52.4257],[13.70689,52.42576],[13.70679,52.4258],[13.70649,52.42579],[13.70622,52.42586],[13.7062,52.42591],[13.7061,52.42592],[13.70604,52.42583],[13.706,52.42585],[13.70602,52.42589],[13.7059,52.42593],[13.70572,52.42596],[13.70567,52.42591],[13.70564,52.42592],[13.70568,52.42597],[13.70561,52.42602],[13.70541,52.42603],[13.70533,52.42596],[13.70537,52.42603],[13.70528,52.42604],[13.70521,52.42598],[13.70518,52.42599],[13.70523,52.42607],[13.70515,52.42608],[13.70502,52.42608],[13.70497,52.426],[13.70493,52.42601],[13.70496,52.42607],[13.70449,52.42613],[13.70442,52.426],[13.70444,52.42612],[13.70436,52.42614],[13.70426,52.42601],[13.7043,52.42615],[13.70411,52.42618],[13.70398,52.42612],[13.70389,52.42614],[13.7039,52.4262],[13.70382,52.4262],[13.7038,52.42613],[13.70371,52.42615],[13.70365,52.42613],[13.70361,52.42614],[13.7036,52.42621],[13.70346,52.42623],[13.70336,52.42619],[13.70325,52.4262],[13.70322,52.42615],[13.70316,52.42616],[13.70317,52.42618],[13.70293,52.42621],[13.70294,52.42627],[13.70281,52.42629],[13.70273,52.42622],[13.70262,52.42623],[13.70259,52.42613],[13.70208,52.42618],[13.70212,52.42631],[13.70194,52.42633],[13.70181,52.42639],[13.70185,52.42647],[13.70177,52.4265],[13.70169,52.42645],[13.70129,52.42664],[13.70095,52.42686],[13.70085,52.42688],[13.69944,52.42781],[13.69943,52.42785],[13.69907,52.42813],[13.69895,52.4282],[13.69887,52.42817],[13.69885,52.42819],[13.69892,52.42823],[13.69859,52.42849],[13.69854,52.42845],[13.69848,52.42847],[13.69854,52.42853],[13.69835,52.42864],[13.69824,52.4287],[13.69819,52.42867],[13.69801,52.42878],[13.69796,52.42878],[13.69801,52.42882],[13.69743,52.42905],[13.69737,52.429],[13.69733,52.42901],[13.69739,52.42906],[13.69723,52.42912],[13.69712,52.42907],[13.69713,52.42909],[13.69697,52.42913],[13.69703,52.4292],[13.69698,52.42922],[13.69688,52.42924],[13.69678,52.42911],[13.69653,52.42918],[13.69661,52.42929],[13.69628,52.42938],[13.69625,52.42933],[13.69623,52.42939],[13.69616,52.42931],[13.69613,52.42933],[13.69619,52.42939],[13.69607,52.42941],[13.69602,52.42936],[13.69599,52.42937],[13.69603,52.42942],[13.69557,52.42948],[13.69554,52.42943],[13.6955,52.42943],[13.69553,52.42949],[13.69549,52.42949],[13.69544,52.42942],[13.69541,52.42943],[13.69545,52.4295],[13.6953,52.42951],[13.69524,52.42946],[13.69526,52.42952],[13.69512,52.42954],[13.69507,52.42951],[13.69509,52.42954],[13.69496,52.42958],[13.69491,52.4295],[13.69484,52.42952],[13.69488,52.42958],[13.69467,52.42957],[13.69464,52.42954],[13.6946,52.42955],[13.69464,52.4296],[13.69457,52.42961],[13.69448,52.42951],[13.69436,52.42954],[13.69438,52.42963],[13.69429,52.42964],[13.69417,52.42958],[13.69409,52.42965],[13.69401,52.42967],[13.69395,52.42966],[13.69392,52.42959],[13.69385,52.4296],[13.69386,52.42965],[13.6937,52.42971],[13.69355,52.4297],[13.69352,52.42963],[13.69348,52.42964],[13.69351,52.4297],[13.69346,52.42971],[13.69338,52.42962],[13.69322,52.42965],[13.69325,52.42969],[13.69321,52.42977],[13.69314,52.42978],[13.69312,52.42975],[13.69255,52.42983],[13.69227,52.42984],[13.69222,52.42978],[13.69214,52.42988],[13.69163,52.42989],[13.69151,52.42992],[13.69135,52.4299],[13.6913,52.4298],[13.69124,52.42984],[13.69126,52.4299],[13.69046,52.42991],[13.69032,52.4299],[13.69032,52.42988],[13.69039,52.42988],[13.69039,52.42978],[13.69023,52.42977],[13.69025,52.4299],[13.68993,52.42984],[13.68995,52.42979],[13.68989,52.42978],[13.68988,52.42983],[13.68973,52.42979],[13.68976,52.42973],[13.68971,52.42972],[13.68968,52.42978],[13.68954,52.42975],[13.68955,52.42969],[13.6894,52.42967],[13.68938,52.42972],[13.68908,52.42962],[13.68902,52.42956],[13.68819,52.42933],[13.687,52.42893],[13.68664,52.42885],[13.686,52.42876],[13.6855,52.42876],[13.68546,52.4287],[13.68542,52.42871],[13.68546,52.42876],[13.68518,52.42878],[13.68516,52.42872],[13.68512,52.42872],[13.68513,52.42879],[13.68447,52.42885],[13.68444,52.42879],[13.6844,52.4288],[13.68442,52.42885],[13.68328,52.42897],[13.68265,52.42908],[13.68204,52.42925],[13.68172,52.4293],[13.68131,52.42923],[13.6808,52.42907],[13.68022,52.42902],[13.67953,52.42905],[13.67907,52.42914],[13.67847,52.42885],[13.67788,52.42866],[13.67752,52.4285],[13.67737,52.42849],[13.67699,52.42837],[13.67651,52.42835],[13.67587,52.42839],[13.67447,52.42862],[13.67283,52.42922],[13.6723,52.42954],[13.67182,52.42861],[13.67153,52.42842],[13.67128,52.42724],[13.67012,52.42649],[13.66807,52.42573],[13.66701,52.42465],[13.66544,52.42364],[13.66374,52.42269],[13.66359,52.42254],[13.66296,52.42188],[13.66276,52.42043],[13.6623,52.41926],[13.66129,52.41831],[13.65937,52.41821],[13.65692,52.41824],[13.65502,52.41744],[13.65311,52.41646],[13.65288,52.41601],[13.65084,52.41673],[13.64919,52.41674],[13.64798,52.4167],[13.64503,52.41103],[13.6446,52.40989],[13.64408,52.40966],[13.645,52.40995],[13.64734,52.409],[13.64706,52.40861],[13.64664,52.40817],[13.64613,52.40785],[13.64527,52.40686],[13.64433,52.40619],[13.64322,52.40568],[13.64148,52.4048],[13.63919,52.40446],[13.637,52.40395],[13.6352,52.40333],[13.6314,52.40184],[13.63921,52.39697],[13.63978,52.39676],[13.64119,52.39636],[13.64202,52.39598],[13.6425,52.39568],[13.64387,52.39427],[13.64445,52.39356],[13.64513,52.3926],[13.64833,52.38615],[13.64842,52.38584],[13.64853,52.38573],[13.64861,52.3857],[13.64863,52.38562],[13.64871,52.38555],[13.64902,52.38534],[13.65454,52.38192],[13.65528,52.38154],[13.65619,52.38144],[13.65632,52.38134],[13.65652,52.38127],[13.65681,52.38102],[13.65693,52.38096],[13.65718,52.3806],[13.65742,52.38052],[13.66589,52.38178],[13.66603,52.38169],[13.66627,52.38164],[13.66635,52.38166],[13.66664,52.38164],[13.66685,52.38168],[13.66711,52.38187],[13.66743,52.38201],[13.66781,52.38203],[13.66821,52.38209],[13.66862,52.3821],[13.66892,52.38215],[13.66937,52.38213],[13.66958,52.38217],[13.66971,52.38228],[13.66972,52.3825],[13.66998,52.38279],[13.67008,52.38285],[13.67042,52.38345],[13.67074,52.38374],[13.67087,52.38399],[13.67119,52.38436],[13.67115,52.3845],[13.67121,52.38463],[13.67151,52.38485],[13.67159,52.38496],[13.67184,52.3851],[13.67243,52.38526],[13.67299,52.38533],[13.67312,52.3854],[13.67838,52.38654],[13.67894,52.38673],[13.6791,52.38686],[13.6792,52.38704],[13.67905,52.38832],[13.67913,52.38871],[13.67935,52.38918],[13.67973,52.38961],[13.68008,52.38988],[13.68055,52.39017],[13.68156,52.39067],[13.68247,52.39105],[13.68365,52.39144],[13.68476,52.39174],[13.68636,52.39212],[13.69042,52.39303],[13.69323,52.39388],[13.69403,52.3942],[13.69463,52.39449],[13.69662,52.39566],[13.70192,52.39809],[13.70223,52.39779],[13.7022,52.39775],[13.70224,52.39769],[13.70277,52.3973],[13.70293,52.39724],[13.70311,52.39712],[13.70313,52.39706],[13.70331,52.39702],[13.70349,52.39693],[13.70359,52.397],[13.70403,52.39696],[13.70425,52.39688],[13.70452,52.3967],[13.70488,52.3966],[13.70535,52.39653],[13.70548,52.39655],[13.7056,52.3965],[13.70589,52.39647],[13.70843,52.39656],[13.70919,52.39668],[13.70948,52.39684],[13.70985,52.39637],[13.71018,52.39619],[13.71082,52.39661],[13.71137,52.39714],[13.71175,52.39729],[13.71207,52.39753],[13.71254,52.39775],[13.71288,52.39778],[13.71325,52.39787],[13.71359,52.398],[13.71381,52.39821],[13.71405,52.39864],[13.71399,52.39868],[13.71416,52.39886],[13.71443,52.39904],[13.71515,52.39925],[13.71587,52.39969],[13.71669,52.39972],[13.71698,52.39964],[13.71742,52.39906],[13.71757,52.39893],[13.71805,52.39882],[13.71841,52.39876],[13.71878,52.39876],[13.71918,52.39882],[13.71943,52.39889],[13.71984,52.39907],[13.72254,52.39827],[13.72279,52.39826],[13.72295,52.3983],[13.72317,52.39829],[13.72338,52.39834],[13.72368,52.39855],[13.72414,52.39868],[13.72439,52.39881],[13.72464,52.39885],[13.7249,52.3991],[13.72505,52.39937],[13.72534,52.39954],[13.72544,52.3997],[13.72562,52.39957],[13.72579,52.39953],[13.72629,52.39957],[13.72707,52.39983],[13.72724,52.39995],[13.72732,52.40018],[13.72745,52.40023],[13.7276,52.40024],[13.72762,52.40019],[13.72823,52.3999],[13.72886,52.39977],[13.72901,52.39981],[13.72906,52.39992],[13.72893,52.40005],[13.72897,52.40009],[13.7292,52.40012],[13.72938,52.4002],[13.72947,52.40019],[13.72957,52.40003],[13.72958,52.39987],[13.72964,52.39981],[13.72988,52.39969],[13.7302,52.39965],[13.73084,52.39995],[13.73111,52.4],[13.73131,52.40008],[13.73159,52.40027],[13.73182,52.40048],[13.73251,52.40094],[13.73317,52.40125],[13.73412,52.40198],[13.73427,52.40213],[13.73416,52.40334],[13.73489,52.40502],[13.7354,52.40586],[13.73536,52.40598],[13.73798,52.40672],[13.73857,52.40703],[13.73903,52.40734],[13.73857,52.40773],[13.73825,52.40813],[13.73791,52.40847],[13.73765,52.40887],[13.73748,52.40929],[13.73728,52.40956],[13.73682,52.40985],[13.73585,52.4103],[13.73496,52.41041],[13.73461,52.41057],[13.73433,52.41097],[13.73408,52.41155],[13.73393,52.41179],[13.73349,52.41227],[13.73335,52.41248],[13.73196,52.41381],[13.73166,52.41406],[13.73144,52.41419],[13.73106,52.41452],[13.73026,52.41534],[13.72992,52.41582],[13.72981,52.41634],[13.73005,52.41703],[13.73045,52.41779],[13.7307,52.41812],[13.73082,52.41818],[13.73075,52.4182],[13.73131,52.41901],[13.73143,52.41946],[13.73142,52.41982],[13.73139,52.41972],[13.7313,52.41969],[13.73118,52.4197],[13.73099,52.4196],[13.73079,52.4196],[13.73046,52.41983],[13.73032,52.41984],[13.73027,52.41981],[13.73011,52.41962],[13.7301,52.41936],[13.72992,52.4192],[13.73001,52.41897],[13.73,52.41839],[13.73006,52.41833]]]]}},{"type":"Feature","id":416,"properties":{"plr_schl":"09501736","plrname":"Hirschgarten","nat_pers":51,"wohmi_fl":"513549","jur_pers":45,"jp_ohn_swg":4.05,"stwbg":21.6,"genossen":19.35,"sozvermiet":42.95,"plr_id":"09501736"},"geometry":{"type":"MultiPolygon","coordinates":[[[[13.59495,52.44932],[13.5961,52.44951],[13.59664,52.44945],[13.59862,52.44905],[13.60165,52.44897],[13.60179,52.44893],[13.60195,52.44893],[13.60211,52.44882],[13.6028,52.44859],[13.60423,52.44799],[13.60484,52.44784],[13.60741,52.44738],[13.60874,52.44684],[13.60926,52.44653],[13.60951,52.44643],[13.61006,52.4463],[13.61062,52.44592],[13.61118,52.44573],[13.61142,52.4457],[13.61141,52.44568],[13.61168,52.44557],[13.61168,52.44553],[13.61171,52.44554],[13.61212,52.44527],[13.61259,52.44507],[13.61388,52.44478],[13.6144,52.44461],[13.61445,52.44463],[13.61447,52.4446],[13.61484,52.44454],[13.61499,52.44443],[13.61516,52.44436],[13.61535,52.44415],[13.61628,52.44378],[13.61705,52.44334],[13.6177,52.44317],[13.61786,52.44316],[13.61827,52.4432],[13.61834,52.44316],[13.61851,52.44322],[13.61894,52.44328],[13.61918,52.44341],[13.61925,52.4434],[13.61953,52.44347],[13.61983,52.44361],[13.62012,52.44368],[13.62037,52.44389],[13.62089,52.44412],[13.62107,52.44413],[13.62171,52.444],[13.622,52.44401],[13.62241,52.44388],[13.62254,52.44387],[13.62286,52.44398],[13.62289,52.44412],[13.62485,52.44438],[13.62586,52.44481],[13.62572,52.44496],[13.62577,52.44514],[13.62568,52.44521],[13.62531,52.44539],[13.62434,52.4456],[13.62323,52.44567],[13.62185,52.4456],[13.62063,52.44558],[13.61877,52.44521],[13.61824,52.44508],[13.61824,52.44511],[13.61819,52.4451],[13.61819,52.44507],[13.61792,52.44499],[13.61779,52.44499],[13.61726,52.44531],[13.61624,52.44569],[13.6166,52.44618],[13.61668,52.44637],[13.61669,52.44664],[13.61676,52.44677],[13.61705,52.45098],[13.61693,52.45098],[13.61694,52.45103],[13.61675,52.45103],[13.61702,52.45525],[13.6204,52.45602],[13.62536,52.45709],[13.62541,52.45763],[13.62848,52.46888],[13.62858,52.46911],[13.6269,52.46953],[13.6248,52.47014],[13.62471,52.46906],[13.62513,52.46891],[13.62521,52.46875],[13.62291,52.46878],[13.62287,52.46849],[13.62261,52.46806],[13.62294,52.46793],[13.62293,52.46789],[13.62271,52.46784],[13.62268,52.46779],[13.62305,52.46742],[13.62298,52.46716],[13.62338,52.46671],[13.62306,52.46661],[13.62276,52.46645],[13.62135,52.46664],[13.62056,52.46626],[13.6203,52.46587],[13.61978,52.46483],[13.61983,52.46408],[13.62038,52.46351],[13.61951,52.46318],[13.61928,52.46272],[13.61915,52.46271],[13.61884,52.46289],[13.6186,52.46295],[13.61844,52.46292],[13.61837,52.46262],[13.6181,52.46245],[13.61689,52.46212],[13.617,52.46247],[13.61681,52.46261],[13.61644,52.46253],[13.61608,52.46224],[13.61572,52.46213],[13.61561,52.46198],[13.61576,52.46178],[13.61546,52.46174],[13.615,52.46178],[13.61478,52.46174],[13.61463,52.46147],[13.61439,52.46144],[13.61395,52.4617],[13.6137,52.46135],[13.61331,52.46121],[13.61289,52.46133],[13.61252,52.46113],[13.61208,52.46112],[13.61185,52.46126],[13.61157,52.46117],[13.61101,52.4607],[13.61091,52.46043],[13.60932,52.46031],[13.60899,52.46043],[13.60876,52.46064],[13.60847,52.46063],[13.60817,52.4603],[13.60771,52.46035],[13.60717,52.46007],[13.60703,52.45982],[13.60641,52.45935],[13.60591,52.45908],[13.60587,52.45898],[13.60604,52.45878],[13.60711,52.45834],[13.60708,52.45831],[13.60712,52.45828],[13.60395,52.4583],[13.60335,52.45812],[13.60353,52.45883],[13.59705,52.45901],[13.59712,52.45691],[13.59663,52.45681],[13.59741,52.45592],[13.59739,52.45486],[13.59731,52.45486],[13.5973,52.45474],[13.59739,52.45464],[13.59738,52.45378],[13.59594,52.4536],[13.59583,52.45314],[13.59484,52.45321],[13.59509,52.45291],[13.59503,52.4529],[13.59518,52.45265],[13.59519,52.45245],[13.59513,52.45232],[13.59503,52.45223],[13.59459,52.45194],[13.59445,52.45181],[13.59428,52.45133],[13.59439,52.45101],[13.59437,52.45067],[13.59446,52.45043],[13.59454,52.45031],[13.59485,52.45036],[13.59495,52.44932]]]]}},{"type":"Feature","id":417,"properties":{"plr_schl":"09501737","plrname":"Alt-Friedrichshagen","nat_pers":69,"wohmi_fl":"1263799","jur_pers":30,"jp_ohn_swg":9.6,"stwbg":10.5,"genossen":9.9,"sozvermiet":21.4,"plr_id":"09501737"},"geometry":{"type":"MultiPolygon","coordinates":[[[[13.66946,52.47328],[13.66895,52.47344],[13.66756,52.47374],[13.66736,52.47385],[13.66724,52.47429],[13.66572,52.47395],[13.66463,52.47377],[13.66433,52.47369],[13.66381,52.47366],[13.66265,52.47376],[13.66151,52.47405],[13.65836,52.475],[13.65681,52.47597],[13.65606,52.47639],[13.65546,52.47665],[13.65233,52.47746],[13.64831,52.47873],[13.64728,52.47882],[13.64578,52.47887],[13.64481,52.47898],[13.64325,52.47922],[13.64257,52.47871],[13.63615,52.47615],[13.6347,52.47581],[13.63104,52.47503],[13.62944,52.4741],[13.62818,52.47354],[13.62534,52.4737],[13.6248,52.47014],[13.6269,52.46953],[13.62858,52.46911],[13.62848,52.46888],[13.62541,52.45763],[13.62536,52.45709],[13.6204,52.45602],[13.61702,52.45525],[13.61675,52.45103],[13.61694,52.45103],[13.61693,52.45098],[13.61705,52.45098],[13.61676,52.44677],[13.61669,52.44664],[13.61668,52.44637],[13.6166,52.44618],[13.61624,52.44569],[13.61726,52.44531],[13.61779,52.44499],[13.61792,52.44499],[13.61819,52.44507],[13.61819,52.4451],[13.61824,52.44511],[13.61824,52.44508],[13.61877,52.44521],[13.62063,52.44558],[13.62185,52.4456],[13.62323,52.44567],[13.62434,52.4456],[13.62531,52.44539],[13.62577,52.44514],[13.62572,52.44496],[13.62586,52.44481],[13.62485,52.44438],[13.65675,52.43744],[13.66237,52.44731],[13.66946,52.47328]]]]}},{"type":"Feature","id":418,"properties":{"plr_schl":"09501838","plrname":"Rahnsdorf","nat_pers":92,"wohmi_fl":"2976140","jur_pers":6,"jp_ohn_swg":1.68,"stwbg":4.32,"genossen":0,"sozvermiet":6.32,"plr_id":"09501838"},"geometry":{"type":"MultiPolygon","coordinates":[[[[13.73006,52.41833],[13.73,52.41839],[13.73001,52.41897],[13.72992,52.4192],[13.7301,52.41936],[13.73011,52.41962],[13.73027,52.41981],[13.73032,52.41984],[13.73049,52.41982],[13.73079,52.4196],[13.73099,52.4196],[13.73118,52.4197],[13.7313,52.41969],[13.73139,52.41972],[13.73142,52.41982],[13.73137,52.42],[13.73119,52.42025],[13.73107,52.42051],[13.73115,52.42053],[13.73126,52.42063],[13.73766,52.42669],[13.73808,52.42667],[13.73949,52.42642],[13.73962,52.42667],[13.74077,52.42642],[13.74128,52.42677],[13.7416,52.42806],[13.74168,52.42805],[13.74173,52.4282],[13.74133,52.42827],[13.73894,52.42886],[13.73938,52.42952],[13.7401,52.43247],[13.73793,52.43272],[13.73513,52.43299],[13.73325,52.43322],[13.73182,52.43347],[13.73063,52.43373],[13.72969,52.43398],[13.72789,52.43455],[13.72632,52.43518],[13.72523,52.43571],[13.72415,52.43629],[13.7228,52.43683],[13.72281,52.43714],[13.72441,52.43651],[13.72551,52.43591],[13.72658,52.4354],[13.72746,52.43503],[13.72896,52.4345],[13.73143,52.4338],[13.73336,52.43348],[13.73424,52.43337],[13.7382,52.43296],[13.73828,52.43329],[13.73924,52.43319],[13.74034,52.43314],[13.74289,52.43294],[13.74331,52.43466],[13.74325,52.4347],[13.74407,52.43807],[13.75051,52.44148],[13.7563,52.44161],[13.75445,52.43668],[13.75999,52.43617],[13.76031,52.43663],[13.76095,52.43732],[13.76116,52.43771],[13.76094,52.43788],[13.75532,52.43842],[13.75639,52.44127],[13.75708,52.44296],[13.75461,52.44323],[13.75438,52.44328],[13.75644,52.44617],[13.75539,52.446],[13.75504,52.44654],[13.75432,52.44709],[13.75349,52.44759],[13.75261,52.44787],[13.75026,52.44833],[13.74949,52.44861],[13.74925,52.44867],[13.74647,52.44894],[13.74549,52.44909],[13.74479,52.44924],[13.7433,52.44894],[13.7424,52.44904],[13.74086,52.4493],[13.73776,52.44964],[13.73716,52.44979],[13.73647,52.44991],[13.73561,52.45026],[13.73556,52.45061],[13.73486,52.45066],[13.73435,52.45074],[13.73342,52.45055],[13.73272,52.45036],[13.72908,52.45078],[13.72058,52.45675],[13.71893,52.45891],[13.7176,52.46055],[13.71619,52.46249],[13.71596,52.46292],[13.71473,52.46303],[13.71381,52.46304],[13.71335,52.463],[13.71152,52.46329],[13.7057,52.46556],[13.70483,52.46602],[13.70354,52.46662],[13.70191,52.46753],[13.70126,52.46822],[13.69908,52.46828],[13.70066,52.46617],[13.7021,52.46437],[13.70256,52.46331],[13.70281,52.46224],[13.70297,52.46117],[13.70317,52.46046],[13.70336,52.46004],[13.70408,52.46],[13.70526,52.45987],[13.70548,52.45879],[13.70559,52.4577],[13.70524,52.45562],[13.70461,52.45476],[13.70315,52.45485],[13.7015,52.45486],[13.70024,52.45499],[13.69835,52.45526],[13.69854,52.45563],[13.69867,52.45648],[13.69849,52.45729],[13.69769,52.4585],[13.69762,52.45976],[13.69753,52.4605],[13.69708,52.46173],[13.69655,52.4625],[13.69562,52.464],[13.69535,52.46402],[13.69542,52.46419],[13.69406,52.46441],[13.69247,52.46455],[13.69097,52.46474],[13.68983,52.46501],[13.68839,52.46502],[13.68657,52.46514],[13.68508,52.46548],[13.68277,52.46607],[13.68016,52.46783],[13.67864,52.46924],[13.67641,52.47002],[13.67524,52.47066],[13.67325,52.47145],[13.67008,52.47309],[13.66946,52.47328],[13.66237,52.44731],[13.65675,52.43744],[13.6746,52.43355],[13.67458,52.43358],[13.67482,52.43366],[13.67473,52.43376],[13.67477,52.4338],[13.67462,52.4339],[13.6746,52.43397],[13.67469,52.43401],[13.67479,52.434],[13.6754,52.4336],[13.67608,52.43305],[13.67697,52.43195],[13.67755,52.4313],[13.67789,52.43099],[13.67802,52.43082],[13.67806,52.43069],[13.67801,52.43051],[13.67788,52.4305],[13.67788,52.43054],[13.67774,52.43054],[13.67774,52.43048],[13.67754,52.43048],[13.67754,52.43054],[13.67739,52.43054],[13.6774,52.43056],[13.67693,52.43054],[13.67673,52.43055],[13.67673,52.43058],[13.67668,52.43058],[13.67668,52.43054],[13.67653,52.43052],[13.67627,52.43054],[13.67586,52.43049],[13.67528,52.43052],[13.67485,52.43072],[13.67482,52.4307],[13.67478,52.43072],[13.67481,52.43074],[13.67429,52.43102],[13.67328,52.43142],[13.67316,52.43143],[13.67319,52.43146],[13.67285,52.43155],[13.67266,52.43153],[13.67252,52.43147],[13.67243,52.43138],[13.67243,52.43127],[13.67278,52.43091],[13.67282,52.43073],[13.67269,52.43053],[13.67218,52.43018],[13.67208,52.43005],[13.67226,52.42957],[13.67283,52.42922],[13.67447,52.42862],[13.67587,52.42839],[13.67651,52.42835],[13.67692,52.42836],[13.67737,52.42849],[13.67752,52.4285],[13.67788,52.42866],[13.67847,52.42885],[13.67907,52.42914],[13.67953,52.42905],[13.68022,52.42902],[13.6808,52.42907],[13.68131,52.42923],[13.68172,52.4293],[13.68204,52.42925],[13.68265,52.42908],[13.68328,52.42897],[13.68442,52.42885],[13.6844,52.4288],[13.68444,52.42879],[13.68447,52.42885],[13.68513,52.42879],[13.68512,52.42872],[13.68516,52.42872],[13.68518,52.42878],[13.68546,52.42876],[13.68542,52.42871],[13.68546,52.4287],[13.6855,52.42876],[13.686,52.42876],[13.68692,52.42891],[13.68819,52.42933],[13.68902,52.42956],[13.68908,52.42962],[13.68938,52.42972],[13.6894,52.42967],[13.68955,52.42969],[13.68954,52.42975],[13.68968,52.42978],[13.68971,52.42972],[13.68976,52.42973],[13.68973,52.42979],[13.68988,52.42983],[13.68989,52.42978],[13.68995,52.42979],[13.68993,52.42984],[13.69025,52.4299],[13.69023,52.42977],[13.69035,52.42977],[13.69039,52.42978],[13.69039,52.42988],[13.69032,52.42988],[13.69032,52.4299],[13.69064,52.42992],[13.69126,52.4299],[13.69124,52.42984],[13.6913,52.4298],[13.69135,52.4299],[13.69151,52.42992],[13.69163,52.42989],[13.69214,52.42988],[13.69222,52.42978],[13.69227,52.42984],[13.69255,52.42983],[13.69312,52.42975],[13.69314,52.42978],[13.69321,52.42977],[13.69325,52.42969],[13.69322,52.42965],[13.69338,52.42962],[13.69346,52.42971],[13.69351,52.4297],[13.69348,52.42964],[13.69352,52.42963],[13.69355,52.4297],[13.6937,52.42971],[13.69377,52.4297],[13.69386,52.42965],[13.69385,52.4296],[13.69392,52.42959],[13.69395,52.42966],[13.69401,52.42967],[13.69409,52.42965],[13.69417,52.42958],[13.69429,52.42964],[13.69438,52.42963],[13.69436,52.42954],[13.69448,52.42951],[13.69457,52.42961],[13.69464,52.4296],[13.6946,52.42955],[13.69464,52.42954],[13.69467,52.42957],[13.69488,52.42958],[13.69484,52.42952],[13.69491,52.4295],[13.69496,52.42958],[13.69509,52.42954],[13.69507,52.42951],[13.69512,52.42954],[13.69526,52.42952],[13.69524,52.42946],[13.6953,52.42951],[13.69545,52.4295],[13.69541,52.42943],[13.69544,52.42942],[13.69549,52.42949],[13.69553,52.42949],[13.6955,52.42943],[13.69554,52.42943],[13.69557,52.42948],[13.69603,52.42942],[13.69599,52.42937],[13.69602,52.42936],[13.69607,52.42941],[13.69619,52.42939],[13.69613,52.42933],[13.69616,52.42931],[13.69623,52.42939],[13.69625,52.42933],[13.69628,52.42938],[13.69661,52.42929],[13.69653,52.42918],[13.69678,52.42911],[13.69688,52.42924],[13.69698,52.42922],[13.69703,52.4292],[13.69697,52.42913],[13.69713,52.42909],[13.69712,52.42907],[13.69723,52.42912],[13.69739,52.42906],[13.69733,52.42901],[13.69737,52.429],[13.69743,52.42905],[13.69801,52.42882],[13.69796,52.42878],[13.69801,52.42878],[13.69819,52.42867],[13.69824,52.4287],[13.69835,52.42864],[13.69854,52.42853],[13.69848,52.42847],[13.69854,52.42845],[13.69859,52.42849],[13.69892,52.42823],[13.69885,52.42819],[13.69887,52.42817],[13.69895,52.4282],[13.69907,52.42813],[13.69943,52.42785],[13.69944,52.42781],[13.70085,52.42688],[13.70095,52.42686],[13.70129,52.42664],[13.70169,52.42645],[13.70177,52.4265],[13.70185,52.42647],[13.70181,52.42639],[13.70194,52.42633],[13.70212,52.42631],[13.70208,52.42618],[13.70259,52.42613],[13.70262,52.42623],[13.70273,52.42622],[13.70281,52.42629],[13.70294,52.42627],[13.70293,52.42621],[13.70317,52.42618],[13.70316,52.42616],[13.70322,52.42615],[13.70325,52.4262],[13.70336,52.42619],[13.70346,52.42623],[13.7036,52.42621],[13.70361,52.42614],[13.70365,52.42613],[13.70366,52.42615],[13.7038,52.42613],[13.70382,52.4262],[13.7039,52.4262],[13.70389,52.42614],[13.70398,52.42612],[13.70411,52.42618],[13.7043,52.42615],[13.70426,52.42601],[13.70436,52.42614],[13.70444,52.42612],[13.70442,52.426],[13.70449,52.42613],[13.70496,52.42607],[13.70493,52.42601],[13.70497,52.426],[13.70502,52.42608],[13.70515,52.42608],[13.70523,52.42607],[13.70518,52.42599],[13.70521,52.42598],[13.70528,52.42604],[13.70537,52.42603],[13.70533,52.42596],[13.70541,52.42603],[13.70561,52.42602],[13.70568,52.42597],[13.70564,52.42592],[13.70567,52.42591],[13.70572,52.42596],[13.7059,52.42593],[13.70602,52.42589],[13.706,52.42585],[13.70604,52.42583],[13.7061,52.42592],[13.7062,52.42591],[13.70622,52.42586],[13.70649,52.42579],[13.70679,52.4258],[13.70689,52.42576],[13.70751,52.4257],[13.70756,52.42565],[13.7077,52.42562],[13.70794,52.42561],[13.70799,52.42564],[13.7081,52.42563],[13.7081,52.4256],[13.7085,52.42559],[13.70849,52.42553],[13.70858,52.42553],[13.70861,52.42559],[13.7089,52.42556],[13.70923,52.42557],[13.70928,52.4256],[13.70947,52.42556],[13.71007,52.42556],[13.71097,52.4256],[13.71102,52.42565],[13.71114,52.42566],[13.71113,52.42559],[13.71117,52.42558],[13.71118,52.42561],[13.71124,52.4256],[13.71127,52.42566],[13.71155,52.42569],[13.71157,52.42563],[13.71159,52.42569],[13.71265,52.42576],[13.71308,52.42575],[13.71355,52.4257],[13.7141,52.42559],[13.71442,52.42549],[13.71492,52.42527],[13.71564,52.42476],[13.71731,52.42309],[13.71786,52.42261],[13.71979,52.42132],[13.7201,52.42081],[13.72013,52.4206],[13.7204,52.41981],[13.72039,52.41965],[13.7205,52.4193],[13.72052,52.41897],[13.7207,52.41872],[13.72067,52.41871],[13.72086,52.41858],[13.72082,52.41856],[13.72089,52.4185],[13.72094,52.41853],[13.72104,52.41846],[13.721,52.41843],[13.72104,52.4184],[13.7211,52.41843],[13.72115,52.41841],[13.72112,52.41838],[13.72118,52.41835],[13.72125,52.41833],[13.72129,52.41836],[13.72241,52.41808],[13.72267,52.41798],[13.72294,52.4178],[13.72316,52.41771],[13.72327,52.4175],[13.72347,52.41728],[13.72389,52.41698],[13.72436,52.41677],[13.72453,52.41673],[13.72517,52.41636],[13.72659,52.41684],[13.72681,52.41665],[13.72715,52.41686],[13.72713,52.41693],[13.72719,52.417],[13.72801,52.41734],[13.72815,52.41745],[13.72832,52.41745],[13.72849,52.4175],[13.7286,52.41749],[13.72884,52.41753],[13.72903,52.41763],[13.72951,52.4178],[13.72959,52.41789],[13.7298,52.41796],[13.72987,52.41808],[13.73007,52.41826],[13.73006,52.41833]]]]}},{"type":"Feature","id":419,"properties":{"plr_schl":"09501939","plrname":"Bahnhofstraße","nat_pers":51,"wohmi_fl":"338234","jur_pers":46,"jp_ohn_swg":10.58,"stwbg":7.36,"genossen":28.06,"sozvermiet":38.42,"plr_id":"09501939"},"geometry":{"type":"MultiPolygon","coordinates":[[[[13.57482,52.44835],[13.57417,52.4495],[13.57375,52.4499],[13.5732,52.45035],[13.57249,52.45083],[13.57251,52.451],[13.57336,52.45172],[13.57471,52.45296],[13.5748,52.45286],[13.57588,52.45299],[13.5797,52.45517],[13.57957,52.45549],[13.5796,52.45567],[13.5801,52.45563],[13.58035,52.45576],[13.5807,52.45828],[13.57989,52.45831],[13.57954,52.45843],[13.57949,52.45857],[13.57973,52.45883],[13.57943,52.45885],[13.57931,52.45897],[13.57887,52.45898],[13.57826,52.45905],[13.57824,52.45911],[13.57618,52.45956],[13.5743,52.4601],[13.57269,52.46066],[13.57288,52.46022],[13.57285,52.46014],[13.57323,52.45929],[13.57265,52.4592],[13.57227,52.45983],[13.57127,52.45944],[13.57143,52.45927],[13.57142,52.45924],[13.56986,52.45872],[13.56881,52.45842],[13.56877,52.45848],[13.56825,52.45843],[13.56697,52.45793],[13.56683,52.45785],[13.56693,52.45774],[13.56563,52.45731],[13.56557,52.45722],[13.56476,52.45698],[13.56458,52.4569],[13.56472,52.4566],[13.56411,52.45673],[13.56369,52.45677],[13.56323,52.45677],[13.56271,52.45673],[13.56224,52.45663],[13.55733,52.45591],[13.55743,52.45555],[13.55726,52.45552],[13.55738,52.45475],[13.55738,52.45437],[13.55761,52.45435],[13.55771,52.45312],[13.5588,52.45322],[13.56049,52.45321],[13.56095,52.45318],[13.56199,52.45324],[13.56252,52.45336],[13.56272,52.45344],[13.56307,52.45347],[13.5635,52.45345],[13.56417,52.45335],[13.56459,52.45325],[13.56497,52.45311],[13.56509,52.45306],[13.56544,52.4528],[13.56563,52.4526],[13.56601,52.45214],[13.56674,52.45108],[13.56727,52.45044],[13.56807,52.4496],[13.56906,52.44885],[13.56907,52.44881],[13.56911,52.44882],[13.56983,52.44845],[13.57055,52.44822],[13.57129,52.44809],[13.57152,52.44798],[13.5717,52.44778],[13.57169,52.44756],[13.57164,52.44746],[13.57157,52.44742],[13.57088,52.44627],[13.57056,52.44547],[13.5704,52.44529],[13.57022,52.44497],[13.57015,52.44466],[13.57026,52.44466],[13.57027,52.44473],[13.57068,52.44473],[13.57103,52.44481],[13.5713,52.44481],[13.57129,52.44465],[13.57139,52.44457],[13.57139,52.44438],[13.57229,52.44437],[13.5723,52.44453],[13.57236,52.44459],[13.57268,52.44464],[13.57279,52.4447],[13.57313,52.4454],[13.57363,52.44628],[13.57468,52.44761],[13.5744,52.44814],[13.57441,52.44821],[13.57451,52.44828],[13.57482,52.44835]]]]}},{"type":"Feature","id":420,"properties":{"plr_schl":"09501940","plrname":"Güterbahnhof Köpenick","nat_pers":29,"wohmi_fl":"177989","jur_pers":69,"jp_ohn_swg":37.26,"stwbg":6.9,"genossen":24.84,"sozvermiet":33.74,"plr_id":"09501940"},"geometry":{"type":"MultiPolygon","coordinates":[[[[13.5904,52.45413],[13.59075,52.45418],[13.59101,52.45418],[13.59126,52.45412],[13.59141,52.45404],[13.59162,52.45398],[13.59202,52.45394],[13.59274,52.45378],[13.59312,52.45382],[13.59265,52.45483],[13.59248,52.45508],[13.5925,52.45512],[13.59262,52.45518],[13.59348,52.45543],[13.59697,52.45641],[13.59663,52.45681],[13.59712,52.45691],[13.59705,52.45901],[13.58964,52.45919],[13.58754,52.45927],[13.58666,52.45915],[13.58316,52.45897],[13.58234,52.45902],[13.58024,52.45896],[13.5802,52.4588],[13.57973,52.45883],[13.57949,52.45856],[13.57954,52.45843],[13.57989,52.45831],[13.5807,52.45828],[13.58035,52.45576],[13.5801,52.45563],[13.5796,52.45567],[13.57957,52.45549],[13.5797,52.45517],[13.57588,52.45299],[13.57631,52.4529],[13.57691,52.45285],[13.57743,52.45275],[13.57776,52.45308],[13.57819,52.45319],[13.57838,52.45327],[13.57889,52.45361],[13.57911,52.4537],[13.57944,52.45376],[13.57994,52.45394],[13.58023,52.45397],[13.58075,52.45392],[13.58119,52.45393],[13.58133,52.45395],[13.5814,52.454],[13.58154,52.45399],[13.58176,52.45405],[13.58181,52.4541],[13.58286,52.45436],[13.58419,52.45449],[13.58507,52.45451],[13.58617,52.45442],[13.58796,52.45439],[13.58984,52.45412],[13.5904,52.45413]]]]}},{"type":"Feature","id":421,"properties":{"plr_schl":"09501941","plrname":"Friedrichshagener Straße","nat_pers":50,"wohmi_fl":"282513","jur_pers":49,"jp_ohn_swg":36.75,"stwbg":2.94,"genossen":9.31,"sozvermiet":13.25,"plr_id":"09501941"},"geometry":{"type":"MultiPolygon","coordinates":[[[[13.5904,52.45413],[13.58984,52.45412],[13.58796,52.45439],[13.58642,52.45441],[13.58544,52.45449],[13.58477,52.45451],[13.58419,52.45449],[13.58286,52.45436],[13.58181,52.4541],[13.58176,52.45405],[13.58154,52.45399],[13.5814,52.454],[13.58133,52.45395],[13.58119,52.45393],[13.58075,52.45392],[13.58023,52.45397],[13.57994,52.45394],[13.57944,52.45376],[13.57911,52.4537],[13.57889,52.45361],[13.57838,52.45327],[13.57819,52.45319],[13.57776,52.45308],[13.57743,52.45275],[13.57691,52.45285],[13.57631,52.4529],[13.57588,52.45299],[13.5748,52.45286],[13.57471,52.45296],[13.57336,52.45172],[13.57253,52.45104],[13.57249,52.45083],[13.5732,52.45035],[13.57409,52.44959],[13.57428,52.44935],[13.57482,52.44835],[13.57507,52.4484],[13.57516,52.44839],[13.57569,52.44803],[13.57738,52.44831],[13.57745,52.4483],[13.57799,52.44817],[13.57904,52.44785],[13.57959,52.44767],[13.57972,52.44757],[13.57981,52.44706],[13.57972,52.44706],[13.57981,52.44668],[13.58025,52.44603],[13.58032,52.44564],[13.57924,52.44516],[13.57913,52.44508],[13.57918,52.44504],[13.58018,52.44547],[13.58099,52.44574],[13.58103,52.4457],[13.58119,52.4457],[13.5815,52.44563],[13.58191,52.44545],[13.58214,52.44549],[13.58232,52.44544],[13.58349,52.44497],[13.58466,52.44438],[13.58477,52.44445],[13.58447,52.44465],[13.58452,52.44469],[13.58447,52.44472],[13.5844,52.44468],[13.58406,52.44487],[13.5841,52.4449],[13.58406,52.44493],[13.58401,52.44489],[13.58346,52.44513],[13.58353,52.4452],[13.58342,52.44514],[13.58255,52.44551],[13.58255,52.44557],[13.58264,52.4456],[13.5826,52.44568],[13.58257,52.44566],[13.58253,52.4457],[13.58266,52.44581],[13.58264,52.44584],[13.58284,52.44594],[13.58364,52.44614],[13.58374,52.44602],[13.58372,52.44595],[13.58376,52.44599],[13.5839,52.44582],[13.58388,52.4458],[13.58411,52.4456],[13.58458,52.44539],[13.58474,52.44519],[13.58487,52.44524],[13.58468,52.4454],[13.58478,52.44545],[13.58476,52.44548],[13.58461,52.44545],[13.58418,52.44566],[13.58428,52.44568],[13.58427,52.4457],[13.58415,52.44567],[13.58399,52.44583],[13.5838,52.44615],[13.58426,52.44619],[13.58445,52.44617],[13.58456,52.44612],[13.58512,52.44642],[13.58516,52.4464],[13.58522,52.44644],[13.5852,52.44647],[13.58533,52.44655],[13.58539,52.44655],[13.58544,52.44658],[13.58541,52.4466],[13.58552,52.44666],[13.58544,52.44673],[13.58545,52.44687],[13.58539,52.44696],[13.58555,52.44701],[13.58555,52.44707],[13.58571,52.44727],[13.58566,52.4473],[13.58582,52.44736],[13.58604,52.44751],[13.58603,52.44763],[13.5862,52.44772],[13.5864,52.44776],[13.58661,52.4479],[13.58676,52.44806],[13.58769,52.44856],[13.58852,52.44883],[13.58856,52.44879],[13.58863,52.4488],[13.58861,52.44883],[13.58874,52.44886],[13.58926,52.44894],[13.59128,52.449],[13.59309,52.44901],[13.59495,52.44932],[13.59485,52.45036],[13.59454,52.45031],[13.59439,52.45055],[13.59439,52.45101],[13.59428,52.45133],[13.59431,52.45145],[13.59445,52.45181],[13.59459,52.45194],[13.59503,52.45223],[13.59513,52.45232],[13.59519,52.45245],[13.59518,52.45265],[13.59503,52.4529],[13.59509,52.45291],[13.59484,52.45321],[13.59583,52.45314],[13.59594,52.4536],[13.59738,52.45378],[13.59739,52.45464],[13.5973,52.45474],[13.59731,52.45486],[13.59739,52.45486],[13.59741,52.45592],[13.59697,52.45641],[13.59348,52.45543],[13.59262,52.45518],[13.5925,52.45512],[13.59248,52.45508],[13.59265,52.45483],[13.59312,52.45382],[13.59274,52.45378],[13.59202,52.45394],[13.59162,52.45398],[13.59141,52.45404],[13.59126,52.45412],[13.59101,52.45418],[13.59075,52.45418],[13.5904,52.45413]]]]}},{"type":"Feature","id":422,"properties":{"plr_schl":"09502042","plrname":"Mittelheide","nat_pers":74,"wohmi_fl":"707208","jur_pers":15,"jp_ohn_swg":13.8,"stwbg":0.75,"genossen":0.45,"sozvermiet":12.2,"plr_id":"09502042"},"geometry":{"type":"MultiPolygon","coordinates":[[[[13.60715,52.46004],[13.60771,52.46035],[13.60817,52.4603],[13.60847,52.46063],[13.60876,52.46064],[13.60899,52.46043],[13.60932,52.46031],[13.61091,52.46043],[13.61101,52.4607],[13.61157,52.46117],[13.61185,52.46126],[13.61208,52.46112],[13.61252,52.46113],[13.61289,52.46133],[13.61331,52.46121],[13.6137,52.46135],[13.61395,52.4617],[13.61439,52.46144],[13.61463,52.46147],[13.61478,52.46174],[13.615,52.46178],[13.61546,52.46174],[13.61576,52.46178],[13.61561,52.46198],[13.61572,52.46213],[13.61608,52.46224],[13.61644,52.46253],[13.61681,52.46261],[13.617,52.46247],[13.61689,52.46212],[13.6181,52.46245],[13.61837,52.46262],[13.61844,52.46292],[13.6186,52.46295],[13.61884,52.46289],[13.61915,52.46271],[13.61928,52.46272],[13.61951,52.46318],[13.62038,52.46351],[13.61983,52.46408],[13.61978,52.46483],[13.6203,52.46587],[13.62056,52.46626],[13.62174,52.4668],[13.62196,52.46701],[13.62202,52.46785],[13.62192,52.46849],[13.62102,52.4685],[13.62105,52.46954],[13.62117,52.47046],[13.61767,52.47108],[13.61712,52.47121],[13.61507,52.46972],[13.6135,52.47023],[13.61213,52.47052],[13.6115,52.47063],[13.6113,52.47048],[13.60815,52.47109],[13.60838,52.47285],[13.6049,52.47291],[13.60307,52.47279],[13.59994,52.47431],[13.59981,52.47415],[13.59944,52.47386],[13.59911,52.47367],[13.59861,52.47347],[13.59469,52.47231],[13.59287,52.47165],[13.59282,52.47167],[13.59133,52.47108],[13.58941,52.47],[13.58798,52.46897],[13.58464,52.46615],[13.58452,52.46598],[13.58446,52.4658],[13.58428,52.46381],[13.58413,52.46339],[13.58188,52.46073],[13.58008,52.45912],[13.58024,52.45896],[13.58234,52.45902],[13.58316,52.45897],[13.58666,52.45915],[13.58756,52.45927],[13.58964,52.45919],[13.59538,52.45906],[13.60353,52.45883],[13.60335,52.45812],[13.60339,52.45812],[13.60395,52.4583],[13.60712,52.45828],[13.60708,52.45831],[13.60711,52.45834],[13.60604,52.45878],[13.60587,52.45898],[13.60591,52.45908],[13.60641,52.45935],[13.60703,52.45982],[13.60715,52.46004]]]]}},{"type":"Feature","id":423,"properties":{"plr_schl":"09502043","plrname":"Dammheide","nat_pers":74,"wohmi_fl":"1236680","jur_pers":25,"jp_ohn_swg":4,"stwbg":6,"genossen":15,"sozvermiet":21,"plr_id":"09502043"},"geometry":{"type":"MultiPolygon","coordinates":[[[[13.5526,52.47365],[13.55153,52.47362],[13.55034,52.4737],[13.54919,52.47386],[13.54799,52.47387],[13.54848,52.47331],[13.54244,52.47395],[13.54865,52.47122],[13.54913,52.47099],[13.54945,52.47076],[13.55085,52.47011],[13.55127,52.46995],[13.55202,52.46975],[13.55257,52.46965],[13.55267,52.4697],[13.55288,52.46965],[13.55292,52.46946],[13.55305,52.46943],[13.55299,52.46933],[13.55285,52.46937],[13.5528,52.46932],[13.55296,52.46925],[13.55262,52.46896],[13.55259,52.46886],[13.55265,52.46872],[13.55291,52.46839],[13.55422,52.46696],[13.55431,52.46685],[13.55428,52.46684],[13.5555,52.46547],[13.55558,52.46543],[13.55578,52.46515],[13.56151,52.4587],[13.56363,52.45677],[13.56411,52.45673],[13.56472,52.4566],[13.56458,52.4569],[13.56476,52.45698],[13.56557,52.45722],[13.56563,52.45731],[13.56693,52.45774],[13.56683,52.45785],[13.56697,52.45793],[13.56825,52.45843],[13.56877,52.45848],[13.56881,52.45842],[13.56986,52.45872],[13.57142,52.45924],[13.57143,52.45927],[13.57127,52.45944],[13.57227,52.45983],[13.57265,52.4592],[13.57323,52.45929],[13.57285,52.46014],[13.57288,52.46022],[13.57269,52.46066],[13.5743,52.4601],[13.57618,52.45956],[13.57824,52.45911],[13.57826,52.45905],[13.57887,52.45898],[13.57931,52.45897],[13.57943,52.45885],[13.5802,52.4588],[13.58024,52.45896],[13.58008,52.45912],[13.58188,52.46073],[13.58413,52.46339],[13.58428,52.46381],[13.58446,52.4658],[13.58452,52.46598],[13.58464,52.46615],[13.58798,52.46897],[13.58941,52.47],[13.59133,52.47108],[13.59282,52.47167],[13.59287,52.47165],[13.59469,52.47231],[13.59861,52.47347],[13.59911,52.47367],[13.59944,52.47386],[13.59981,52.47415],[13.59994,52.47431],[13.59968,52.47447],[13.59962,52.47439],[13.59833,52.47516],[13.59733,52.47563],[13.59677,52.47599],[13.59521,52.47682],[13.59393,52.47739],[13.59156,52.47864],[13.59065,52.47905],[13.58949,52.47967],[13.58634,52.48112],[13.58187,52.47997],[13.57972,52.48102],[13.57753,52.48023],[13.57512,52.47948],[13.57512,52.47944],[13.57502,52.47937],[13.57468,52.47816],[13.57444,52.47752],[13.57384,52.47697],[13.57384,52.47687],[13.57395,52.47665],[13.57393,52.47655],[13.57387,52.4765],[13.57372,52.47648],[13.57365,52.47651],[13.57343,52.47679],[13.57306,52.47666],[13.57196,52.47622],[13.57199,52.47618],[13.56935,52.47514],[13.56787,52.47458],[13.56778,52.47455],[13.56772,52.47458],[13.56705,52.47387],[13.56666,52.47379],[13.56663,52.47372],[13.56567,52.4736],[13.56513,52.47396],[13.56415,52.47367],[13.56309,52.47347],[13.56193,52.47334],[13.56087,52.47326],[13.55964,52.47324],[13.55735,52.47329],[13.55619,52.47349],[13.55505,52.47361],[13.5526,52.47365]]]]}},{"type":"Feature","id":424,"properties":{"plr_schl":"10100101","plrname":"Marzahn West","nat_pers":30,"wohmi_fl":"253921","jur_pers":68,"jp_ohn_swg":4.08,"stwbg":63.92,"genossen":0,"sozvermiet":65.92,"plr_id":"10100101"},"geometry":{"type":"MultiPolygon","coordinates":[[[[13.54463,52.56694],[13.54474,52.56693],[13.54819,52.56549],[13.54822,52.56551],[13.54833,52.56546],[13.54895,52.56591],[13.54912,52.56596],[13.54945,52.56596],[13.55141,52.56538],[13.55378,52.5646],[13.55417,52.56449],[13.55432,52.5645],[13.55428,52.56445],[13.55408,52.56436],[13.55397,52.56422],[13.55399,52.56419],[13.55391,52.5641],[13.55387,52.56412],[13.55376,52.56398],[13.55532,52.56351],[13.5553,52.56349],[13.55627,52.56318],[13.55749,52.56274],[13.55757,52.56277],[13.55791,52.56268],[13.5582,52.56302],[13.55833,52.56302],[13.55881,52.56351],[13.56137,52.56631],[13.56261,52.56758],[13.5643,52.5695],[13.56628,52.57186],[13.56652,52.57176],[13.56688,52.57216],[13.56686,52.57219],[13.56702,52.57239],[13.5667,52.57239],[13.56663,52.57233],[13.56641,52.5724],[13.56652,52.57256],[13.56642,52.57258],[13.56678,52.57305],[13.56457,52.57225],[13.56285,52.57179],[13.55671,52.57033],[13.55586,52.57016],[13.55587,52.57014],[13.54973,52.56869],[13.54963,52.56867],[13.54962,52.56869],[13.54563,52.56777],[13.54463,52.56694]]]]}},{"type":"Feature","id":425,"properties":{"plr_schl":"10100102","plrname":"Rosenbecker Straße","nat_pers":43,"wohmi_fl":"166637","jur_pers":57,"jp_ohn_swg":0,"stwbg":57,"genossen":0,"sozvermiet":57,"plr_id":"10100102"},"geometry":{"type":"MultiPolygon","coordinates":[[[[13.57403,52.56758],[13.57432,52.56769],[13.5749,52.56838],[13.57487,52.56839],[13.5749,52.56843],[13.57541,52.569],[13.57566,52.56948],[13.5757,52.56968],[13.57566,52.57006],[13.57557,52.57032],[13.57476,52.57196],[13.57476,52.57231],[13.57493,52.57316],[13.575,52.57318],[13.575,52.5733],[13.57482,52.57367],[13.57471,52.57369],[13.57469,52.57384],[13.57141,52.57324],[13.56908,52.57337],[13.56916,52.57308],[13.56857,52.5731],[13.5685,52.5734],[13.56827,52.57379],[13.5677,52.57451],[13.56727,52.57404],[13.56675,52.57361],[13.56659,52.57332],[13.56614,52.57301],[13.56655,52.57316],[13.56646,52.57293],[13.56678,52.57305],[13.56642,52.57258],[13.56652,52.57256],[13.56641,52.5724],[13.56663,52.57233],[13.5667,52.57239],[13.56702,52.57239],[13.56686,52.57219],[13.56688,52.57216],[13.56652,52.57176],[13.56628,52.57186],[13.56511,52.57049],[13.56834,52.56942],[13.56851,52.56932],[13.56899,52.56916],[13.56901,52.56918],[13.56938,52.56906],[13.57173,52.56827],[13.5719,52.56824],[13.57301,52.56788],[13.57304,52.56791],[13.57403,52.56758]]]]}},{"type":"Feature","id":426,"properties":{"plr_schl":"10100103","plrname":"Wittenberger Straße","nat_pers":0,"wohmi_fl":"199550","jur_pers":100,"jp_ohn_swg":4,"stwbg":53,"genossen":43,"sozvermiet":96,"plr_id":"10100103"},"geometry":{"type":"MultiPolygon","coordinates":[[[[13.57403,52.56758],[13.57304,52.56791],[13.57301,52.56788],[13.5719,52.56824],[13.57173,52.56827],[13.56938,52.56906],[13.56901,52.56918],[13.56899,52.56916],[13.56851,52.56932],[13.56834,52.56942],[13.56511,52.57049],[13.5643,52.5695],[13.56261,52.56758],[13.56137,52.56631],[13.55881,52.56351],[13.55833,52.56302],[13.55819,52.563],[13.55895,52.56272],[13.5601,52.56236],[13.56212,52.56181],[13.56207,52.56173],[13.56255,52.56155],[13.56314,52.5614],[13.56315,52.56143],[13.56328,52.56141],[13.56354,52.56136],[13.56353,52.56134],[13.56425,52.56122],[13.56589,52.56103],[13.56684,52.56096],[13.57072,52.56081],[13.57375,52.5606],[13.57433,52.56052],[13.57486,52.56033],[13.57495,52.5604],[13.57527,52.56053],[13.57616,52.56125],[13.57619,52.56124],[13.57636,52.56137],[13.57638,52.56142],[13.5756,52.56155],[13.57518,52.56156],[13.57359,52.56131],[13.57318,52.56129],[13.56997,52.56147],[13.56974,52.56143],[13.56965,52.56144],[13.56984,52.56248],[13.56995,52.56273],[13.57018,52.56307],[13.57115,52.56418],[13.57104,52.56422],[13.57132,52.56453],[13.57134,52.5646],[13.57184,52.56517],[13.57188,52.56516],[13.57403,52.56758]]]]}},{"type":"Feature","id":427,"properties":{"plr_schl":"10100104","plrname":"Golliner Straße","nat_pers":2,"wohmi_fl":"174998","jur_pers":98,"jp_ohn_swg":15.68,"stwbg":51.94,"genossen":30.38,"sozvermiet":82.32,"plr_id":"10100104"},"geometry":{"type":"MultiPolygon","coordinates":[[[[13.57403,52.56758],[13.57188,52.56516],[13.57184,52.56517],[13.57134,52.5646],[13.57132,52.56453],[13.57104,52.56422],[13.57115,52.56418],[13.57018,52.56307],[13.56995,52.56273],[13.56984,52.56248],[13.56965,52.56144],[13.56974,52.56143],[13.56997,52.56147],[13.57332,52.56129],[13.57359,52.56131],[13.57492,52.56153],[13.57551,52.56156],[13.57638,52.56142],[13.57636,52.56137],[13.57664,52.56131],[13.57787,52.56118],[13.57825,52.56107],[13.5823,52.55926],[13.58523,52.55835],[13.5857,52.55842],[13.58504,52.55892],[13.58489,52.55908],[13.58471,52.55931],[13.58443,52.55986],[13.58443,52.56057],[13.58433,52.56126],[13.58383,52.5626],[13.58381,52.56302],[13.58393,52.56376],[13.58374,52.56415],[13.58338,52.56468],[13.58317,52.56521],[13.58323,52.56558],[13.58314,52.56584],[13.58312,52.56606],[13.58343,52.56678],[13.58342,52.56741],[13.58335,52.56775],[13.58315,52.56808],[13.5831,52.56828],[13.58291,52.56854],[13.58295,52.56858],[13.58282,52.56884],[13.58256,52.5692],[13.58242,52.56953],[13.58224,52.56981],[13.5822,52.56996],[13.58209,52.5701],[13.58209,52.57017],[13.58171,52.5708],[13.5816,52.57089],[13.58154,52.57111],[13.57789,52.57113],[13.57764,52.57152],[13.57697,52.5729],[13.57497,52.57383],[13.57469,52.57378],[13.57471,52.57369],[13.57481,52.57368],[13.5749,52.57356],[13.575,52.5733],[13.575,52.57318],[13.57493,52.57316],[13.57476,52.57231],[13.57476,52.57196],[13.57557,52.57032],[13.57566,52.57006],[13.5757,52.56968],[13.57566,52.56948],[13.57541,52.569],[13.5749,52.56843],[13.57487,52.56839],[13.5749,52.56838],[13.57432,52.56769],[13.57403,52.56758]]]]}},{"type":"Feature","id":428,"properties":{"plr_schl":"10100205","plrname":"Gewerbegebiet Bitterfelder Straße","nat_pers":17,"wohmi_fl":"102837","jur_pers":44,"jp_ohn_swg":44,"stwbg":0,"genossen":0,"sozvermiet":39,"plr_id":"10100205"},"geometry":{"type":"MultiPolygon","coordinates":[[[[13.54188,52.5661],[13.54186,52.56606],[13.54127,52.56603],[13.54108,52.56596],[13.53593,52.5619],[13.53395,52.56039],[13.52919,52.55742],[13.52549,52.55543],[13.52554,52.55538],[13.52536,52.55532],[13.5259,52.55455],[13.52596,52.55457],[13.52599,52.55453],[13.52592,52.55451],[13.52623,52.55404],[13.52631,52.55399],[13.52693,52.55284],[13.52718,52.55229],[13.52724,52.55227],[13.52722,52.55217],[13.52796,52.55022],[13.52789,52.55016],[13.52819,52.54944],[13.52824,52.54945],[13.52827,52.54939],[13.52822,52.54938],[13.52866,52.54824],[13.52884,52.54763],[13.52888,52.54761],[13.5295,52.54597],[13.53001,52.54447],[13.53045,52.54355],[13.53057,52.54354],[13.53063,52.54294],[13.5306,52.5429],[13.53099,52.54174],[13.53136,52.54098],[13.5319,52.53953],[13.53226,52.53931],[13.53158,52.53917],[13.53169,52.53897],[13.53129,52.53889],[13.53143,52.53891],[13.5315,52.53886],[13.53159,52.5386],[13.53492,52.53933],[13.53494,52.5393],[13.5361,52.53962],[13.5374,52.53988],[13.53826,52.54001],[13.53847,52.54017],[13.53879,52.5403],[13.53905,52.54047],[13.53954,52.54099],[13.5399,52.54163],[13.54022,52.5421],[13.54095,52.54287],[13.54089,52.54289],[13.54094,52.54295],[13.541,52.54295],[13.54167,52.54375],[13.5417,52.54374],[13.54185,52.54391],[13.54181,52.54393],[13.54294,52.54521],[13.54302,52.54522],[13.54318,52.54538],[13.54313,52.54541],[13.54432,52.54663],[13.54591,52.5484],[13.54776,52.55068],[13.54782,52.55066],[13.5479,52.55074],[13.54784,52.55077],[13.54955,52.55276],[13.55254,52.55615],[13.55355,52.55736],[13.5536,52.55734],[13.55368,52.55743],[13.55363,52.55745],[13.5547,52.55865],[13.55642,52.5608],[13.55798,52.56259],[13.55791,52.56268],[13.55771,52.56275],[13.55757,52.56277],[13.55749,52.56274],[13.55627,52.56318],[13.5553,52.56349],[13.55532,52.56351],[13.55376,52.56398],[13.55387,52.56412],[13.55391,52.5641],[13.55399,52.56419],[13.55397,52.56422],[13.55408,52.56436],[13.55428,52.56445],[13.55432,52.5645],[13.55417,52.56449],[13.55378,52.5646],[13.55141,52.56538],[13.54945,52.56596],[13.54912,52.56596],[13.54895,52.56591],[13.54833,52.56546],[13.54786,52.56562],[13.54744,52.56582],[13.5447,52.56694],[13.54463,52.56694],[13.54384,52.56659],[13.54255,52.5662],[13.54236,52.56615],[13.54188,52.5661]]]]}},{"type":"Feature","id":429,"properties":{"plr_schl":"10100206","plrname":"Wuhletalstraße","nat_pers":8,"wohmi_fl":"251431","jur_pers":92,"jp_ohn_swg":23.92,"stwbg":16.56,"genossen":51.52,"sozvermiet":68.08,"plr_id":"10100206"},"geometry":{"type":"MultiPolygon","coordinates":[[[[13.56805,52.55539],[13.56817,52.55542],[13.5699,52.55522],[13.57,52.55525],[13.5701,52.55518],[13.57031,52.55518],[13.57445,52.55471],[13.57453,52.55494],[13.57475,52.55532],[13.57511,52.55628],[13.57516,52.55654],[13.57568,52.55794],[13.57589,52.55838],[13.576,52.55875],[13.57595,52.55922],[13.5758,52.55956],[13.57571,52.55963],[13.57569,52.55976],[13.57541,52.56001],[13.57486,52.56033],[13.57433,52.56052],[13.57414,52.56056],[13.57412,52.56054],[13.57375,52.5606],[13.57072,52.56081],[13.56626,52.561],[13.56461,52.56117],[13.56353,52.56134],[13.56354,52.56136],[13.56328,52.56141],[13.56315,52.56143],[13.56314,52.5614],[13.56255,52.56155],[13.56218,52.56168],[13.56207,52.56173],[13.56212,52.56181],[13.5601,52.56236],[13.55895,52.56272],[13.55819,52.563],[13.5579,52.56267],[13.55798,52.56259],[13.55783,52.56238],[13.55642,52.5608],[13.5547,52.55865],[13.5539,52.55775],[13.55536,52.55729],[13.5555,52.55729],[13.5555,52.55723],[13.55528,52.55698],[13.55808,52.55607],[13.55836,52.5564],[13.55906,52.5562],[13.55985,52.55602],[13.56089,52.55603],[13.56104,52.55606],[13.56082,52.55581],[13.5629,52.55601],[13.56385,52.55593],[13.56396,52.55624],[13.56701,52.55589],[13.56749,52.55579],[13.56805,52.55539]]]]}},{"type":"Feature","id":430,"properties":{"plr_schl":"10100207","plrname":"Ahrensfelder Berge","nat_pers":24,"wohmi_fl":"220299","jur_pers":76,"jp_ohn_swg":16.72,"stwbg":23.56,"genossen":35.72,"sozvermiet":59.28,"plr_id":"10100207"},"geometry":{"type":"MultiPolygon","coordinates":[[[[13.57486,52.56033],[13.57541,52.56001],[13.57569,52.55976],[13.57571,52.55963],[13.5758,52.55956],[13.57595,52.55922],[13.576,52.55875],[13.57589,52.55838],[13.57568,52.55794],[13.57516,52.55654],[13.57511,52.55628],[13.57475,52.55532],[13.57453,52.55494],[13.57325,52.55134],[13.57309,52.55072],[13.57313,52.55071],[13.57281,52.54992],[13.5727,52.54948],[13.57215,52.54786],[13.57219,52.54758],[13.57212,52.54732],[13.57218,52.5472],[13.57197,52.54648],[13.57205,52.54646],[13.57235,52.54654],[13.57243,52.5466],[13.57328,52.54682],[13.57359,52.54688],[13.57366,52.54686],[13.57376,52.54688],[13.57483,52.54716],[13.57466,52.54743],[13.57706,52.54804],[13.57768,52.54818],[13.57776,52.54816],[13.57815,52.54823],[13.57827,52.54806],[13.57876,52.54822],[13.5791,52.54841],[13.57968,52.54853],[13.58186,52.54909],[13.58331,52.5494],[13.58333,52.54938],[13.58441,52.54964],[13.58529,52.54975],[13.58627,52.54974],[13.58639,52.54995],[13.58661,52.55055],[13.58691,52.55112],[13.58695,52.55174],[13.58754,52.55257],[13.58777,52.55333],[13.58778,52.55361],[13.58771,52.55388],[13.58775,52.55409],[13.58773,52.55489],[13.58764,52.55522],[13.5876,52.55562],[13.5875,52.55582],[13.58749,52.55594],[13.58735,52.55621],[13.58689,52.55672],[13.58668,52.55717],[13.58663,52.55741],[13.58648,52.55769],[13.5857,52.55842],[13.58523,52.55835],[13.5823,52.55926],[13.57825,52.56107],[13.57787,52.56118],[13.57664,52.56131],[13.57636,52.56137],[13.57619,52.56124],[13.57616,52.56125],[13.57527,52.56053],[13.57495,52.5604],[13.57486,52.56033]]]]}},{"type":"Feature","id":431,"properties":{"plr_schl":"10100208","plrname":"Bürgerpark","nat_pers":12,"wohmi_fl":"242718","jur_pers":86,"jp_ohn_swg":9.46,"stwbg":29.24,"genossen":47.3,"sozvermiet":79.54,"plr_id":"10100208"},"geometry":{"type":"MultiPolygon","coordinates":[[[[13.56805,52.55539],[13.56749,52.55579],[13.56701,52.55589],[13.56396,52.55624],[13.56385,52.55593],[13.5629,52.55601],[13.56082,52.55581],[13.56104,52.55606],[13.56089,52.55603],[13.55985,52.55602],[13.55906,52.5562],[13.55836,52.5564],[13.55808,52.55607],[13.55528,52.55698],[13.5555,52.55723],[13.5555,52.55729],[13.55536,52.55729],[13.5539,52.55775],[13.55363,52.55745],[13.55368,52.55743],[13.5536,52.55734],[13.55355,52.55736],[13.55254,52.55615],[13.55096,52.55438],[13.54802,52.55097],[13.54965,52.55048],[13.54978,52.55064],[13.55003,52.55074],[13.55623,52.5488],[13.55604,52.54857],[13.55632,52.54841],[13.55761,52.54813],[13.55805,52.54806],[13.55829,52.54808],[13.55831,52.54811],[13.55903,52.54797],[13.55917,52.54808],[13.55935,52.54813],[13.55946,52.54813],[13.5597,52.54826],[13.55977,52.54842],[13.56041,52.54915],[13.56073,52.54925],[13.56181,52.54946],[13.56196,52.54961],[13.56169,52.54969],[13.56232,52.55044],[13.56257,52.55066],[13.56281,52.55078],[13.56387,52.55099],[13.56434,52.55156],[13.56429,52.55157],[13.56449,52.5518],[13.5646,52.55182],[13.56539,52.55278],[13.56581,52.55312],[13.56656,52.55398],[13.56687,52.55417],[13.56698,52.55428],[13.56786,52.55529],[13.56805,52.55539]]]]}},{"type":"Feature","id":432,"properties":{"plr_schl":"10100209","plrname":"Lea-Grundig-Straße","nat_pers":51,"wohmi_fl":"348187","jur_pers":49,"jp_ohn_swg":19.11,"stwbg":7.84,"genossen":22.05,"sozvermiet":29.89,"plr_id":"10100209"},"geometry":{"type":"MultiPolygon","coordinates":[[[[13.56491,52.54488],[13.56528,52.54488],[13.56592,52.54495],[13.56699,52.54511],[13.56981,52.54587],[13.57089,52.54612],[13.57123,52.54626],[13.57135,52.54646],[13.57197,52.54648],[13.57218,52.5472],[13.57212,52.54732],[13.57219,52.54758],[13.57215,52.54786],[13.5727,52.54948],[13.57281,52.54992],[13.57313,52.55071],[13.57309,52.55072],[13.57325,52.55134],[13.57445,52.55471],[13.57031,52.55518],[13.5701,52.55518],[13.57,52.55525],[13.5699,52.55522],[13.56817,52.55542],[13.56797,52.55536],[13.56786,52.55529],[13.56687,52.55417],[13.56656,52.55398],[13.56581,52.55312],[13.56539,52.55278],[13.5646,52.55182],[13.56449,52.5518],[13.56429,52.55157],[13.56434,52.55156],[13.56387,52.55099],[13.56281,52.55078],[13.56257,52.55066],[13.56232,52.55044],[13.56169,52.54969],[13.56196,52.54961],[13.56181,52.54946],[13.56073,52.54925],[13.56041,52.54915],[13.55977,52.54842],[13.5597,52.54826],[13.55946,52.54813],[13.55926,52.54811],[13.55906,52.54801],[13.55903,52.54797],[13.55914,52.54787],[13.56032,52.54767],[13.56133,52.54756],[13.5625,52.54737],[13.56273,52.54731],[13.56284,52.54726],[13.5629,52.54718],[13.56343,52.54696],[13.56395,52.54662],[13.56433,52.54622],[13.56465,52.54555],[13.56477,52.54509],[13.56485,52.54491],[13.56491,52.54488]]]]}},{"type":"Feature","id":433,"properties":{"plr_schl":"10100210","plrname":"Marzahner Promenade","nat_pers":11,"wohmi_fl":"174848","jur_pers":88,"jp_ohn_swg":0.88,"stwbg":44.88,"genossen":42.24,"sozvermiet":88.12,"plr_id":"10100210"},"geometry":{"type":"MultiPolygon","coordinates":[[[[13.53819,52.53992],[13.54012,52.54021],[13.5403,52.54023],[13.5403,52.54021],[13.54204,52.54052],[13.54289,52.54072],[13.54457,52.54124],[13.54675,52.54202],[13.54977,52.5429],[13.54988,52.54301],[13.55013,52.54309],[13.55034,52.5431],[13.55588,52.54472],[13.55704,52.54498],[13.55702,52.54501],[13.55736,52.54508],[13.55797,52.54515],[13.55945,52.54518],[13.56012,52.54516],[13.56118,52.54506],[13.56247,52.54486],[13.56342,52.54478],[13.56382,52.54477],[13.56491,52.54488],[13.56485,52.54491],[13.56477,52.54509],[13.56465,52.54555],[13.56435,52.54619],[13.56416,52.54642],[13.56385,52.5467],[13.56343,52.54696],[13.5629,52.54718],[13.56284,52.54726],[13.56273,52.54731],[13.5625,52.54737],[13.56133,52.54756],[13.56067,52.54762],[13.55914,52.54787],[13.55903,52.54797],[13.55831,52.54811],[13.55829,52.54808],[13.55805,52.54806],[13.55727,52.54819],[13.5566,52.54834],[13.55632,52.54841],[13.55604,52.54857],[13.55623,52.5488],[13.55003,52.55074],[13.54978,52.55064],[13.54965,52.55048],[13.54802,52.55097],[13.54784,52.55077],[13.5479,52.55074],[13.54782,52.55066],[13.54776,52.55068],[13.54591,52.5484],[13.54432,52.54663],[13.54313,52.54541],[13.54318,52.54538],[13.54302,52.54522],[13.54294,52.54521],[13.54181,52.54393],[13.54185,52.54391],[13.5417,52.54374],[13.54167,52.54375],[13.541,52.54295],[13.54094,52.54295],[13.54089,52.54289],[13.54095,52.54287],[13.54022,52.5421],[13.5399,52.54163],[13.53954,52.54099],[13.53926,52.54067],[13.53891,52.54037],[13.53847,52.54017],[13.53819,52.53992]]]]}},{"type":"Feature","id":434,"properties":{"plr_schl":"10100311","plrname":"Marzahner Chaussee","nat_pers":75,"wohmi_fl":"545203","jur_pers":19,"jp_ohn_swg":18.24,"stwbg":0.76,"genossen":0,"sozvermiet":6.76,"plr_id":"10100311"},"geometry":{"type":"MultiPolygon","coordinates":[[[[13.53692,52.5347],[13.53724,52.53584],[13.53756,52.53677],[13.53767,52.53685],[13.53831,52.53884],[13.53828,52.53902],[13.53812,52.53914],[13.53797,52.53917],[13.53751,52.53914],[13.53807,52.53973],[13.53806,52.53977],[13.53826,52.54001],[13.5374,52.53988],[13.5361,52.53962],[13.53494,52.5393],[13.53492,52.53933],[13.53076,52.53841],[13.5306,52.53846],[13.52879,52.53799],[13.52784,52.5378],[13.52542,52.53701],[13.5254,52.53703],[13.52458,52.53672],[13.52371,52.53644],[13.52307,52.53627],[13.52182,52.53604],[13.51921,52.53583],[13.51916,52.53582],[13.51925,52.53571],[13.51688,52.53554],[13.51699,52.53541],[13.51711,52.53541],[13.51727,52.5352],[13.51716,52.53519],[13.51825,52.5337],[13.51852,52.53316],[13.51869,52.53267],[13.51871,52.53204],[13.51878,52.53135],[13.51883,52.53133],[13.51886,52.53118],[13.51883,52.53104],[13.51905,52.52875],[13.51915,52.52712],[13.51912,52.52612],[13.51929,52.52581],[13.51941,52.52456],[13.51944,52.52384],[13.5192,52.5209],[13.51916,52.52089],[13.51908,52.51965],[13.51912,52.51965],[13.51896,52.51845],[13.51874,52.51444],[13.5186,52.51454],[13.51855,52.51391],[13.51875,52.51391],[13.51876,52.51403],[13.51931,52.51403],[13.5193,52.5139],[13.52,52.51388],[13.51999,52.51373],[13.52013,52.51373],[13.52013,52.51376],[13.5204,52.51376],[13.52041,52.51387],[13.52202,52.51384],[13.5237,52.51391],[13.52442,52.51385],[13.52474,52.51379],[13.52925,52.51379],[13.53138,52.5137],[13.53197,52.5137],[13.53284,52.51362],[13.53326,52.51364],[13.53398,52.51362],[13.53514,52.51338],[13.53572,52.51316],[13.53652,52.51275],[13.53691,52.51247],[13.53732,52.51211],[13.53757,52.51179],[13.53782,52.5111],[13.53785,52.50993],[13.54392,52.50967],[13.544,52.51005],[13.54397,52.51006],[13.54416,52.51084],[13.54433,52.51086],[13.54434,52.51133],[13.54455,52.51247],[13.54483,52.51353],[13.54491,52.51414],[13.54525,52.51562],[13.5454,52.51596],[13.54548,52.5163],[13.54498,52.51632],[13.54503,52.51667],[13.545,52.51707],[13.54479,52.51788],[13.54451,52.51844],[13.54401,52.51913],[13.54328,52.51982],[13.54076,52.52168],[13.53972,52.5226],[13.5389,52.52359],[13.53829,52.5246],[13.537,52.52774],[13.53678,52.52859],[13.53665,52.52955],[13.53656,52.53155],[13.53665,52.53288],[13.53686,52.53428],[13.53681,52.53429],[13.53684,52.53454],[13.53692,52.5347]]]]}},{"type":"Feature","id":435,"properties":{"plr_schl":"10100312","plrname":"Springpfuhl","nat_pers":9,"wohmi_fl":"301079","jur_pers":91,"jp_ohn_swg":27.3,"stwbg":31.85,"genossen":31.85,"sozvermiet":63.7,"plr_id":"10100312"},"geometry":{"type":"MultiPolygon","coordinates":[[[[13.54875,52.53401],[13.54128,52.53452],[13.54001,52.53456],[13.53748,52.53458],[13.53746,52.53465],[13.53739,52.53468],[13.53692,52.5347],[13.53684,52.53454],[13.53681,52.53429],[13.53686,52.53428],[13.53665,52.53288],[13.53656,52.53155],[13.53665,52.52955],[13.53678,52.52859],[13.537,52.52774],[13.53829,52.5246],[13.5389,52.52359],[13.53972,52.5226],[13.54076,52.52168],[13.54328,52.51982],[13.54401,52.51913],[13.54451,52.51844],[13.54479,52.51788],[13.545,52.51707],[13.54503,52.51667],[13.54498,52.51632],[13.54557,52.51629],[13.54677,52.52173],[13.54751,52.52174],[13.54839,52.52577],[13.54862,52.52581],[13.54957,52.53014],[13.54978,52.53013],[13.55028,52.53243],[13.55012,52.53245],[13.55021,52.53286],[13.55044,52.5332],[13.55071,52.53341],[13.55119,52.53361],[13.55174,52.5337],[13.55169,52.5341],[13.54998,52.53399],[13.54875,52.53401]]]]}},{"type":"Feature","id":436,"properties":{"plr_schl":"10100313","plrname":"Alt-Marzahn","nat_pers":89,"wohmi_fl":"547126","jur_pers":10,"jp_ohn_swg":4.5,"stwbg":1.8,"genossen":3.7,"sozvermiet":5.5,"plr_id":"10100313"},"geometry":{"type":"MultiPolygon","coordinates":[[[[13.53819,52.53992],[13.53774,52.53935],[13.53751,52.53914],[13.53778,52.53917],[13.53812,52.53914],[13.53828,52.53902],[13.53831,52.53884],[13.53767,52.53685],[13.53756,52.53677],[13.53724,52.53584],[13.53692,52.5347],[13.53739,52.53468],[13.53746,52.53465],[13.53748,52.53458],[13.54001,52.53456],[13.54128,52.53452],[13.54877,52.53401],[13.54901,52.53437],[13.55208,52.53821],[13.55323,52.53801],[13.5562,52.54064],[13.55638,52.54072],[13.55774,52.54191],[13.55781,52.54272],[13.5579,52.54284],[13.55906,52.5425],[13.55917,52.54244],[13.55949,52.54211],[13.55952,52.54167],[13.56192,52.54167],[13.56194,52.54171],[13.56238,52.54171],[13.56297,52.54156],[13.56302,52.54148],[13.56344,52.54134],[13.5641,52.5421],[13.56435,52.54245],[13.56464,52.543],[13.56485,52.5437],[13.56493,52.54433],[13.56491,52.54488],[13.56382,52.54477],[13.56342,52.54478],[13.56247,52.54486],[13.56118,52.54506],[13.56012,52.54516],[13.55945,52.54518],[13.55797,52.54515],[13.55736,52.54508],[13.55702,52.54501],[13.55704,52.54498],[13.55588,52.54472],[13.55034,52.5431],[13.55013,52.54309],[13.54988,52.54301],[13.54977,52.5429],[13.54675,52.54202],[13.54457,52.54124],[13.54289,52.54072],[13.54204,52.54052],[13.5403,52.54021],[13.5403,52.54023],[13.54012,52.54021],[13.53819,52.53992]]]]}},{"type":"Feature","id":437,"properties":{"plr_schl":"10100314","plrname":"Auersbergstraße","nat_pers":60,"wohmi_fl":"177366","jur_pers":38,"jp_ohn_swg":2.28,"stwbg":6.08,"genossen":29.64,"sozvermiet":37.72,"plr_id":"10100314"},"geometry":{"type":"MultiPolygon","coordinates":[[[[13.55752,52.54171],[13.55638,52.54072],[13.5562,52.54064],[13.55323,52.53801],[13.55208,52.53821],[13.54901,52.53437],[13.54881,52.53404],[13.54875,52.53401],[13.54998,52.53399],[13.55169,52.5341],[13.55174,52.5337],[13.55293,52.53368],[13.55299,52.53377],[13.55663,52.5339],[13.55665,52.53394],[13.55709,52.53408],[13.55725,52.5341],[13.55746,52.53424],[13.55747,52.53432],[13.55781,52.5346],[13.55832,52.53519],[13.56344,52.54134],[13.56302,52.54148],[13.56297,52.54156],[13.56238,52.54171],[13.56194,52.54171],[13.56192,52.54167],[13.55952,52.54167],[13.55949,52.54211],[13.55917,52.54244],[13.55906,52.5425],[13.5579,52.54284],[13.55781,52.54272],[13.55774,52.54191],[13.55752,52.54171]]]]}},{"type":"Feature","id":438,"properties":{"plr_schl":"10100315","plrname":"Bärenstein","nat_pers":38,"wohmi_fl":"248140","jur_pers":60,"jp_ohn_swg":12.6,"stwbg":9,"genossen":38.4,"sozvermiet":49.4,"plr_id":"10100315"},"geometry":{"type":"MultiPolygon","coordinates":[[[[13.56344,52.54134],[13.55832,52.53519],[13.55781,52.5346],[13.55747,52.53432],[13.55746,52.53421],[13.5576,52.53415],[13.55779,52.5341],[13.5581,52.53409],[13.56543,52.53436],[13.56558,52.5344],[13.56611,52.53445],[13.56663,52.5344],[13.56668,52.53454],[13.56688,52.53483],[13.56764,52.53586],[13.5687,52.53753],[13.56867,52.5376],[13.56871,52.53772],[13.56908,52.53806],[13.56904,52.53813],[13.56909,52.5382],[13.56921,52.53816],[13.56926,52.53822],[13.56957,52.53876],[13.56995,52.53958],[13.57018,52.54051],[13.57013,52.54085],[13.57025,52.54126],[13.57082,52.54302],[13.57144,52.54457],[13.57187,52.54591],[13.57197,52.54648],[13.57135,52.54646],[13.57123,52.54626],[13.57089,52.54612],[13.56981,52.54587],[13.56699,52.54511],[13.56592,52.54495],[13.56528,52.54488],[13.56491,52.54488],[13.56493,52.54433],[13.56485,52.5437],[13.56464,52.543],[13.56435,52.54245],[13.5641,52.5421],[13.56344,52.54134]]]]}},{"type":"Feature","id":439,"properties":{"plr_schl":"10100316","plrname":"Landsberger Tor","nat_pers":37,"wohmi_fl":"167652","jur_pers":63,"jp_ohn_swg":40.32,"stwbg":20.16,"genossen":2.52,"sozvermiet":22.68,"plr_id":"10100316"},"geometry":{"type":"MultiPolygon","coordinates":[[[[13.5861,52.54937],[13.58625,52.54959],[13.58627,52.54974],[13.58529,52.54975],[13.58411,52.54958],[13.58333,52.54938],[13.58331,52.5494],[13.58186,52.54909],[13.57968,52.54853],[13.5791,52.54841],[13.57876,52.54822],[13.57827,52.54806],[13.57815,52.54823],[13.57776,52.54816],[13.57768,52.54818],[13.57607,52.5478],[13.57466,52.54743],[13.57483,52.54716],[13.57376,52.54688],[13.57366,52.54686],[13.57359,52.54688],[13.57328,52.54682],[13.57243,52.5466],[13.57235,52.54654],[13.57205,52.54646],[13.57197,52.54648],[13.57187,52.54591],[13.57144,52.54457],[13.57082,52.54302],[13.57025,52.54126],[13.57013,52.54085],[13.57018,52.54051],[13.56995,52.53958],[13.56957,52.53876],[13.56926,52.53822],[13.56921,52.53816],[13.56909,52.5382],[13.56904,52.53813],[13.56908,52.53806],[13.56871,52.53772],[13.56867,52.5376],[13.5687,52.53753],[13.56764,52.53586],[13.56706,52.53508],[13.56741,52.53504],[13.56741,52.53497],[13.56869,52.53468],[13.57037,52.53445],[13.57233,52.53412],[13.57272,52.53403],[13.57274,52.53412],[13.57313,52.53405],[13.57367,52.5341],[13.57486,52.53427],[13.57525,52.53415],[13.57594,52.53385],[13.57654,52.53348],[13.57702,52.53299],[13.57743,52.53249],[13.57786,52.53221],[13.57841,52.53199],[13.58059,52.53129],[13.58175,52.53084],[13.58328,52.53042],[13.58378,52.53024],[13.58393,52.53012],[13.58511,52.53042],[13.5857,52.53077],[13.58628,52.53121],[13.58639,52.53138],[13.5864,52.53148],[13.58635,52.53165],[13.58592,52.53244],[13.58592,52.5327],[13.58597,52.53286],[13.58664,52.53407],[13.5875,52.53395],[13.5875,52.53397],[13.58664,52.5341],[13.58663,52.53459],[13.58647,52.53507],[13.58516,52.53675],[13.58477,52.53716],[13.58333,52.5385],[13.58203,52.53904],[13.58112,52.53994],[13.58086,52.54093],[13.58075,52.54155],[13.58071,52.54217],[13.58095,52.54304],[13.58172,52.54385],[13.58244,52.54444],[13.58286,52.54507],[13.58298,52.54541],[13.58358,52.54624],[13.58402,52.54665],[13.58431,52.54701],[13.58476,52.54789],[13.5861,52.54937]]]]}},{"type":"Feature","id":440,"properties":{"plr_schl":"10200417","plrname":"Zossener Straße","nat_pers":15,"wohmi_fl":"215986","jur_pers":83,"jp_ohn_swg":44.82,"stwbg":19.09,"genossen":19.09,"sozvermiet":40.18,"plr_id":"10200417"},"geometry":{"type":"MultiPolygon","coordinates":[[[[13.58639,52.54995],[13.5863,52.54983],[13.58625,52.54959],[13.5861,52.54937],[13.58666,52.54931],[13.58659,52.54916],[13.58608,52.54868],[13.58563,52.54817],[13.58432,52.54629],[13.58464,52.54626],[13.58471,52.54621],[13.58573,52.54606],[13.58676,52.54595],[13.59068,52.5454],[13.59064,52.54525],[13.59154,52.54515],[13.59187,52.54508],[13.59201,52.54502],[13.59871,52.54413],[13.59877,52.54428],[13.59904,52.54424],[13.59919,52.54416],[13.59939,52.54415],[13.60282,52.54442],[13.60268,52.54505],[13.60334,52.54678],[13.58741,52.54945],[13.58655,52.54976],[13.58638,52.54978],[13.58639,52.54995]]]]}},{"type":"Feature","id":441,"properties":{"plr_schl":"10200418","plrname":"Kyritzer Straße","nat_pers":1,"wohmi_fl":"233978","jur_pers":99,"jp_ohn_swg":1.98,"stwbg":37.62,"genossen":59.4,"sozvermiet":97.02,"plr_id":"10200418"},"geometry":{"type":"MultiPolygon","coordinates":[[[[13.59595,52.54164],[13.59593,52.54178],[13.59584,52.54177],[13.59559,52.54289],[13.59567,52.54293],[13.59563,52.54315],[13.59612,52.54448],[13.59201,52.54502],[13.59187,52.54508],[13.59154,52.54515],[13.59064,52.54525],[13.59068,52.5454],[13.58676,52.54595],[13.58573,52.54606],[13.58471,52.54621],[13.58464,52.54626],[13.58432,52.54629],[13.58563,52.54817],[13.58608,52.54868],[13.58659,52.54916],[13.58666,52.54931],[13.5861,52.54937],[13.58476,52.54789],[13.58431,52.54701],[13.58402,52.54665],[13.58358,52.54624],[13.58298,52.54541],[13.58286,52.54507],[13.58244,52.54444],[13.58172,52.54385],[13.58091,52.54297],[13.58071,52.54217],[13.58075,52.54155],[13.58105,52.54012],[13.58112,52.53994],[13.58131,52.53975],[13.58191,52.53976],[13.58198,52.53975],[13.58201,52.5397],[13.58509,52.53942],[13.5858,52.53931],[13.5862,52.53931],[13.58697,52.5392],[13.58869,52.5392],[13.58966,52.53936],[13.59157,52.53949],[13.59212,52.53957],[13.59196,52.54031],[13.59199,52.54032],[13.59606,52.54076],[13.59592,52.54133],[13.59601,52.54134],[13.59595,52.54164]]]]}},{"type":"Feature","id":442,"properties":{"plr_schl":"10200419","plrname":"Havelländer Ring","nat_pers":0,"wohmi_fl":"129841","jur_pers":100,"jp_ohn_swg":85,"stwbg":15,"genossen":0,"sozvermiet":15,"plr_id":"10200419"},"geometry":{"type":"MultiPolygon","coordinates":[[[[13.60069,52.53895],[13.60241,52.53912],[13.60241,52.53914],[13.60283,52.5392],[13.60393,52.53929],[13.60346,52.54139],[13.60329,52.5424],[13.60282,52.54442],[13.59939,52.54415],[13.59919,52.54416],[13.59904,52.54424],[13.59877,52.54428],[13.59871,52.54413],[13.59612,52.54448],[13.59563,52.54315],[13.59567,52.54293],[13.59559,52.54289],[13.59584,52.54177],[13.59593,52.54178],[13.59595,52.54164],[13.59809,52.54179],[13.59839,52.54186],[13.59904,52.54211],[13.59997,52.54218],[13.6003,52.54044],[13.60069,52.53895]]]]}},{"type":"Feature","id":443,"properties":{"plr_schl":"10200420","plrname":"Gut Hellersdorf","nat_pers":5,"wohmi_fl":"289150","jur_pers":95,"jp_ohn_swg":16.15,"stwbg":78.85,"genossen":0,"sozvermiet":78.85,"plr_id":"10200420"},"geometry":{"type":"MultiPolygon","coordinates":[[[[13.58131,52.53975],[13.58203,52.53904],[13.58333,52.5385],[13.58477,52.53716],[13.58516,52.53675],[13.58647,52.53507],[13.58663,52.53459],[13.58664,52.5341],[13.58775,52.53394],[13.58776,52.53404],[13.58838,52.53404],[13.58848,52.53399],[13.58963,52.53391],[13.58955,52.53357],[13.59029,52.53347],[13.59043,52.53388],[13.5912,52.53378],[13.59126,52.53365],[13.59147,52.53348],[13.59285,52.53275],[13.59367,52.53329],[13.5942,52.53353],[13.59494,52.53381],[13.59537,52.5339],[13.59687,52.53432],[13.59719,52.53446],[13.60082,52.53547],[13.60148,52.53562],[13.60092,52.53829],[13.60082,52.53845],[13.6003,52.54044],[13.59997,52.54218],[13.59904,52.54211],[13.59839,52.54186],[13.59809,52.54179],[13.59595,52.54164],[13.59601,52.54134],[13.59592,52.54133],[13.59606,52.54076],[13.59199,52.54032],[13.59196,52.54031],[13.59212,52.53957],[13.59157,52.53949],[13.58966,52.53936],[13.58869,52.5392],[13.58697,52.5392],[13.5862,52.53931],[13.5858,52.53931],[13.58509,52.53942],[13.58201,52.5397],[13.58198,52.53975],[13.58191,52.53976],[13.58131,52.53975]]]]}},{"type":"Feature","id":444,"properties":{"plr_schl":"10200421","plrname":"Helle Mitte","nat_pers":43,"wohmi_fl":"52546","jur_pers":52,"jp_ohn_swg":52,"stwbg":0,"genossen":0,"sozvermiet":5,"plr_id":"10200421"},"geometry":{"type":"MultiPolygon","coordinates":[[[[13.60148,52.53562],[13.60408,52.53634],[13.6042,52.53619],[13.60533,52.53651],[13.60535,52.53649],[13.60765,52.53709],[13.60877,52.53734],[13.60838,52.53945],[13.60811,52.53943],[13.60807,52.53961],[13.60283,52.5392],[13.60241,52.53914],[13.60241,52.53912],[13.60069,52.53895],[13.60082,52.53845],[13.60092,52.53829],[13.60148,52.53562]]]]}},{"type":"Feature","id":445,"properties":{"plr_schl":"10200422","plrname":"Hellersdorfer Promenade","nat_pers":0,"wohmi_fl":"218975","jur_pers":98,"jp_ohn_swg":66.64,"stwbg":31.36,"genossen":0,"sozvermiet":33.36,"plr_id":"10200422"},"geometry":{"type":"MultiPolygon","coordinates":[[[[13.60334,52.54678],[13.60268,52.54505],[13.60329,52.5424],[13.60346,52.54139],[13.60393,52.53929],[13.60807,52.53961],[13.60811,52.53943],[13.60838,52.53945],[13.60877,52.53734],[13.61021,52.53761],[13.61017,52.53769],[13.61263,52.53813],[13.6118,52.53991],[13.6116,52.54052],[13.61148,52.54106],[13.6116,52.54107],[13.61152,52.54117],[13.61139,52.54173],[13.61133,52.54173],[13.61103,52.54194],[13.6105,52.54221],[13.61047,52.54234],[13.61086,52.54237],[13.61084,52.54242],[13.61092,52.54243],[13.61081,52.54295],[13.61202,52.54303],[13.61186,52.54344],[13.61088,52.54348],[13.6106,52.54556],[13.60334,52.54678]]]]}},{"type":"Feature","id":446,"properties":{"plr_schl":"10200423","plrname":"Böhlener Straße","nat_pers":29,"wohmi_fl":"178568","jur_pers":69,"jp_ohn_swg":69,"stwbg":0,"genossen":0,"sozvermiet":2,"plr_id":"10200423"},"geometry":{"type":"MultiPolygon","coordinates":[[[[13.6106,52.54556],[13.61088,52.54348],[13.61186,52.54344],[13.61202,52.54303],[13.61081,52.54295],[13.61092,52.54243],[13.61084,52.54242],[13.61086,52.54237],[13.61047,52.54234],[13.6105,52.54221],[13.61103,52.54194],[13.61133,52.54173],[13.61139,52.54173],[13.61152,52.54117],[13.6116,52.54107],[13.61148,52.54106],[13.6116,52.54052],[13.6118,52.53991],[13.61263,52.53813],[13.61644,52.53891],[13.61962,52.53934],[13.61998,52.53936],[13.61997,52.53938],[13.62026,52.53944],[13.62205,52.53959],[13.62691,52.53947],[13.62887,52.5393],[13.63051,52.53907],[13.63165,52.53886],[13.63167,52.5389],[13.63457,52.53826],[13.6346,52.53831],[13.6349,52.53822],[13.63765,52.54092],[13.63737,52.54225],[13.63646,52.54224],[13.63545,52.5423],[13.6344,52.54282],[13.6261,52.54359],[13.61871,52.54421],[13.6106,52.54556]]]]}},{"type":"Feature","id":447,"properties":{"plr_schl":"10200524","plrname":"Adele-Sandrock-Straße","nat_pers":3,"wohmi_fl":"339975","jur_pers":97,"jp_ohn_swg":34.92,"stwbg":29.1,"genossen":32.98,"sozvermiet":62.08,"plr_id":"10200524"},"geometry":{"type":"MultiPolygon","coordinates":[[[[13.60877,52.53734],[13.60822,52.53723],[13.60473,52.53635],[13.60598,52.53459],[13.60544,52.53444],[13.60585,52.53389],[13.60592,52.53385],[13.60604,52.53385],[13.60621,52.53363],[13.60644,52.53344],[13.60689,52.53334],[13.60703,52.53348],[13.60918,52.53297],[13.61026,52.53281],[13.62157,52.53044],[13.62298,52.53011],[13.62577,52.52921],[13.62575,52.52914],[13.62612,52.52951],[13.62583,52.52962],[13.62481,52.53358],[13.62574,52.53404],[13.62482,52.53811],[13.62488,52.53805],[13.62513,52.53793],[13.62574,52.53778],[13.62754,52.53749],[13.62807,52.53753],[13.62822,52.53757],[13.62851,52.5377],[13.62886,52.53798],[13.629,52.53793],[13.63058,52.53762],[13.63089,52.53779],[13.63161,52.538],[13.6328,52.53779],[13.63309,52.5378],[13.63312,52.53787],[13.63339,52.53782],[13.63395,52.53765],[13.63416,52.53803],[13.6344,52.53797],[13.63438,52.53794],[13.63455,52.53793],[13.63475,52.53826],[13.6346,52.53831],[13.63457,52.53826],[13.63167,52.5389],[13.63165,52.53886],[13.63051,52.53907],[13.62887,52.5393],[13.62691,52.53947],[13.62205,52.53959],[13.62026,52.53944],[13.61997,52.53938],[13.61998,52.53936],[13.61962,52.53934],[13.61644,52.53891],[13.61263,52.53813],[13.61017,52.53769],[13.61021,52.53761],[13.60877,52.53734]]]]}},{"type":"Feature","id":448,"properties":{"plr_schl":"10200525","plrname":"Schleipfuhl","nat_pers":6,"wohmi_fl":"138499","jur_pers":94,"jp_ohn_swg":31.02,"stwbg":62.98,"genossen":0,"sozvermiet":62.98,"plr_id":"10200525"},"geometry":{"type":"MultiPolygon","coordinates":[[[[13.62574,52.52914],[13.62577,52.52921],[13.62298,52.53011],[13.62262,52.5302],[13.61007,52.53284],[13.60942,52.53165],[13.60937,52.53166],[13.6093,52.53162],[13.60819,52.52979],[13.6083,52.52977],[13.6082,52.52961],[13.6081,52.52947],[13.6075,52.52892],[13.60755,52.52874],[13.60741,52.52871],[13.6071,52.52878],[13.60676,52.52825],[13.60664,52.52799],[13.6124,52.52712],[13.61506,52.52842],[13.61562,52.52794],[13.6176,52.52747],[13.61914,52.52667],[13.6208,52.52746],[13.62136,52.52702],[13.62527,52.52929],[13.62573,52.52912],[13.62574,52.52914]]]]}},{"type":"Feature","id":449,"properties":{"plr_schl":"10200526","plrname":"Boulevard Kastanienallee","nat_pers":12,"wohmi_fl":"165684","jur_pers":88,"jp_ohn_swg":73.92,"stwbg":0,"genossen":14.08,"sozvermiet":14.08,"plr_id":"10200526"},"geometry":{"type":"MultiPolygon","coordinates":[[[[13.59934,52.52889],[13.59931,52.52881],[13.6007,52.52869],[13.60076,52.52869],[13.60082,52.52884],[13.60091,52.52883],[13.60664,52.52799],[13.60676,52.52825],[13.6071,52.52878],[13.60741,52.52871],[13.60755,52.52874],[13.6075,52.52892],[13.6081,52.52947],[13.6083,52.52977],[13.60819,52.52979],[13.6093,52.53162],[13.60937,52.53166],[13.60942,52.53165],[13.61007,52.53284],[13.60918,52.53297],[13.60703,52.53348],[13.60689,52.53334],[13.60644,52.53344],[13.60621,52.53363],[13.60604,52.53385],[13.60592,52.53385],[13.60585,52.53389],[13.60544,52.53444],[13.60598,52.53459],[13.60474,52.53634],[13.6042,52.53619],[13.60408,52.53634],[13.59719,52.53446],[13.59687,52.53432],[13.59635,52.53419],[13.59665,52.53378],[13.59655,52.53375],[13.59657,52.53373],[13.59561,52.53346],[13.59523,52.53332],[13.59529,52.53326],[13.59639,52.53318],[13.5964,52.53286],[13.59672,52.53282],[13.59723,52.53236],[13.59716,52.53233],[13.5976,52.53196],[13.59757,52.53195],[13.59773,52.5318],[13.5978,52.53179],[13.59857,52.53108],[13.59864,52.53109],[13.59884,52.53092],[13.59972,52.53006],[13.59979,52.52998],[13.5995,52.52917],[13.59942,52.52914],[13.59934,52.52889]]]]}},{"type":"Feature","id":450,"properties":{"plr_schl":"10200627","plrname":"Am Kienberg","nat_pers":67,"wohmi_fl":"110527","jur_pers":33,"jp_ohn_swg":8.91,"stwbg":3.3,"genossen":20.79,"sozvermiet":24.09,"plr_id":"10200627"},"geometry":{"type":"MultiPolygon","coordinates":[[[[13.58774,52.52353],[13.58763,52.52363],[13.58764,52.52385],[13.58773,52.52405],[13.58924,52.52689],[13.58937,52.52686],[13.58969,52.52762],[13.58974,52.52765],[13.59061,52.5293],[13.59077,52.52953],[13.59069,52.52956],[13.59066,52.52964],[13.59158,52.53146],[13.59211,52.53215],[13.59237,52.53241],[13.59285,52.53275],[13.59147,52.53348],[13.59126,52.53365],[13.5912,52.53378],[13.59043,52.53388],[13.59029,52.53347],[13.58955,52.53357],[13.58963,52.53391],[13.58848,52.53399],[13.58838,52.53404],[13.58776,52.53404],[13.58775,52.53394],[13.5875,52.53397],[13.5875,52.53395],[13.58664,52.53407],[13.58597,52.53286],[13.58592,52.5327],[13.58592,52.53244],[13.58635,52.53165],[13.5864,52.53148],[13.58639,52.53138],[13.5862,52.53113],[13.5857,52.53077],[13.58511,52.53042],[13.58415,52.53016],[13.58391,52.53],[13.58381,52.52998],[13.58149,52.52819],[13.58133,52.52802],[13.57827,52.52601],[13.57918,52.52575],[13.57919,52.52572],[13.58215,52.52489],[13.58265,52.52476],[13.58291,52.52474],[13.58326,52.52466],[13.5853,52.52406],[13.58774,52.52353]]]]}},{"type":"Feature","id":451,"properties":{"plr_schl":"10200628","plrname":"Neue Grottkauer Straße","nat_pers":12,"wohmi_fl":"158933","jur_pers":88,"jp_ohn_swg":0,"stwbg":83.6,"genossen":4.4,"sozvermiet":88,"plr_id":"10200628"},"geometry":{"type":"MultiPolygon","coordinates":[[[[13.58841,52.52344],[13.5891,52.52337],[13.5892,52.52343],[13.58925,52.5246],[13.58938,52.5251],[13.58995,52.52502],[13.59001,52.52511],[13.59018,52.52513],[13.5902,52.52519],[13.59069,52.52513],[13.59071,52.52519],[13.59418,52.52476],[13.59415,52.52467],[13.59444,52.52464],[13.59503,52.52488],[13.59581,52.52481],[13.59582,52.52484],[13.59589,52.52478],[13.59652,52.52472],[13.59684,52.52464],[13.59829,52.52896],[13.59934,52.52889],[13.59942,52.52914],[13.5995,52.52917],[13.59979,52.52998],[13.59884,52.53092],[13.59864,52.53109],[13.59857,52.53108],[13.5978,52.53179],[13.59773,52.5318],[13.59736,52.53218],[13.59733,52.53217],[13.59716,52.53233],[13.59723,52.53236],[13.59672,52.53282],[13.5964,52.53286],[13.59639,52.53318],[13.59529,52.53326],[13.59523,52.53332],[13.59561,52.53346],[13.59657,52.53373],[13.59655,52.53375],[13.59665,52.53378],[13.59635,52.53419],[13.59537,52.5339],[13.59494,52.53381],[13.5942,52.53353],[13.59367,52.53329],[13.59336,52.53311],[13.59237,52.53241],[13.59176,52.53173],[13.59158,52.53146],[13.59074,52.52982],[13.59066,52.52964],[13.59069,52.52956],[13.59077,52.52953],[13.59061,52.5293],[13.58974,52.52765],[13.58969,52.52762],[13.58937,52.52686],[13.58924,52.52689],[13.58764,52.52385],[13.58763,52.52363],[13.58774,52.52353],[13.58841,52.52344]]]]}},{"type":"Feature","id":452,"properties":{"plr_schl":"10200629","plrname":"Teterower Ring","nat_pers":69,"wohmi_fl":"308155","jur_pers":30,"jp_ohn_swg":7.5,"stwbg":5.7,"genossen":16.8,"sozvermiet":23.5,"plr_id":"10200629"},"geometry":{"type":"MultiPolygon","coordinates":[[[[13.58774,52.52353],[13.5853,52.52406],[13.58326,52.52466],[13.58291,52.52474],[13.58265,52.52476],[13.58215,52.52489],[13.57919,52.52572],[13.57918,52.52575],[13.57827,52.52601],[13.57801,52.52586],[13.57778,52.52563],[13.57756,52.52508],[13.57751,52.52508],[13.57693,52.52348],[13.57705,52.52239],[13.57687,52.52118],[13.57646,52.51969],[13.57657,52.51969],[13.57652,52.5191],[13.57642,52.51884],[13.576,52.51846],[13.57589,52.5183],[13.57558,52.51728],[13.57563,52.51701],[13.5756,52.51678],[13.57468,52.51473],[13.57459,52.51466],[13.574,52.51341],[13.57373,52.51308],[13.5735,52.51289],[13.57636,52.5128],[13.57645,52.51302],[13.57684,52.51302],[13.57683,52.51281],[13.57842,52.51273],[13.57943,52.51262],[13.57977,52.51283],[13.58062,52.51323],[13.58049,52.51323],[13.58924,52.51734],[13.58924,52.5174],[13.58931,52.51745],[13.5892,52.51799],[13.58922,52.51821],[13.58914,52.51857],[13.589,52.51873],[13.58885,52.51929],[13.5889,52.51931],[13.58867,52.52004],[13.58858,52.52086],[13.58873,52.52087],[13.58872,52.52106],[13.58863,52.52173],[13.58849,52.52189],[13.5884,52.52273],[13.58841,52.52344],[13.58774,52.52353]]]]}},{"type":"Feature","id":453,"properties":{"plr_schl":"10200630","plrname":"Cecilienplatz","nat_pers":3,"wohmi_fl":"196776","jur_pers":95,"jp_ohn_swg":66.5,"stwbg":17.1,"genossen":11.4,"sozvermiet":30.5,"plr_id":"10200630"},"geometry":{"type":"MultiPolygon","coordinates":[[[[13.59684,52.52464],[13.59652,52.52472],[13.59589,52.52478],[13.59582,52.52484],[13.59581,52.52481],[13.59503,52.52488],[13.59444,52.52464],[13.59415,52.52467],[13.59418,52.52476],[13.59071,52.52519],[13.59069,52.52513],[13.5902,52.52519],[13.59018,52.52513],[13.59001,52.52511],[13.58995,52.52502],[13.58938,52.5251],[13.58925,52.5246],[13.5892,52.52343],[13.5891,52.52337],[13.58841,52.52344],[13.58839,52.5232],[13.58849,52.52189],[13.58863,52.52173],[13.58872,52.52106],[13.58873,52.52087],[13.58858,52.52086],[13.58867,52.52004],[13.5889,52.51931],[13.58885,52.51929],[13.589,52.51873],[13.58914,52.51857],[13.58922,52.51821],[13.5892,52.51799],[13.58931,52.51745],[13.58924,52.5174],[13.58924,52.51734],[13.59017,52.51778],[13.59038,52.51743],[13.59051,52.5173],[13.59437,52.51799],[13.59442,52.51808],[13.59467,52.51825],[13.59684,52.52464]]]]}},{"type":"Feature","id":454,"properties":{"plr_schl":"10300731","plrname":"Oberfeldstraße","nat_pers":96,"wohmi_fl":"1701720","jur_pers":1,"jp_ohn_swg":1,"stwbg":0,"genossen":0,"sozvermiet":3,"plr_id":"10300731"},"geometry":{"type":"MultiPolygon","coordinates":[[[[13.55174,52.5337],[13.55119,52.53361],[13.55071,52.53341],[13.55044,52.5332],[13.55021,52.53286],[13.55012,52.53245],[13.55028,52.53243],[13.54978,52.53013],[13.54957,52.53014],[13.54862,52.52581],[13.54839,52.52577],[13.54751,52.52174],[13.54677,52.52173],[13.54557,52.51629],[13.54548,52.5163],[13.5454,52.51596],[13.54525,52.51562],[13.54485,52.51383],[13.54623,52.51359],[13.54799,52.51335],[13.54885,52.51325],[13.54907,52.51325],[13.54931,52.51317],[13.54927,52.51313],[13.54936,52.51307],[13.55139,52.51307],[13.55265,52.51299],[13.55319,52.51301],[13.55477,52.51293],[13.56267,52.51269],[13.56279,52.51319],[13.56309,52.51409],[13.56314,52.51413],[13.56411,52.51847],[13.56408,52.5185],[13.56421,52.51901],[13.56425,52.51903],[13.56547,52.52454],[13.56558,52.52481],[13.56555,52.52484],[13.5656,52.52524],[13.56605,52.52727],[13.56611,52.52776],[13.56607,52.5292],[13.56593,52.52928],[13.56575,52.53007],[13.5657,52.53059],[13.56653,52.53427],[13.56663,52.5344],[13.56611,52.53445],[13.56558,52.5344],[13.56543,52.53436],[13.5581,52.53409],[13.5577,52.53412],[13.55751,52.53418],[13.55746,52.53424],[13.55725,52.5341],[13.55709,52.53408],[13.55665,52.53394],[13.55663,52.5339],[13.55299,52.53377],[13.55293,52.53368],[13.55174,52.5337]]]]}},{"type":"Feature","id":455,"properties":{"plr_schl":"10300732","plrname":"Buckower Ring","nat_pers":59,"wohmi_fl":"606909","jur_pers":37,"jp_ohn_swg":19.98,"stwbg":12.58,"genossen":4.44,"sozvermiet":22.02,"plr_id":"10300732"},"geometry":{"type":"MultiPolygon","coordinates":[[[[13.57827,52.52601],[13.58133,52.52802],[13.58149,52.52819],[13.58381,52.52998],[13.58391,52.53],[13.58415,52.53016],[13.58393,52.53012],[13.58378,52.53024],[13.58328,52.53042],[13.58175,52.53084],[13.58059,52.53129],[13.57841,52.53199],[13.57797,52.53216],[13.57743,52.53249],[13.57702,52.53299],[13.57654,52.53348],[13.57594,52.53385],[13.57525,52.53415],[13.57486,52.53427],[13.57367,52.5341],[13.57313,52.53405],[13.57274,52.53412],[13.57272,52.53403],[13.57233,52.53412],[13.57037,52.53445],[13.56869,52.53468],[13.56741,52.53497],[13.56741,52.53504],[13.56706,52.53508],[13.56653,52.53427],[13.5657,52.53059],[13.56575,52.53007],[13.56593,52.52928],[13.56607,52.5292],[13.56611,52.52776],[13.56605,52.52727],[13.5656,52.52524],[13.56555,52.52484],[13.56558,52.52481],[13.56547,52.52454],[13.56425,52.51903],[13.56421,52.51901],[13.56408,52.5185],[13.56411,52.51847],[13.56314,52.51413],[13.56309,52.51409],[13.56273,52.51295],[13.56834,52.51277],[13.57133,52.51274],[13.57232,52.5128],[13.57348,52.51281],[13.57351,52.51291],[13.57373,52.51308],[13.574,52.51341],[13.57459,52.51466],[13.57468,52.51473],[13.5756,52.51678],[13.57563,52.51701],[13.57558,52.51728],[13.57589,52.5183],[13.576,52.51846],[13.57642,52.51884],[13.57652,52.5191],[13.57657,52.51969],[13.57646,52.51969],[13.57687,52.52118],[13.57705,52.52239],[13.57693,52.52348],[13.57751,52.52508],[13.57756,52.52508],[13.57778,52.52563],[13.57797,52.52583],[13.57827,52.52601]]]]}},{"type":"Feature","id":456,"properties":{"plr_schl":"10300733","plrname":"Alt-Biesdorf","nat_pers":82,"wohmi_fl":"741793","jur_pers":9,"jp_ohn_swg":3.96,"stwbg":5.04,"genossen":0,"sozvermiet":14.04,"plr_id":"10300733"},"geometry":{"type":"MultiPolygon","coordinates":[[[[13.53821,52.50991],[13.53621,52.50999],[13.53629,52.50794],[13.53612,52.5079],[13.53629,52.50641],[13.53602,52.506],[13.5352,52.50555],[13.53949,52.49854],[13.54095,52.49838],[13.54174,52.4986],[13.54204,52.49862],[13.54231,52.49872],[13.5434,52.49901],[13.5457,52.49955],[13.54568,52.49959],[13.547,52.4999],[13.54698,52.49992],[13.54725,52.49999],[13.54785,52.50013],[13.5481,52.50016],[13.55246,52.50134],[13.55394,52.50182],[13.55397,52.50179],[13.55416,52.50187],[13.55432,52.50171],[13.55596,52.50232],[13.55672,52.50264],[13.55879,52.50361],[13.5597,52.50409],[13.55965,52.50412],[13.56022,52.50446],[13.56138,52.5053],[13.56143,52.50545],[13.56136,52.50553],[13.56142,52.50558],[13.56201,52.50602],[13.56224,52.50598],[13.56406,52.5074],[13.56414,52.50748],[13.56404,52.50761],[13.56437,52.50786],[13.56456,52.50783],[13.56467,52.50792],[13.56471,52.50791],[13.56715,52.50983],[13.56843,52.51066],[13.56972,52.51126],[13.57081,52.51164],[13.57122,52.5117],[13.57122,52.51165],[13.57138,52.5116],[13.57185,52.51152],[13.57199,52.51158],[13.57203,52.51164],[13.57197,52.51185],[13.57201,52.51188],[13.57304,52.51207],[13.57337,52.51202],[13.5734,52.51217],[13.5735,52.51218],[13.57339,52.51242],[13.57344,52.51277],[13.57348,52.51281],[13.57232,52.5128],[13.57133,52.51274],[13.56834,52.51277],[13.56273,52.51295],[13.56267,52.51269],[13.56263,52.51269],[13.55477,52.51293],[13.55319,52.51301],[13.55265,52.51299],[13.55139,52.51307],[13.54955,52.51306],[13.54936,52.51307],[13.54927,52.51313],[13.54931,52.51317],[13.54907,52.51325],[13.54885,52.51325],[13.54799,52.51335],[13.54623,52.51359],[13.54485,52.51383],[13.54483,52.51353],[13.5447,52.51315],[13.54434,52.51133],[13.54433,52.51086],[13.54416,52.51084],[13.54397,52.51006],[13.544,52.51005],[13.54392,52.50967],[13.53821,52.50991]]]]}},{"type":"Feature","id":457,"properties":{"plr_schl":"10300734","plrname":"Biesdorf Süd","nat_pers":85,"wohmi_fl":"2646698","jur_pers":2,"jp_ohn_swg":2,"stwbg":0,"genossen":0,"sozvermiet":13,"plr_id":"10300734"},"geometry":{"type":"MultiPolygon","coordinates":[[[[13.5735,52.51218],[13.5734,52.51217],[13.57337,52.51202],[13.57304,52.51207],[13.57201,52.51188],[13.57197,52.51185],[13.57203,52.51164],[13.57199,52.51158],[13.57185,52.51152],[13.57138,52.5116],[13.57122,52.51165],[13.57122,52.5117],[13.57081,52.51164],[13.56972,52.51126],[13.56843,52.51066],[13.56715,52.50983],[13.56471,52.50791],[13.56467,52.50792],[13.56456,52.50783],[13.56437,52.50786],[13.56404,52.50761],[13.56414,52.50748],[13.56406,52.5074],[13.56224,52.50598],[13.56201,52.50602],[13.56142,52.50558],[13.56136,52.50553],[13.56143,52.50545],[13.56138,52.5053],[13.56022,52.50446],[13.55965,52.50412],[13.5597,52.50409],[13.55879,52.50361],[13.55672,52.50264],[13.55596,52.50232],[13.55432,52.50171],[13.55416,52.50187],[13.55397,52.50179],[13.55394,52.50182],[13.55246,52.50134],[13.5481,52.50016],[13.54785,52.50013],[13.54725,52.49999],[13.54698,52.49992],[13.547,52.4999],[13.54568,52.49959],[13.5457,52.49955],[13.5434,52.49901],[13.54231,52.49872],[13.54204,52.49862],[13.54174,52.4986],[13.54095,52.49838],[13.54214,52.49825],[13.54408,52.49621],[13.54381,52.49593],[13.54392,52.4957],[13.54445,52.49548],[13.54484,52.49329],[13.54476,52.49321],[13.54486,52.49321],[13.54625,52.49177],[13.54783,52.4891],[13.55014,52.48549],[13.55021,52.48519],[13.54989,52.48445],[13.5491,52.48374],[13.54828,52.48248],[13.54792,52.48251],[13.54788,52.47978],[13.54845,52.47978],[13.55086,52.47702],[13.55205,52.47375],[13.5526,52.47365],[13.55505,52.47361],[13.55619,52.47349],[13.55735,52.47329],[13.55964,52.47324],[13.56087,52.47326],[13.56193,52.47334],[13.56309,52.47347],[13.56415,52.47367],[13.56513,52.47396],[13.56567,52.4736],[13.56663,52.47372],[13.56666,52.47379],[13.56705,52.47387],[13.56772,52.47458],[13.56764,52.47463],[13.5678,52.47488],[13.56782,52.47516],[13.56755,52.47622],[13.56743,52.47645],[13.56725,52.47667],[13.56704,52.47687],[13.56675,52.47707],[13.56425,52.47843],[13.56399,52.47861],[13.56369,52.47885],[13.56342,52.47917],[13.56327,52.47952],[13.56325,52.4797],[13.56308,52.4797],[13.56307,52.47972],[13.56306,52.47979],[13.56313,52.47979],[13.56313,52.47983],[13.5633,52.47984],[13.5633,52.48023],[13.56324,52.48031],[13.56327,52.48073],[13.56315,52.48163],[13.56321,52.48183],[13.56318,52.48186],[13.56336,52.48228],[13.56335,52.48241],[13.56349,52.48305],[13.56346,52.48336],[13.5635,52.48434],[13.56346,52.48449],[13.56363,52.48465],[13.56437,52.48514],[13.56574,52.48686],[13.56606,52.48749],[13.56662,52.4893],[13.56675,52.48955],[13.56747,52.49018],[13.56776,52.49054],[13.56833,52.49151],[13.56849,52.49167],[13.56877,52.49184],[13.56895,52.49201],[13.56904,52.49216],[13.56907,52.49245],[13.56921,52.49271],[13.56942,52.49268],[13.5695,52.49294],[13.56934,52.49296],[13.56947,52.49325],[13.56942,52.49352],[13.56919,52.49379],[13.56862,52.49413],[13.56839,52.49435],[13.56824,52.49474],[13.56806,52.4957],[13.56807,52.4958],[13.56889,52.49746],[13.56872,52.4975],[13.5691,52.49816],[13.56945,52.49852],[13.56991,52.49882],[13.57017,52.49896],[13.57098,52.49925],[13.57137,52.49946],[13.57157,52.49964],[13.57188,52.50005],[13.57216,52.50026],[13.57239,52.50037],[13.5728,52.50048],[13.5731,52.5005],[13.57347,52.50049],[13.5735,52.50043],[13.57396,52.50042],[13.57396,52.50046],[13.57662,52.5006],[13.57664,52.50067],[13.57704,52.5008],[13.57731,52.50094],[13.57767,52.50125],[13.57805,52.50185],[13.57848,52.50241],[13.57861,52.50276],[13.5787,52.50359],[13.57876,52.50378],[13.57891,52.50395],[13.57948,52.50437],[13.57963,52.50461],[13.57966,52.50474],[13.57954,52.50503],[13.57946,52.50503],[13.57944,52.50507],[13.57929,52.50578],[13.57868,52.50661],[13.57783,52.5072],[13.57749,52.50758],[13.57681,52.50821],[13.57544,52.50897],[13.57493,52.50949],[13.57439,52.50992],[13.57391,52.51023],[13.57363,52.5114],[13.57363,52.51187],[13.5735,52.51218]]]]}},{"type":"Feature","id":458,"properties":{"plr_schl":"10400835","plrname":"Kaulsdorf Nord","nat_pers":91,"wohmi_fl":"1816948","jur_pers":6,"jp_ohn_swg":5.88,"stwbg":0,"genossen":0.12,"sozvermiet":3.12,"plr_id":"10400835"},"geometry":{"type":"MultiPolygon","coordinates":[[[[13.60349,52.51183],[13.60392,52.51239],[13.60409,52.51238],[13.60425,52.51252],[13.60512,52.51248],[13.60668,52.51391],[13.60943,52.51611],[13.61094,52.5175],[13.61239,52.51951],[13.6133,52.52046],[13.61465,52.52153],[13.61628,52.52265],[13.61666,52.5229],[13.61671,52.52289],[13.61716,52.52321],[13.61995,52.52524],[13.62196,52.52676],[13.62139,52.52704],[13.62136,52.52702],[13.6208,52.52746],[13.61914,52.52667],[13.6176,52.52747],[13.61562,52.52794],[13.61506,52.52842],[13.6124,52.52712],[13.60099,52.52882],[13.60082,52.52884],[13.60076,52.52869],[13.6007,52.52869],[13.59931,52.52881],[13.59934,52.52889],[13.59829,52.52896],[13.5947,52.51831],[13.59467,52.51825],[13.59442,52.51808],[13.59437,52.51799],[13.59051,52.5173],[13.59038,52.51743],[13.59017,52.51778],[13.58049,52.51323],[13.58062,52.51323],[13.57977,52.51283],[13.57943,52.51262],[13.5803,52.51252],[13.58426,52.5124],[13.58435,52.51239],[13.58432,52.51228],[13.58462,52.51226],[13.58475,52.51227],[13.58479,52.51233],[13.58488,52.51235],[13.58725,52.51222],[13.58726,52.51224],[13.5875,52.51224],[13.5875,52.5122],[13.58793,52.51219],[13.58811,52.51219],[13.58869,52.51257],[13.58891,52.51235],[13.58928,52.51234],[13.58943,52.51228],[13.58979,52.51227],[13.5899,52.51232],[13.59049,52.5123],[13.59034,52.51245],[13.59141,52.5123],[13.59577,52.5121],[13.59587,52.51224],[13.59724,52.51222],[13.59777,52.51187],[13.59787,52.51187],[13.59776,52.51193],[13.60113,52.51181],[13.60349,52.51183]]]]}},{"type":"Feature","id":459,"properties":{"plr_schl":"10400836","plrname":"Alt-Kaulsdorf","nat_pers":93,"wohmi_fl":"737414","jur_pers":6,"jp_ohn_swg":4.62,"stwbg":0.9,"genossen":0.48,"sozvermiet":2.38,"plr_id":"10400836"},"geometry":{"type":"MultiPolygon","coordinates":[[[[13.57348,52.51281],[13.57344,52.51277],[13.57339,52.51242],[13.57363,52.51187],[13.57363,52.5114],[13.57391,52.51023],[13.57439,52.50992],[13.57493,52.50949],[13.57544,52.50897],[13.57681,52.50821],[13.57749,52.50758],[13.57783,52.5072],[13.57868,52.50661],[13.57929,52.50578],[13.5794,52.50525],[13.58133,52.50525],[13.58141,52.50532],[13.58183,52.50532],[13.58251,52.50527],[13.58356,52.50527],[13.58356,52.50522],[13.58715,52.50517],[13.58874,52.5052],[13.58974,52.50519],[13.58974,52.50516],[13.59202,52.50515],[13.59205,52.5052],[13.59857,52.50515],[13.59866,52.50519],[13.59888,52.50569],[13.59969,52.50699],[13.6017,52.50932],[13.60317,52.5114],[13.6033,52.51138],[13.60361,52.51183],[13.60113,52.51181],[13.59776,52.51193],[13.59787,52.51187],[13.59777,52.51187],[13.59724,52.51222],[13.59587,52.51224],[13.59577,52.5121],[13.59141,52.5123],[13.59034,52.51245],[13.59049,52.5123],[13.5899,52.51232],[13.58979,52.51227],[13.58943,52.51228],[13.58928,52.51234],[13.58891,52.51235],[13.58869,52.51257],[13.58811,52.51219],[13.5875,52.5122],[13.5875,52.51224],[13.58726,52.51224],[13.58725,52.51222],[13.58488,52.51235],[13.58479,52.51233],[13.58475,52.51227],[13.58462,52.51226],[13.58432,52.51228],[13.58435,52.51239],[13.58426,52.5124],[13.5803,52.51252],[13.57842,52.51273],[13.57683,52.51281],[13.57684,52.51302],[13.57645,52.51302],[13.57636,52.5128],[13.57381,52.51287],[13.57381,52.51289],[13.5735,52.51289],[13.57348,52.51281]]]]}},{"type":"Feature","id":460,"properties":{"plr_schl":"10400837","plrname":"Kaulsdorf Süd","nat_pers":97,"wohmi_fl":"2292620","jur_pers":2,"jp_ohn_swg":1.94,"stwbg":0.06,"genossen":0,"sozvermiet":2.06,"plr_id":"10400837"},"geometry":{"type":"MultiPolygon","coordinates":[[[[13.58655,52.48102],[13.58721,52.48159],[13.58498,52.48271],[13.58415,52.48358],[13.58547,52.48423],[13.58684,52.48482],[13.58696,52.48494],[13.58793,52.48726],[13.59014,52.4902],[13.59045,52.49011],[13.59215,52.49013],[13.59335,52.49008],[13.59475,52.48996],[13.59611,52.48977],[13.59634,52.49072],[13.59662,52.49105],[13.59711,52.49145],[13.59725,52.49175],[13.59669,52.4918],[13.59714,52.49387],[13.59744,52.49457],[13.59857,52.49436],[13.59925,52.49575],[13.59945,52.49627],[13.59947,52.49643],[13.59939,52.49669],[13.59916,52.49694],[13.59878,52.49713],[13.59705,52.49749],[13.59662,52.49767],[13.59637,52.49787],[13.59581,52.49863],[13.59571,52.49884],[13.59568,52.49903],[13.59572,52.49925],[13.59602,52.49975],[13.59679,52.50133],[13.59689,52.50163],[13.59755,52.50251],[13.59777,52.50289],[13.59852,52.50464],[13.59845,52.50474],[13.59866,52.50519],[13.59857,52.50515],[13.59205,52.5052],[13.59202,52.50515],[13.58974,52.50516],[13.58974,52.50519],[13.58874,52.5052],[13.58715,52.50517],[13.58356,52.50522],[13.58356,52.50527],[13.58251,52.50527],[13.58183,52.50532],[13.58141,52.50532],[13.58133,52.50525],[13.5794,52.50525],[13.57946,52.50503],[13.57954,52.50503],[13.57966,52.50476],[13.57963,52.50461],[13.57948,52.50437],[13.57891,52.50395],[13.57876,52.50378],[13.5787,52.50359],[13.57861,52.50276],[13.57851,52.50247],[13.57833,52.50218],[13.57805,52.50185],[13.57767,52.50125],[13.57745,52.50104],[13.57704,52.5008],[13.57662,52.50066],[13.57662,52.5006],[13.57396,52.50046],[13.57396,52.50042],[13.5735,52.50043],[13.57347,52.50049],[13.5731,52.5005],[13.5728,52.50048],[13.57239,52.50037],[13.57216,52.50026],[13.57188,52.50005],[13.57157,52.49964],[13.57137,52.49946],[13.57098,52.49925],[13.57017,52.49896],[13.56967,52.49868],[13.56945,52.49852],[13.56903,52.49807],[13.56875,52.49756],[13.56872,52.4975],[13.56889,52.49746],[13.56807,52.4958],[13.56806,52.4957],[13.56824,52.49474],[13.56839,52.49435],[13.56862,52.49413],[13.56919,52.49379],[13.56942,52.49352],[13.56947,52.49325],[13.56934,52.49296],[13.5695,52.49294],[13.56945,52.49277],[13.56942,52.49268],[13.56921,52.49271],[13.56907,52.49245],[13.56904,52.49216],[13.56895,52.49201],[13.56877,52.49184],[13.56849,52.49167],[13.56833,52.49151],[13.56776,52.49054],[13.56747,52.49018],[13.56675,52.48955],[13.56662,52.4893],[13.56606,52.48749],[13.56574,52.48686],[13.56437,52.48514],[13.56363,52.48465],[13.56346,52.48449],[13.5635,52.48434],[13.56346,52.48336],[13.56349,52.48305],[13.56335,52.48241],[13.56336,52.48228],[13.56318,52.48186],[13.56321,52.48183],[13.56315,52.48163],[13.56327,52.48073],[13.56324,52.48031],[13.5633,52.48023],[13.5633,52.47984],[13.56313,52.47983],[13.56313,52.47979],[13.56306,52.47979],[13.56308,52.4797],[13.56325,52.4797],[13.56333,52.47934],[13.56354,52.47901],[13.56399,52.47861],[13.56425,52.47843],[13.56675,52.47707],[13.56704,52.47687],[13.56725,52.47667],[13.56743,52.47645],[13.56755,52.47622],[13.56782,52.47516],[13.5678,52.47488],[13.56764,52.47463],[13.56778,52.47455],[13.56787,52.47458],[13.57152,52.47599],[13.57201,52.47619],[13.57196,52.47622],[13.57343,52.47679],[13.57365,52.47651],[13.57372,52.47648],[13.57387,52.4765],[13.57393,52.47655],[13.57395,52.47665],[13.57384,52.47687],[13.57384,52.47697],[13.57444,52.47752],[13.57468,52.47816],[13.57502,52.47937],[13.57512,52.47944],[13.57512,52.47948],[13.57753,52.48023],[13.57972,52.48102],[13.58187,52.47997],[13.58634,52.48112],[13.58655,52.48102]]]]}},{"type":"Feature","id":461,"properties":{"plr_schl":"10400938","plrname":"Mahlsdorf Nord","nat_pers":93,"wohmi_fl":"2704997","jur_pers":4,"jp_ohn_swg":1.48,"stwbg":2.52,"genossen":0,"sozvermiet":4.52,"plr_id":"10400938"},"geometry":{"type":"MultiPolygon","coordinates":[[[[13.60349,52.51183],[13.60486,52.51186],[13.60774,52.51208],[13.60925,52.51223],[13.61107,52.51235],[13.61157,52.51251],[13.61156,52.51255],[13.61196,52.51259],[13.61201,52.51227],[13.6125,52.51232],[13.61249,52.5124],[13.61262,52.51244],[13.61362,52.51259],[13.61498,52.51266],[13.61499,52.51261],[13.61664,52.51279],[13.61906,52.51295],[13.61923,52.51314],[13.62074,52.51325],[13.62083,52.51335],[13.62104,52.51328],[13.62676,52.51379],[13.62718,52.51408],[13.62755,52.51389],[13.62772,52.51389],[13.63126,52.51422],[13.63606,52.5146],[13.63641,52.51466],[13.6374,52.51532],[13.63941,52.51653],[13.64112,52.51772],[13.64246,52.51855],[13.64719,52.52073],[13.65527,52.52403],[13.65565,52.52422],[13.65849,52.52594],[13.65841,52.52609],[13.65809,52.52638],[13.65798,52.5268],[13.65756,52.52775],[13.6573,52.5285],[13.65691,52.52984],[13.65406,52.52981],[13.65313,52.52977],[13.65155,52.52982],[13.65098,52.52981],[13.64854,52.52964],[13.64818,52.52964],[13.64625,52.52968],[13.64376,52.52988],[13.64168,52.53032],[13.64068,52.53042],[13.63679,52.53051],[13.63427,52.53048],[13.63156,52.53057],[13.62678,52.53017],[13.62674,52.53013],[13.62601,52.5304],[13.62569,52.53018],[13.62583,52.52962],[13.62612,52.52951],[13.62573,52.52912],[13.62527,52.52929],[13.6214,52.52705],[13.62196,52.52676],[13.61995,52.52524],[13.61716,52.52321],[13.61671,52.52289],[13.61666,52.5229],[13.61628,52.52265],[13.61465,52.52153],[13.6133,52.52046],[13.61239,52.51951],[13.61094,52.5175],[13.60927,52.51597],[13.60668,52.51391],[13.60512,52.51248],[13.60425,52.51252],[13.60409,52.51238],[13.60392,52.51239],[13.60349,52.51183]]]]}},{"type":"Feature","id":462,"properties":{"plr_schl":"10400939","plrname":"Alt-Mahlsdorf","nat_pers":94,"wohmi_fl":"1080714","jur_pers":5,"jp_ohn_swg":3.7,"stwbg":1.2,"genossen":0.1,"sozvermiet":2.3,"plr_id":"10400939"},"geometry":{"type":"MultiPolygon","coordinates":[[[[13.62755,52.51389],[13.62718,52.51408],[13.62676,52.51379],[13.62104,52.51328],[13.62083,52.51335],[13.62074,52.51325],[13.61923,52.51314],[13.61906,52.51295],[13.61664,52.51279],[13.61499,52.51261],[13.61498,52.51266],[13.61362,52.51259],[13.61262,52.51244],[13.61249,52.5124],[13.6125,52.51232],[13.61201,52.51227],[13.61196,52.51259],[13.61156,52.51255],[13.61157,52.51251],[13.61107,52.51235],[13.60925,52.51223],[13.60774,52.51208],[13.60486,52.51186],[13.60361,52.51183],[13.6033,52.51138],[13.60317,52.5114],[13.6017,52.50932],[13.59969,52.50699],[13.59888,52.50569],[13.59866,52.50519],[13.60661,52.50511],[13.60668,52.50507],[13.60773,52.50504],[13.61424,52.50499],[13.61555,52.50489],[13.6156,52.50493],[13.61588,52.50493],[13.61608,52.50491],[13.61608,52.50489],[13.61695,52.50485],[13.62026,52.50446],[13.62087,52.50442],[13.62573,52.50385],[13.62628,52.50375],[13.62815,52.50357],[13.6289,52.50556],[13.62951,52.50672],[13.63206,52.51033],[13.63314,52.51171],[13.63418,52.51285],[13.63539,52.51385],[13.63578,52.51422],[13.63641,52.51466],[13.63606,52.5146],[13.63126,52.51422],[13.62755,52.51389]]]]}},{"type":"Feature","id":463,"properties":{"plr_schl":"10400940","plrname":"Elsensee","nat_pers":96,"wohmi_fl":"1744393","jur_pers":2,"jp_ohn_swg":1.84,"stwbg":0.04,"genossen":0.12,"sozvermiet":2.16,"plr_id":"10400940"},"geometry":{"type":"MultiPolygon","coordinates":[[[[13.58655,52.48102],[13.58949,52.47967],[13.59065,52.47905],[13.59156,52.47864],[13.59393,52.47739],[13.59521,52.47682],[13.59677,52.47599],[13.59733,52.47563],[13.59833,52.47516],[13.59962,52.47439],[13.59968,52.47447],[13.59992,52.47431],[13.60042,52.47548],[13.60075,52.4771],[13.60105,52.47895],[13.60143,52.48221],[13.61335,52.49848],[13.61356,52.49883],[13.61328,52.50008],[13.61315,52.50042],[13.61332,52.5008],[13.61477,52.50231],[13.61389,52.50419],[13.61365,52.50499],[13.60773,52.50504],[13.60668,52.50507],[13.60661,52.50511],[13.59866,52.50519],[13.59845,52.50474],[13.59852,52.50464],[13.59777,52.50289],[13.59755,52.50251],[13.59689,52.50163],[13.59679,52.50133],[13.59602,52.49975],[13.59572,52.49925],[13.59568,52.49903],[13.59571,52.49884],[13.59581,52.49863],[13.59637,52.49787],[13.59662,52.49767],[13.59705,52.49749],[13.59878,52.49713],[13.59916,52.49694],[13.59939,52.49669],[13.59947,52.49643],[13.59945,52.49627],[13.59925,52.49575],[13.59857,52.49436],[13.59744,52.49457],[13.59714,52.49387],[13.59669,52.4918],[13.59725,52.49175],[13.59711,52.49145],[13.59662,52.49105],[13.59634,52.49072],[13.59611,52.48977],[13.59475,52.48996],[13.59335,52.49008],[13.59215,52.49013],[13.59045,52.49011],[13.59014,52.4902],[13.58793,52.48726],[13.58696,52.48494],[13.58684,52.48482],[13.58547,52.48423],[13.58415,52.48358],[13.58498,52.48271],[13.58721,52.48159],[13.58655,52.48102]]]]}},{"type":"Feature","id":464,"properties":{"plr_schl":"10400941","plrname":"Pilgramer Straße","nat_pers":98,"wohmi_fl":"2630500","jur_pers":1,"jp_ohn_swg":1,"stwbg":0,"genossen":0,"sozvermiet":1,"plr_id":"10400941"},"geometry":{"type":"MultiPolygon","coordinates":[[[[13.61674,52.48229],[13.62972,52.49304],[13.62744,52.49332],[13.62584,52.4936],[13.62401,52.4942],[13.62445,52.49505],[13.62576,52.49706],[13.62633,52.49811],[13.62677,52.49907],[13.62703,52.49978],[13.62815,52.50357],[13.62628,52.50375],[13.62573,52.50385],[13.61695,52.50485],[13.61608,52.50489],[13.61608,52.50491],[13.61588,52.50493],[13.6156,52.50493],[13.61555,52.50489],[13.61424,52.50499],[13.61365,52.50499],[13.61389,52.50419],[13.61477,52.50231],[13.61332,52.5008],[13.61315,52.50042],[13.61328,52.50008],[13.61356,52.49883],[13.61335,52.49848],[13.60143,52.48221],[13.60105,52.47895],[13.60075,52.4771],[13.60042,52.47548],[13.59992,52.47431],[13.60307,52.47279],[13.6049,52.47291],[13.60838,52.47285],[13.60815,52.47109],[13.61131,52.47048],[13.6115,52.47063],[13.61137,52.47065],[13.61649,52.47483],[13.61545,52.4753],[13.61355,52.47562],[13.61489,52.48076],[13.61674,52.48229]]]]}},{"type":"Feature","id":465,"properties":{"plr_schl":"11100101","plrname":"Dörfer Malchow-Wartenberg","nat_pers":90,"wohmi_fl":"802630","jur_pers":7,"jp_ohn_swg":3.36,"stwbg":3.64,"genossen":0,"sozvermiet":6.64,"plr_id":"11100101"},"geometry":{"type":"MultiPolygon","coordinates":[[[[13.53003,52.5706],[13.5314,52.57289],[13.53584,52.57266],[13.53598,52.57266],[13.53602,52.57282],[13.53708,52.57282],[13.53739,52.57351],[13.53839,52.57518],[13.54203,52.58037],[13.54411,52.58356],[13.54713,52.58785],[13.54167,52.58915],[13.53403,52.59086],[13.52769,52.59223],[13.52718,52.59223],[13.52288,52.59275],[13.50812,52.59214],[13.50518,52.59646],[13.48896,52.59005],[13.4884,52.58978],[13.48695,52.58884],[13.486,52.58801],[13.48531,52.58713],[13.48531,52.58703],[13.48515,52.58666],[13.48465,52.58562],[13.48433,52.58564],[13.48357,52.58408],[13.48197,52.584],[13.48161,52.58332],[13.48048,52.58353],[13.48,52.58223],[13.47982,52.58159],[13.47972,52.58107],[13.47977,52.58056],[13.47969,52.58009],[13.47974,52.5796],[13.47994,52.5792],[13.4802,52.57791],[13.48025,52.57792],[13.48027,52.57784],[13.4804,52.57785],[13.48042,52.5778],[13.48051,52.57778],[13.48052,52.5777],[13.48045,52.57773],[13.48013,52.57774],[13.47999,52.57769],[13.47991,52.57542],[13.47982,52.57543],[13.47975,52.57515],[13.48008,52.57514],[13.48008,52.57502],[13.47979,52.57451],[13.47963,52.57378],[13.47967,52.57378],[13.47962,52.57353],[13.47989,52.57351],[13.47986,52.57332],[13.47958,52.57334],[13.47946,52.57269],[13.48028,52.57261],[13.48133,52.5726],[13.48203,52.57249],[13.48219,52.57249],[13.48253,52.57255],[13.4828,52.57263],[13.48283,52.5724],[13.4828,52.57216],[13.48261,52.57163],[13.4896,52.56823],[13.49089,52.56926],[13.49061,52.56951],[13.49067,52.56954],[13.49057,52.56964],[13.49075,52.56972],[13.4903,52.57024],[13.49008,52.57066],[13.48995,52.5711],[13.48993,52.57155],[13.49013,52.57202],[13.4906,52.57241],[13.49103,52.5726],[13.49181,52.57278],[13.4914,52.57358],[13.49467,52.5737],[13.49491,52.57374],[13.49795,52.57524],[13.49808,52.57528],[13.49823,52.57542],[13.49832,52.57563],[13.49831,52.57598],[13.49837,52.57617],[13.49872,52.57656],[13.49881,52.57651],[13.49878,52.57657],[13.49891,52.57669],[13.49946,52.57692],[13.49993,52.57718],[13.50023,52.57727],[13.50065,52.57738],[13.50129,52.57742],[13.50207,52.57751],[13.50321,52.57779],[13.50439,52.57788],[13.50518,52.57778],[13.50724,52.57829],[13.50777,52.57849],[13.50894,52.57877],[13.51001,52.57896],[13.50995,52.57825],[13.51158,52.57821],[13.51146,52.57668],[13.51164,52.57664],[13.51163,52.5766],[13.51244,52.57657],[13.51241,52.576],[13.5124,52.57597],[13.51234,52.57597],[13.51229,52.57541],[13.51217,52.57531],[13.51212,52.57471],[13.51343,52.57467],[13.51306,52.5739],[13.51305,52.57381],[13.51312,52.57364],[13.51312,52.57278],[13.51453,52.57266],[13.51451,52.57263],[13.51497,52.57253],[13.51504,52.57248],[13.51533,52.57241],[13.51614,52.57238],[13.51613,52.57234],[13.51662,52.57231],[13.51663,52.57234],[13.51782,52.57226],[13.51789,52.57253],[13.51871,52.57241],[13.51949,52.57234],[13.52046,52.57235],[13.52058,52.57231],[13.52081,52.57213],[13.52226,52.57189],[13.52549,52.57115],[13.52889,52.5707],[13.53003,52.5706]]]]}},{"type":"Feature","id":466,"properties":{"plr_schl":"11100102","plrname":"Dorf Falkenberg","nat_pers":48,"wohmi_fl":"489205","jur_pers":49,"jp_ohn_swg":24.5,"stwbg":24.5,"genossen":0,"sozvermiet":28.5,"plr_id":"11100102"},"geometry":{"type":"MultiPolygon","coordinates":[[[[13.52969,52.56997],[13.53143,52.57019],[13.53169,52.57004],[13.53201,52.57002],[13.53249,52.56994],[13.53388,52.56921],[13.53384,52.56881],[13.53407,52.5687],[13.53409,52.56872],[13.53415,52.56855],[13.5349,52.56819],[13.53476,52.56819],[13.5358,52.56772],[13.53591,52.5678],[13.53683,52.56737],[13.53789,52.56781],[13.54134,52.56643],[13.54177,52.56621],[13.54188,52.5661],[13.54228,52.56614],[13.54384,52.56659],[13.54444,52.56684],[13.54462,52.56693],[13.54563,52.56777],[13.54962,52.56869],[13.54963,52.56867],[13.54973,52.56869],[13.55587,52.57014],[13.55586,52.57016],[13.55647,52.5703],[13.55649,52.57028],[13.56009,52.57112],[13.56389,52.57205],[13.56457,52.57225],[13.56646,52.57293],[13.56655,52.57316],[13.56614,52.57301],[13.56659,52.57332],[13.56675,52.57361],[13.56727,52.57404],[13.5677,52.57451],[13.5669,52.57547],[13.5665,52.57617],[13.56521,52.57736],[13.56452,52.5782],[13.56333,52.5791],[13.56186,52.58039],[13.5613,52.58071],[13.56056,52.58125],[13.55998,52.58162],[13.55688,52.58338],[13.55579,52.58392],[13.55547,52.58415],[13.55419,52.58469],[13.55171,52.58584],[13.54965,52.58666],[13.54699,52.58764],[13.54411,52.58356],[13.54203,52.58037],[13.53839,52.57518],[13.53739,52.57351],[13.53708,52.57282],[13.53602,52.57282],[13.53598,52.57266],[13.53584,52.57266],[13.5314,52.57289],[13.52969,52.56997]]]]}},{"type":"Feature","id":467,"properties":{"plr_schl":"11100203","plrname":"Falkenberg Ost","nat_pers":6,"wohmi_fl":"204078","jur_pers":94,"jp_ohn_swg":33.84,"stwbg":51.7,"genossen":8.46,"sozvermiet":60.16,"plr_id":"11100203"},"geometry":{"type":"MultiPolygon","coordinates":[[[[13.52082,52.5689],[13.5212,52.56786],[13.52146,52.56759],[13.52379,52.56578],[13.52391,52.56564],[13.52474,52.56496],[13.52503,52.56487],[13.52797,52.56255],[13.52806,52.56249],[13.52876,52.5628],[13.52956,52.5628],[13.52956,52.5619],[13.52948,52.56183],[13.52901,52.56086],[13.52805,52.55923],[13.52826,52.55936],[13.52798,52.55889],[13.5287,52.55934],[13.52911,52.5592],[13.53061,52.5583],[13.53395,52.56039],[13.53593,52.5619],[13.54108,52.56596],[13.54127,52.56603],[13.5419,52.56608],[13.54177,52.56621],[13.54134,52.56643],[13.53789,52.56781],[13.53683,52.56737],[13.53591,52.5678],[13.5358,52.56772],[13.53476,52.56819],[13.5349,52.56819],[13.53415,52.56855],[13.53409,52.56872],[13.53407,52.5687],[13.53384,52.56881],[13.53388,52.56921],[13.53249,52.56994],[13.53201,52.57002],[13.53169,52.57004],[13.53143,52.57019],[13.52356,52.5692],[13.52355,52.56924],[13.52082,52.5689]]]]}},{"type":"Feature","id":468,"properties":{"plr_schl":"11100204","plrname":"Falkenberg West","nat_pers":5,"wohmi_fl":"307951","jur_pers":56,"jp_ohn_swg":15.68,"stwbg":31.36,"genossen":8.96,"sozvermiet":79.32,"plr_id":"11100204"},"geometry":{"type":"MultiPolygon","coordinates":[[[[13.51202,52.56604],[13.51239,52.56576],[13.51322,52.56607],[13.51587,52.56372],[13.52042,52.56021],[13.52346,52.55802],[13.52441,52.55721],[13.52549,52.55612],[13.52578,52.55605],[13.52587,52.55606],[13.52618,52.5558],[13.52919,52.55742],[13.53061,52.5583],[13.52911,52.5592],[13.5287,52.55934],[13.52798,52.55889],[13.52826,52.55936],[13.52805,52.55923],[13.52901,52.56086],[13.52948,52.56183],[13.52956,52.5619],[13.52956,52.5628],[13.52876,52.5628],[13.52806,52.56249],[13.52797,52.56255],[13.52503,52.56487],[13.52474,52.56496],[13.52391,52.56564],[13.52379,52.56578],[13.52146,52.56759],[13.5212,52.56786],[13.52082,52.5689],[13.51965,52.56875],[13.5189,52.56861],[13.51759,52.56824],[13.5174,52.56838],[13.51624,52.56791],[13.51587,52.56779],[13.51593,52.56775],[13.51593,52.56761],[13.51554,52.56745],[13.51521,52.56739],[13.51509,52.56743],[13.51494,52.56754],[13.51463,52.56741],[13.51392,52.56707],[13.5142,52.56685],[13.51202,52.56604]]]]}},{"type":"Feature","id":469,"properties":{"plr_schl":"11100205","plrname":"Wartenberg Süd","nat_pers":31,"wohmi_fl":"196117","jur_pers":63,"jp_ohn_swg":0,"stwbg":63,"genossen":0,"sozvermiet":69,"plr_id":"11100205"},"geometry":{"type":"MultiPolygon","coordinates":[[[[13.52082,52.5689],[13.52355,52.56924],[13.52356,52.5692],[13.52969,52.56997],[13.53003,52.5706],[13.52889,52.5707],[13.52549,52.57115],[13.52226,52.57189],[13.52081,52.57213],[13.52058,52.57231],[13.52046,52.57235],[13.51949,52.57234],[13.51871,52.57241],[13.51789,52.57253],[13.51782,52.57226],[13.51663,52.57234],[13.51662,52.57231],[13.51613,52.57234],[13.51614,52.57238],[13.51533,52.57241],[13.51504,52.57248],[13.51497,52.57253],[13.51451,52.57263],[13.51453,52.57266],[13.51312,52.57278],[13.51304,52.57268],[13.51294,52.57223],[13.51285,52.5721],[13.51262,52.5719],[13.5116,52.57141],[13.51127,52.57134],[13.50884,52.5702],[13.50941,52.5697],[13.5096,52.5696],[13.51137,52.56817],[13.51178,52.56805],[13.51204,52.56801],[13.51281,52.56795],[13.5132,52.56787],[13.51396,52.56779],[13.51431,52.56765],[13.51463,52.56741],[13.51494,52.56754],[13.51509,52.56743],[13.51521,52.56739],[13.51554,52.56745],[13.51593,52.56761],[13.51593,52.56775],[13.51587,52.56779],[13.51624,52.56791],[13.5174,52.56838],[13.51759,52.56824],[13.5189,52.56861],[13.51965,52.56875],[13.52082,52.5689]]]]}},{"type":"Feature","id":470,"properties":{"plr_schl":"11100206","plrname":"Wartenberg Nord","nat_pers":23,"wohmi_fl":"226238","jur_pers":77,"jp_ohn_swg":3.08,"stwbg":73.92,"genossen":0,"sozvermiet":73.92,"plr_id":"11100206"},"geometry":{"type":"MultiPolygon","coordinates":[[[[13.51312,52.57278],[13.51312,52.57364],[13.51305,52.57381],[13.51306,52.5739],[13.51343,52.57467],[13.51212,52.57471],[13.51217,52.57531],[13.51229,52.57541],[13.51234,52.57597],[13.5124,52.57597],[13.51241,52.576],[13.51244,52.57657],[13.51163,52.5766],[13.51164,52.57664],[13.51146,52.57668],[13.51158,52.57821],[13.50995,52.57825],[13.51001,52.57896],[13.50894,52.57877],[13.50777,52.57849],[13.50724,52.57829],[13.50518,52.57778],[13.50439,52.57788],[13.50321,52.57779],[13.50207,52.57751],[13.50129,52.57742],[13.50065,52.57738],[13.49993,52.57718],[13.49946,52.57692],[13.49891,52.57669],[13.49878,52.57657],[13.49881,52.57651],[13.49972,52.57584],[13.5026,52.57356],[13.50434,52.57208],[13.50457,52.57195],[13.50631,52.57063],[13.50724,52.56982],[13.50861,52.56871],[13.51087,52.567],[13.51202,52.56604],[13.5142,52.56685],[13.51392,52.56707],[13.51463,52.56741],[13.51431,52.56765],[13.51396,52.56779],[13.5132,52.56787],[13.51281,52.56795],[13.51204,52.56801],[13.51178,52.56805],[13.51137,52.56817],[13.5096,52.5696],[13.50941,52.5697],[13.50884,52.5702],[13.51127,52.57134],[13.5116,52.57141],[13.51262,52.5719],[13.51285,52.5721],[13.51294,52.57223],[13.51304,52.57268],[13.51312,52.57278]]]]}},{"type":"Feature","id":471,"properties":{"plr_schl":"11100307","plrname":"Zingster Straße Ost","nat_pers":4,"wohmi_fl":"196620","jur_pers":87,"jp_ohn_swg":20.88,"stwbg":23.49,"genossen":42.63,"sozvermiet":74.12,"plr_id":"11100307"},"geometry":{"type":"MultiPolygon","coordinates":[[[[13.49324,52.57365],[13.4937,52.57277],[13.49381,52.57278],[13.49405,52.57272],[13.50104,52.56659],[13.50119,52.56652],[13.50156,52.56621],[13.50162,52.5662],[13.50189,52.56631],[13.50196,52.56638],[13.50212,52.56626],[13.50213,52.5662],[13.50222,52.56613],[13.50236,52.5661],[13.50427,52.56441],[13.50459,52.56431],[13.50496,52.56399],[13.5048,52.56396],[13.50526,52.56356],[13.50597,52.56379],[13.50759,52.56439],[13.50747,52.5645],[13.50862,52.56499],[13.50876,52.56494],[13.50886,52.56494],[13.50918,52.56501],[13.5098,52.56524],[13.51019,52.56535],[13.51056,52.56551],[13.51062,52.56549],[13.51202,52.56604],[13.51087,52.567],[13.50861,52.56871],[13.50724,52.56982],[13.50631,52.57063],[13.50457,52.57195],[13.50434,52.57208],[13.5026,52.57356],[13.49972,52.57584],[13.49872,52.57656],[13.49837,52.57617],[13.49831,52.57598],[13.49832,52.57563],[13.49823,52.57542],[13.49808,52.57528],[13.49795,52.57524],[13.49491,52.57374],[13.49467,52.5737],[13.49324,52.57365]]]]}},{"type":"Feature","id":472,"properties":{"plr_schl":"11100308","plrname":"Zingster Straße West","nat_pers":15,"wohmi_fl":"291707","jur_pers":67,"jp_ohn_swg":10.05,"stwbg":56.95,"genossen":0,"sozvermiet":74.95,"plr_id":"11100308"},"geometry":{"type":"MultiPolygon","coordinates":[[[[13.48759,52.56922],[13.48359,52.56612],[13.48415,52.56603],[13.4841,52.56589],[13.48409,52.56552],[13.48403,52.56536],[13.48396,52.5653],[13.48367,52.56443],[13.48771,52.56398],[13.49163,52.5635],[13.49408,52.56324],[13.49598,52.56298],[13.4994,52.56257],[13.50085,52.56226],[13.50148,52.56252],[13.50157,52.56259],[13.50265,52.56295],[13.50489,52.56388],[13.5048,52.56396],[13.50496,52.56399],[13.50459,52.56431],[13.50427,52.56441],[13.50236,52.5661],[13.50222,52.56613],[13.50213,52.5662],[13.50212,52.56626],[13.50196,52.56638],[13.50189,52.56631],[13.50162,52.5662],[13.50156,52.56621],[13.50119,52.56652],[13.50104,52.56659],[13.49405,52.57272],[13.49381,52.57278],[13.4937,52.57277],[13.49324,52.57365],[13.4914,52.57358],[13.49181,52.57278],[13.49126,52.57267],[13.4908,52.57251],[13.49043,52.57229],[13.49013,52.57202],[13.48993,52.57155],[13.49,52.57087],[13.4903,52.57024],[13.49075,52.56972],[13.49057,52.56964],[13.49067,52.56954],[13.49061,52.56951],[13.49089,52.56926],[13.48985,52.56842],[13.4896,52.56823],[13.48759,52.56922]]]]}},{"type":"Feature","id":473,"properties":{"plr_schl":"11100309","plrname":"Mühlengrund","nat_pers":4,"wohmi_fl":"148212","jur_pers":96,"jp_ohn_swg":24.96,"stwbg":12.48,"genossen":58.56,"sozvermiet":71.04,"plr_id":"11100309"},"geometry":{"type":"MultiPolygon","coordinates":[[[[13.52495,52.55531],[13.52541,52.55551],[13.52549,52.55543],[13.52618,52.5558],[13.52587,52.55606],[13.52578,52.55605],[13.52549,52.55612],[13.52441,52.55721],[13.52346,52.55802],[13.52042,52.56021],[13.51587,52.56372],[13.51322,52.56607],[13.51239,52.56576],[13.51202,52.56604],[13.51062,52.56549],[13.51056,52.56551],[13.51019,52.56535],[13.5098,52.56524],[13.50918,52.56501],[13.50886,52.56494],[13.50876,52.56494],[13.50862,52.56499],[13.50747,52.5645],[13.50759,52.56439],[13.50597,52.56379],[13.50526,52.56356],[13.50489,52.56388],[13.50265,52.56295],[13.50157,52.56259],[13.50148,52.56252],[13.50085,52.56226],[13.50205,52.562],[13.50215,52.56204],[13.50443,52.56129],[13.51336,52.55882],[13.51564,52.5582],[13.51943,52.5573],[13.52423,52.55603],[13.52436,52.55588],[13.52448,52.55581],[13.52472,52.55547],[13.52482,52.55551],[13.52495,52.55531]]]]}},{"type":"Feature","id":474,"properties":{"plr_schl":"11200410","plrname":"Malchower Weg","nat_pers":87,"wohmi_fl":"1284043","jur_pers":12,"jp_ohn_swg":3.12,"stwbg":8.88,"genossen":0,"sozvermiet":8.88,"plr_id":"11200410"},"geometry":{"type":"MultiPolygon","coordinates":[[[[13.52495,52.55531],[13.52482,52.55551],[13.52472,52.55547],[13.52448,52.55581],[13.52436,52.55588],[13.52423,52.55603],[13.51943,52.5573],[13.51564,52.5582],[13.51336,52.55882],[13.50443,52.56129],[13.50215,52.56204],[13.50205,52.562],[13.4994,52.56257],[13.49598,52.56298],[13.49408,52.56324],[13.48607,52.56415],[13.4856,52.56242],[13.48532,52.56227],[13.48519,52.5618],[13.4854,52.56155],[13.48632,52.56146],[13.48729,52.56129],[13.49009,52.56044],[13.49055,52.56024],[13.49108,52.55995],[13.49167,52.55945],[13.49468,52.55634],[13.49493,52.55606],[13.49528,52.55556],[13.49553,52.555],[13.49563,52.55462],[13.49568,52.55413],[13.49564,52.55361],[13.49544,52.553],[13.49443,52.55078],[13.49545,52.55056],[13.49591,52.55143],[13.49812,52.55093],[13.50177,52.55018],[13.50253,52.55011],[13.50765,52.55023],[13.50846,52.55023],[13.50846,52.55021],[13.51007,52.55057],[13.51026,52.55056],[13.51207,52.55094],[13.51543,52.55188],[13.51556,52.55165],[13.51622,52.55181],[13.51674,52.55201],[13.52316,52.55095],[13.5246,52.55504],[13.52501,52.55522],[13.52495,52.55531]]]]}},{"type":"Feature","id":475,"properties":{"plr_schl":"11200411","plrname":"Hauptstraße","nat_pers":23,"wohmi_fl":"358297","jur_pers":76,"jp_ohn_swg":18.24,"stwbg":34.96,"genossen":22.8,"sozvermiet":57.76,"plr_id":"11200411"},"geometry":{"type":"MultiPolygon","coordinates":[[[[13.49687,52.54651],[13.49736,52.54613],[13.49856,52.54485],[13.49893,52.54455],[13.49939,52.54428],[13.50011,52.54396],[13.50089,52.54374],[13.50083,52.54357],[13.5009,52.5436],[13.50164,52.54349],[13.50164,52.54351],[13.50517,52.54318],[13.50518,52.54302],[13.50706,52.54284],[13.50728,52.54307],[13.51069,52.54276],[13.51083,52.54271],[13.51152,52.54264],[13.51245,52.54249],[13.51304,52.54235],[13.51384,52.5421],[13.51596,52.54132],[13.51635,52.54122],[13.5178,52.54065],[13.52015,52.53979],[13.52006,52.53991],[13.52049,52.53975],[13.52111,52.53946],[13.52312,52.53837],[13.5243,52.53796],[13.52445,52.53795],[13.52468,52.53785],[13.52523,52.53778],[13.52575,52.53773],[13.52624,52.53772],[13.52672,52.53775],[13.5276,52.53796],[13.52769,52.53787],[13.52625,52.53729],[13.52784,52.5378],[13.52879,52.53799],[13.5306,52.53846],[13.53076,52.53841],[13.53159,52.5386],[13.5315,52.53886],[13.53143,52.53891],[13.53129,52.53889],[13.53169,52.53897],[13.53158,52.53917],[13.53226,52.53931],[13.5319,52.53953],[13.53136,52.54098],[13.53099,52.54174],[13.5306,52.5429],[13.53063,52.54294],[13.53057,52.54354],[13.53045,52.54355],[13.53001,52.54447],[13.5295,52.54597],[13.52888,52.54761],[13.52884,52.54763],[13.52866,52.54824],[13.52822,52.54938],[13.52827,52.54939],[13.52824,52.54945],[13.52819,52.54944],[13.52789,52.55016],[13.52796,52.55022],[13.52722,52.55217],[13.52724,52.55227],[13.52718,52.55229],[13.52693,52.55284],[13.52631,52.55399],[13.52623,52.55404],[13.52592,52.55451],[13.52599,52.55453],[13.52596,52.55457],[13.5259,52.55455],[13.52536,52.55532],[13.52554,52.55538],[13.52541,52.55551],[13.52495,52.55531],[13.52501,52.55522],[13.5246,52.55504],[13.52316,52.55095],[13.51674,52.55201],[13.51622,52.55181],[13.51556,52.55165],[13.51543,52.55188],[13.51207,52.55094],[13.51026,52.55056],[13.51007,52.55057],[13.50846,52.55021],[13.50846,52.55023],[13.50765,52.55023],[13.50253,52.55011],[13.50177,52.55018],[13.49812,52.55093],[13.49591,52.55143],[13.49545,52.55056],[13.49443,52.55078],[13.4942,52.55028],[13.49411,52.54989],[13.49417,52.54921],[13.49433,52.54882],[13.49456,52.54847],[13.49479,52.54821],[13.49577,52.54738],[13.49695,52.54654],[13.49687,52.54651]]]]}},{"type":"Feature","id":476,"properties":{"plr_schl":"11200512","plrname":"Orankesee","nat_pers":67,"wohmi_fl":"415873","jur_pers":31,"jp_ohn_swg":12.09,"stwbg":18.91,"genossen":0,"sozvermiet":20.91,"plr_id":"11200512"},"geometry":{"type":"MultiPolygon","coordinates":[[[[13.46984,52.54046],[13.4699,52.54023],[13.4714,52.53807],[13.47132,52.53807],[13.47309,52.53621],[13.47356,52.53634],[13.47367,52.5363],[13.47391,52.53634],[13.47569,52.53686],[13.47699,52.53728],[13.48314,52.53947],[13.48321,52.5395],[13.48319,52.53952],[13.48385,52.53976],[13.48425,52.53996],[13.48428,52.53994],[13.48465,52.54013],[13.48461,52.54015],[13.4852,52.54041],[13.49048,52.54316],[13.49199,52.54396],[13.49248,52.54426],[13.49252,52.54423],[13.49695,52.54654],[13.49577,52.54738],[13.49504,52.54799],[13.49456,52.54847],[13.49433,52.54882],[13.49418,52.54916],[13.49411,52.54989],[13.4942,52.55028],[13.49442,52.5508],[13.49056,52.55165],[13.48612,52.5524],[13.48583,52.55219],[13.48568,52.5522],[13.48273,52.55],[13.48228,52.54968],[13.4821,52.54959],[13.48184,52.54951],[13.48161,52.54948],[13.48037,52.54945],[13.48037,52.54955],[13.48025,52.5496],[13.48008,52.54947],[13.47975,52.54962],[13.47934,52.5493],[13.47977,52.5491],[13.48004,52.54859],[13.48046,52.54812],[13.47965,52.54755],[13.47353,52.54769],[13.46993,52.54774],[13.46954,52.54778],[13.46853,52.54823],[13.46846,52.54818],[13.46842,52.54823],[13.46736,52.54832],[13.46702,52.54807],[13.46984,52.54046]]]]}},{"type":"Feature","id":477,"properties":{"plr_schl":"11200513","plrname":"Große-Leege-Straße","nat_pers":36,"wohmi_fl":"406918","jur_pers":63,"jp_ohn_swg":12.6,"stwbg":42.21,"genossen":8.19,"sozvermiet":52.4,"plr_id":"11200513"},"geometry":{"type":"MultiPolygon","coordinates":[[[[13.49906,52.53898],[13.50089,52.54374],[13.50011,52.54396],[13.49939,52.54428],[13.49893,52.54455],[13.49856,52.54485],[13.49736,52.54613],[13.49687,52.54651],[13.49252,52.54423],[13.49248,52.54426],[13.49199,52.54396],[13.49048,52.54316],[13.4852,52.54041],[13.48461,52.54015],[13.48465,52.54013],[13.48428,52.53994],[13.48425,52.53996],[13.48385,52.53976],[13.48319,52.53952],[13.48321,52.5395],[13.48314,52.53947],[13.47796,52.53763],[13.4782,52.53746],[13.47838,52.53752],[13.48213,52.537],[13.48316,52.53762],[13.48427,52.53697],[13.48603,52.53621],[13.48803,52.53751],[13.48849,52.53724],[13.48911,52.53704],[13.49493,52.54064],[13.49852,52.53847],[13.49881,52.53834],[13.49906,52.53898]]]]}},{"type":"Feature","id":478,"properties":{"plr_schl":"11200514","plrname":"Landsberger Allee","nat_pers":16,"wohmi_fl":"305798","jur_pers":84,"jp_ohn_swg":19.32,"stwbg":42,"genossen":22.68,"sozvermiet":64.68,"plr_id":"11200514"},"geometry":{"type":"MultiPolygon","coordinates":[[[[13.47309,52.53621],[13.47464,52.53445],[13.47512,52.53373],[13.47561,52.53318],[13.47557,52.53312],[13.47579,52.53317],[13.47634,52.53337],[13.47711,52.53342],[13.47717,52.53332],[13.48395,52.53371],[13.48513,52.53379],[13.48512,52.53386],[13.48626,52.53395],[13.48703,52.534],[13.48704,52.53397],[13.48723,52.53398],[13.48919,52.53411],[13.49481,52.53441],[13.49544,52.53445],[13.49544,52.5345],[13.49576,52.53451],[13.49596,52.53445],[13.49842,52.53451],[13.50465,52.53487],[13.50565,52.53495],[13.50568,52.53652],[13.50556,52.53858],[13.50541,52.53854],[13.50451,52.53855],[13.49906,52.53898],[13.49881,52.53834],[13.49852,52.53847],[13.49493,52.54064],[13.48911,52.53704],[13.48849,52.53724],[13.48803,52.53751],[13.48603,52.53621],[13.48427,52.53697],[13.48316,52.53762],[13.48213,52.537],[13.47838,52.53752],[13.4782,52.53746],[13.47796,52.53763],[13.47699,52.53728],[13.47569,52.53686],[13.47391,52.53634],[13.47374,52.5363],[13.47356,52.53634],[13.47309,52.53621]]]]}},{"type":"Feature","id":479,"properties":{"plr_schl":"11200515","plrname":"Weiße Taube","nat_pers":72,"wohmi_fl":"495352","jur_pers":26,"jp_ohn_swg":18.2,"stwbg":7.8,"genossen":0,"sozvermiet":8.8,"plr_id":"11200515"},"geometry":{"type":"MultiPolygon","coordinates":[[[[13.49906,52.53898],[13.50451,52.53855],[13.50541,52.53854],[13.50556,52.53858],[13.50568,52.53652],[13.50569,52.5356],[13.50564,52.53478],[13.51864,52.53566],[13.51925,52.53571],[13.51916,52.53582],[13.51921,52.53583],[13.52182,52.53604],[13.52307,52.53627],[13.52371,52.53644],[13.52458,52.53672],[13.5254,52.53703],[13.52542,52.53701],[13.52625,52.53729],[13.52769,52.53787],[13.5276,52.53796],[13.52672,52.53775],[13.52624,52.53772],[13.52575,52.53773],[13.52468,52.53785],[13.52445,52.53795],[13.5243,52.53796],[13.52312,52.53837],[13.52111,52.53946],[13.52049,52.53975],[13.52006,52.53991],[13.52015,52.53979],[13.5178,52.54065],[13.51635,52.54122],[13.51596,52.54132],[13.51384,52.5421],[13.51315,52.54232],[13.51245,52.54249],[13.51152,52.54264],[13.51083,52.54271],[13.51069,52.54276],[13.50728,52.54307],[13.50706,52.54284],[13.5063,52.54291],[13.50518,52.54302],[13.50517,52.54318],[13.50164,52.54351],[13.50164,52.54349],[13.5009,52.5436],[13.50083,52.54357],[13.50057,52.54292],[13.49906,52.53898]]]]}},{"type":"Feature","id":480,"properties":{"plr_schl":"11300616","plrname":"Hohenschönhauser Straße","nat_pers":13,"wohmi_fl":"160229","jur_pers":87,"jp_ohn_swg":5.22,"stwbg":43.5,"genossen":38.28,"sozvermiet":81.78,"plr_id":"11300616"},"geometry":{"type":"MultiPolygon","coordinates":[[[[13.46731,52.5385],[13.46752,52.5384],[13.46753,52.53846],[13.46765,52.53845],[13.46638,52.53666],[13.46687,52.53644],[13.4674,52.53631],[13.46779,52.53614],[13.46841,52.53526],[13.46874,52.53471],[13.46735,52.53409],[13.46738,52.53406],[13.46731,52.53403],[13.46722,52.53408],[13.46712,52.53408],[13.46702,52.53403],[13.46696,52.53405],[13.46635,52.53381],[13.46452,52.5332],[13.46454,52.53315],[13.46443,52.53306],[13.46444,52.53299],[13.46339,52.53263],[13.46325,52.5324],[13.46134,52.53008],[13.46182,52.52993],[13.46256,52.5301],[13.46274,52.53021],[13.46307,52.53032],[13.46305,52.53035],[13.46325,52.5304],[13.46327,52.53038],[13.47557,52.53312],[13.47561,52.53318],[13.47512,52.53373],[13.47464,52.53445],[13.47343,52.53585],[13.47132,52.53807],[13.4714,52.53807],[13.4699,52.54023],[13.46984,52.54046],[13.46731,52.5385]]]]}},{"type":"Feature","id":481,"properties":{"plr_schl":"11300617","plrname":"Fennpfuhlpark","nat_pers":0,"wohmi_fl":"94273","jur_pers":100,"jp_ohn_swg":0,"stwbg":73,"genossen":27,"sozvermiet":100,"plr_id":"11300617"},"geometry":{"type":"MultiPolygon","coordinates":[[[[13.46134,52.53008],[13.46101,52.52968],[13.46067,52.52936],[13.46129,52.52933],[13.46872,52.52805],[13.46881,52.52808],[13.47206,52.52753],[13.47256,52.52744],[13.47254,52.52738],[13.47285,52.5273],[13.47283,52.52726],[13.47355,52.52713],[13.47357,52.52717],[13.47498,52.52694],[13.4775,52.52648],[13.47794,52.52644],[13.47891,52.52642],[13.47902,52.52727],[13.47907,52.52733],[13.47882,52.5279],[13.47668,52.53172],[13.476,52.53274],[13.47557,52.53312],[13.46327,52.53038],[13.46325,52.5304],[13.46305,52.53035],[13.46307,52.53032],[13.46274,52.53021],[13.46256,52.5301],[13.46182,52.52993],[13.46134,52.53008]]]]}},{"type":"Feature","id":482,"properties":{"plr_schl":"11300618","plrname":"Storkower Bogen","nat_pers":16,"wohmi_fl":"130013","jur_pers":84,"jp_ohn_swg":23.52,"stwbg":36.12,"genossen":24.36,"sozvermiet":60.48,"plr_id":"11300618"},"geometry":{"type":"MultiPolygon","coordinates":[[[[13.46758,52.52366],[13.46762,52.52371],[13.46749,52.52376],[13.46666,52.524],[13.46682,52.52422],[13.46718,52.52511],[13.46729,52.52517],[13.46821,52.52717],[13.46836,52.52721],[13.4687,52.52715],[13.46892,52.52764],[13.46886,52.52761],[13.46855,52.52767],[13.46872,52.52805],[13.46129,52.52933],[13.46067,52.52936],[13.45633,52.52839],[13.4562,52.52826],[13.45818,52.5264],[13.45896,52.52586],[13.45967,52.52551],[13.46046,52.52522],[13.46276,52.5245],[13.46493,52.52423],[13.46602,52.52406],[13.46709,52.52382],[13.46758,52.52366]]]]}},{"type":"Feature","id":483,"properties":{"plr_schl":"11300619","plrname":"Rudolf-Seiffert-Park","nat_pers":16,"wohmi_fl":"137774","jur_pers":81,"jp_ohn_swg":5.67,"stwbg":38.07,"genossen":37.26,"sozvermiet":78.33,"plr_id":"11300619"},"geometry":{"type":"MultiPolygon","coordinates":[[[[13.46762,52.52371],[13.46896,52.52332],[13.47022,52.52309],[13.47027,52.52327],[13.47084,52.5232],[13.47238,52.5231],[13.47485,52.52305],[13.47733,52.52308],[13.47945,52.52319],[13.47945,52.52314],[13.48006,52.52317],[13.47989,52.52327],[13.47989,52.52437],[13.47996,52.52545],[13.48002,52.52565],[13.48007,52.52626],[13.48019,52.52634],[13.4802,52.52648],[13.47891,52.52642],[13.47794,52.52644],[13.4775,52.52648],[13.47498,52.52694],[13.47357,52.52717],[13.47355,52.52713],[13.47283,52.52726],[13.47285,52.5273],[13.47254,52.52738],[13.47256,52.52744],[13.46881,52.52808],[13.46872,52.52805],[13.46855,52.52767],[13.46886,52.52761],[13.46892,52.52764],[13.4687,52.52715],[13.46836,52.52721],[13.46821,52.52717],[13.46729,52.52517],[13.46718,52.52511],[13.46682,52.52422],[13.46666,52.524],[13.46703,52.52391],[13.46762,52.52371]]]]}},{"type":"Feature","id":484,"properties":{"plr_schl":"11300620","plrname":"Fennpfuhl Ost","nat_pers":9,"wohmi_fl":"262121","jur_pers":91,"jp_ohn_swg":15.47,"stwbg":24.57,"genossen":50.96,"sozvermiet":75.53,"plr_id":"11300620"},"geometry":{"type":"MultiPolygon","coordinates":[[[[13.47557,52.53312],[13.476,52.53274],[13.47668,52.53172],[13.47882,52.5279],[13.47907,52.52733],[13.47902,52.52727],[13.47891,52.52642],[13.4802,52.52648],[13.48019,52.52634],[13.48007,52.52626],[13.48002,52.52565],[13.47996,52.52545],[13.47989,52.52437],[13.47989,52.52327],[13.47993,52.52323],[13.48006,52.52317],[13.48329,52.52332],[13.48565,52.52328],[13.48564,52.52454],[13.48541,52.52534],[13.4856,52.52853],[13.48565,52.53033],[13.48516,52.53337],[13.48513,52.53379],[13.47717,52.53332],[13.47711,52.53342],[13.47634,52.53337],[13.47579,52.53317],[13.47557,52.53312]]]]}},{"type":"Feature","id":485,"properties":{"plr_schl":"11300721","plrname":"Herzbergstraße","nat_pers":19,"wohmi_fl":"340409","jur_pers":75,"jp_ohn_swg":64.5,"stwbg":10.5,"genossen":0,"sozvermiet":14.5,"plr_id":"11300721"},"geometry":{"type":"MultiPolygon","coordinates":[[[[13.48587,52.52191],[13.48922,52.52184],[13.48923,52.52195],[13.49011,52.52189],[13.49029,52.52189],[13.49029,52.52193],[13.49174,52.5219],[13.49265,52.52183],[13.49576,52.52176],[13.49592,52.52176],[13.49592,52.5218],[13.49644,52.52176],[13.49646,52.52181],[13.49739,52.52173],[13.49742,52.52177],[13.49834,52.52171],[13.49965,52.5217],[13.50174,52.52163],[13.50232,52.52166],[13.50288,52.52176],[13.50345,52.52197],[13.50392,52.52227],[13.5045,52.52226],[13.5045,52.52218],[13.50463,52.52213],[13.50472,52.52203],[13.50478,52.5219],[13.5048,52.52156],[13.50486,52.52156],[13.50486,52.52146],[13.5048,52.52146],[13.5048,52.52082],[13.50494,52.51834],[13.50463,52.51835],[13.50464,52.51816],[13.50499,52.51811],[13.505,52.51813],[13.50609,52.51785],[13.50595,52.52038],[13.50738,52.52038],[13.50913,52.51903],[13.50951,52.51856],[13.50965,52.51832],[13.50976,52.51809],[13.50984,52.51768],[13.50977,52.51721],[13.50886,52.51542],[13.50854,52.51505],[13.50831,52.51486],[13.50797,52.51465],[13.50838,52.51438],[13.50868,52.51439],[13.50933,52.51449],[13.51267,52.51463],[13.5186,52.51454],[13.51874,52.51444],[13.51896,52.51845],[13.51912,52.51965],[13.51908,52.51965],[13.51916,52.52089],[13.5192,52.5209],[13.51944,52.52384],[13.51941,52.52456],[13.51929,52.52581],[13.51912,52.52612],[13.51915,52.52712],[13.51905,52.52875],[13.51883,52.53104],[13.51886,52.53118],[13.51883,52.53133],[13.51878,52.53135],[13.51871,52.53204],[13.51869,52.53267],[13.51832,52.53358],[13.51716,52.53519],[13.51727,52.5352],[13.51711,52.53541],[13.51699,52.53541],[13.51688,52.53554],[13.50602,52.5348],[13.50564,52.53478],[13.50565,52.53495],[13.50556,52.53495],[13.50465,52.53487],[13.49842,52.53451],[13.49596,52.53445],[13.49576,52.53451],[13.49544,52.5345],[13.49544,52.53445],[13.49481,52.53441],[13.48919,52.53411],[13.48723,52.53398],[13.48704,52.53397],[13.48703,52.534],[13.48512,52.53386],[13.48516,52.53337],[13.48565,52.53033],[13.4856,52.52853],[13.48541,52.52534],[13.48564,52.52454],[13.48565,52.52328],[13.4856,52.5231],[13.48587,52.52191]]]]}},{"type":"Feature","id":486,"properties":{"plr_schl":"11300722","plrname":"Rathaus Lichtenberg","nat_pers":19,"wohmi_fl":"329058","jur_pers":79,"jp_ohn_swg":26.86,"stwbg":33.18,"genossen":18.96,"sozvermiet":54.14,"plr_id":"11300722"},"geometry":{"type":"MultiPolygon","coordinates":[[[[13.47544,52.51343],[13.47738,52.51326],[13.48442,52.51254],[13.48574,52.51776],[13.48581,52.51775],[13.486,52.51841],[13.4861,52.51851],[13.48612,52.52084],[13.4856,52.5231],[13.48565,52.52328],[13.48329,52.52332],[13.47945,52.52314],[13.47945,52.52319],[13.47733,52.52308],[13.47512,52.52305],[13.47238,52.5231],[13.47084,52.5232],[13.47027,52.52327],[13.47022,52.52309],[13.46896,52.52332],[13.46762,52.52371],[13.46758,52.52366],[13.4681,52.52349],[13.46904,52.5231],[13.46991,52.52264],[13.4703,52.52238],[13.47099,52.52182],[13.47146,52.52131],[13.47211,52.52069],[13.47227,52.52068],[13.47235,52.52051],[13.47255,52.52053],[13.47321,52.51988],[13.47308,52.51988],[13.47376,52.51909],[13.4742,52.51912],[13.47605,52.51613],[13.47645,52.5153],[13.47655,52.51517],[13.47671,52.51505],[13.47775,52.51473],[13.47748,52.51439],[13.47589,52.51486],[13.4755,52.51382],[13.47544,52.51343]]]]}},{"type":"Feature","id":487,"properties":{"plr_schl":"11300723","plrname":"Bornitzstraße","nat_pers":75,"wohmi_fl":"87108","jur_pers":25,"jp_ohn_swg":25,"stwbg":0,"genossen":0,"sozvermiet":0,"plr_id":"11300723"},"geometry":{"type":"MultiPolygon","coordinates":[[[[13.4861,52.51851],[13.49587,52.51827],[13.49623,52.51827],[13.49626,52.5183],[13.49645,52.51831],[13.49785,52.51831],[13.49825,52.51826],[13.49911,52.51824],[13.50072,52.51809],[13.5012,52.51809],[13.50227,52.51822],[13.50464,52.51816],[13.50463,52.51835],[13.50494,52.51834],[13.5048,52.52082],[13.5048,52.52146],[13.50486,52.52146],[13.50486,52.52156],[13.5048,52.52156],[13.50478,52.5219],[13.50472,52.52203],[13.50463,52.52213],[13.5045,52.52218],[13.5045,52.52226],[13.50392,52.52227],[13.50345,52.52197],[13.50288,52.52176],[13.50232,52.52166],[13.50174,52.52163],[13.49965,52.5217],[13.49834,52.52171],[13.49742,52.52177],[13.49739,52.52173],[13.49646,52.52181],[13.49644,52.52176],[13.49606,52.5218],[13.49592,52.5218],[13.49592,52.52176],[13.49576,52.52176],[13.49265,52.52183],[13.49174,52.5219],[13.49029,52.52193],[13.49029,52.52189],[13.49011,52.52189],[13.48923,52.52195],[13.48922,52.52184],[13.48587,52.52191],[13.48612,52.52084],[13.4861,52.51851]]]]}},{"type":"Feature","id":488,"properties":{"plr_schl":"11300724","plrname":"Roedeliusplatz","nat_pers":17,"wohmi_fl":"136590","jur_pers":83,"jp_ohn_swg":43.16,"stwbg":39.84,"genossen":0,"sozvermiet":39.84,"plr_id":"11300724"},"geometry":{"type":"MultiPolygon","coordinates":[[[[13.48442,52.51254],[13.48857,52.51212],[13.4891,52.51203],[13.4892,52.51195],[13.49081,52.5118],[13.49166,52.5117],[13.4919,52.51164],[13.49262,52.51158],[13.49377,52.51594],[13.4938,52.51607],[13.49373,52.51628],[13.49378,52.51649],[13.49391,52.51647],[13.49414,52.51731],[13.49492,52.51723],[13.49517,52.51814],[13.49517,52.51829],[13.4861,52.51851],[13.486,52.51841],[13.48581,52.51775],[13.48574,52.51776],[13.48442,52.51254]]]]}},{"type":"Feature","id":489,"properties":{"plr_schl":"11300725","plrname":"Nibelungenviertel","nat_pers":28,"wohmi_fl":"377109","jur_pers":70,"jp_ohn_swg":11.2,"stwbg":35,"genossen":23.8,"sozvermiet":59.8,"plr_id":"11300725"},"geometry":{"type":"MultiPolygon","coordinates":[[[[13.49262,52.51158],[13.49731,52.51118],[13.49836,52.51154],[13.49838,52.51161],[13.50124,52.51274],[13.50256,52.51322],[13.50393,52.51363],[13.50534,52.51398],[13.50703,52.51434],[13.50797,52.51465],[13.50831,52.51486],[13.50854,52.51505],[13.50886,52.51542],[13.50977,52.51721],[13.50984,52.51768],[13.50976,52.51809],[13.50951,52.51856],[13.50929,52.51886],[13.50886,52.51926],[13.50738,52.52038],[13.50595,52.52038],[13.50609,52.51785],[13.505,52.51813],[13.50499,52.51811],[13.50481,52.51815],[13.50445,52.51817],[13.50227,52.51822],[13.5012,52.51809],[13.50072,52.51809],[13.49911,52.51824],[13.49825,52.51826],[13.49785,52.51831],[13.49645,52.51831],[13.49626,52.5183],[13.49623,52.51827],[13.49517,52.51829],[13.49517,52.51814],[13.49492,52.51723],[13.49414,52.51731],[13.49391,52.51647],[13.49378,52.51649],[13.49373,52.51628],[13.4938,52.51607],[13.49377,52.51594],[13.49262,52.51158]]]]}},{"type":"Feature","id":490,"properties":{"plr_schl":"11300826","plrname":"Frankfurter Allee Süd","nat_pers":5,"wohmi_fl":"250030","jur_pers":95,"jp_ohn_swg":25.65,"stwbg":55.1,"genossen":14.25,"sozvermiet":70.35,"plr_id":"11300826"},"geometry":{"type":"MultiPolygon","coordinates":[[[[13.48442,52.51254],[13.47738,52.51326],[13.47544,52.51343],[13.47553,52.51307],[13.47563,52.51306],[13.47584,52.51212],[13.47593,52.51211],[13.47594,52.51206],[13.47589,52.51205],[13.47627,52.51044],[13.47604,52.5103],[13.47583,52.51026],[13.47542,52.50963],[13.47396,52.50811],[13.4739,52.5081],[13.47403,52.50807],[13.47396,52.50799],[13.47394,52.50797],[13.47381,52.50801],[13.47382,52.50793],[13.47307,52.50713],[13.47341,52.50692],[13.47283,52.50671],[13.47277,52.50657],[13.4728,52.50649],[13.47294,52.50648],[13.47364,52.50673],[13.47429,52.5069],[13.47489,52.50701],[13.47491,52.50697],[13.47574,52.50709],[13.47574,52.50705],[13.47634,52.50706],[13.47727,52.50698],[13.47845,52.50673],[13.47912,52.50649],[13.48061,52.50588],[13.48109,52.50562],[13.48152,52.50533],[13.48187,52.50501],[13.48216,52.50468],[13.48236,52.50437],[13.48275,52.50351],[13.48304,52.50344],[13.48319,52.50305],[13.48405,52.50326],[13.48478,52.50351],[13.48624,52.5041],[13.48842,52.50519],[13.49047,52.50633],[13.49051,52.50631],[13.49161,52.5069],[13.49503,52.50851],[13.49499,52.50853],[13.49571,52.50892],[13.49597,52.5087],[13.49642,52.50895],[13.49645,52.50893],[13.49655,52.50898],[13.49652,52.50901],[13.49691,52.50922],[13.49703,52.50915],[13.497,52.50913],[13.49711,52.50904],[13.49715,52.50906],[13.49735,52.50894],[13.49742,52.50897],[13.49728,52.50907],[13.49735,52.5091],[13.4973,52.50914],[13.49765,52.50971],[13.49779,52.50979],[13.49773,52.50983],[13.49783,52.50987],[13.49777,52.50991],[13.49772,52.50988],[13.49763,52.50995],[13.4989,52.51064],[13.49895,52.51061],[13.49975,52.51104],[13.49753,52.51125],[13.49731,52.51118],[13.4919,52.51164],[13.49166,52.5117],[13.49081,52.5118],[13.4892,52.51195],[13.4891,52.51203],[13.48857,52.51212],[13.48442,52.51254]]]]}},{"type":"Feature","id":491,"properties":{"plr_schl":"11400927","plrname":"Victoriastadt","nat_pers":65,"wohmi_fl":"120144","jur_pers":31,"jp_ohn_swg":17.36,"stwbg":13.02,"genossen":0.62,"sozvermiet":14.64,"plr_id":"11400927"},"geometry":{"type":"MultiPolygon","coordinates":[[[[13.48335,52.50307],[13.48319,52.50305],[13.48304,52.50344],[13.48275,52.50351],[13.48236,52.50437],[13.48203,52.50484],[13.48152,52.50533],[13.48087,52.50575],[13.4796,52.5063],[13.47829,52.50678],[13.47727,52.50698],[13.47634,52.50706],[13.47574,52.50705],[13.47574,52.50709],[13.47491,52.50697],[13.47489,52.50701],[13.47462,52.50697],[13.47364,52.50673],[13.47294,52.50648],[13.4728,52.50649],[13.47273,52.50646],[13.47271,52.50636],[13.47226,52.50611],[13.47175,52.50574],[13.47116,52.50513],[13.47129,52.505],[13.47042,52.50406],[13.47021,52.50374],[13.46983,52.50266],[13.47383,52.50196],[13.47434,52.50176],[13.47504,52.50168],[13.47513,52.50175],[13.4754,52.5017],[13.47565,52.50223],[13.47679,52.50216],[13.47784,52.50217],[13.47985,52.50233],[13.48123,52.50256],[13.48125,52.50246],[13.48144,52.50248],[13.483,52.50283],[13.48298,52.50289],[13.4831,52.50295],[13.48338,52.503],[13.48335,52.50307]]]]}},{"type":"Feature","id":492,"properties":{"plr_schl":"11400928","plrname":"Nöldnerplatz","nat_pers":52,"wohmi_fl":"115283","jur_pers":41,"jp_ohn_swg":11.89,"stwbg":29.11,"genossen":0,"sozvermiet":36.11,"plr_id":"11400928"},"geometry":{"type":"MultiPolygon","coordinates":[[[[13.48335,52.50307],[13.48338,52.503],[13.4831,52.50295],[13.48298,52.50289],[13.483,52.50283],[13.48144,52.50248],[13.48125,52.50246],[13.48123,52.50256],[13.47985,52.50233],[13.47784,52.50217],[13.47679,52.50216],[13.47565,52.50223],[13.4755,52.50188],[13.47712,52.50159],[13.47764,52.50155],[13.47766,52.50159],[13.47776,52.50158],[13.47839,52.50145],[13.4794,52.50115],[13.48055,52.50072],[13.4823,52.50012],[13.48426,52.49933],[13.48499,52.49899],[13.48571,52.49873],[13.48796,52.49776],[13.49097,52.49664],[13.49334,52.49571],[13.49691,52.49445],[13.49773,52.49407],[13.49814,52.49464],[13.49795,52.49491],[13.49806,52.49521],[13.49812,52.49525],[13.49833,52.4957],[13.49826,52.49572],[13.49838,52.49592],[13.4978,52.49602],[13.49781,52.49605],[13.49777,52.49605],[13.49807,52.49669],[13.49673,52.49691],[13.49667,52.49694],[13.49788,52.49948],[13.49795,52.4995],[13.49645,52.5],[13.49491,52.50043],[13.49495,52.50048],[13.4909,52.50132],[13.48903,52.50191],[13.48384,52.50313],[13.48369,52.50316],[13.48335,52.50307]]]]}},{"type":"Feature","id":493,"properties":{"plr_schl":"11400929","plrname":"Weitlingkiez","nat_pers":35,"wohmi_fl":"508129","jur_pers":63,"jp_ohn_swg":23.31,"stwbg":32.76,"genossen":6.93,"sozvermiet":40.69,"plr_id":"11400929"},"geometry":{"type":"MultiPolygon","coordinates":[[[[13.50504,52.50909],[13.50412,52.50937],[13.50401,52.50941],[13.50402,52.50944],[13.5033,52.50964],[13.50083,52.51042],[13.50097,52.51058],[13.50085,52.51063],[13.5008,52.5107],[13.50083,52.51079],[13.50091,52.51085],[13.50035,52.51094],[13.50029,52.51099],[13.49975,52.51104],[13.49895,52.51061],[13.4989,52.51064],[13.49763,52.50995],[13.49772,52.50988],[13.49777,52.50991],[13.49783,52.50987],[13.49773,52.50983],[13.49779,52.50979],[13.49765,52.50971],[13.4973,52.50914],[13.49735,52.5091],[13.49728,52.50907],[13.49742,52.50897],[13.49735,52.50894],[13.49715,52.50906],[13.49711,52.50904],[13.497,52.50913],[13.49703,52.50915],[13.49691,52.50922],[13.49652,52.50901],[13.49655,52.50898],[13.49645,52.50893],[13.49642,52.50895],[13.49597,52.5087],[13.49571,52.50892],[13.49499,52.50853],[13.49503,52.50851],[13.49161,52.5069],[13.49051,52.50631],[13.49047,52.50633],[13.48842,52.50519],[13.48685,52.50439],[13.48546,52.50377],[13.48478,52.50351],[13.48369,52.50316],[13.48664,52.50249],[13.48741,52.50228],[13.48903,52.50191],[13.4909,52.50132],[13.49495,52.50048],[13.49491,52.50043],[13.49645,52.5],[13.49661,52.50018],[13.49658,52.50025],[13.49688,52.50058],[13.49977,52.5013],[13.49967,52.50145],[13.49958,52.50149],[13.49964,52.50159],[13.50504,52.50909]]]]}},{"type":"Feature","id":494,"properties":{"plr_schl":"11400930","plrname":"Zachertstraße","nat_pers":26,"wohmi_fl":"217703","jur_pers":74,"jp_ohn_swg":28.12,"stwbg":8.14,"genossen":37.74,"sozvermiet":45.88,"plr_id":"11400930"},"geometry":{"type":"MultiPolygon","coordinates":[[[[13.50504,52.50909],[13.49964,52.50159],[13.49958,52.50149],[13.49967,52.50145],[13.49977,52.5013],[13.5003,52.50143],[13.50026,52.5013],[13.50095,52.50148],[13.50113,52.50153],[13.50121,52.5017],[13.50173,52.50183],[13.50171,52.50179],[13.5031,52.5021],[13.50369,52.5022],[13.50368,52.50222],[13.50378,52.50224],[13.50971,52.50332],[13.51,52.50341],[13.51028,52.50359],[13.51352,52.5053],[13.51333,52.50554],[13.51328,52.50567],[13.51207,52.50682],[13.51183,52.50671],[13.5115,52.50671],[13.51128,52.50704],[13.51097,52.50723],[13.50504,52.50909]]]]}},{"type":"Feature","id":495,"properties":{"plr_schl":"11400931","plrname":"Massower Straße","nat_pers":39,"wohmi_fl":"159193","jur_pers":61,"jp_ohn_swg":7.32,"stwbg":19.52,"genossen":34.16,"sozvermiet":53.68,"plr_id":"11400931"},"geometry":{"type":"MultiPolygon","coordinates":[[[[13.51988,52.50996],[13.51455,52.51029],[13.51446,52.50978],[13.51324,52.50995],[13.51187,52.51006],[13.51185,52.5101],[13.50373,52.51058],[13.50165,52.51078],[13.50144,52.51077],[13.50091,52.51085],[13.5008,52.51073],[13.50085,52.51063],[13.50097,52.51058],[13.50083,52.51042],[13.5033,52.50964],[13.50402,52.50944],[13.50401,52.50941],[13.50412,52.50937],[13.51097,52.50723],[13.51128,52.50704],[13.5115,52.50671],[13.51183,52.50671],[13.51207,52.50682],[13.51328,52.50567],[13.51333,52.50554],[13.51352,52.5053],[13.51395,52.50542],[13.51508,52.5055],[13.51602,52.50555],[13.51835,52.50559],[13.51903,52.50564],[13.51904,52.5056],[13.51933,52.50561],[13.51974,52.50566],[13.52005,52.50579],[13.52003,52.50601],[13.51995,52.50611],[13.51976,52.50699],[13.52027,52.50706],[13.51983,52.5084],[13.51972,52.50861],[13.5198,52.50887],[13.51996,52.50902],[13.51988,52.50996]]]]}},{"type":"Feature","id":496,"properties":{"plr_schl":"11401032","plrname":"Rosenfelder Ring","nat_pers":20,"wohmi_fl":"176839","jur_pers":80,"jp_ohn_swg":30.4,"stwbg":24.8,"genossen":24.8,"sozvermiet":49.6,"plr_id":"11401032"},"geometry":{"type":"MultiPolygon","coordinates":[[[[13.50797,52.51465],[13.50703,52.51434],[13.50534,52.51398],[13.50393,52.51363],[13.50256,52.51322],[13.50124,52.51274],[13.49838,52.51161],[13.49836,52.51154],[13.49753,52.51125],[13.50029,52.51099],[13.50035,52.51094],[13.50144,52.51077],[13.50165,52.51078],[13.50373,52.51058],[13.51185,52.5101],[13.51187,52.51006],[13.51324,52.50995],[13.51446,52.50978],[13.51455,52.51029],[13.51988,52.50996],[13.51969,52.51004],[13.51952,52.51016],[13.51943,52.51025],[13.51936,52.51041],[13.51935,52.51144],[13.51931,52.51158],[13.51934,52.51284],[13.51934,52.51331],[13.51929,52.51361],[13.51931,52.51403],[13.51876,52.51403],[13.51875,52.51391],[13.51855,52.51391],[13.5186,52.51454],[13.51267,52.51463],[13.50933,52.51449],[13.50868,52.51439],[13.50838,52.51438],[13.50797,52.51465]]]]}},{"type":"Feature","id":497,"properties":{"plr_schl":"11401033","plrname":"Gensinger Straße","nat_pers":41,"wohmi_fl":"219901","jur_pers":51,"jp_ohn_swg":32.64,"stwbg":18.36,"genossen":0,"sozvermiet":26.36,"plr_id":"11401033"},"geometry":{"type":"MultiPolygon","coordinates":[[[[13.53821,52.50991],[13.53785,52.50993],[13.53782,52.5111],[13.53757,52.51179],[13.53732,52.51211],[13.53691,52.51247],[13.5363,52.51288],[13.53544,52.51327],[13.53474,52.51348],[13.53398,52.51362],[13.53326,52.51364],[13.53284,52.51362],[13.53197,52.5137],[13.53138,52.5137],[13.52925,52.51379],[13.52474,52.51379],[13.52442,52.51385],[13.52388,52.5139],[13.52339,52.51391],[13.52202,52.51384],[13.52041,52.51387],[13.5204,52.51376],[13.52013,52.51376],[13.52013,52.51373],[13.51999,52.51373],[13.52,52.51388],[13.5193,52.5139],[13.51929,52.51361],[13.51934,52.51331],[13.51931,52.51158],[13.51935,52.51144],[13.51936,52.51041],[13.51943,52.51025],[13.51952,52.51016],[13.51969,52.51004],[13.51988,52.50996],[13.52086,52.51006],[13.52326,52.51053],[13.52361,52.51054],[13.52395,52.51063],[13.52396,52.51068],[13.52429,52.51074],[13.52484,52.51078],[13.52639,52.5107],[13.52637,52.51053],[13.52628,52.51042],[13.52616,52.51039],[13.5259,52.51039],[13.5253,52.51043],[13.52526,52.5104],[13.52528,52.51032],[13.52517,52.51029],[13.52517,52.51022],[13.5258,52.5103],[13.52586,52.51028],[13.52705,52.51041],[13.52989,52.51064],[13.53096,52.51065],[13.53116,52.51068],[13.53116,52.51076],[13.53269,52.51069],[13.53263,52.51015],[13.53821,52.50991]]]]}},{"type":"Feature","id":498,"properties":{"plr_schl":"11401034","plrname":"Tierpark","nat_pers":38,"wohmi_fl":"91366","jur_pers":54,"jp_ohn_swg":4.32,"stwbg":44.28,"genossen":5.4,"sozvermiet":57.68,"plr_id":"11401034"},"geometry":{"type":"MultiPolygon","coordinates":[[[[13.53621,52.50999],[13.53263,52.51015],[13.53269,52.51069],[13.53116,52.51076],[13.53116,52.51068],[13.53096,52.51065],[13.52989,52.51064],[13.52705,52.51041],[13.52586,52.51028],[13.5258,52.5103],[13.52517,52.51022],[13.52517,52.51029],[13.52528,52.51032],[13.52526,52.5104],[13.5253,52.51043],[13.5259,52.51039],[13.52616,52.51039],[13.52628,52.51042],[13.52637,52.51053],[13.52639,52.5107],[13.52484,52.51078],[13.52429,52.51074],[13.52396,52.51068],[13.52395,52.51063],[13.52361,52.51054],[13.52326,52.51053],[13.52086,52.51006],[13.51988,52.50996],[13.51996,52.50902],[13.5198,52.50887],[13.51972,52.50861],[13.51983,52.5084],[13.52027,52.50706],[13.51976,52.50699],[13.51995,52.50611],[13.52003,52.50601],[13.52015,52.50543],[13.52067,52.50441],[13.52124,52.50262],[13.52147,52.50227],[13.52214,52.5003],[13.52239,52.49976],[13.52305,52.49872],[13.5232,52.49875],[13.52365,52.49803],[13.52357,52.49798],[13.52371,52.49779],[13.52366,52.49778],[13.52379,52.49757],[13.52408,52.49732],[13.52422,52.49713],[13.52414,52.4971],[13.52424,52.49684],[13.52468,52.49621],[13.52555,52.49479],[13.52587,52.49437],[13.53189,52.4959],[13.54121,52.4982],[13.54174,52.4983],[13.53949,52.49854],[13.5352,52.50555],[13.53602,52.506],[13.53629,52.50641],[13.53612,52.5079],[13.53629,52.50794],[13.53621,52.50999]]]]}},{"type":"Feature","id":499,"properties":{"plr_schl":"11401135","plrname":"Dolgenseestraße","nat_pers":10,"wohmi_fl":"289177","jur_pers":90,"jp_ohn_swg":1.8,"stwbg":52.2,"genossen":36,"sozvermiet":88.2,"plr_id":"11401135"},"geometry":{"type":"MultiPolygon","coordinates":[[[[13.51389,52.49536],[13.51366,52.49551],[13.51338,52.49559],[13.51133,52.4959],[13.50939,52.49626],[13.5079,52.49649],[13.50763,52.49656],[13.50294,52.49788],[13.49795,52.4995],[13.49788,52.49948],[13.49667,52.49694],[13.49673,52.49691],[13.49807,52.49669],[13.49777,52.49605],[13.49781,52.49605],[13.4978,52.49602],[13.49838,52.49592],[13.49826,52.49572],[13.49833,52.4957],[13.49812,52.49525],[13.49806,52.49521],[13.49795,52.49491],[13.49814,52.49464],[13.49773,52.49407],[13.49896,52.49338],[13.49932,52.49338],[13.49938,52.49332],[13.4996,52.49338],[13.49988,52.49341],[13.49995,52.49309],[13.50153,52.49258],[13.50213,52.49242],[13.50327,52.49213],[13.50581,52.49157],[13.50564,52.49121],[13.50712,52.49088],[13.50719,52.49102],[13.50889,52.4909],[13.51074,52.49092],[13.51073,52.49095],[13.51185,52.49107],[13.51308,52.49126],[13.51629,52.49203],[13.51596,52.49253],[13.51589,52.49252],[13.51584,52.49259],[13.51553,52.49308],[13.5156,52.4931],[13.5155,52.49326],[13.51543,52.49324],[13.51505,52.49383],[13.51487,52.49398],[13.51389,52.49536]]]]}},{"type":"Feature","id":500,"properties":{"plr_schl":"11401136","plrname":"Volkradstraße","nat_pers":12,"wohmi_fl":"325013","jur_pers":87,"jp_ohn_swg":3.48,"stwbg":60.03,"genossen":23.49,"sozvermiet":85.52,"plr_id":"11401136"},"geometry":{"type":"MultiPolygon","coordinates":[[[[13.49977,52.5013],[13.49688,52.50058],[13.49658,52.50025],[13.49661,52.50018],[13.49647,52.49999],[13.50294,52.49788],[13.5079,52.49649],[13.50939,52.49626],[13.51133,52.4959],[13.51338,52.49559],[13.51366,52.49551],[13.51389,52.49536],[13.51479,52.49559],[13.51464,52.49582],[13.51478,52.49586],[13.51483,52.49579],[13.51487,52.49579],[13.51556,52.49597],[13.51616,52.49727],[13.51517,52.49743],[13.51542,52.49807],[13.51554,52.49808],[13.51549,52.49827],[13.51528,52.49842],[13.51562,52.49912],[13.51532,52.49917],[13.51543,52.4994],[13.51591,52.49968],[13.5161,52.50057],[13.51599,52.50079],[13.51611,52.50162],[13.5161,52.50194],[13.51601,52.50242],[13.51586,52.50285],[13.51554,52.50341],[13.51352,52.5053],[13.51028,52.50359],[13.51,52.50341],[13.50971,52.50332],[13.50378,52.50224],[13.50368,52.50222],[13.50369,52.5022],[13.5031,52.5021],[13.50171,52.50179],[13.50173,52.50183],[13.50121,52.5017],[13.50113,52.50153],[13.50095,52.50148],[13.50026,52.5013],[13.5003,52.50143],[13.49977,52.5013]]]]}},{"type":"Feature","id":501,"properties":{"plr_schl":"11401137","plrname":"Erieseering","nat_pers":20,"wohmi_fl":"206819","jur_pers":80,"jp_ohn_swg":19.2,"stwbg":43.2,"genossen":17.6,"sozvermiet":60.8,"plr_id":"11401137"},"geometry":{"type":"MultiPolygon","coordinates":[[[[13.52005,52.50579],[13.51974,52.50566],[13.51933,52.50561],[13.51904,52.5056],[13.51903,52.50564],[13.51835,52.50559],[13.51602,52.50555],[13.51508,52.5055],[13.51395,52.50542],[13.51352,52.5053],[13.51554,52.50341],[13.51586,52.50285],[13.51601,52.50242],[13.5161,52.50194],[13.51611,52.50162],[13.51599,52.50079],[13.5161,52.50057],[13.51591,52.49968],[13.51543,52.4994],[13.51532,52.49917],[13.51562,52.49912],[13.51528,52.49842],[13.51549,52.49827],[13.51554,52.49808],[13.51542,52.49807],[13.51517,52.49743],[13.51616,52.49727],[13.51556,52.49597],[13.51487,52.49579],[13.51483,52.49579],[13.51478,52.49586],[13.51464,52.49582],[13.51479,52.49559],[13.51389,52.49536],[13.51487,52.49398],[13.51505,52.49383],[13.51543,52.49324],[13.5155,52.49326],[13.5156,52.4931],[13.51553,52.49308],[13.51584,52.49259],[13.51589,52.49252],[13.51596,52.49253],[13.51629,52.49203],[13.52412,52.49397],[13.52587,52.49437],[13.52555,52.49479],[13.52468,52.49621],[13.52424,52.49684],[13.52414,52.4971],[13.52422,52.49713],[13.52408,52.49732],[13.52379,52.49757],[13.52366,52.49778],[13.52371,52.49779],[13.52357,52.49798],[13.52365,52.49803],[13.5232,52.49875],[13.52305,52.49872],[13.52239,52.49976],[13.52214,52.5003],[13.52147,52.50227],[13.52124,52.50262],[13.52067,52.50441],[13.52015,52.50543],[13.52005,52.50579]]]]}},{"type":"Feature","id":502,"properties":{"plr_schl":"11501238","plrname":"Rummelsburg","nat_pers":52,"wohmi_fl":"298027","jur_pers":44,"jp_ohn_swg":28.16,"stwbg":15.84,"genossen":0,"sozvermiet":18.84,"plr_id":"11501238"},"geometry":{"type":"MultiPolygon","coordinates":[[[[13.49773,52.49407],[13.49691,52.49445],[13.49334,52.49571],[13.49097,52.49664],[13.48796,52.49776],[13.48571,52.49873],[13.48499,52.49899],[13.48426,52.49933],[13.4823,52.50012],[13.47891,52.50131],[13.47776,52.50158],[13.47766,52.50159],[13.47764,52.50155],[13.47712,52.50159],[13.4755,52.50188],[13.4754,52.5017],[13.47513,52.50175],[13.47504,52.50168],[13.47494,52.50168],[13.47434,52.50176],[13.47383,52.50196],[13.46983,52.50266],[13.46975,52.50245],[13.46975,52.50232],[13.46967,52.50229],[13.46935,52.5015],[13.46888,52.50016],[13.46877,52.50016],[13.46857,52.49965],[13.47308,52.49899],[13.48415,52.49166],[13.48494,52.4916],[13.48577,52.4912],[13.48609,52.4908],[13.48846,52.48989],[13.48881,52.48925],[13.49145,52.48827],[13.49071,52.48744],[13.49091,52.48735],[13.49122,52.48714],[13.49274,52.48582],[13.49362,52.48445],[13.49361,52.48436],[13.49366,52.48427],[13.49369,52.48428],[13.49418,52.48312],[13.49671,52.48332],[13.49687,52.48327],[13.49723,52.48331],[13.49785,52.48328],[13.49828,52.48322],[13.49935,52.48293],[13.50051,52.4827],[13.50153,52.48258],[13.50198,52.48257],[13.50163,52.48301],[13.50124,52.4834],[13.50131,52.48337],[13.50144,52.48337],[13.50181,52.48346],[13.50566,52.48443],[13.50562,52.4845],[13.51088,52.48439],[13.51124,52.48441],[13.5117,52.48449],[13.51239,52.4847],[13.51238,52.48466],[13.51291,52.48482],[13.51341,52.48499],[13.51472,52.48557],[13.51494,52.48547],[13.51563,52.48575],[13.5153,52.48589],[13.51546,52.48589],[13.51562,52.48596],[13.51353,52.48736],[13.51094,52.48893],[13.50694,52.49071],[13.50596,52.4911],[13.50598,52.49113],[13.50564,52.49121],[13.50581,52.49157],[13.50327,52.49213],[13.50153,52.49258],[13.49995,52.49309],[13.49988,52.49341],[13.4996,52.49338],[13.49938,52.49332],[13.49932,52.49338],[13.49896,52.49338],[13.49773,52.49407]]]]}},{"type":"Feature","id":503,"properties":{"plr_schl":"11501339","plrname":"Karlshorst West","nat_pers":46,"wohmi_fl":"526123","jur_pers":48,"jp_ohn_swg":11.04,"stwbg":33.6,"genossen":3.36,"sozvermiet":40.96,"plr_id":"11501339"},"geometry":{"type":"MultiPolygon","coordinates":[[[[13.51563,52.48575],[13.51622,52.48549],[13.51626,52.48552],[13.51715,52.48508],[13.52523,52.48153],[13.52528,52.48185],[13.52522,52.48188],[13.52524,52.48206],[13.5252,52.48211],[13.52532,52.48226],[13.52785,52.49026],[13.52821,52.4903],[13.52813,52.49043],[13.52814,52.49057],[13.52803,52.49085],[13.5258,52.49435],[13.52519,52.49423],[13.51851,52.49257],[13.51298,52.49124],[13.51185,52.49107],[13.51073,52.49095],[13.51074,52.49092],[13.50988,52.4909],[13.50838,52.49092],[13.50719,52.49102],[13.50712,52.49088],[13.50598,52.49113],[13.50596,52.4911],[13.50694,52.49071],[13.51094,52.48893],[13.51353,52.48736],[13.51562,52.48596],[13.51546,52.48589],[13.5153,52.48589],[13.51563,52.48575]]]]}},{"type":"Feature","id":504,"properties":{"plr_schl":"11501340","plrname":"Karlshorst Nord","nat_pers":62,"wohmi_fl":"1308663","jur_pers":32,"jp_ohn_swg":16,"stwbg":9.6,"genossen":6.4,"sozvermiet":20,"plr_id":"11501340"},"geometry":{"type":"MultiPolygon","coordinates":[[[[13.54174,52.4983],[13.54121,52.4982],[13.53998,52.4979],[13.52971,52.49536],[13.5258,52.49435],[13.52803,52.49085],[13.52814,52.49057],[13.52813,52.49043],[13.52821,52.4903],[13.52785,52.49026],[13.52532,52.48226],[13.5252,52.48211],[13.52524,52.48206],[13.52522,52.48188],[13.52528,52.48185],[13.52523,52.48153],[13.52556,52.4814],[13.52557,52.48144],[13.52568,52.4814],[13.5263,52.48109],[13.5284,52.48019],[13.52846,52.48024],[13.52875,52.48011],[13.52867,52.48004],[13.53173,52.47871],[13.53403,52.47758],[13.53781,52.4759],[13.53779,52.47587],[13.53985,52.475],[13.54207,52.47399],[13.54848,52.47331],[13.54799,52.47387],[13.54919,52.47386],[13.55034,52.4737],[13.55153,52.47362],[13.5526,52.47365],[13.55205,52.47375],[13.55086,52.47702],[13.54845,52.47978],[13.54788,52.47978],[13.54792,52.48251],[13.54828,52.48248],[13.5491,52.48374],[13.54989,52.48445],[13.55021,52.48519],[13.55014,52.48549],[13.54783,52.4891],[13.54625,52.49177],[13.54486,52.49321],[13.54476,52.49321],[13.54484,52.49329],[13.54445,52.49548],[13.54392,52.4957],[13.54381,52.49593],[13.54408,52.49621],[13.54214,52.49825],[13.54174,52.4983]]]]}},{"type":"Feature","id":505,"properties":{"plr_schl":"11501341","plrname":"Karlshorst Süd","nat_pers":76,"wohmi_fl":"850658","jur_pers":21,"jp_ohn_swg":15.12,"stwbg":4.62,"genossen":1.26,"sozvermiet":7.88,"plr_id":"11501341"},"geometry":{"type":"MultiPolygon","coordinates":[[[[13.52523,52.48153],[13.51715,52.48508],[13.51626,52.48552],[13.51622,52.48549],[13.51563,52.48575],[13.51494,52.48547],[13.51472,52.48557],[13.51341,52.48499],[13.51291,52.48482],[13.51238,52.48466],[13.51239,52.4847],[13.5117,52.48449],[13.51124,52.48441],[13.51088,52.48439],[13.50562,52.4845],[13.50566,52.48443],[13.50181,52.48346],[13.50144,52.48337],[13.50131,52.48337],[13.50124,52.4834],[13.50163,52.48301],[13.50198,52.48257],[13.50189,52.48257],[13.50432,52.47812],[13.50785,52.4749],[13.51297,52.47566],[13.51361,52.47571],[13.51462,52.4757],[13.51536,52.47562],[13.51612,52.47548],[13.51661,52.47535],[13.52032,52.47407],[13.52144,52.47514],[13.52158,52.47522],[13.52243,52.47475],[13.52389,52.47369],[13.52554,52.47236],[13.52753,52.47062],[13.53077,52.46794],[13.53139,52.4684],[13.53143,52.46839],[13.53987,52.47499],[13.53779,52.47587],[13.53781,52.4759],[13.53403,52.47758],[13.53173,52.47871],[13.52867,52.48004],[13.52875,52.48011],[13.52846,52.48024],[13.5284,52.48019],[13.5263,52.48109],[13.52568,52.4814],[13.52557,52.48144],[13.52556,52.4814],[13.52523,52.48153]]]]}},{"type":"Feature","id":506,"properties":{"plr_schl":"12100101","plrname":"Letteplatz","nat_pers":47,"wohmi_fl":"408132","jur_pers":52,"jp_ohn_swg":43.16,"stwbg":8.84,"genossen":0,"sozvermiet":9.84,"plr_id":"12100101"},"geometry":{"type":"MultiPolygon","coordinates":[[[[13.36666,52.55823],[13.36994,52.55993],[13.37083,52.56054],[13.37715,52.56066],[13.37915,52.56832],[13.3786,52.56825],[13.37859,52.56828],[13.37827,52.56825],[13.37632,52.568],[13.37605,52.56796],[13.37579,52.56788],[13.37516,52.5678],[13.37484,52.56776],[13.37482,52.56781],[13.37391,52.5677],[13.37387,52.56769],[13.37388,52.56764],[13.37373,52.56762],[13.37325,52.56756],[13.37324,52.5676],[13.36325,52.56636],[13.36441,52.56415],[13.36462,52.56356],[13.36471,52.56307],[13.36476,52.56302],[13.36418,52.56299],[13.3651,52.55812],[13.36666,52.55823]]]]}},{"type":"Feature","id":507,"properties":{"plr_schl":"12100102","plrname":"Hausotterplatz","nat_pers":53,"wohmi_fl":"361943","jur_pers":46,"jp_ohn_swg":31.28,"stwbg":2.76,"genossen":11.96,"sozvermiet":15.72,"plr_id":"12100102"},"geometry":{"type":"MultiPolygon","coordinates":[[[[13.3884,52.56767],[13.38846,52.56776],[13.38928,52.56824],[13.38777,52.56915],[13.38826,52.56948],[13.38308,52.57233],[13.38254,52.57208],[13.38224,52.57202],[13.37968,52.57252],[13.37961,52.57274],[13.37952,52.57272],[13.37936,52.57282],[13.37927,52.57309],[13.37904,52.57307],[13.37892,52.57345],[13.37859,52.57341],[13.37848,52.57372],[13.37825,52.57369],[13.37816,52.57361],[13.37645,52.57474],[13.37652,52.57481],[13.37646,52.5748],[13.37625,52.57494],[13.37483,52.57491],[13.37512,52.57475],[13.37376,52.5747],[13.37373,52.57465],[13.37477,52.5741],[13.37029,52.57026],[13.36978,52.57008],[13.36246,52.56785],[13.36327,52.56636],[13.37324,52.5676],[13.37325,52.56756],[13.37373,52.56762],[13.37388,52.56764],[13.37387,52.56769],[13.37391,52.5677],[13.37482,52.56781],[13.37484,52.56776],[13.37516,52.5678],[13.37579,52.56788],[13.37605,52.56796],[13.37632,52.568],[13.37827,52.56825],[13.37859,52.56828],[13.3786,52.56825],[13.37915,52.56832],[13.3786,52.56624],[13.37859,52.56619],[13.37868,52.56614],[13.38116,52.56642],[13.3843,52.56771],[13.38455,52.56774],[13.38787,52.56731],[13.3884,52.56767]]]]}},{"type":"Feature","id":508,"properties":{"plr_schl":"12100103","plrname":"Breitkopfbecken","nat_pers":36,"wohmi_fl":"333892","jur_pers":62,"jp_ohn_swg":48.36,"stwbg":0,"genossen":13.64,"sozvermiet":13.64,"plr_id":"12100103"},"geometry":{"type":"MultiPolygon","coordinates":[[[[13.37356,52.57307],[13.37477,52.5741],[13.37373,52.57465],[13.37376,52.5747],[13.37512,52.57475],[13.37483,52.57491],[13.37472,52.5749],[13.37193,52.57645],[13.37178,52.5763],[13.36489,52.57657],[13.36366,52.57668],[13.36363,52.57665],[13.36106,52.57692],[13.36098,52.57679],[13.36068,52.57683],[13.35912,52.57451],[13.35903,52.57441],[13.35892,52.57438],[13.35876,52.5744],[13.35875,52.57437],[13.35874,52.57411],[13.35869,52.57401],[13.35886,52.57383],[13.3589,52.57315],[13.35915,52.57305],[13.35928,52.57293],[13.36155,52.5686],[13.36196,52.5688],[13.36246,52.56785],[13.36978,52.57008],[13.37029,52.57026],[13.37356,52.57307]]]]}},{"type":"Feature","id":509,"properties":{"plr_schl":"12100204","plrname":"Schäfersee","nat_pers":60,"wohmi_fl":"411848","jur_pers":36,"jp_ohn_swg":26.64,"stwbg":0.36,"genossen":9,"sozvermiet":9.36,"plr_id":"12100204"},"geometry":{"type":"MultiPolygon","coordinates":[[[[13.36246,52.56785],[13.36196,52.5688],[13.36155,52.5686],[13.36076,52.57009],[13.3606,52.57013],[13.35158,52.56739],[13.35101,52.5673],[13.34661,52.56677],[13.33916,52.56618],[13.33827,52.56605],[13.33729,52.56582],[13.33659,52.56559],[13.33582,52.56525],[13.33089,52.56259],[13.33163,52.56217],[13.33166,52.56219],[13.33224,52.56187],[13.3371,52.56446],[13.34871,52.56207],[13.34874,52.562],[13.34909,52.56193],[13.3569,52.56202],[13.35971,52.56185],[13.35981,52.56181],[13.3601,52.56047],[13.36449,52.56117],[13.36452,52.56119],[13.36418,52.56299],[13.36476,52.56302],[13.36471,52.56307],[13.36462,52.56356],[13.36434,52.56429],[13.36246,52.56785]]]]}},{"type":"Feature","id":510,"properties":{"plr_schl":"12100205","plrname":"Teichstraße","nat_pers":43,"wohmi_fl":"694395","jur_pers":55,"jp_ohn_swg":34.1,"stwbg":14.85,"genossen":6.05,"sozvermiet":22.9,"plr_id":"12100205"},"geometry":{"type":"MultiPolygon","coordinates":[[[[13.33995,52.58829],[13.34406,52.58293],[13.34416,52.5829],[13.34413,52.58284],[13.34563,52.58089],[13.34061,52.57945],[13.33966,52.57926],[13.33973,52.57914],[13.3388,52.57892],[13.3388,52.57864],[13.3424,52.57858],[13.34239,52.57844],[13.34436,52.57841],[13.34435,52.57849],[13.34668,52.57842],[13.34727,52.57827],[13.34751,52.57795],[13.34746,52.57795],[13.34759,52.57766],[13.34766,52.57734],[13.34759,52.57599],[13.34749,52.57581],[13.34742,52.57477],[13.34746,52.57421],[13.34666,52.57433],[13.3454,52.57401],[13.34539,52.57403],[13.34526,52.574],[13.34513,52.57394],[13.34326,52.57346],[13.33791,52.57134],[13.33218,52.56988],[13.33036,52.56925],[13.33017,52.56915],[13.33006,52.56901],[13.32977,52.5682],[13.32972,52.56821],[13.32962,52.56777],[13.32928,52.56697],[13.32918,52.56667],[13.32922,52.56667],[13.32918,52.56653],[13.3284,52.56436],[13.32848,52.56408],[13.32862,52.56392],[13.3302,52.56302],[13.33017,52.563],[13.33034,52.5629],[13.33038,52.56292],[13.33089,52.56261],[13.33582,52.56525],[13.33659,52.56559],[13.33729,52.56582],[13.33827,52.56605],[13.33916,52.56618],[13.34661,52.56677],[13.35101,52.5673],[13.35158,52.56739],[13.36032,52.57005],[13.3606,52.57013],[13.36076,52.57009],[13.35928,52.57293],[13.35915,52.57305],[13.3589,52.57315],[13.35886,52.57383],[13.35869,52.57401],[13.35874,52.57411],[13.35876,52.5744],[13.35892,52.57438],[13.35903,52.57441],[13.35912,52.57451],[13.36068,52.57683],[13.36098,52.57679],[13.36106,52.57692],[13.36363,52.57665],[13.36366,52.57668],[13.36489,52.57657],[13.37178,52.5763],[13.37193,52.57645],[13.37472,52.5749],[13.37625,52.57494],[13.37514,52.57563],[13.37472,52.57585],[13.37232,52.57686],[13.37227,52.57681],[13.37118,52.57729],[13.36813,52.57895],[13.36817,52.579],[13.36572,52.58035],[13.36523,52.58064],[13.36405,52.58145],[13.36401,52.58147],[13.36387,52.58125],[13.36345,52.58143],[13.35922,52.58377],[13.35925,52.58386],[13.35881,52.58417],[13.35782,52.58439],[13.35388,52.5866],[13.3521,52.58753],[13.35223,52.58759],[13.35187,52.5878],[13.35139,52.58802],[13.34979,52.58891],[13.34992,52.58924],[13.34913,52.5892],[13.34748,52.59013],[13.34745,52.59008],[13.3468,52.58991],[13.34675,52.58994],[13.3455,52.5896],[13.34119,52.58856],[13.33995,52.58829]]]]}},{"type":"Feature","id":511,"properties":{"plr_schl":"12100206","plrname":"Humboldtstraße","nat_pers":41,"wohmi_fl":"285839","jur_pers":59,"jp_ohn_swg":37.76,"stwbg":0.59,"genossen":20.65,"sozvermiet":21.24,"plr_id":"12100206"},"geometry":{"type":"MultiPolygon","coordinates":[[[[13.3439,52.57363],[13.34513,52.57394],[13.34526,52.574],[13.34539,52.57403],[13.3454,52.57401],[13.34666,52.57433],[13.34746,52.57421],[13.34742,52.57477],[13.34749,52.57581],[13.34759,52.57599],[13.34766,52.57734],[13.34759,52.57766],[13.34746,52.57795],[13.34751,52.57795],[13.34727,52.57827],[13.34668,52.57842],[13.34435,52.57849],[13.34436,52.57841],[13.34239,52.57844],[13.3424,52.57858],[13.3388,52.57864],[13.3388,52.57892],[13.33735,52.57858],[13.33652,52.57846],[13.33325,52.57837],[13.3331,52.57824],[13.33305,52.57809],[13.3331,52.57803],[13.333,52.57769],[13.33304,52.57768],[13.3323,52.57532],[13.33197,52.57441],[13.33192,52.57441],[13.33184,52.57419],[13.33164,52.57362],[13.33163,52.57344],[13.33009,52.56906],[13.33017,52.56915],[13.33036,52.56925],[13.33218,52.56988],[13.33791,52.57134],[13.34326,52.57346],[13.3439,52.57363]]]]}},{"type":"Feature","id":512,"properties":{"plr_schl":"12200307","plrname":"Reinickes Hof","nat_pers":59,"wohmi_fl":"142303","jur_pers":41,"jp_ohn_swg":8.2,"stwbg":0,"genossen":32.8,"sozvermiet":32.8,"plr_id":"12200307"},"geometry":{"type":"MultiPolygon","coordinates":[[[[13.3191,52.57805],[13.31905,52.57759],[13.3189,52.57758],[13.31878,52.57625],[13.31901,52.57622],[13.31909,52.57617],[13.31976,52.5761],[13.32339,52.57594],[13.32318,52.57398],[13.32325,52.57393],[13.32691,52.57377],[13.32683,52.57276],[13.32649,52.57182],[13.32697,52.57175],[13.32618,52.56962],[13.32703,52.56951],[13.32702,52.56947],[13.33009,52.56906],[13.33163,52.57344],[13.33164,52.57362],[13.33184,52.57419],[13.33192,52.57441],[13.33197,52.57441],[13.3323,52.57532],[13.33304,52.57768],[13.333,52.57769],[13.3331,52.57803],[13.33305,52.57809],[13.3331,52.57824],[13.33284,52.57823],[13.33286,52.57831],[13.33099,52.57825],[13.33053,52.57826],[13.32917,52.57817],[13.32842,52.5782],[13.3274,52.57818],[13.3269,52.57812],[13.32479,52.57869],[13.32462,52.57869],[13.32369,52.57866],[13.32281,52.57843],[13.32015,52.57818],[13.3191,52.57805]]]]}},{"type":"Feature","id":513,"properties":{"plr_schl":"12200308","plrname":"Meller Bogen","nat_pers":62,"wohmi_fl":"294972","jur_pers":38,"jp_ohn_swg":15.58,"stwbg":2.28,"genossen":20.14,"sozvermiet":22.42,"plr_id":"12200308"},"geometry":{"type":"MultiPolygon","coordinates":[[[[13.3191,52.57805],[13.31742,52.57782],[13.31573,52.5778],[13.31561,52.57767],[13.31556,52.57754],[13.3156,52.57751],[13.31558,52.57744],[13.31332,52.57131],[13.32617,52.56959],[13.32697,52.57175],[13.32649,52.57182],[13.32683,52.57276],[13.32691,52.57377],[13.32325,52.57393],[13.32318,52.57398],[13.32339,52.57594],[13.31976,52.5761],[13.31909,52.57617],[13.31901,52.57622],[13.31878,52.57625],[13.3189,52.57758],[13.31905,52.57759],[13.3191,52.57805]]]]}},{"type":"Feature","id":514,"properties":{"plr_schl":"12200309","plrname":"Scharnweberstraße","nat_pers":36,"wohmi_fl":"426597","jur_pers":63,"jp_ohn_swg":32.13,"stwbg":1.26,"genossen":29.61,"sozvermiet":30.87,"plr_id":"12200309"},"geometry":{"type":"MultiPolygon","coordinates":[[[[13.33224,52.56187],[13.33166,52.56219],[13.33163,52.56217],[13.33038,52.56292],[13.33034,52.5629],[13.33017,52.563],[13.3302,52.56302],[13.32862,52.56392],[13.3285,52.56404],[13.32842,52.56421],[13.3284,52.56436],[13.32918,52.56653],[13.32922,52.56667],[13.32918,52.56667],[13.32928,52.56697],[13.32943,52.56737],[13.32947,52.56736],[13.32952,52.56748],[13.32972,52.56821],[13.32977,52.5682],[13.33009,52.56906],[13.32702,52.56947],[13.32703,52.56951],[13.32618,52.56962],[13.32617,52.56959],[13.32604,52.5696],[13.31332,52.57131],[13.31213,52.56807],[13.31227,52.56802],[13.31165,52.56721],[13.31243,52.56704],[13.31413,52.56653],[13.31421,52.56651],[13.31425,52.56653],[13.31422,52.56645],[13.31449,52.56637],[13.3145,52.56639],[13.31529,52.56619],[13.31703,52.56582],[13.31913,52.56541],[13.32117,52.5649],[13.32656,52.56348],[13.32671,52.56343],[13.32661,52.56329],[13.32664,52.56311],[13.32627,52.56245],[13.32679,52.56238],[13.33092,52.56215],[13.33179,52.56166],[13.33224,52.56187]]]]}},{"type":"Feature","id":515,"properties":{"plr_schl":"12200310","plrname":"Klixstraße","nat_pers":33,"wohmi_fl":"288017","jur_pers":66,"jp_ohn_swg":15.84,"stwbg":50.16,"genossen":0,"sozvermiet":50.16,"plr_id":"12200310"},"geometry":{"type":"MultiPolygon","coordinates":[[[[13.30823,52.57771],[13.30814,52.57765],[13.30809,52.5775],[13.30825,52.57744],[13.30805,52.57729],[13.30795,52.57729],[13.30037,52.56998],[13.30072,52.56983],[13.30056,52.56965],[13.3004,52.56966],[13.30083,52.56944],[13.30146,52.56918],[13.30353,52.56841],[13.30399,52.56827],[13.30454,52.56815],[13.30576,52.56799],[13.30609,52.56748],[13.30657,52.5669],[13.30684,52.56664],[13.30742,52.56621],[13.30796,52.56591],[13.3095,52.56517],[13.31027,52.56491],[13.31075,52.56479],[13.31137,52.56565],[13.31104,52.56573],[13.311,52.56583],[13.31101,52.56621],[13.3112,52.56671],[13.31139,52.56703],[13.3115,52.56715],[13.31168,52.56724],[13.31227,52.56802],[13.31213,52.56807],[13.31558,52.57744],[13.3156,52.57751],[13.31556,52.57754],[13.31561,52.57766],[13.31541,52.57766],[13.31543,52.57772],[13.31527,52.57771],[13.31521,52.57766],[13.31492,52.57765],[13.31505,52.57777],[13.31059,52.57762],[13.30936,52.57761],[13.30823,52.57771]]]]}},{"type":"Feature","id":516,"properties":{"plr_schl":"12200411","plrname":"Schumacher-Quartier","nat_pers":11,"wohmi_fl":"363281","jur_pers":16,"jp_ohn_swg":14.56,"stwbg":1.44,"genossen":0,"sozvermiet":75.44,"plr_id":"12200411"},"geometry":{"type":"MultiPolygon","coordinates":[[[[13.30967,52.55772],[13.31291,52.55859],[13.3178,52.55975],[13.31935,52.56],[13.3239,52.56057],[13.32471,52.56073],[13.32524,52.56089],[13.3257,52.5611],[13.3261,52.56136],[13.32637,52.56161],[13.32662,52.56196],[13.32679,52.56238],[13.32627,52.56245],[13.32664,52.56311],[13.32661,52.56329],[13.32671,52.56343],[13.31938,52.56535],[13.31529,52.56619],[13.3145,52.56639],[13.31449,52.56637],[13.31422,52.56645],[13.31425,52.56653],[13.31421,52.56651],[13.31413,52.56653],[13.31243,52.56704],[13.3116,52.56722],[13.31139,52.56703],[13.31124,52.56679],[13.31101,52.56621],[13.31098,52.56597],[13.31104,52.56573],[13.31137,52.56565],[13.31075,52.56479],[13.31065,52.56416],[13.31072,52.56338],[13.31122,52.56105],[13.31116,52.5602],[13.31088,52.55936],[13.3105,52.5588],[13.30967,52.55772]]]]}},{"type":"Feature","id":517,"properties":{"plr_schl":"12200412","plrname":"Waldidyll/Flughafensee","nat_pers":80,"wohmi_fl":"884092","jur_pers":15,"jp_ohn_swg":10.35,"stwbg":4.65,"genossen":0,"sozvermiet":9.65,"plr_id":"12200412"},"geometry":{"type":"MultiPolygon","coordinates":[[[[13.24996,52.55367],[13.25259,52.55311],[13.25718,52.55356],[13.25635,52.55693],[13.25736,52.55796],[13.27352,52.56329],[13.27617,52.56355],[13.27616,52.56359],[13.2807,52.56403],[13.29353,52.56585],[13.29639,52.5664],[13.29639,52.56638],[13.29738,52.5665],[13.29752,52.56596],[13.29734,52.56594],[13.29756,52.56515],[13.29829,52.56521],[13.29824,52.56542],[13.29831,52.56542],[13.29829,52.5655],[13.29846,52.56569],[13.29942,52.56579],[13.2994,52.56586],[13.30043,52.56596],[13.3005,52.56569],[13.30071,52.56571],[13.30063,52.566],[13.30082,52.56603],[13.30064,52.56673],[13.30351,52.56701],[13.30357,52.56677],[13.30373,52.56669],[13.30385,52.56621],[13.30578,52.56638],[13.30689,52.56642],[13.30703,52.56649],[13.30666,52.56681],[13.30629,52.56722],[13.30576,52.56799],[13.30454,52.56815],[13.30399,52.56827],[13.30334,52.56847],[13.30141,52.5692],[13.30049,52.56961],[13.3004,52.56966],[13.30056,52.56965],[13.30072,52.56983],[13.30037,52.56998],[13.30795,52.57729],[13.30805,52.57729],[13.30825,52.57744],[13.30809,52.5775],[13.30814,52.57765],[13.30823,52.57771],[13.30743,52.57784],[13.30639,52.57812],[13.30399,52.57892],[13.30382,52.57897],[13.30377,52.57894],[13.30298,52.5792],[13.29935,52.58044],[13.29934,52.58039],[13.29856,52.58065],[13.29874,52.58071],[13.29625,52.58154],[13.29554,52.58181],[13.2956,52.58186],[13.29506,52.5821],[13.29443,52.58247],[13.29413,52.58269],[13.29396,52.58268],[13.29391,52.58272],[13.2934,52.58261],[13.2931,52.5828],[13.29219,52.58275],[13.29175,52.58382],[13.29164,52.58383],[13.29166,52.58426],[13.2913,52.58449],[13.29028,52.586],[13.29,52.58597],[13.28977,52.5859],[13.28908,52.58588],[13.2876,52.58573],[13.28916,52.5839],[13.291,52.58159],[13.29038,52.58155],[13.2914,52.58027],[13.29184,52.57963],[13.29235,52.57899],[13.29279,52.57854],[13.29388,52.57713],[13.2943,52.57641],[13.29426,52.57633],[13.2927,52.57578],[13.29229,52.57568],[13.29187,52.57566],[13.29187,52.57564],[13.29055,52.57568],[13.27318,52.57594],[13.26632,52.57601],[13.26568,52.57592],[13.26515,52.57577],[13.26402,52.57518],[13.26337,52.57563],[13.26321,52.57549],[13.26302,52.57542],[13.26272,52.57523],[13.26191,52.5749],[13.26101,52.57429],[13.26036,52.57415],[13.26014,52.57414],[13.2601,52.57417],[13.25969,52.57405],[13.25965,52.57407],[13.25899,52.57377],[13.25848,52.57325],[13.25838,52.57307],[13.25842,52.57302],[13.2584,52.573],[13.25836,52.57302],[13.25832,52.57297],[13.25825,52.573],[13.25818,52.57293],[13.25808,52.57277],[13.25823,52.57273],[13.25816,52.5725],[13.2581,52.57251],[13.25808,52.57245],[13.25816,52.57244],[13.25817,52.5724],[13.25809,52.57222],[13.2581,52.57214],[13.25786,52.57217],[13.25783,52.57207],[13.25788,52.57206],[13.25787,52.57202],[13.25809,52.572],[13.25804,52.57184],[13.25797,52.57184],[13.25796,52.5718],[13.25803,52.57179],[13.25805,52.57173],[13.25798,52.57168],[13.25791,52.57127],[13.25776,52.5713],[13.25773,52.57125],[13.25767,52.57127],[13.25758,52.57109],[13.25773,52.57106],[13.25756,52.57072],[13.25756,52.5706],[13.25738,52.5703],[13.25738,52.57011],[13.25693,52.56945],[13.25599,52.56847],[13.25597,52.5683],[13.25576,52.56802],[13.25589,52.56776],[13.25572,52.56732],[13.25578,52.5673],[13.25582,52.56734],[13.25584,52.56757],[13.25591,52.56773],[13.25597,52.56775],[13.256,52.56766],[13.25593,52.56723],[13.25571,52.56688],[13.25556,52.56675],[13.25481,52.56648],[13.25482,52.5663],[13.25464,52.56616],[13.25465,52.56599],[13.25446,52.56589],[13.25438,52.56554],[13.25418,52.56524],[13.25397,52.56506],[13.25371,52.56496],[13.25334,52.56498],[13.25256,52.56486],[13.25191,52.56459],[13.25152,52.56438],[13.25092,52.56414],[13.2505,52.56402],[13.24985,52.56393],[13.24952,52.56394],[13.24944,52.56399],[13.24945,52.56406],[13.24923,52.56418],[13.24916,52.56417],[13.24921,52.56407],[13.24906,52.56404],[13.24903,52.5641],[13.24898,52.56409],[13.24894,52.56414],[13.24867,52.56407],[13.24839,52.56384],[13.24824,52.56379],[13.24812,52.5638],[13.24804,52.56386],[13.24782,52.5637],[13.24796,52.56362],[13.24805,52.56308],[13.2479,52.56277],[13.24778,52.56265],[13.2476,52.56257],[13.24738,52.56254],[13.24726,52.56243],[13.24708,52.56235],[13.24693,52.56232],[13.24634,52.56235],[13.24634,52.56232],[13.24603,52.56231],[13.24602,52.56228],[13.24591,52.5623],[13.24591,52.56233],[13.24572,52.56236],[13.24571,52.56232],[13.24544,52.56231],[13.24404,52.5623],[13.24376,52.56228],[13.24375,52.56226],[13.24366,52.56229],[13.24322,52.56212],[13.24324,52.56209],[13.24318,52.56207],[13.24316,52.5621],[13.24295,52.56201],[13.24257,52.56193],[13.2425,52.56202],[13.24243,52.56203],[13.24166,52.56188],[13.24069,52.56121],[13.24046,52.56089],[13.24021,52.56035],[13.24007,52.56022],[13.24009,52.56019],[13.23995,52.56009],[13.23988,52.56008],[13.2399,52.56006],[13.23979,52.55998],[13.23976,52.55999],[13.23947,52.55985],[13.23922,52.5597],[13.23904,52.55919],[13.23913,52.55921],[13.23929,52.55918],[13.23925,52.55899],[13.23943,52.55894],[13.24054,52.559],[13.24092,52.55909],[13.24126,52.55932],[13.24161,52.55963],[13.24192,52.5596],[13.24237,52.55968],[13.24233,52.55716],[13.24964,52.55353],[13.24993,52.55368],[13.24996,52.55367]]]]}},{"type":"Feature","id":518,"properties":{"plr_schl":"12200413","plrname":"Tegel Süd","nat_pers":27,"wohmi_fl":"420530","jur_pers":73,"jp_ohn_swg":14.6,"stwbg":58.4,"genossen":0,"sozvermiet":58.4,"plr_id":"12200413"},"geometry":{"type":"MultiPolygon","coordinates":[[[[13.28696,52.57987],[13.28384,52.57975],[13.28362,52.57982],[13.28354,52.57998],[13.28326,52.57994],[13.28369,52.57887],[13.28368,52.57878],[13.28354,52.57869],[13.27891,52.57848],[13.27871,52.57856],[13.27863,52.57873],[13.27904,52.57957],[13.27901,52.57989],[13.27801,52.58004],[13.27767,52.58013],[13.27766,52.5801],[13.27749,52.58014],[13.27747,52.58017],[13.27726,52.58012],[13.27702,52.57961],[13.27599,52.57971],[13.27586,52.57941],[13.27553,52.57945],[13.27537,52.57976],[13.27525,52.5803],[13.2752,52.58144],[13.27512,52.5815],[13.27473,52.58153],[13.27421,52.58141],[13.27407,52.58132],[13.27398,52.5812],[13.2738,52.58089],[13.27363,52.57992],[13.27367,52.57963],[13.27389,52.57917],[13.27437,52.57869],[13.27474,52.57843],[13.27486,52.57828],[13.27486,52.57798],[13.27472,52.57787],[13.27454,52.57783],[13.27441,52.57785],[13.27431,52.57792],[13.27391,52.57801],[13.27367,52.57802],[13.27367,52.57804],[13.27342,52.57802],[13.27342,52.57805],[13.27325,52.57805],[13.27326,52.57799],[13.2732,52.57799],[13.2732,52.57803],[13.27292,52.57804],[13.27293,52.57797],[13.27189,52.57793],[13.27085,52.57793],[13.27056,52.57814],[13.27049,52.57832],[13.27021,52.57855],[13.27018,52.57853],[13.27014,52.57855],[13.27017,52.57857],[13.26981,52.57862],[13.26972,52.57867],[13.26959,52.57865],[13.26943,52.57848],[13.26938,52.57849],[13.26936,52.57857],[13.26896,52.57857],[13.26861,52.57845],[13.26842,52.57844],[13.26833,52.57839],[13.26818,52.57837],[13.26798,52.57828],[13.26754,52.57822],[13.26738,52.57817],[13.26728,52.57804],[13.26708,52.57793],[13.26698,52.57782],[13.26674,52.57775],[13.26652,52.57761],[13.26644,52.57759],[13.26641,52.57762],[13.26376,52.5762],[13.26362,52.57611],[13.26358,52.57572],[13.26351,52.57572],[13.26337,52.57563],[13.26402,52.57518],[13.26515,52.57577],[13.26568,52.57592],[13.26632,52.57601],[13.27318,52.57594],[13.29055,52.57568],[13.29187,52.57564],[13.29187,52.57566],[13.29229,52.57568],[13.2927,52.57578],[13.2942,52.5763],[13.29429,52.57636],[13.2943,52.57641],[13.29388,52.57713],[13.29279,52.57854],[13.29235,52.57899],[13.29184,52.57963],[13.2914,52.58027],[13.29038,52.58155],[13.28684,52.58146],[13.28716,52.58096],[13.28688,52.58095],[13.28698,52.58078],[13.2876,52.58006],[13.28755,52.57994],[13.28741,52.57988],[13.28696,52.57987]]]]}},{"type":"Feature","id":519,"properties":{"plr_schl":"12200414","plrname":"TXL","nat_pers":9,"wohmi_fl":"3833387","jur_pers":55,"jp_ohn_swg":55,"stwbg":0,"genossen":0,"sozvermiet":36,"plr_id":"12200414"},"geometry":{"type":"MultiPolygon","coordinates":[[[[13.31075,52.56479],[13.30995,52.56501],[13.30923,52.56529],[13.30778,52.566],[13.30703,52.56649],[13.30686,52.56641],[13.30578,52.56638],[13.30385,52.56621],[13.30373,52.56669],[13.30357,52.56677],[13.30351,52.56701],[13.30064,52.56673],[13.30082,52.56603],[13.30063,52.566],[13.30071,52.56571],[13.3005,52.56569],[13.30043,52.56596],[13.2994,52.56586],[13.29942,52.56579],[13.29846,52.56569],[13.29829,52.5655],[13.29831,52.56542],[13.29824,52.56542],[13.29829,52.56521],[13.29754,52.56516],[13.29734,52.56594],[13.29752,52.56596],[13.29738,52.5665],[13.29639,52.56638],[13.29639,52.5664],[13.29353,52.56585],[13.2807,52.56403],[13.27616,52.56359],[13.27617,52.56355],[13.27352,52.56329],[13.25736,52.55796],[13.25635,52.55693],[13.25718,52.55356],[13.25259,52.55311],[13.24993,52.55368],[13.24964,52.55353],[13.24233,52.55716],[13.24237,52.55968],[13.24192,52.5596],[13.24161,52.55963],[13.24126,52.55932],[13.24092,52.55909],[13.24048,52.55899],[13.23943,52.55894],[13.23925,52.55899],[13.23929,52.55918],[13.23913,52.55921],[13.23904,52.55919],[13.23904,52.55923],[13.23896,52.55919],[13.23838,52.5591],[13.23803,52.55893],[13.23765,52.55881],[13.23738,52.55863],[13.23704,52.55866],[13.23695,52.55863],[13.23623,52.55868],[13.23588,52.55886],[13.23567,52.55891],[13.2357,52.55894],[13.23532,52.55896],[13.23515,52.55902],[13.23461,52.5593],[13.23442,52.55948],[13.23445,52.55949],[13.23409,52.55992],[13.23389,52.56044],[13.23338,52.56102],[13.23331,52.56127],[13.23257,52.56153],[13.23175,52.56169],[13.23086,52.56165],[13.23075,52.5616],[13.2307,52.5615],[13.23073,52.5614],[13.23092,52.56148],[13.23119,52.56124],[13.23201,52.56064],[13.23385,52.55962],[13.23814,52.55748],[13.23834,52.55752],[13.23888,52.5573],[13.23895,52.55724],[13.23895,52.55702],[13.24113,52.55593],[13.24112,52.55603],[13.25059,52.55133],[13.25178,52.55087],[13.25299,52.55045],[13.25424,52.55013],[13.25562,52.54986],[13.25695,52.54968],[13.25838,52.54958],[13.26056,52.54951],[13.27034,52.54934],[13.27061,52.54934],[13.27059,52.54943],[13.27196,52.54939],[13.27209,52.54931],[13.30153,52.54881],[13.3035,52.55117],[13.30967,52.55772],[13.3105,52.5588],[13.31088,52.55936],[13.31116,52.5602],[13.31123,52.56092],[13.31116,52.56144],[13.31066,52.56375],[13.31066,52.56428],[13.31075,52.56479]]]]}},{"type":"Feature","id":520,"properties":{"plr_schl":"12200515","plrname":"Alt-Tegel","nat_pers":81,"wohmi_fl":"597124","jur_pers":16,"jp_ohn_swg":14.88,"stwbg":0.32,"genossen":0.8,"sozvermiet":2.12,"plr_id":"12200515"},"geometry":{"type":"MultiPolygon","coordinates":[[[[13.28119,52.5997],[13.28105,52.59947],[13.2808,52.59922],[13.2805,52.59901],[13.28005,52.59873],[13.27839,52.59796],[13.27802,52.59775],[13.27662,52.59661],[13.27587,52.59717],[13.27567,52.59741],[13.27506,52.5978],[13.27426,52.59743],[13.27295,52.597],[13.27152,52.59648],[13.27052,52.5962],[13.2698,52.59614],[13.2683,52.59617],[13.26761,52.59613],[13.26679,52.59599],[13.26611,52.59579],[13.26556,52.59556],[13.26471,52.59503],[13.26297,52.59376],[13.2637,52.59346],[13.26409,52.59337],[13.26444,52.59323],[13.26457,52.59316],[13.26451,52.59307],[13.26478,52.59299],[13.26484,52.593],[13.26543,52.59277],[13.26578,52.59254],[13.26598,52.59245],[13.26638,52.59214],[13.26667,52.59171],[13.2669,52.59149],[13.26713,52.59089],[13.26716,52.59073],[13.26711,52.5904],[13.26703,52.59025],[13.2667,52.58994],[13.26643,52.58982],[13.26612,52.58978],[13.26606,52.58964],[13.26626,52.58948],[13.26662,52.58939],[13.26687,52.58929],[13.26718,52.58932],[13.26742,52.5893],[13.26745,52.58933],[13.26773,52.58935],[13.26807,52.58945],[13.26837,52.58949],[13.26883,52.5895],[13.26887,52.58947],[13.26967,52.58946],[13.27014,52.58965],[13.27018,52.58971],[13.27059,52.58992],[13.27072,52.58993],[13.27084,52.59],[13.27097,52.58994],[13.27091,52.5899],[13.271,52.58985],[13.27108,52.58989],[13.27157,52.58966],[13.27091,52.58948],[13.27087,52.58944],[13.27091,52.58937],[13.27179,52.58898],[13.27212,52.58927],[13.27233,52.5893],[13.27244,52.58925],[13.27205,52.58892],[13.27245,52.58874],[13.27284,52.58851],[13.27331,52.58806],[13.2738,52.58745],[13.27546,52.58505],[13.27537,52.58494],[13.2746,52.58432],[13.27459,52.58423],[13.27465,52.58415],[13.27489,52.58407],[13.27488,52.58387],[13.27482,52.58383],[13.27452,52.58329],[13.27432,52.58303],[13.27412,52.58261],[13.27407,52.58239],[13.27413,52.58212],[13.27432,52.58189],[13.27443,52.58183],[13.27464,52.58178],[13.27502,52.58176],[13.27498,52.58152],[13.27512,52.5815],[13.2752,52.58144],[13.27525,52.5803],[13.27537,52.57976],[13.27553,52.57945],[13.27586,52.57941],[13.27599,52.57971],[13.27702,52.57961],[13.27726,52.58012],[13.27747,52.58017],[13.27749,52.58014],[13.27766,52.5801],[13.27767,52.58013],[13.27801,52.58004],[13.27901,52.57989],[13.27904,52.57957],[13.27863,52.57873],[13.27871,52.57856],[13.27891,52.57848],[13.28354,52.57869],[13.28368,52.57878],[13.28369,52.57887],[13.28326,52.57994],[13.28354,52.57998],[13.28362,52.57982],[13.28384,52.57975],[13.28741,52.57988],[13.28755,52.57994],[13.2876,52.58],[13.28759,52.58009],[13.28698,52.58078],[13.28688,52.58095],[13.28716,52.58096],[13.28684,52.58146],[13.29033,52.58154],[13.291,52.58159],[13.28916,52.5839],[13.2876,52.58573],[13.28908,52.58588],[13.28977,52.5859],[13.29,52.58597],[13.29028,52.586],[13.2913,52.58449],[13.29166,52.58426],[13.29164,52.58383],[13.29175,52.58382],[13.29219,52.58275],[13.2931,52.5828],[13.29341,52.58261],[13.29391,52.58272],[13.29376,52.58286],[13.29405,52.58288],[13.29189,52.58608],[13.29156,52.5865],[13.29124,52.58641],[13.28977,52.58857],[13.28972,52.58856],[13.28957,52.58873],[13.288,52.59086],[13.28737,52.59191],[13.28666,52.59296],[13.28617,52.59364],[13.28614,52.59363],[13.28555,52.5947],[13.28542,52.59471],[13.28536,52.59468],[13.28519,52.59497],[13.28529,52.595],[13.28529,52.59504],[13.28494,52.59559],[13.28119,52.5997]]]]}},{"type":"Feature","id":521,"properties":{"plr_schl":"12400616","plrname":"Konradshöhe/Tegelort","nat_pers":97,"wohmi_fl":"1249892","jur_pers":3,"jp_ohn_swg":3,"stwbg":0,"genossen":0,"sozvermiet":0,"plr_id":"12400616"},"geometry":{"type":"MultiPolygon","coordinates":[[[[13.22739,52.56741],[13.22808,52.56799],[13.22875,52.568],[13.22936,52.56807],[13.23062,52.56839],[13.23107,52.5684],[13.23239,52.56829],[13.23302,52.56827],[13.23379,52.56816],[13.23498,52.56778],[13.23526,52.56778],[13.23543,52.56775],[13.23551,52.56783],[13.2353,52.56802],[13.23552,52.56818],[13.23577,52.56823],[13.23617,52.56825],[13.2366,52.56823],[13.23698,52.56831],[13.2371,52.56838],[13.23769,52.56904],[13.2384,52.57003],[13.23836,52.57007],[13.23679,52.57062],[13.23553,52.57113],[13.23485,52.57137],[13.23319,52.57252],[13.23311,52.57362],[13.2315,52.574],[13.2315,52.57426],[13.23139,52.57446],[13.23094,52.57476],[13.23057,52.57527],[13.22993,52.57575],[13.22905,52.57569],[13.22874,52.57678],[13.2285,52.57897],[13.22733,52.58136],[13.22783,52.58161],[13.2282,52.58165],[13.22979,52.58178],[13.23066,52.58173],[13.23211,52.58184],[13.23379,52.58225],[13.23455,52.58259],[13.23591,52.58271],[13.23676,52.58259],[13.23725,52.58345],[13.23818,52.58553],[13.23737,52.58576],[13.23549,52.58653],[13.23498,52.58681],[13.23402,52.58722],[13.2334,52.58767],[13.23287,52.58886],[13.23148,52.58939],[13.23042,52.58968],[13.22976,52.58991],[13.22851,52.59047],[13.228,52.59076],[13.22843,52.59139],[13.22502,52.59233],[13.22434,52.59248],[13.22342,52.59258],[13.22092,52.59488],[13.22067,52.59463],[13.21811,52.5932],[13.21885,52.59237],[13.21925,52.5914],[13.21888,52.59048],[13.2174,52.58748],[13.21643,52.58571],[13.21536,52.58476],[13.21517,52.58433],[13.21521,52.58387],[13.21543,52.58353],[13.21616,52.58296],[13.21721,52.5824],[13.2177,52.58194],[13.21808,52.58146],[13.21831,52.58096],[13.21801,52.5797],[13.21796,52.57854],[13.21886,52.57716],[13.22024,52.57605],[13.22204,52.57494],[13.22392,52.5742],[13.22464,52.57363],[13.22508,52.57315],[13.22522,52.57288],[13.22527,52.57261],[13.22518,52.57179],[13.2252,52.57151],[13.2253,52.57122],[13.22642,52.5698],[13.22673,52.56933],[13.22691,52.56875],[13.22697,52.56807],[13.22704,52.56781],[13.22739,52.56741]]]]}},{"type":"Feature","id":522,"properties":{"plr_schl":"12400617","plrname":"Alt-Heiligensee","nat_pers":94,"wohmi_fl":"1475800","jur_pers":5,"jp_ohn_swg":4.25,"stwbg":0,"genossen":0.75,"sozvermiet":0.75,"plr_id":"12400617"},"geometry":{"type":"MultiPolygon","coordinates":[[[[13.22464,52.62833],[13.22424,52.62841],[13.22301,52.6282],[13.22054,52.62832],[13.22053,52.62816],[13.22069,52.62781],[13.2203,52.62693],[13.22026,52.62612],[13.22007,52.62528],[13.21976,52.62444],[13.21818,52.62235],[13.21676,52.62016],[13.21482,52.61926],[13.20963,52.6123],[13.20688,52.60914],[13.20651,52.60881],[13.20604,52.60855],[13.20503,52.60814],[13.20423,52.60791],[13.20264,52.60752],[13.20234,52.6074],[13.20213,52.60728],[13.20185,52.60705],[13.20174,52.60688],[13.20163,52.60655],[13.20162,52.60616],[13.2017,52.60549],[13.20192,52.60492],[13.20232,52.60425],[13.20264,52.60396],[13.20581,52.60142],[13.20634,52.60089],[13.20727,52.59984],[13.20818,52.59901],[13.21129,52.59682],[13.21532,52.59497],[13.21811,52.5932],[13.22067,52.59463],[13.22128,52.59522],[13.22177,52.59586],[13.22222,52.5963],[13.22433,52.59671],[13.22514,52.59673],[13.22579,52.59655],[13.22613,52.5965],[13.22692,52.59647],[13.22705,52.59653],[13.22776,52.59652],[13.23081,52.59603],[13.23119,52.59647],[13.23203,52.59642],[13.23298,52.59625],[13.23394,52.59635],[13.23479,52.59632],[13.23953,52.59696],[13.24031,52.59815],[13.24102,52.59857],[13.24111,52.59859],[13.23765,52.59903],[13.23583,52.59929],[13.23643,52.60348],[13.22969,52.60649],[13.23162,52.61276],[13.23338,52.61636],[13.23417,52.61811],[13.23516,52.62009],[13.23522,52.62022],[13.23512,52.62026],[13.23521,52.62034],[13.23241,52.62228],[13.23043,52.62358],[13.22875,52.62479],[13.2271,52.62606],[13.22683,52.6261],[13.22601,52.6268],[13.22602,52.62684],[13.22579,52.62707],[13.22546,52.62735],[13.22549,52.62738],[13.22464,52.62833]]]]}},{"type":"Feature","id":523,"properties":{"plr_schl":"12400618","plrname":"Heiligensee Nord","nat_pers":79,"wohmi_fl":"746428","jur_pers":9,"jp_ohn_swg":4.86,"stwbg":4.14,"genossen":0,"sozvermiet":16.14,"plr_id":"12400618"},"geometry":{"type":"MultiPolygon","coordinates":[[[[13.22464,52.62833],[13.22549,52.62738],[13.22546,52.62735],[13.22579,52.62707],[13.22602,52.62684],[13.22601,52.6268],[13.22683,52.6261],[13.2271,52.62606],[13.22875,52.62479],[13.23043,52.62358],[13.23241,52.62228],[13.23521,52.62034],[13.23512,52.62026],[13.23524,52.62022],[13.23533,52.6203],[13.23547,52.6202],[13.23541,52.62004],[13.23802,52.61824],[13.23843,52.61801],[13.24011,52.61685],[13.24113,52.61612],[13.24103,52.61614],[13.24254,52.61508],[13.24258,52.6151],[13.2434,52.61452],[13.24544,52.61302],[13.2467,52.61216],[13.24952,52.61039],[13.24964,52.61044],[13.24974,52.61038],[13.24966,52.6103],[13.25387,52.60744],[13.25473,52.60698],[13.25559,52.60665],[13.25731,52.6062],[13.25846,52.60602],[13.25913,52.60585],[13.2593,52.60577],[13.2596,52.60572],[13.25967,52.60592],[13.25975,52.606],[13.25982,52.60599],[13.25985,52.60611],[13.26122,52.60787],[13.26071,52.60804],[13.25972,52.60844],[13.25578,52.60978],[13.25479,52.61021],[13.25437,52.61036],[13.25262,52.61115],[13.24852,52.61266],[13.26801,52.62264],[13.27361,52.62557],[13.27258,52.62603],[13.27204,52.62611],[13.27034,52.62614],[13.26826,52.62601],[13.26778,52.62602],[13.26722,52.62624],[13.2658,52.62631],[13.26496,52.62652],[13.26413,52.62691],[13.26343,52.62718],[13.26238,52.62732],[13.26169,52.62752],[13.2603,52.62774],[13.25701,52.62767],[13.25662,52.62757],[13.25568,52.6275],[13.25421,52.62746],[13.25324,52.62734],[13.25252,52.62731],[13.25174,52.62731],[13.25059,52.62736],[13.24913,52.62748],[13.248,52.6273],[13.24766,52.62732],[13.24641,52.62727],[13.24606,52.62729],[13.24573,52.62735],[13.245,52.62757],[13.24434,52.62786],[13.2433,52.62819],[13.24243,52.6283],[13.24209,52.62829],[13.24031,52.62789],[13.23969,52.62783],[13.2376,52.62779],[13.23578,52.6278],[13.23271,52.62751],[13.2304,52.62739],[13.2281,52.62754],[13.22725,52.62764],[13.22647,52.62782],[13.22592,52.62786],[13.22588,52.62827],[13.22564,52.62824],[13.22512,52.62841],[13.22529,52.62821],[13.22525,52.6282],[13.22464,52.62833]]]]}},{"type":"Feature","id":524,"properties":{"plr_schl":"12400619","plrname":"Heiligensee","nat_pers":92,"wohmi_fl":"1630524","jur_pers":1,"jp_ohn_swg":1,"stwbg":0,"genossen":0,"sozvermiet":6,"plr_id":"12400619"},"geometry":{"type":"MultiPolygon","coordinates":[[[[13.2369,52.55864],[13.23704,52.55866],[13.23738,52.55863],[13.23765,52.55881],[13.23803,52.55893],[13.23838,52.5591],[13.23896,52.55919],[13.23904,52.55923],[13.23922,52.5597],[13.23947,52.55985],[13.23976,52.55999],[13.23979,52.55998],[13.2399,52.56006],[13.23988,52.56008],[13.23995,52.56009],[13.24009,52.56019],[13.24007,52.56022],[13.24021,52.56035],[13.24046,52.56089],[13.24069,52.56121],[13.24166,52.56188],[13.24243,52.56203],[13.2425,52.56202],[13.24257,52.56193],[13.24295,52.56201],[13.24316,52.5621],[13.24318,52.56207],[13.24324,52.56209],[13.24322,52.56212],[13.24366,52.56229],[13.24375,52.56226],[13.24376,52.56228],[13.24404,52.5623],[13.24544,52.56231],[13.24571,52.56232],[13.24572,52.56236],[13.24591,52.56233],[13.24591,52.5623],[13.24602,52.56228],[13.24603,52.56231],[13.24634,52.56232],[13.24634,52.56235],[13.24665,52.56232],[13.24693,52.56232],[13.24708,52.56235],[13.24726,52.56243],[13.24738,52.56254],[13.2476,52.56257],[13.24778,52.56265],[13.2479,52.56277],[13.24805,52.56308],[13.24796,52.56362],[13.24782,52.5637],[13.24804,52.56386],[13.24812,52.5638],[13.24824,52.56379],[13.24839,52.56384],[13.24867,52.56407],[13.24894,52.56414],[13.24898,52.56409],[13.24903,52.5641],[13.24906,52.56404],[13.24921,52.56407],[13.24916,52.56417],[13.24923,52.56418],[13.24945,52.56406],[13.24944,52.56399],[13.24952,52.56394],[13.24985,52.56393],[13.2505,52.56402],[13.25092,52.56414],[13.25152,52.56438],[13.25191,52.56459],[13.25256,52.56486],[13.25334,52.56498],[13.25371,52.56496],[13.25397,52.56506],[13.25418,52.56524],[13.25438,52.56554],[13.25446,52.56589],[13.25465,52.56599],[13.25464,52.56616],[13.25482,52.5663],[13.25481,52.56648],[13.25556,52.56675],[13.25571,52.56688],[13.25593,52.56723],[13.256,52.56766],[13.25597,52.56775],[13.25591,52.56773],[13.25584,52.56757],[13.25582,52.56734],[13.25578,52.5673],[13.25572,52.56732],[13.25589,52.56776],[13.25576,52.56802],[13.25597,52.5683],[13.25599,52.56847],[13.25693,52.56945],[13.25738,52.57011],[13.25738,52.5703],[13.25756,52.5706],[13.25756,52.57072],[13.25773,52.57106],[13.25758,52.57109],[13.25767,52.57127],[13.25773,52.57125],[13.25776,52.5713],[13.25791,52.57127],[13.25798,52.57168],[13.25805,52.57173],[13.25803,52.57179],[13.25796,52.5718],[13.25797,52.57184],[13.25804,52.57184],[13.25809,52.572],[13.25787,52.57202],[13.25788,52.57206],[13.25783,52.57207],[13.25786,52.57217],[13.2581,52.57214],[13.25809,52.57222],[13.25817,52.5724],[13.25816,52.57244],[13.25808,52.57245],[13.2581,52.57251],[13.25816,52.5725],[13.25823,52.57273],[13.25808,52.57277],[13.25825,52.573],[13.25832,52.57297],[13.25836,52.57302],[13.2584,52.573],[13.25842,52.57302],[13.25838,52.57307],[13.25848,52.57325],[13.25874,52.57354],[13.25899,52.57377],[13.25965,52.57407],[13.25969,52.57405],[13.2601,52.57417],[13.26014,52.57414],[13.26036,52.57415],[13.26092,52.57426],[13.26108,52.57432],[13.26191,52.5749],[13.26268,52.57521],[13.26302,52.57542],[13.26321,52.57549],[13.26351,52.57572],[13.26358,52.57572],[13.26362,52.57611],[13.26376,52.5762],[13.26641,52.57762],[13.26644,52.57759],[13.26652,52.57761],[13.26674,52.57775],[13.26698,52.57782],[13.26708,52.57793],[13.26728,52.57804],[13.26738,52.57817],[13.26754,52.57822],[13.26798,52.57828],[13.26818,52.57837],[13.26833,52.57839],[13.26842,52.57844],[13.26861,52.57845],[13.26896,52.57857],[13.26936,52.57857],[13.26938,52.57849],[13.26943,52.57848],[13.26959,52.57865],[13.26972,52.57867],[13.26981,52.57862],[13.27007,52.5786],[13.27017,52.57857],[13.27014,52.57855],[13.27018,52.57853],[13.27021,52.57855],[13.27049,52.57832],[13.27056,52.57814],[13.27085,52.57793],[13.27189,52.57793],[13.27293,52.57797],[13.27292,52.57804],[13.2732,52.57803],[13.2732,52.57799],[13.27326,52.57799],[13.27325,52.57805],[13.27342,52.57805],[13.27342,52.57802],[13.27367,52.57804],[13.27367,52.57802],[13.27391,52.57801],[13.27431,52.57792],[13.27441,52.57785],[13.27454,52.57783],[13.27472,52.57787],[13.27484,52.57795],[13.27486,52.57828],[13.27474,52.57843],[13.27437,52.57869],[13.27389,52.57917],[13.27367,52.57963],[13.27363,52.57992],[13.2738,52.58089],[13.27405,52.5813],[13.27421,52.58141],[13.27453,52.58149],[13.27473,52.58153],[13.27498,52.58152],[13.27502,52.58176],[13.27464,52.58178],[13.27438,52.58185],[13.27428,52.58193],[13.27413,52.58212],[13.27407,52.58244],[13.27432,52.58303],[13.27452,52.58329],[13.27482,52.58383],[13.27488,52.58387],[13.27489,52.58407],[13.27465,52.58415],[13.27459,52.58423],[13.2746,52.58432],[13.27537,52.58494],[13.27546,52.58505],[13.27369,52.5876],[13.27331,52.58806],[13.27284,52.58851],[13.27245,52.58874],[13.27205,52.58892],[13.27244,52.58925],[13.27233,52.5893],[13.27212,52.58927],[13.27179,52.58898],[13.27091,52.58937],[13.27087,52.58941],[13.27091,52.58948],[13.27157,52.58966],[13.27108,52.58989],[13.271,52.58985],[13.27091,52.5899],[13.27097,52.58994],[13.27084,52.59],[13.27072,52.58993],[13.27059,52.58992],[13.27018,52.58971],[13.27014,52.58965],[13.26967,52.58946],[13.26887,52.58947],[13.26883,52.5895],[13.26837,52.58949],[13.26807,52.58945],[13.26773,52.58935],[13.26745,52.58933],[13.26742,52.5893],[13.26718,52.58932],[13.26687,52.58929],[13.26662,52.58939],[13.26626,52.58948],[13.26606,52.58964],[13.26612,52.58978],[13.26643,52.58982],[13.2667,52.58994],[13.26703,52.59025],[13.26711,52.5904],[13.26716,52.59073],[13.26713,52.59089],[13.2669,52.59149],[13.26667,52.59171],[13.26638,52.59214],[13.26598,52.59245],[13.26578,52.59254],[13.26543,52.59277],[13.26484,52.593],[13.26478,52.59299],[13.26451,52.59307],[13.26457,52.59316],[13.26444,52.59323],[13.26409,52.59337],[13.2637,52.59346],[13.26297,52.59376],[13.26471,52.59503],[13.26556,52.59556],[13.26611,52.59579],[13.26679,52.59599],[13.26761,52.59613],[13.2683,52.59617],[13.2698,52.59614],[13.27052,52.5962],[13.27152,52.59648],[13.27295,52.597],[13.27426,52.59743],[13.27506,52.5978],[13.27567,52.59741],[13.27587,52.59717],[13.27662,52.59661],[13.27802,52.59775],[13.27839,52.59796],[13.28005,52.59873],[13.2808,52.59922],[13.28108,52.59951],[13.28152,52.60019],[13.2818,52.6005],[13.28206,52.6007],[13.28249,52.60084],[13.28317,52.60113],[13.28448,52.60153],[13.28488,52.60157],[13.28681,52.60145],[13.28716,52.60148],[13.28738,52.60153],[13.28777,52.60167],[13.28795,52.60177],[13.28844,52.60227],[13.28828,52.60244],[13.28906,52.60314],[13.28848,52.60339],[13.289,52.60384],[13.28915,52.60433],[13.28964,52.60435],[13.28552,52.60729],[13.28135,52.61018],[13.29352,52.61656],[13.28544,52.62219],[13.28954,52.62432],[13.28938,52.62442],[13.28911,52.62473],[13.2884,52.62614],[13.28757,52.62597],[13.28633,52.62585],[13.28588,52.62575],[13.28392,52.62567],[13.28281,52.6255],[13.28212,52.62543],[13.28126,52.62517],[13.28005,52.62509],[13.27916,52.62499],[13.27827,52.62484],[13.27728,52.62477],[13.27614,52.62481],[13.27565,52.62489],[13.27494,52.62508],[13.27361,52.62557],[13.26801,52.62264],[13.24852,52.61266],[13.25262,52.61115],[13.25437,52.61036],[13.25479,52.61021],[13.25578,52.60978],[13.25972,52.60844],[13.26071,52.60804],[13.26122,52.60787],[13.25985,52.60611],[13.25982,52.60599],[13.25975,52.606],[13.25967,52.60592],[13.2596,52.60572],[13.2593,52.60577],[13.25913,52.60585],[13.25846,52.60602],[13.25731,52.6062],[13.25559,52.60665],[13.25473,52.60698],[13.25387,52.60744],[13.24966,52.6103],[13.24974,52.61038],[13.24964,52.61044],[13.24952,52.61039],[13.2467,52.61216],[13.24544,52.61302],[13.2434,52.61452],[13.24258,52.6151],[13.24254,52.61508],[13.24103,52.61614],[13.24113,52.61612],[13.24011,52.61685],[13.23843,52.61801],[13.23802,52.61824],[13.23541,52.62004],[13.23547,52.6202],[13.23533,52.6203],[13.23522,52.62022],[13.23403,52.61782],[13.23338,52.61636],[13.23162,52.61276],[13.22969,52.60649],[13.23643,52.60348],[13.23583,52.59929],[13.23765,52.59903],[13.24111,52.59859],[13.24102,52.59857],[13.24031,52.59815],[13.23953,52.59696],[13.23479,52.59632],[13.23394,52.59635],[13.23298,52.59625],[13.23203,52.59642],[13.23119,52.59647],[13.23081,52.59603],[13.22776,52.59652],[13.22705,52.59653],[13.22692,52.59647],[13.22613,52.5965],[13.22579,52.59655],[13.22514,52.59673],[13.22433,52.59671],[13.22222,52.5963],[13.22177,52.59586],[13.22128,52.59522],[13.22092,52.59488],[13.22342,52.59258],[13.22434,52.59248],[13.22502,52.59233],[13.22843,52.59139],[13.228,52.59076],[13.22851,52.59047],[13.22976,52.58991],[13.23042,52.58968],[13.23148,52.58939],[13.23287,52.58886],[13.2334,52.58767],[13.23402,52.58722],[13.23498,52.58681],[13.23549,52.58653],[13.23737,52.58576],[13.23818,52.58553],[13.23725,52.58345],[13.23676,52.58259],[13.23591,52.58271],[13.23455,52.58259],[13.23379,52.58225],[13.23211,52.58184],[13.23066,52.58173],[13.22979,52.58178],[13.2282,52.58165],[13.22783,52.58161],[13.22733,52.58136],[13.2285,52.57897],[13.22874,52.57678],[13.22905,52.57569],[13.22993,52.57575],[13.23057,52.57527],[13.23094,52.57476],[13.23139,52.57446],[13.2315,52.57426],[13.2315,52.574],[13.23311,52.57362],[13.23319,52.57252],[13.23485,52.57137],[13.23553,52.57113],[13.23679,52.57062],[13.23836,52.57007],[13.2384,52.57003],[13.23769,52.56904],[13.2371,52.56838],[13.23698,52.56831],[13.2366,52.56823],[13.23617,52.56825],[13.23577,52.56823],[13.23552,52.56818],[13.2353,52.56802],[13.23551,52.56783],[13.23543,52.56775],[13.23526,52.56778],[13.23498,52.56778],[13.23379,52.56816],[13.23302,52.56827],[13.23239,52.56829],[13.23107,52.5684],[13.23062,52.56839],[13.22936,52.56807],[13.22875,52.568],[13.22808,52.56799],[13.22739,52.56741],[13.22801,52.56695],[13.22838,52.5666],[13.22865,52.56612],[13.22871,52.5656],[13.22858,52.56517],[13.22796,52.56409],[13.2279,52.56384],[13.22795,52.56355],[13.22806,52.56335],[13.22829,52.56312],[13.23073,52.5614],[13.23072,52.56157],[13.23086,52.56165],[13.23175,52.56169],[13.23257,52.56153],[13.23331,52.56127],[13.23338,52.56102],[13.23389,52.56044],[13.23409,52.55992],[13.23445,52.55949],[13.23442,52.55948],[13.23461,52.5593],[13.23515,52.55902],[13.23532,52.55896],[13.2357,52.55894],[13.23567,52.55891],[13.23588,52.55886],[13.23623,52.55868],[13.2369,52.55864]]]]}},{"type":"Feature","id":525,"properties":{"plr_schl":"12400720","plrname":"Frohnau West","nat_pers":94,"wohmi_fl":"2053529","jur_pers":6,"jp_ohn_swg":3.24,"stwbg":0,"genossen":2.76,"sozvermiet":2.76,"plr_id":"12400720"},"geometry":{"type":"MultiPolygon","coordinates":[[[[13.26423,52.62686],[13.26496,52.62652],[13.26566,52.62634],[13.2658,52.62631],[13.26722,52.62624],[13.26778,52.62602],[13.26826,52.62601],[13.27034,52.62614],[13.27204,52.62611],[13.27253,52.62604],[13.27389,52.62545],[13.27494,52.62508],[13.27565,52.62489],[13.27614,52.62481],[13.27728,52.62477],[13.27827,52.62484],[13.27916,52.62499],[13.28005,52.62509],[13.28126,52.62517],[13.28212,52.62543],[13.28281,52.6255],[13.28374,52.62565],[13.28588,52.62575],[13.28633,52.62585],[13.28757,52.62597],[13.2884,52.62614],[13.28977,52.62621],[13.29173,52.62645],[13.29361,52.62657],[13.29431,52.6267],[13.29651,52.62699],[13.29602,52.62731],[13.29578,52.6276],[13.29461,52.62857],[13.2939,52.62903],[13.29378,52.62917],[13.29321,52.62962],[13.29205,52.63066],[13.28963,52.63264],[13.28951,52.63261],[13.28916,52.63285],[13.28922,52.63288],[13.28901,52.63307],[13.28907,52.6331],[13.28759,52.63436],[13.28636,52.63551],[13.28566,52.63632],[13.28501,52.63715],[13.28471,52.63758],[13.28426,52.63846],[13.28396,52.63937],[13.28387,52.63983],[13.28381,52.64029],[13.28383,52.64112],[13.28331,52.64104],[13.28247,52.64102],[13.28077,52.64085],[13.27646,52.64021],[13.27424,52.64027],[13.27207,52.63988],[13.2696,52.63971],[13.26624,52.64011],[13.26215,52.64069],[13.26235,52.63995],[13.26223,52.63994],[13.26241,52.63906],[13.26266,52.63865],[13.26341,52.63776],[13.26377,52.6374],[13.26468,52.63598],[13.2652,52.63453],[13.26423,52.62686]]]]}},{"type":"Feature","id":526,"properties":{"plr_schl":"12400721","plrname":"Frohnau Ost","nat_pers":88,"wohmi_fl":"1926922","jur_pers":11,"jp_ohn_swg":9.68,"stwbg":1.32,"genossen":0,"sozvermiet":1.32,"plr_id":"12400721"},"geometry":{"type":"MultiPolygon","coordinates":[[[[13.30498,52.65534],[13.3101,52.6574],[13.31,52.65748],[13.30967,52.65736],[13.30909,52.65781],[13.30864,52.658],[13.30884,52.65822],[13.30867,52.65836],[13.30767,52.65893],[13.30712,52.65962],[13.30408,52.65939],[13.30252,52.6592],[13.30143,52.65923],[13.30057,52.65929],[13.29552,52.6593],[13.29369,52.65936],[13.29019,52.65986],[13.28851,52.65998],[13.28826,52.65997],[13.28775,52.65984],[13.28767,52.65995],[13.28717,52.65994],[13.28544,52.66033],[13.28367,52.66052],[13.28331,52.66058],[13.28277,52.66074],[13.28191,52.65275],[13.28513,52.65263],[13.28503,52.65109],[13.2846,52.64834],[13.2845,52.64829],[13.28424,52.64845],[13.28457,52.64795],[13.28447,52.6466],[13.28389,52.64211],[13.2838,52.64076],[13.28381,52.64029],[13.28396,52.63937],[13.28426,52.63846],[13.28471,52.63758],[13.28501,52.63715],[13.28566,52.63632],[13.28636,52.63551],[13.28759,52.63436],[13.28907,52.6331],[13.28901,52.63307],[13.28922,52.63288],[13.28916,52.63285],[13.28951,52.63261],[13.28963,52.63264],[13.29205,52.63066],[13.29321,52.62962],[13.29378,52.62917],[13.2939,52.62903],[13.29461,52.62857],[13.29578,52.6276],[13.29602,52.62731],[13.29651,52.62699],[13.29723,52.62705],[13.29911,52.6271],[13.30044,52.627],[13.30175,52.62709],[13.30261,52.62719],[13.30254,52.62755],[13.30305,52.62777],[13.30494,52.62821],[13.30586,52.62857],[13.30641,52.62873],[13.30887,52.62915],[13.3097,52.62947],[13.31,52.62967],[13.31027,52.63001],[13.30968,52.6301],[13.30977,52.63061],[13.31019,52.63062],[13.31003,52.63115],[13.30982,52.63157],[13.30972,52.63216],[13.30942,52.63267],[13.30899,52.6332],[13.30858,52.63358],[13.3078,52.63459],[13.30625,52.6364],[13.30578,52.63735],[13.30706,52.63755],[13.30707,52.63777],[13.30692,52.63812],[13.30681,52.63869],[13.30627,52.63961],[13.3073,52.63969],[13.30727,52.64011],[13.30794,52.6401],[13.30823,52.64024],[13.30815,52.64077],[13.30894,52.64146],[13.30887,52.64194],[13.30918,52.64199],[13.30903,52.64267],[13.30941,52.64273],[13.3092,52.64395],[13.30843,52.64381],[13.30043,52.65351],[13.30498,52.65534]]]]}},{"type":"Feature","id":527,"properties":{"plr_schl":"12400722","plrname":"Hermsdorf West","nat_pers":95,"wohmi_fl":"1647671","jur_pers":5,"jp_ohn_swg":4.1,"stwbg":0.9,"genossen":0,"sozvermiet":0.9,"plr_id":"12400722"},"geometry":{"type":"MultiPolygon","coordinates":[[[[13.2884,52.62614],[13.28911,52.62473],[13.28938,52.62442],[13.28954,52.62432],[13.28544,52.62219],[13.29352,52.61656],[13.28135,52.61018],[13.28552,52.60729],[13.28964,52.60435],[13.28915,52.60433],[13.289,52.60384],[13.28848,52.60339],[13.28906,52.60314],[13.28828,52.60244],[13.28915,52.60142],[13.28927,52.60113],[13.28908,52.60095],[13.28878,52.60085],[13.28885,52.60074],[13.28943,52.60089],[13.28955,52.60093],[13.28959,52.60098],[13.28957,52.60108],[13.28934,52.60133],[13.28936,52.60144],[13.28956,52.60148],[13.28995,52.6014],[13.29008,52.60144],[13.2904,52.60162],[13.29129,52.60187],[13.29204,52.60241],[13.29211,52.60248],[13.29207,52.6026],[13.29111,52.60266],[13.29099,52.60275],[13.29097,52.60285],[13.29112,52.60293],[13.29154,52.60294],[13.29162,52.60298],[13.29163,52.60304],[13.29141,52.60344],[13.29147,52.60353],[13.29154,52.60355],[13.29219,52.60354],[13.29264,52.60336],[13.29316,52.60358],[13.29326,52.60377],[13.29317,52.60381],[13.29279,52.60383],[13.29274,52.60388],[13.29275,52.60409],[13.29277,52.60413],[13.29313,52.60426],[13.29331,52.60428],[13.29339,52.60432],[13.29342,52.60436],[13.2933,52.60481],[13.29343,52.60489],[13.29356,52.60491],[13.29372,52.60485],[13.29376,52.60463],[13.29384,52.60458],[13.29396,52.60459],[13.29418,52.60476],[13.29432,52.60478],[13.29471,52.60466],[13.29488,52.60467],[13.29494,52.6047],[13.29496,52.60478],[13.29492,52.60487],[13.29478,52.605],[13.29482,52.60511],[13.29508,52.60508],[13.29529,52.60498],[13.29539,52.60502],[13.2954,52.6051],[13.29517,52.60539],[13.2952,52.60552],[13.29528,52.60561],[13.29538,52.60564],[13.29549,52.60562],[13.29561,52.60555],[13.29561,52.60539],[13.29573,52.60533],[13.29588,52.60532],[13.29601,52.60534],[13.29606,52.6054],[13.29629,52.60547],[13.29672,52.60556],[13.29716,52.60587],[13.29796,52.6062],[13.29827,52.60612],[13.29836,52.60605],[13.29869,52.606],[13.29934,52.606],[13.29993,52.60606],[13.30009,52.60624],[13.30015,52.60626],[13.30008,52.60644],[13.30011,52.60653],[13.30023,52.60658],[13.30106,52.6063],[13.30118,52.60627],[13.30151,52.60626],[13.30193,52.60613],[13.302,52.60603],[13.30203,52.6058],[13.3023,52.60567],[13.30221,52.60537],[13.30237,52.60525],[13.30259,52.60517],[13.30284,52.60517],[13.30302,52.60509],[13.303,52.60483],[13.30308,52.60469],[13.30318,52.60467],[13.3033,52.60472],[13.30341,52.60497],[13.30352,52.60509],[13.30362,52.60509],[13.30373,52.6049],[13.30386,52.60488],[13.30397,52.60494],[13.30403,52.60503],[13.3044,52.60534],[13.30471,52.60553],[13.30498,52.60576],[13.30535,52.60585],[13.30545,52.6059],[13.30546,52.60597],[13.30514,52.60612],[13.30492,52.60628],[13.30488,52.6064],[13.30491,52.6065],[13.30498,52.60655],[13.30514,52.60654],[13.30532,52.60643],[13.30575,52.6063],[13.30598,52.60633],[13.306,52.6064],[13.30577,52.60654],[13.30579,52.60666],[13.30588,52.60676],[13.30599,52.60681],[13.30616,52.60683],[13.30649,52.60698],[13.30676,52.60703],[13.30683,52.60707],[13.30674,52.60741],[13.30683,52.60755],[13.30694,52.60762],[13.30715,52.60759],[13.30743,52.6076],[13.3076,52.60784],[13.30771,52.60793],[13.3078,52.60792],[13.30806,52.60768],[13.3082,52.60766],[13.30826,52.60769],[13.3083,52.60786],[13.30842,52.6079],[13.30854,52.60789],[13.30876,52.60774],[13.30883,52.60776],[13.30904,52.60796],[13.30916,52.60798],[13.30954,52.60787],[13.30971,52.60786],[13.30997,52.60791],[13.31041,52.60809],[13.3107,52.60846],[13.31072,52.60853],[13.31061,52.6087],[13.31065,52.60879],[13.31116,52.60933],[13.31165,52.60975],[13.31253,52.61014],[13.31267,52.61023],[13.31283,52.6104],[13.31309,52.61057],[13.31374,52.61081],[13.31486,52.61109],[13.31459,52.61129],[13.31401,52.61187],[13.31251,52.61315],[13.31231,52.61338],[13.31211,52.61346],[13.31112,52.61418],[13.31101,52.61414],[13.31098,52.61416],[13.31016,52.61484],[13.30834,52.61649],[13.30675,52.61784],[13.30603,52.61863],[13.30584,52.61898],[13.30434,52.62027],[13.30426,52.62024],[13.30319,52.62116],[13.30289,52.62146],[13.30226,52.62195],[13.30193,52.6224],[13.30166,52.62268],[13.30061,52.62362],[13.29829,52.62559],[13.29712,52.62646],[13.29651,52.62699],[13.29431,52.6267],[13.29361,52.62657],[13.29173,52.62645],[13.28977,52.62621],[13.2884,52.62614]]]]}},{"type":"Feature","id":528,"properties":{"plr_schl":"12400723","plrname":"Hermsdorf Ost/Waldsee","nat_pers":97,"wohmi_fl":"1586963","jur_pers":3,"jp_ohn_swg":1.74,"stwbg":0.24,"genossen":1.02,"sozvermiet":1.26,"plr_id":"12400723"},"geometry":{"type":"MultiPolygon","coordinates":[[[[13.33102,52.61489],[13.33106,52.61502],[13.331,52.61509],[13.33099,52.61527],[13.33105,52.61549],[13.33118,52.61554],[13.33111,52.61559],[13.33115,52.61564],[13.33108,52.61575],[13.33124,52.61586],[13.33122,52.61589],[13.33133,52.61596],[13.33138,52.61605],[13.33129,52.61606],[13.33112,52.61622],[13.33117,52.61687],[13.33125,52.61708],[13.33124,52.61719],[13.33116,52.61727],[13.33136,52.61736],[13.33134,52.61745],[13.3314,52.61752],[13.33145,52.61752],[13.33133,52.61759],[13.33095,52.6176],[13.33071,52.61777],[13.33067,52.61784],[13.3302,52.618],[13.33024,52.61801],[13.33009,52.61827],[13.32988,52.61848],[13.33001,52.61896],[13.32994,52.61911],[13.33003,52.61935],[13.33014,52.61944],[13.33043,52.61948],[13.33036,52.61959],[13.33056,52.61967],[13.33098,52.61977],[13.33152,52.61984],[13.33186,52.61992],[13.33275,52.62035],[13.33333,52.62073],[13.33366,52.62082],[13.33355,52.6209],[13.33395,52.62132],[13.33421,52.62176],[13.33447,52.62197],[13.33483,52.6221],[13.33569,52.62219],[13.33591,52.62226],[13.33611,52.6224],[13.33623,52.62244],[13.33622,52.62246],[13.33664,52.62245],[13.33673,52.62249],[13.33673,52.62263],[13.33286,52.62419],[13.33255,52.62403],[13.33041,52.62489],[13.32932,52.62529],[13.32869,52.62544],[13.32744,52.62567],[13.32618,52.62582],[13.32556,52.62593],[13.32479,52.62617],[13.32384,52.62638],[13.3222,52.62652],[13.31986,52.62664],[13.31927,52.62671],[13.31888,52.62678],[13.31735,52.6272],[13.31648,52.62732],[13.31499,52.62763],[13.31386,52.62799],[13.31338,52.62812],[13.31301,52.62818],[13.31233,52.6282],[13.311,52.62812],[13.31017,52.62804],[13.30851,52.62795],[13.30722,52.62775],[13.30568,52.62763],[13.30254,52.62718],[13.30088,52.62702],[13.30038,52.627],[13.29911,52.6271],[13.29723,52.62705],[13.29651,52.62699],[13.29712,52.62646],[13.29829,52.62559],[13.30061,52.62362],[13.30166,52.62268],[13.30193,52.6224],[13.30226,52.62195],[13.30289,52.62146],[13.30319,52.62116],[13.30426,52.62024],[13.30434,52.62027],[13.30584,52.61898],[13.30603,52.61863],[13.30675,52.61784],[13.30834,52.61649],[13.31016,52.61484],[13.31098,52.61416],[13.31101,52.61414],[13.31112,52.61418],[13.31211,52.61346],[13.31231,52.61338],[13.31251,52.61315],[13.31401,52.61187],[13.31459,52.61129],[13.31483,52.61111],[13.31537,52.61131],[13.31555,52.61142],[13.31565,52.61153],[13.31565,52.61163],[13.31581,52.61184],[13.3158,52.61193],[13.31594,52.6121],[13.31601,52.61212],[13.31616,52.61238],[13.31621,52.61236],[13.31633,52.61252],[13.31652,52.61259],[13.31686,52.61263],[13.31767,52.61265],[13.31826,52.61245],[13.31837,52.61243],[13.31867,52.61245],[13.31917,52.61237],[13.31936,52.61242],[13.31974,52.61261],[13.3203,52.61275],[13.32085,52.61302],[13.32114,52.61309],[13.32153,52.6131],[13.3221,52.61306],[13.32212,52.61302],[13.32254,52.61302],[13.32317,52.61288],[13.32343,52.61285],[13.32412,52.61287],[13.3248,52.61305],[13.32484,52.61297],[13.325,52.613],[13.32523,52.61297],[13.32636,52.61309],[13.32689,52.61325],[13.32765,52.61362],[13.32824,52.61383],[13.32848,52.61398],[13.32876,52.61408],[13.32908,52.61405],[13.32902,52.61389],[13.32907,52.61385],[13.32917,52.61386],[13.32955,52.614],[13.3297,52.61416],[13.33002,52.61418],[13.33009,52.61423],[13.33031,52.61429],[13.3303,52.61432],[13.3304,52.61441],[13.3306,52.61452],[13.33102,52.61489]]]]}},{"type":"Feature","id":529,"properties":{"plr_schl":"12500824","plrname":"Ziekowstraße/Freie Scholle","nat_pers":54,"wohmi_fl":"1025383","jur_pers":45,"jp_ohn_swg":18.45,"stwbg":5.4,"genossen":21.15,"sozvermiet":26.55,"plr_id":"12500824"},"geometry":{"type":"MultiPolygon","coordinates":[[[[13.28844,52.60227],[13.28795,52.60177],[13.28777,52.60167],[13.28716,52.60148],[13.28681,52.60145],[13.28488,52.60157],[13.28448,52.60153],[13.28317,52.60113],[13.28249,52.60084],[13.28206,52.6007],[13.2818,52.6005],[13.28152,52.60019],[13.28119,52.5997],[13.28494,52.59559],[13.28529,52.59504],[13.28529,52.595],[13.28519,52.59497],[13.28536,52.59468],[13.28542,52.59471],[13.28555,52.5947],[13.28614,52.59363],[13.28617,52.59364],[13.28666,52.59296],[13.28737,52.59191],[13.288,52.59086],[13.28957,52.58873],[13.28972,52.58856],[13.28977,52.58857],[13.29083,52.58702],[13.29491,52.58729],[13.29519,52.58708],[13.29528,52.58708],[13.29716,52.58871],[13.29725,52.58872],[13.29815,52.58955],[13.3044,52.59021],[13.30502,52.59071],[13.30582,52.59138],[13.30568,52.59188],[13.30641,52.59196],[13.30443,52.59309],[13.30368,52.59344],[13.30215,52.594],[13.30141,52.59422],[13.30099,52.59431],[13.30181,52.59461],[13.30334,52.59496],[13.30543,52.596],[13.30616,52.59621],[13.30632,52.59632],[13.3065,52.59636],[13.30756,52.59705],[13.30563,52.59893],[13.30513,52.59875],[13.30398,52.60079],[13.30399,52.60083],[13.30381,52.60104],[13.30364,52.60134],[13.30165,52.60494],[13.30107,52.60601],[13.30102,52.60624],[13.30092,52.60628],[13.30088,52.60636],[13.30032,52.60657],[13.30018,52.60658],[13.30011,52.60653],[13.30008,52.60644],[13.30015,52.60626],[13.30009,52.60624],[13.29993,52.60606],[13.29934,52.606],[13.29869,52.606],[13.29836,52.60605],[13.29827,52.60612],[13.29796,52.6062],[13.29716,52.60587],[13.29672,52.60556],[13.29629,52.60547],[13.29606,52.6054],[13.29601,52.60534],[13.29588,52.60532],[13.29573,52.60533],[13.29561,52.60539],[13.29561,52.60555],[13.29549,52.60562],[13.29538,52.60564],[13.29528,52.60561],[13.2952,52.60552],[13.29517,52.60539],[13.2954,52.6051],[13.29539,52.60502],[13.29529,52.60498],[13.29508,52.60508],[13.29482,52.60511],[13.29478,52.605],[13.29492,52.60487],[13.29496,52.60478],[13.29494,52.6047],[13.29488,52.60467],[13.29471,52.60466],[13.29432,52.60478],[13.29418,52.60476],[13.29396,52.60459],[13.29384,52.60458],[13.29376,52.60463],[13.29372,52.60485],[13.29356,52.60491],[13.29343,52.60489],[13.2933,52.60481],[13.29342,52.60436],[13.29339,52.60432],[13.29331,52.60428],[13.29313,52.60426],[13.29277,52.60413],[13.29275,52.60409],[13.29274,52.60388],[13.29279,52.60383],[13.29317,52.60381],[13.29326,52.60377],[13.29316,52.60358],[13.29264,52.60336],[13.29219,52.60354],[13.29154,52.60355],[13.29147,52.60353],[13.29141,52.60344],[13.29163,52.60304],[13.29162,52.60298],[13.29154,52.60294],[13.29112,52.60293],[13.29097,52.60285],[13.29099,52.60275],[13.29111,52.60266],[13.29202,52.60261],[13.29211,52.60255],[13.29211,52.60248],[13.29129,52.60187],[13.2904,52.60162],[13.29008,52.60144],[13.28995,52.6014],[13.28956,52.60148],[13.28936,52.60144],[13.28934,52.60133],[13.28961,52.60101],[13.28955,52.60093],[13.28885,52.60074],[13.28878,52.60085],[13.28908,52.60095],[13.28927,52.60113],[13.28915,52.60142],[13.28844,52.60227]]]]}},{"type":"Feature","id":530,"properties":{"plr_schl":"12500825","plrname":"Borsigwalde","nat_pers":75,"wohmi_fl":"513723","jur_pers":24,"jp_ohn_swg":13.2,"stwbg":10.8,"genossen":0,"sozvermiet":11.8,"plr_id":"12500825"},"geometry":{"type":"MultiPolygon","coordinates":[[[[13.32397,52.58779],[13.3221,52.58785],[13.32038,52.58787],[13.31968,52.58791],[13.31957,52.58777],[13.31933,52.58779],[13.31885,52.58788],[13.31695,52.58835],[13.31545,52.58864],[13.31372,52.58905],[13.30709,52.58611],[13.3068,52.58606],[13.30318,52.58913],[13.30292,52.59005],[13.29815,52.58955],[13.29725,52.58872],[13.29716,52.58871],[13.29528,52.58708],[13.29519,52.58708],[13.29491,52.58729],[13.29083,52.58702],[13.29124,52.58641],[13.29156,52.5865],[13.29189,52.58608],[13.29405,52.58288],[13.29376,52.58286],[13.29396,52.58268],[13.29413,52.58269],[13.29443,52.58247],[13.29506,52.5821],[13.2956,52.58186],[13.29554,52.58181],[13.29625,52.58154],[13.29874,52.58071],[13.29856,52.58065],[13.29913,52.58045],[13.29934,52.58039],[13.29935,52.58044],[13.30298,52.5792],[13.30377,52.57894],[13.30382,52.57897],[13.30399,52.57892],[13.30639,52.57812],[13.30743,52.57784],[13.30823,52.57771],[13.30936,52.57761],[13.31059,52.57762],[13.31505,52.57777],[13.31511,52.5779],[13.31564,52.57816],[13.32299,52.58666],[13.32331,52.58715],[13.32397,52.58779]]]]}},{"type":"Feature","id":531,"properties":{"plr_schl":"12500926","plrname":"Wittenau Mitte","nat_pers":60,"wohmi_fl":"427937","jur_pers":39,"jp_ohn_swg":18.33,"stwbg":1.56,"genossen":19.11,"sozvermiet":21.67,"plr_id":"12500926"},"geometry":{"type":"MultiPolygon","coordinates":[[[[13.32397,52.58779],[13.32392,52.58775],[13.32518,52.58768],[13.32972,52.58752],[13.3297,52.58756],[13.3317,52.58754],[13.33312,52.58757],[13.33781,52.58781],[13.33875,52.58798],[13.33995,52.58829],[13.34119,52.58856],[13.3455,52.5896],[13.34675,52.58994],[13.3468,52.58991],[13.34745,52.59008],[13.34748,52.59013],[13.34644,52.59069],[13.34604,52.59095],[13.3436,52.59228],[13.34336,52.59238],[13.33748,52.5956],[13.33744,52.59563],[13.33747,52.59575],[13.33738,52.59576],[13.3371,52.59592],[13.33478,52.59579],[13.33317,52.59574],[13.33271,52.59565],[13.33245,52.59552],[13.33154,52.59518],[13.33162,52.5951],[13.33035,52.59461],[13.3278,52.59338],[13.3277,52.59335],[13.32748,52.59341],[13.32634,52.59226],[13.32646,52.59202],[13.3263,52.59176],[13.32623,52.59174],[13.32611,52.59162],[13.32527,52.59049],[13.32524,52.58949],[13.32515,52.5892],[13.32501,52.58899],[13.32397,52.58779]]]]}},{"type":"Feature","id":532,"properties":{"plr_schl":"12500927","plrname":"Wittenau Nord","nat_pers":58,"wohmi_fl":"810943","jur_pers":40,"jp_ohn_swg":28,"stwbg":3.6,"genossen":8.4,"sozvermiet":14,"plr_id":"12500927"},"geometry":{"type":"MultiPolygon","coordinates":[[[[13.33271,52.59565],[13.33317,52.59574],[13.33478,52.59579],[13.3371,52.59592],[13.33591,52.59659],[13.33587,52.59654],[13.33405,52.59753],[13.33412,52.59757],[13.33326,52.59803],[13.33293,52.59827],[13.33285,52.59825],[13.33261,52.59827],[13.33254,52.59822],[13.33247,52.59825],[13.33222,52.5984],[13.3322,52.59848],[13.33191,52.59865],[13.3297,52.59993],[13.32886,52.60036],[13.328,52.60087],[13.32552,52.60303],[13.32543,52.6029],[13.32521,52.60309],[13.32525,52.60315],[13.32359,52.60459],[13.32313,52.60505],[13.32263,52.60548],[13.32248,52.60543],[13.32234,52.6051],[13.32229,52.60508],[13.32202,52.60499],[13.3217,52.60496],[13.32134,52.60488],[13.32092,52.60468],[13.32075,52.60465],[13.32016,52.60438],[13.3194,52.60428],[13.31917,52.60419],[13.31839,52.60404],[13.3179,52.60378],[13.31775,52.60358],[13.31767,52.60333],[13.31751,52.60321],[13.31735,52.60316],[13.31664,52.60313],[13.31603,52.60306],[13.31584,52.60296],[13.31575,52.60271],[13.31564,52.6026],[13.31541,52.60251],[13.31516,52.60247],[13.31337,52.60185],[13.31268,52.60155],[13.31256,52.60137],[13.31253,52.60114],[13.31285,52.60103],[13.3131,52.60078],[13.31326,52.6007],[13.31389,52.60048],[13.31399,52.60041],[13.31447,52.59992],[13.31491,52.59893],[13.31497,52.59879],[13.31495,52.59869],[13.31464,52.59846],[13.31446,52.59827],[13.3142,52.59812],[13.31303,52.59798],[13.31275,52.59797],[13.31209,52.59805],[13.31105,52.59812],[13.3104,52.59799],[13.30983,52.59821],[13.30935,52.59823],[13.30909,52.59814],[13.30851,52.59781],[13.30756,52.59705],[13.3065,52.59636],[13.30632,52.59632],[13.30616,52.59621],[13.30543,52.596],[13.30334,52.59496],[13.30181,52.59461],[13.30099,52.59431],[13.30141,52.59422],[13.30215,52.594],[13.30368,52.59344],[13.30443,52.59309],[13.30641,52.59196],[13.30568,52.59188],[13.30582,52.59138],[13.3044,52.59021],[13.30292,52.59005],[13.30318,52.58913],[13.3068,52.58606],[13.30709,52.58611],[13.31372,52.58905],[13.31545,52.58864],[13.31695,52.58835],[13.31885,52.58788],[13.31933,52.58779],[13.31957,52.58777],[13.31968,52.58791],[13.32038,52.58787],[13.3221,52.58785],[13.32397,52.58779],[13.32501,52.58899],[13.32515,52.5892],[13.32524,52.58949],[13.32527,52.59049],[13.32611,52.59162],[13.32623,52.59174],[13.3263,52.59176],[13.32646,52.59202],[13.32634,52.59226],[13.32748,52.59341],[13.3277,52.59335],[13.3278,52.59338],[13.33035,52.59461],[13.33162,52.5951],[13.33154,52.59518],[13.33245,52.59552],[13.33271,52.59565]]]]}},{"type":"Feature","id":533,"properties":{"plr_schl":"12500928","plrname":"Waidmannslust","nat_pers":93,"wohmi_fl":"828001","jur_pers":6,"jp_ohn_swg":3.6,"stwbg":0,"genossen":2.4,"sozvermiet":2.4,"plr_id":"12500928"},"geometry":{"type":"MultiPolygon","coordinates":[[[[13.33102,52.61489],[13.3306,52.61452],[13.3304,52.61441],[13.3303,52.61432],[13.33031,52.61429],[13.33009,52.61423],[13.33002,52.61418],[13.3297,52.61416],[13.32955,52.614],[13.32917,52.61386],[13.32907,52.61385],[13.32902,52.61389],[13.32908,52.61405],[13.32876,52.61408],[13.32848,52.61398],[13.32824,52.61383],[13.32765,52.61362],[13.32689,52.61325],[13.32636,52.61309],[13.32523,52.61297],[13.32512,52.613],[13.32484,52.61297],[13.3248,52.61305],[13.32412,52.61287],[13.32355,52.61285],[13.32317,52.61288],[13.32254,52.61302],[13.32212,52.61302],[13.3221,52.61306],[13.32153,52.6131],[13.32114,52.61309],[13.32085,52.61302],[13.3203,52.61275],[13.31974,52.61261],[13.31936,52.61242],[13.31917,52.61237],[13.31867,52.61245],[13.31844,52.61243],[13.31826,52.61245],[13.31767,52.61265],[13.31686,52.61263],[13.31642,52.61256],[13.31633,52.61252],[13.31621,52.61236],[13.31616,52.61238],[13.31601,52.61212],[13.31594,52.6121],[13.3158,52.61193],[13.31581,52.61184],[13.31565,52.61163],[13.31565,52.61153],[13.31555,52.61142],[13.31537,52.61131],[13.31483,52.61111],[13.31486,52.61109],[13.31374,52.61081],[13.31309,52.61057],[13.31283,52.6104],[13.31267,52.61023],[13.31253,52.61014],[13.31188,52.60987],[13.31146,52.60961],[13.31065,52.60879],[13.31061,52.6087],[13.31072,52.60853],[13.3107,52.60846],[13.31041,52.60809],[13.30997,52.60791],[13.30971,52.60786],[13.30954,52.60787],[13.30916,52.60798],[13.30904,52.60796],[13.30883,52.60776],[13.30876,52.60774],[13.30854,52.60789],[13.30842,52.6079],[13.3083,52.60786],[13.30826,52.60769],[13.3082,52.60766],[13.30806,52.60768],[13.3078,52.60792],[13.30771,52.60793],[13.3076,52.60784],[13.30743,52.6076],[13.30715,52.60759],[13.30694,52.60762],[13.30683,52.60755],[13.30674,52.60741],[13.30683,52.60707],[13.30676,52.60703],[13.30649,52.60698],[13.30616,52.60683],[13.30596,52.6068],[13.30579,52.60666],[13.30577,52.60654],[13.306,52.6064],[13.30598,52.60633],[13.30575,52.6063],[13.30532,52.60643],[13.30506,52.60656],[13.30498,52.60655],[13.30491,52.6065],[13.30488,52.60638],[13.30492,52.60628],[13.30514,52.60612],[13.30546,52.60597],[13.30544,52.60589],[13.30498,52.60576],[13.30471,52.60553],[13.3044,52.60534],[13.30403,52.60503],[13.30397,52.60494],[13.30386,52.60488],[13.30373,52.6049],[13.30362,52.60509],[13.30352,52.60509],[13.30341,52.60497],[13.3033,52.60472],[13.30318,52.60467],[13.30308,52.60469],[13.303,52.60483],[13.30302,52.60509],[13.30284,52.60517],[13.30259,52.60517],[13.30237,52.60525],[13.30221,52.60537],[13.3023,52.60567],[13.30203,52.6058],[13.302,52.60603],[13.30193,52.60613],[13.30161,52.60624],[13.30137,52.60628],[13.30118,52.60627],[13.30088,52.60636],[13.30092,52.60628],[13.30102,52.60624],[13.30107,52.60601],[13.30165,52.60494],[13.30364,52.60134],[13.30381,52.60104],[13.30399,52.60083],[13.30398,52.60079],[13.30513,52.59875],[13.30563,52.59893],[13.30755,52.59706],[13.30814,52.59749],[13.30851,52.59781],[13.30909,52.59814],[13.30935,52.59823],[13.30983,52.59821],[13.3104,52.59799],[13.31105,52.59812],[13.31209,52.59805],[13.31275,52.59797],[13.31303,52.59798],[13.3142,52.59812],[13.31446,52.59827],[13.31464,52.59846],[13.31495,52.59869],[13.31497,52.59879],[13.31447,52.59992],[13.31389,52.60048],[13.31326,52.6007],[13.3131,52.60078],[13.31285,52.60103],[13.31253,52.60114],[13.31256,52.60137],[13.31268,52.60155],[13.31337,52.60185],[13.31516,52.60247],[13.31541,52.60251],[13.31564,52.6026],[13.31575,52.60271],[13.31584,52.60296],[13.31603,52.60306],[13.31664,52.60313],[13.31735,52.60316],[13.31751,52.60321],[13.31767,52.60333],[13.31775,52.60358],[13.3179,52.60378],[13.31839,52.60404],[13.31917,52.60419],[13.3194,52.60428],[13.32016,52.60438],[13.32075,52.60465],[13.32092,52.60468],[13.32134,52.60488],[13.3217,52.60496],[13.32202,52.60499],[13.32234,52.6051],[13.32248,52.60543],[13.3227,52.6055],[13.32072,52.60715],[13.32049,52.6071],[13.32035,52.60722],[13.32297,52.60774],[13.32633,52.60861],[13.32856,52.60933],[13.33128,52.61008],[13.33382,52.61057],[13.33644,52.61128],[13.33467,52.61246],[13.3346,52.61247],[13.33308,52.61346],[13.33102,52.61489]]]]}},{"type":"Feature","id":534,"properties":{"plr_schl":"12500929","plrname":"Lübars","nat_pers":84,"wohmi_fl":"1065680","jur_pers":8,"jp_ohn_swg":4.72,"stwbg":1.84,"genossen":1.44,"sozvermiet":11.28,"plr_id":"12500929"},"geometry":{"type":"MultiPolygon","coordinates":[[[[13.33928,52.62317],[13.33895,52.62324],[13.33878,52.62334],[13.33868,52.62334],[13.33853,52.62325],[13.33847,52.62299],[13.33839,52.62293],[13.33783,52.62298],[13.33743,52.62286],[13.33714,52.62282],[13.33669,52.62267],[13.33673,52.62263],[13.33673,52.62249],[13.33664,52.62245],[13.33622,52.62246],[13.33623,52.62244],[13.33611,52.6224],[13.33591,52.62226],[13.33569,52.62219],[13.33483,52.6221],[13.33447,52.62197],[13.33421,52.62176],[13.33395,52.62132],[13.33355,52.6209],[13.33366,52.62082],[13.33333,52.62073],[13.33275,52.62035],[13.33186,52.61992],[13.33152,52.61984],[13.33098,52.61977],[13.33056,52.61967],[13.33036,52.61959],[13.33043,52.61948],[13.33014,52.61944],[13.33003,52.61935],[13.32997,52.61923],[13.32994,52.61911],[13.33001,52.61896],[13.32988,52.61848],[13.33009,52.61827],[13.33024,52.61797],[13.33044,52.61793],[13.33067,52.61784],[13.33071,52.61777],[13.33095,52.6176],[13.33133,52.61759],[13.33145,52.61752],[13.3314,52.61752],[13.33134,52.61745],[13.33136,52.61736],[13.33116,52.61727],[13.33124,52.61719],[13.33125,52.61708],[13.33117,52.61687],[13.33112,52.61622],[13.33129,52.61606],[13.33138,52.61605],[13.33133,52.61596],[13.33122,52.61589],[13.33124,52.61586],[13.33108,52.61575],[13.33115,52.61564],[13.33111,52.61559],[13.33118,52.61554],[13.33105,52.61549],[13.33099,52.61527],[13.331,52.61509],[13.33106,52.61502],[13.33102,52.61489],[13.33308,52.61346],[13.3346,52.61247],[13.33467,52.61246],[13.33644,52.61128],[13.33654,52.61109],[13.33704,52.61123],[13.34,52.60854],[13.33937,52.60827],[13.34009,52.6083],[13.34035,52.60825],[13.34163,52.60743],[13.3416,52.60742],[13.34169,52.60735],[13.3416,52.60732],[13.34164,52.60729],[13.34366,52.60597],[13.34384,52.60589],[13.3439,52.60591],[13.34417,52.60572],[13.35035,52.60701],[13.35054,52.607],[13.35094,52.60708],[13.351,52.60715],[13.35185,52.60728],[13.35226,52.6073],[13.35226,52.60726],[13.35906,52.60701],[13.35906,52.60705],[13.36723,52.60676],[13.36722,52.60669],[13.37186,52.60659],[13.3726,52.60645],[13.37282,52.60656],[13.37544,52.60653],[13.37578,52.607],[13.37578,52.60707],[13.37621,52.60774],[13.37635,52.60932],[13.37629,52.6111],[13.37572,52.61324],[13.37523,52.61423],[13.37429,52.61567],[13.37311,52.61733],[13.37155,52.6197],[13.36952,52.62226],[13.36791,52.62407],[13.3673,52.62502],[13.36719,52.62531],[13.36711,52.6254],[13.36693,52.62535],[13.36686,52.62527],[13.36665,52.62532],[13.36638,52.62534],[13.36621,52.62548],[13.36603,52.62538],[13.36595,52.62548],[13.36591,52.62548],[13.36587,52.62544],[13.36588,52.6253],[13.36583,52.62528],[13.36573,52.62529],[13.36549,52.62545],[13.36527,52.62546],[13.36507,52.62526],[13.36473,52.62526],[13.3646,52.62521],[13.36482,52.62489],[13.3648,52.62484],[13.36422,52.62486],[13.36415,52.6247],[13.36407,52.62466],[13.36398,52.62468],[13.36396,52.62472],[13.36405,52.62488],[13.36403,52.62492],[13.36398,52.62495],[13.36374,52.62492],[13.36371,52.62495],[13.36378,52.62507],[13.36369,52.62509],[13.36352,52.62495],[13.3634,52.62491],[13.36286,52.62485],[13.36252,52.62478],[13.36247,52.62474],[13.3625,52.6246],[13.36244,52.62457],[13.36218,52.62459],[13.36213,52.62456],[13.3621,52.62443],[13.36187,52.62427],[13.36165,52.62432],[13.3613,52.62433],[13.36098,52.62426],[13.36092,52.62418],[13.36092,52.62405],[13.36086,52.62402],[13.36056,52.62406],[13.36045,52.62402],[13.36044,52.62399],[13.36058,52.62387],[13.36055,52.62383],[13.36008,52.62386],[13.35997,52.62403],[13.35982,52.62406],[13.35968,52.62405],[13.35956,52.62381],[13.35919,52.62355],[13.35918,52.62329],[13.3591,52.62328],[13.35898,52.62338],[13.35881,52.62343],[13.35849,52.62338],[13.3584,52.62333],[13.35844,52.62316],[13.35841,52.62313],[13.35834,52.62313],[13.35815,52.62331],[13.35804,52.62332],[13.35779,52.62319],[13.35775,52.62303],[13.35764,52.62298],[13.35727,52.62316],[13.35712,52.6232],[13.35668,52.62311],[13.35647,52.62316],[13.35635,52.62329],[13.3563,52.6233],[13.35605,52.6232],[13.35588,52.6232],[13.35565,52.62338],[13.35532,52.62346],[13.35515,52.62357],[13.35494,52.62362],[13.35463,52.62362],[13.35447,52.62356],[13.35445,52.62342],[13.35435,52.62337],[13.35411,52.6234],[13.35386,52.62349],[13.35351,52.62342],[13.35331,52.6233],[13.35314,52.62339],[13.35305,52.6234],[13.35297,52.62337],[13.35276,52.62318],[13.35263,52.62315],[13.35246,52.62306],[13.35259,52.62285],[13.35242,52.6228],[13.35231,52.62282],[13.3522,52.62303],[13.35208,52.62305],[13.35166,52.62298],[13.35163,52.62281],[13.35148,52.62273],[13.35136,52.62276],[13.35107,52.62386],[13.34669,52.62361],[13.34398,52.62374],[13.34392,52.62366],[13.34366,52.62351],[13.34357,52.62342],[13.34334,52.62347],[13.34322,52.62344],[13.34312,52.62335],[13.34296,52.62345],[13.34283,52.62347],[13.34268,52.62337],[13.34238,52.62332],[13.34227,52.62321],[13.3422,52.6232],[13.34201,52.6233],[13.34179,52.62325],[13.34153,52.62333],[13.34134,52.62326],[13.34107,52.62328],[13.34057,52.62314],[13.34046,52.62314],[13.3402,52.62328],[13.33985,52.62327],[13.33964,52.62331],[13.33928,52.62317]]]]}},{"type":"Feature","id":535,"properties":{"plr_schl":"12500930","plrname":"Wittenau Süd","nat_pers":61,"wohmi_fl":"786329","jur_pers":39,"jp_ohn_swg":19.11,"stwbg":1.95,"genossen":17.94,"sozvermiet":19.89,"plr_id":"12500930"},"geometry":{"type":"MultiPolygon","coordinates":[[[[13.33995,52.58829],[13.33875,52.58798],[13.33781,52.58781],[13.33312,52.58757],[13.3317,52.58754],[13.3297,52.58756],[13.32972,52.58752],[13.32518,52.58768],[13.32392,52.58775],[13.32331,52.58715],[13.32299,52.58666],[13.31576,52.57829],[13.31564,52.57816],[13.31511,52.5779],[13.31505,52.57777],[13.31492,52.57765],[13.31521,52.57766],[13.31527,52.57771],[13.31543,52.57772],[13.31541,52.57766],[13.31561,52.57766],[13.31573,52.5778],[13.31742,52.57782],[13.31986,52.57815],[13.32281,52.57843],[13.32369,52.57866],[13.3239,52.57867],[13.32479,52.57869],[13.3269,52.57812],[13.3274,52.57818],[13.32842,52.5782],[13.32917,52.57817],[13.33053,52.57826],[13.33099,52.57825],[13.33286,52.57831],[13.33284,52.57823],[13.3331,52.57824],[13.33325,52.57837],[13.33652,52.57846],[13.33735,52.57858],[13.33973,52.57914],[13.33966,52.57926],[13.34061,52.57945],[13.34561,52.58088],[13.34413,52.58284],[13.34416,52.5829],[13.34406,52.58293],[13.33995,52.58829]]]]}},{"type":"Feature","id":536,"properties":{"plr_schl":"12601031","plrname":"Lübarser Straße","nat_pers":91,"wohmi_fl":"427663","jur_pers":8,"jp_ohn_swg":0.4,"stwbg":1.68,"genossen":5.92,"sozvermiet":8.6,"plr_id":"12601031"},"geometry":{"type":"MultiPolygon","coordinates":[[[[13.33632,52.59636],[13.33661,52.59655],[13.33655,52.59659],[13.33658,52.59661],[13.33655,52.59679],[13.33634,52.59678],[13.33627,52.59698],[13.33825,52.59861],[13.33905,52.59902],[13.33913,52.59897],[13.33915,52.59889],[13.33957,52.59923],[13.34101,52.6],[13.341,52.60005],[13.34117,52.60015],[13.34251,52.60081],[13.34376,52.60123],[13.34593,52.60202],[13.34753,52.60254],[13.34795,52.60274],[13.34847,52.60309],[13.34885,52.60346],[13.34913,52.60385],[13.34929,52.60424],[13.34935,52.6046],[13.34933,52.60494],[13.3492,52.60537],[13.3485,52.60662],[13.34417,52.60572],[13.3439,52.60591],[13.34384,52.60589],[13.34366,52.60597],[13.34164,52.60729],[13.3416,52.60732],[13.34169,52.60735],[13.3416,52.60742],[13.34163,52.60743],[13.34035,52.60825],[13.34009,52.6083],[13.33948,52.60828],[13.33921,52.60823],[13.33883,52.60809],[13.33852,52.60786],[13.3383,52.60759],[13.33757,52.60723],[13.3374,52.60704],[13.33705,52.60631],[13.33695,52.60619],[13.33672,52.60603],[13.33658,52.60595],[13.33445,52.6053],[13.33283,52.60523],[13.33256,52.60539],[13.33257,52.60542],[13.33216,52.60543],[13.33129,52.60555],[13.33085,52.60564],[13.33013,52.60588],[13.3299,52.60592],[13.32965,52.60588],[13.32904,52.6057],[13.32911,52.60562],[13.32877,52.60553],[13.32862,52.60534],[13.32915,52.60498],[13.32858,52.60465],[13.32852,52.60466],[13.32803,52.60502],[13.32758,52.60518],[13.3264,52.60549],[13.32566,52.60596],[13.32569,52.60594],[13.3254,52.60586],[13.32407,52.60597],[13.32263,52.60548],[13.32313,52.60505],[13.32359,52.60459],[13.32525,52.60315],[13.32521,52.60309],[13.32543,52.6029],[13.32552,52.60303],[13.328,52.60087],[13.32886,52.60036],[13.3297,52.59993],[13.33191,52.59865],[13.3322,52.59848],[13.33222,52.5984],[13.33247,52.59825],[13.33254,52.59822],[13.33261,52.59827],[13.33285,52.59825],[13.33293,52.59827],[13.33326,52.59803],[13.33412,52.59757],[13.33405,52.59753],[13.33587,52.59654],[13.33591,52.59659],[13.33632,52.59636]]]]}},{"type":"Feature","id":537,"properties":{"plr_schl":"12601032","plrname":"Rollbergesiedlung","nat_pers":28,"wohmi_fl":"264100","jur_pers":72,"jp_ohn_swg":0,"stwbg":72,"genossen":0,"sozvermiet":72,"plr_id":"12601032"},"geometry":{"type":"MultiPolygon","coordinates":[[[[13.3227,52.6055],[13.32407,52.60597],[13.3254,52.60586],[13.32569,52.60594],[13.32566,52.60596],[13.3264,52.60549],[13.32758,52.60518],[13.32803,52.60502],[13.32852,52.60466],[13.32858,52.60465],[13.32915,52.60498],[13.32862,52.60534],[13.32877,52.60553],[13.32911,52.60562],[13.32904,52.6057],[13.32965,52.60588],[13.3299,52.60592],[13.33013,52.60588],[13.33085,52.60564],[13.33129,52.60555],[13.33216,52.60543],[13.33257,52.60542],[13.33256,52.60539],[13.33283,52.60523],[13.33445,52.6053],[13.33658,52.60595],[13.33672,52.60603],[13.33695,52.60619],[13.33705,52.60631],[13.3374,52.60704],[13.33757,52.60723],[13.3383,52.60759],[13.33852,52.60786],[13.33883,52.60809],[13.33937,52.60827],[13.34,52.60854],[13.33704,52.61123],[13.33654,52.61109],[13.33644,52.61128],[13.33382,52.61057],[13.33128,52.61008],[13.32856,52.60933],[13.32633,52.60861],[13.32297,52.60774],[13.32035,52.60722],[13.32049,52.6071],[13.32072,52.60715],[13.3227,52.6055]]]]}},{"type":"Feature","id":538,"properties":{"plr_schl":"12601133","plrname":"Treuenbrietzener Straße","nat_pers":4,"wohmi_fl":"341178","jur_pers":96,"jp_ohn_swg":0,"stwbg":96,"genossen":0,"sozvermiet":96,"plr_id":"12601133"},"geometry":{"type":"MultiPolygon","coordinates":[[[[13.36364,52.60688],[13.36472,52.60579],[13.36446,52.60574],[13.36375,52.60545],[13.36357,52.60544],[13.36306,52.60552],[13.36281,52.60553],[13.36252,52.60546],[13.36239,52.60535],[13.36187,52.60446],[13.36226,52.60412],[13.36244,52.60381],[13.36245,52.60364],[13.36237,52.60341],[13.36216,52.60318],[13.36197,52.60307],[13.36068,52.6025],[13.35603,52.60049],[13.35585,52.60038],[13.35567,52.60019],[13.35558,52.6],[13.35557,52.59981],[13.356,52.59689],[13.35625,52.59691],[13.35633,52.59685],[13.35914,52.59699],[13.36023,52.5971],[13.36073,52.59712],[13.36184,52.5971],[13.36703,52.59738],[13.36728,52.59755],[13.36747,52.59759],[13.36776,52.59756],[13.36785,52.5975],[13.36788,52.59742],[13.36817,52.59744],[13.37015,52.59908],[13.37057,52.59948],[13.37086,52.59983],[13.37427,52.60477],[13.37544,52.60653],[13.37282,52.60656],[13.3726,52.60645],[13.37186,52.60659],[13.36722,52.60669],[13.36723,52.60676],[13.36364,52.60688]]]]}},{"type":"Feature","id":539,"properties":{"plr_schl":"12601134","plrname":"Märkisches Zentrum","nat_pers":7,"wohmi_fl":"498414","jur_pers":85,"jp_ohn_swg":0,"stwbg":76.5,"genossen":8.5,"sozvermiet":93,"plr_id":"12601134"},"geometry":{"type":"MultiPolygon","coordinates":[[[[13.3371,52.59592],[13.33946,52.59601],[13.33924,52.59791],[13.3404,52.598],[13.34041,52.59795],[13.34052,52.59795],[13.34466,52.59823],[13.34749,52.59668],[13.34779,52.5964],[13.34948,52.59645],[13.34978,52.59647],[13.34978,52.5965],[13.34992,52.59651],[13.35379,52.59672],[13.35378,52.59678],[13.35503,52.59685],[13.35512,52.59685],[13.35513,52.59678],[13.35549,52.5968],[13.35548,52.59687],[13.356,52.59689],[13.35557,52.59981],[13.35558,52.6],[13.35567,52.60019],[13.35585,52.60038],[13.35603,52.60049],[13.36068,52.6025],[13.36197,52.60307],[13.36216,52.60318],[13.36237,52.60341],[13.36245,52.60364],[13.36244,52.60381],[13.36226,52.60412],[13.36187,52.60446],[13.36239,52.60535],[13.36252,52.60546],[13.36281,52.60553],[13.36306,52.60552],[13.36357,52.60544],[13.36375,52.60545],[13.36446,52.60574],[13.36472,52.60579],[13.36364,52.60688],[13.35906,52.60705],[13.35906,52.60701],[13.35226,52.60726],[13.35226,52.6073],[13.35185,52.60728],[13.351,52.60715],[13.35094,52.60708],[13.35054,52.607],[13.35035,52.60701],[13.3485,52.60662],[13.34916,52.60546],[13.34927,52.60519],[13.34935,52.60477],[13.34933,52.60442],[13.34918,52.60394],[13.34898,52.60361],[13.34871,52.6033],[13.34823,52.60291],[13.34753,52.60254],[13.34593,52.60202],[13.34376,52.60123],[13.34251,52.60081],[13.34224,52.60069],[13.34117,52.60015],[13.341,52.60005],[13.34101,52.6],[13.33957,52.59923],[13.33915,52.59889],[13.33913,52.59897],[13.33905,52.59902],[13.33825,52.59861],[13.33627,52.59698],[13.33634,52.59678],[13.33655,52.59679],[13.33658,52.59661],[13.33655,52.59659],[13.33661,52.59655],[13.33632,52.59636],[13.3371,52.59592]]]]}},{"type":"Feature","id":540,"properties":{"plr_schl":"12601235","plrname":"Dannenwalder Weg","nat_pers":23,"wohmi_fl":"357487","jur_pers":76,"jp_ohn_swg":0,"stwbg":76,"genossen":0,"sozvermiet":76,"plr_id":"12601235"},"geometry":{"type":"MultiPolygon","coordinates":[[[[13.36817,52.59744],[13.36788,52.59742],[13.36785,52.5975],[13.36776,52.59756],[13.36747,52.59759],[13.36728,52.59755],[13.36703,52.59738],[13.36184,52.5971],[13.36073,52.59712],[13.36023,52.5971],[13.35914,52.59699],[13.35633,52.59685],[13.35625,52.59691],[13.35548,52.59687],[13.35549,52.5968],[13.35513,52.59678],[13.35512,52.59685],[13.35503,52.59685],[13.35378,52.59678],[13.35379,52.59672],[13.34992,52.59651],[13.34978,52.5965],[13.34978,52.59647],[13.34913,52.59643],[13.34779,52.5964],[13.34771,52.59645],[13.34779,52.59555],[13.34777,52.59525],[13.34764,52.59493],[13.34771,52.59487],[13.34849,52.59475],[13.34918,52.59472],[13.35792,52.59518],[13.35809,52.59402],[13.36069,52.59416],[13.36071,52.59408],[13.36079,52.59404],[13.36077,52.59376],[13.36058,52.5934],[13.36024,52.5931],[13.35979,52.59287],[13.35917,52.59272],[13.35849,52.59266],[13.34862,52.59212],[13.34855,52.59211],[13.34872,52.59192],[13.34773,52.59148],[13.34743,52.5914],[13.34697,52.59135],[13.3464,52.59138],[13.34627,52.59135],[13.34604,52.59095],[13.34644,52.59069],[13.34756,52.59008],[13.34864,52.59032],[13.3502,52.5906],[13.35176,52.59079],[13.35369,52.5909],[13.35569,52.59089],[13.35913,52.59109],[13.36007,52.59118],[13.36065,52.59127],[13.3643,52.59428],[13.36429,52.59431],[13.36475,52.59466],[13.36797,52.59737],[13.3681,52.59738],[13.36817,52.59744]]]]}},{"type":"Feature","id":541,"properties":{"plr_schl":"12601236","plrname":"Schorfheidestraße","nat_pers":97,"wohmi_fl":"442656","jur_pers":3,"jp_ohn_swg":0.48,"stwbg":2.52,"genossen":0,"sozvermiet":2.52,"plr_id":"12601236"},"geometry":{"type":"MultiPolygon","coordinates":[[[[13.3371,52.59592],[13.33738,52.59576],[13.33747,52.59575],[13.33744,52.59563],[13.33748,52.5956],[13.34336,52.59238],[13.3436,52.59228],[13.34604,52.59095],[13.34627,52.59135],[13.3464,52.59138],[13.34697,52.59135],[13.34743,52.5914],[13.34773,52.59148],[13.34872,52.59192],[13.34855,52.59211],[13.34862,52.59212],[13.35849,52.59266],[13.35917,52.59272],[13.35979,52.59287],[13.36024,52.5931],[13.36058,52.5934],[13.36077,52.59376],[13.36079,52.59404],[13.36071,52.59408],[13.36069,52.59416],[13.35809,52.59402],[13.35792,52.59518],[13.34918,52.59472],[13.34849,52.59475],[13.34771,52.59487],[13.34764,52.59493],[13.34777,52.59525],[13.34779,52.59555],[13.34777,52.59606],[13.34771,52.59645],[13.34765,52.59655],[13.34749,52.59668],[13.34466,52.59823],[13.34052,52.59795],[13.34041,52.59795],[13.3404,52.598],[13.33924,52.59791],[13.33946,52.59601],[13.3371,52.59592]]]]}}]}