{"type":"FeatureCollection","features":[{"type":"Feature","id":0,"properties":{"schluessel":"EM0105","bezirk":"Mitte","gebietsname":"Sparrplatz","f_gvbl_dat":"24.05.2016","f_in_kraft":"25.05.2016","ae_gvbldat":null,"ae_inkraft":null,"fl_ha":"51.3","erhaltungsziel":"Zusammensetzung der Wohnbevölkerung (Milieuschutz)"},"geometry":{"type":"MultiPolygon","coordinates":[[[[13.347047,52.540338],[13.348836,52.539008],[13.350467,52.539334],[13.352682,52.539807],[13.35298,52.539862],[13.35338,52.539904],[13.353662,52.539909],[13.354003,52.539901],[13.35456,52.539842],[13.355053,52.539731],[13.358144,52.538901],[13.359531,52.539598],[13.363246,52.541275],[13.365843,52.542369],[13.359144,52.546168],[13.357499,52.545156],[13.357128,52.544947],[13.356163,52.54443],[13.35547,52.544082],[13.354874,52.543818],[13.353957,52.543444],[13.352777,52.543022],[13.351957,52.54276],[13.350313,52.542269],[13.349888,52.542105],[13.348776,52.541589],[13.347047,52.540338]]]]}},{"type":"Feature","id":1,"properties":{"schluessel":"EM0106","bezirk":"Mitte","gebietsname":"Leopoldplatz","f_gvbl_dat":"24.05.2016","f_in_kraft":"25.05.2016","ae_gvbldat":null,"ae_inkraft":null,"fl_ha":"62.1","erhaltungsziel":"Zusammensetzung der Wohnbevölkerung (Milieuschutz)"},"geometry":{"type":"MultiPolygon","coordinates":[[[[13.352559,52.550353],[13.358219,52.547152],[13.363231,52.550425],[13.364628,52.549602],[13.359535,52.546407],[13.36194,52.545043],[13.364074,52.545016],[13.364107,52.545053],[13.362803,52.546479],[13.363046,52.546561],[13.367046,52.546555],[13.367055,52.544969],[13.368975,52.544939],[13.368974,52.544968],[13.369216,52.544973],[13.368957,52.547627],[13.368869,52.54829],[13.36881,52.548501],[13.366768,52.55206],[13.366108,52.553389],[13.358439,52.553405],[13.352559,52.550353]]]]}},{"type":"Feature","id":2,"properties":{"schluessel":"EM0107","bezirk":"Mitte","gebietsname":"Waldstraße","f_gvbl_dat":"24.05.2016","f_in_kraft":"25.05.2016","ae_gvbldat":null,"ae_inkraft":null,"fl_ha":"72.6","erhaltungsziel":"Zusammensetzung der Wohnbevölkerung (Milieuschutz)"},"geometry":{"type":"MultiPolygon","coordinates":[[[[13.325006,52.527968],[13.325057,52.527932],[13.328901,52.52753],[13.328807,52.52721],[13.327701,52.524416],[13.329475,52.523945],[13.330107,52.523972],[13.334701,52.524801],[13.335064,52.525924],[13.335633,52.525856],[13.336207,52.525896],[13.336165,52.526102],[13.338295,52.526249],[13.338316,52.526319],[13.337466,52.526401],[13.339011,52.532767],[13.339077,52.532954],[13.339277,52.53377],[13.337005,52.533278],[13.335927,52.533014],[13.332194,52.532657],[13.331636,52.532648],[13.328757,52.532838],[13.327775,52.532722],[13.324913,52.532186],[13.325006,52.527968]]]]}},{"type":"Feature","id":3,"properties":{"schluessel":"EM0108","bezirk":"Mitte","gebietsname":"Birkenstraße","f_gvbl_dat":"24.05.2016","f_in_kraft":"25.05.2016","ae_gvbldat":null,"ae_inkraft":null,"fl_ha":"81.6","erhaltungsziel":"Zusammensetzung der Wohnbevölkerung (Milieuschutz)"},"geometry":{"type":"MultiPolygon","coordinates":[[[[13.340057,52.526529],[13.342862,52.526457],[13.342857,52.526753],[13.34306,52.526754],[13.343038,52.529127],[13.343484,52.529129],[13.343552,52.52911],[13.344475,52.529578],[13.344472,52.528957],[13.344673,52.528955],[13.344696,52.52669],[13.34463,52.52669],[13.344628,52.52642],[13.345228,52.526411],[13.345225,52.526928],[13.346045,52.526927],[13.346039,52.530059],[13.347062,52.530574],[13.347328,52.530598],[13.3492,52.530109],[13.349228,52.527797],[13.349001,52.527796],[13.348999,52.526937],[13.348361,52.526935],[13.348369,52.526976],[13.348185,52.526976],[13.348084,52.526899],[13.348103,52.526607],[13.347944,52.526612],[13.347945,52.526407],[13.349237,52.52642],[13.350092,52.526453],[13.351845,52.526565],[13.354497,52.526774],[13.354966,52.526864],[13.354495,52.52742],[13.354547,52.527435],[13.353967,52.528125],[13.353905,52.528124],[13.353686,52.528385],[13.353719,52.528419],[13.353179,52.529075],[13.352639,52.529639],[13.351489,52.531003],[13.353172,52.531531],[13.351917,52.53302],[13.35169,52.533217],[13.355525,52.535149],[13.356558,52.534388],[13.357369,52.53464],[13.358229,52.533972],[13.358605,52.533943],[13.358652,52.533841],[13.358773,52.533696],[13.358607,52.533644],[13.358887,52.53331],[13.359682,52.533557],[13.360228,52.532907],[13.360921,52.533755],[13.360829,52.533859],[13.360906,52.533891],[13.359664,52.535059],[13.359052,52.535572],[13.358664,52.535829],[13.358053,52.536141],[13.357667,52.535953],[13.357421,52.535797],[13.356604,52.535387],[13.356351,52.535568],[13.356244,52.535711],[13.342952,52.534224],[13.339608,52.533834],[13.337862,52.526672],[13.340057,52.526529]]]]}},{"type":"Feature","id":4,"properties":{"schluessel":"EM0109","bezirk":"Mitte","gebietsname":"Seestraße","f_gvbl_dat":"24.05.2016","f_in_kraft":"25.05.2016","ae_gvbldat":null,"ae_inkraft":null,"fl_ha":"48.6","erhaltungsziel":"Zusammensetzung der Wohnbevölkerung (Milieuschutz)"},"geometry":{"type":"MultiPolygon","coordinates":[[[[13.342601,52.547545],[13.348663,52.543016],[13.350724,52.544081],[13.349424,52.545017],[13.35371,52.547233],[13.35523,52.548379],[13.347147,52.552964],[13.342634,52.54997],[13.344586,52.548861],[13.342601,52.547545]]]]}},{"type":"Feature","id":5,"properties":{"schluessel":"EM0110","bezirk":"Mitte","gebietsname":"Kattegatstraße","f_gvbl_dat":"18.09.2018","f_in_kraft":"19.09.2018","ae_gvbldat":null,"ae_inkraft":null,"fl_ha":"14.0","erhaltungsziel":"Zusammensetzung der Wohnbevölkerung (Milieuschutz)"},"geometry":{"type":"MultiPolygon","coordinates":[[[[13.395126,52.560652],[13.396353,52.560987],[13.396216,52.56129],[13.395905,52.561822],[13.394883,52.562972],[13.394491,52.563386],[13.393726,52.564087],[13.39338,52.564343],[13.393236,52.564266],[13.392915,52.564499],[13.39265,52.564659],[13.391831,52.565126],[13.391314,52.565399],[13.390933,52.565461],[13.390771,52.565425],[13.390621,52.565525],[13.390636,52.565603],[13.39045,52.565941],[13.388843,52.56687],[13.387662,52.564787],[13.38753,52.564679],[13.3873,52.564776],[13.387171,52.564747],[13.387037,52.564414],[13.390264,52.563088],[13.391071,52.56352],[13.391083,52.563511],[13.391225,52.563602],[13.391545,52.563415],[13.391866,52.563145],[13.391954,52.563193],[13.392758,52.562516],[13.392858,52.56257],[13.395126,52.560652]]]]}},{"type":"Feature","id":6,"properties":{"schluessel":"EM0111","bezirk":"Mitte","gebietsname":"Reinickendorfer Straße","f_gvbl_dat":"29.10.2021","f_in_kraft":"30.10.2021","ae_gvbldat":null,"ae_inkraft":null,"fl_ha":"41.0","erhaltungsziel":"Zusammensetzung der Wohnbevölkerung (Milieuschutz)"},"geometry":{"type":"MultiPolygon","coordinates":[[[[13.378447,52.5561],[13.374639,52.556401],[13.374571,52.556333],[13.372895,52.556471],[13.372789,52.556314],[13.372738,52.556329],[13.371573,52.554601],[13.371625,52.554589],[13.371163,52.553904],[13.371112,52.553919],[13.370855,52.553542],[13.370974,52.553502],[13.367629,52.551565],[13.368635,52.549816],[13.36912,52.54904],[13.370627,52.549275],[13.37086,52.549428],[13.37075,52.549622],[13.370918,52.54963],[13.371225,52.549912],[13.371474,52.549824],[13.371743,52.550194],[13.372796,52.549878],[13.375042,52.552594],[13.37654,52.55347],[13.376853,52.553335],[13.377582,52.552874],[13.376054,52.551982],[13.378375,52.5506],[13.378687,52.550357],[13.379409,52.549897],[13.381946,52.55158],[13.382209,52.55178],[13.380129,52.552632],[13.378364,52.552914],[13.377973,52.5531],[13.378046,52.553455],[13.378089,52.553434],[13.378486,52.553698],[13.378522,52.553725],[13.378474,52.553744],[13.379103,52.554162],[13.37941,52.554347],[13.379941,52.554611],[13.380059,52.554695],[13.380594,52.555385],[13.380614,52.555453],[13.380786,52.555684],[13.380844,52.555827],[13.380858,52.555842],[13.380958,52.555834],[13.381044,52.555894],[13.378447,52.5561]]]]}},{"type":"Feature","id":7,"properties":{"schluessel":"EM0112","bezirk":"Mitte","gebietsname":"Humboldthain Nord-West","f_gvbl_dat":"15.12.2018","f_in_kraft":"16.12.2018","ae_gvbldat":"29.10.2021","ae_inkraft":"30.10.2021","fl_ha":"15.8","erhaltungsziel":"Zusammensetzung der Wohnbevölkerung (Milieuschutz)"},"geometry":{"type":"MultiPolygon","coordinates":[[[[13.375922,52.54291],[13.378322,52.544751],[13.37668,52.545742],[13.374647,52.544501],[13.374455,52.544504],[13.373651,52.544666],[13.373449,52.544363],[13.373672,52.544306],[13.373314,52.543758],[13.371085,52.544318],[13.371059,52.544278],[13.370233,52.543912],[13.370105,52.543937],[13.36993,52.543597],[13.370121,52.542119],[13.369086,52.542074],[13.369015,52.542048],[13.368939,52.542105],[13.368858,52.542034],[13.368924,52.541983],[13.368487,52.541769],[13.368837,52.54149],[13.369291,52.541697],[13.370179,52.541669],[13.370229,52.541286],[13.370405,52.540683],[13.371147,52.540195],[13.372764,52.540284],[13.37278,52.540568],[13.372976,52.541492],[13.372907,52.541496],[13.373025,52.542292],[13.37548,52.542568],[13.375922,52.54291]]]]}},{"type":"Feature","id":8,"properties":{"schluessel":"EM0113","bezirk":"Mitte","gebietsname":"Soldiner Straße","f_gvbl_dat":"27.11.2018","f_in_kraft":"28.11.2018","ae_gvbldat":"29.10.2021","ae_inkraft":"30.10.2021","fl_ha":"54.8","erhaltungsziel":"Zusammensetzung der Wohnbevölkerung (Milieuschutz)"},"geometry":{"type":"MultiPolygon","coordinates":[[[[13.39131,52.555556],[13.392624,52.555404],[13.392603,52.555338],[13.392784,52.555334],[13.393976,52.555225],[13.394098,52.555237],[13.39415,52.555268],[13.3949,52.555201],[13.395782,52.55601],[13.396625,52.556832],[13.397061,52.557286],[13.396363,52.557731],[13.396589,52.557862],[13.396552,52.55792],[13.395842,52.557993],[13.396034,52.55816],[13.395812,52.558242],[13.395553,52.558024],[13.392518,52.558347],[13.392253,52.558424],[13.392433,52.558693],[13.389679,52.559467],[13.389446,52.55916],[13.3891,52.559257],[13.389012,52.559137],[13.389605,52.558971],[13.389222,52.558447],[13.387857,52.558832],[13.387421,52.558237],[13.385953,52.558644],[13.386465,52.55932],[13.384397,52.559953],[13.383882,52.55948],[13.383013,52.55972],[13.384195,52.560807],[13.3843,52.560965],[13.384591,52.561556],[13.383777,52.561786],[13.383763,52.561772],[13.383501,52.561845],[13.383572,52.56195],[13.383172,52.562061],[13.383225,52.562131],[13.382928,52.562217],[13.382975,52.562277],[13.38229,52.562497],[13.381882,52.562047],[13.381368,52.561224],[13.380256,52.560226],[13.379696,52.560406],[13.378636,52.560692],[13.375942,52.560649],[13.37513,52.559518],[13.376327,52.559379],[13.377135,52.559378],[13.377188,52.556679],[13.39131,52.555556]]]]}},{"type":"Feature","id":9,"properties":{"schluessel":"EM0114","bezirk":"Mitte","gebietsname":"Thomasiusstraße","f_gvbl_dat":"15.12.2018","f_in_kraft":"16.12.2018","ae_gvbldat":null,"ae_inkraft":null,"fl_ha":"16.8","erhaltungsziel":"Zusammensetzung der Wohnbevölkerung (Milieuschutz)"},"geometry":{"type":"MultiPolygon","coordinates":[[[[13.351483,52.524114],[13.351048,52.524169],[13.349909,52.521207],[13.350758,52.520506],[13.351172,52.520233],[13.351606,52.519882],[13.353628,52.519737],[13.354173,52.519713],[13.354893,52.519725],[13.355343,52.519763],[13.356591,52.523436],[13.356533,52.523489],[13.356053,52.523549],[13.355846,52.52356],[13.351483,52.524114]]]]}},{"type":"Feature","id":10,"properties":{"schluessel":"EM0115","bezirk":"Mitte","gebietsname":"Tiergarten-Süd","f_gvbl_dat":"15.12.2018","f_in_kraft":"16.12.2018","ae_gvbldat":null,"ae_inkraft":null,"fl_ha":"72.0","erhaltungsziel":"Zusammensetzung der Wohnbevölkerung (Milieuschutz)"},"geometry":{"type":"MultiPolygon","coordinates":[[[[13.367688,52.50554],[13.367465,52.505657],[13.367277,52.505658],[13.367278,52.505725],[13.36658,52.505733],[13.365867,52.505721],[13.36447,52.505648],[13.363139,52.505373],[13.362855,52.505354],[13.36254,52.505358],[13.362113,52.505301],[13.362146,52.505371],[13.361567,52.505432],[13.361062,52.505519],[13.360616,52.505616],[13.359378,52.505917],[13.358218,52.506269],[13.357972,52.506329],[13.357785,52.506355],[13.357441,52.506369],[13.357153,52.506354],[13.356911,52.506318],[13.35393,52.505586],[13.353975,52.505517],[13.354008,52.505143],[13.353888,52.505164],[13.353843,52.505148],[13.352971,52.503915],[13.353369,52.502373],[13.353549,52.50233],[13.354447,52.502034],[13.355375,52.501809],[13.355394,52.50184],[13.358416,52.501099],[13.362652,52.499888],[13.363136,52.499794],[13.36917,52.498969],[13.370072,52.499664],[13.369846,52.499773],[13.369707,52.499667],[13.369598,52.499719],[13.369547,52.499679],[13.369097,52.499706],[13.369181,52.500033],[13.369571,52.499989],[13.370714,52.501782],[13.370774,52.502023],[13.370974,52.502336],[13.371009,52.502324],[13.371363,52.502702],[13.371472,52.502662],[13.371969,52.503024],[13.372293,52.502913],[13.37265,52.503299],[13.37269,52.503315],[13.373001,52.503598],[13.373004,52.503621],[13.372762,52.503889],[13.372308,52.504248],[13.372071,52.504394],[13.371559,52.504659],[13.370562,52.505118],[13.369867,52.505398],[13.369568,52.505497],[13.369158,52.505605],[13.368861,52.505657],[13.368606,52.50564],[13.368484,52.505597],[13.368407,52.505547],[13.367688,52.50554]]]]}},{"type":"Feature","id":11,"properties":{"schluessel":"EM0116","bezirk":"Mitte","gebietsname":"Alexanderplatzviertel","f_gvbl_dat":"27.03.2019","f_in_kraft":"28.03.2019","ae_gvbldat":null,"ae_inkraft":null,"fl_ha":"21.9","erhaltungsziel":"Zusammensetzung der Wohnbevölkerung (Milieuschutz)"},"geometry":{"type":"MultiPolygon","coordinates":[[[[13.405131,52.52836],[13.404787,52.527608],[13.404498,52.527095],[13.403985,52.52603],[13.406271,52.525036],[13.406577,52.525024],[13.406592,52.525005],[13.40707,52.524919],[13.408472,52.524411],[13.409013,52.524232],[13.409506,52.524095],[13.410867,52.525869],[13.410908,52.526],[13.411029,52.526159],[13.414538,52.527199],[13.414571,52.527227],[13.414547,52.527262],[13.414418,52.527347],[13.414159,52.527459],[13.411197,52.52829],[13.410831,52.528338],[13.41085,52.528362],[13.408252,52.528832],[13.405537,52.529288],[13.40537,52.528801],[13.405275,52.528674],[13.405131,52.52836]]]]}},{"type":"Feature","id":12,"properties":{"schluessel":"EM0117","bezirk":"Mitte","gebietsname":"Müllerstraße Nord","f_gvbl_dat":"26.11.2022","f_in_kraft":"27.11.2022","ae_gvbldat":null,"ae_inkraft":null,"fl_ha":"85.6","erhaltungsziel":"Zusammensetzung der Wohnbevölkerung (Milieuschutz)"},"geometry":{"type":"MultiPolygon","coordinates":[[[[13.35232,52.553581],[13.347699,52.556181],[13.342814,52.558957],[13.342542,52.558788],[13.339833,52.557576],[13.333768,52.561003],[13.333448,52.560614],[13.332758,52.560255],[13.329521,52.557807],[13.329565,52.557151],[13.332511,52.555314],[13.333932,52.556246],[13.334382,52.555988],[13.334613,52.556139],[13.33472,52.556078],[13.336676,52.552429],[13.336773,52.552356],[13.338325,52.550867],[13.337812,52.550537],[13.338096,52.550373],[13.338684,52.549889],[13.339345,52.550324],[13.339451,52.550222],[13.34299,52.548098],[13.344128,52.548851],[13.340156,52.551106],[13.340369,52.551247],[13.340869,52.550969],[13.342416,52.551996],[13.342472,52.552382],[13.343726,52.553205],[13.344578,52.552721],[13.345967,52.553634],[13.349906,52.551402],[13.352795,52.553314],[13.35232,52.553581]]]]}},{"type":"Feature","id":13,"properties":{"schluessel":"EM0118","bezirk":"Mitte","gebietsname":"Badstraße","f_gvbl_dat":"26.11.2022","f_in_kraft":"27.11.2022","ae_gvbldat":null,"ae_inkraft":null,"fl_ha":"48.5","erhaltungsziel":"Zusammensetzung der Wohnbevölkerung (Milieuschutz)"},"geometry":{"type":"MultiPolygon","coordinates":[[[[13.391089,52.549424],[13.391921,52.549458],[13.392581,52.549511],[13.393583,52.549545],[13.393935,52.549588],[13.394285,52.549636],[13.394965,52.549775],[13.395294,52.549863],[13.395727,52.55001],[13.395608,52.550527],[13.391405,52.550155],[13.391492,52.550471],[13.391927,52.552457],[13.392238,52.552431],[13.393519,52.553615],[13.393783,52.554821],[13.391687,52.555009],[13.390962,52.555106],[13.381445,52.555864],[13.380413,52.554563],[13.378354,52.553308],[13.37859,52.553193],[13.380341,52.552912],[13.382238,52.552135],[13.382253,52.55215],[13.382906,52.551877],[13.38289,52.551862],[13.383155,52.551752],[13.384997,52.550622],[13.387454,52.549176],[13.387736,52.549349],[13.387901,52.54939],[13.388146,52.549401],[13.388163,52.549248],[13.388622,52.549305],[13.389192,52.549351],[13.391089,52.549424]]]]}},{"type":"Feature","id":14,"properties":{"schluessel":"EM0201","bezirk":"Friedrichshain-Kreuzberg","gebietsname":"Graefestraße","f_gvbl_dat":"18.03.2022","f_in_kraft":"19.03.2022","ae_gvbldat":null,"ae_inkraft":null,"fl_ha":"67.3","erhaltungsziel":"Zusammensetzung der Wohnbevölkerung (Milieuschutz)"},"geometry":{"type":"MultiPolygon","coordinates":[[[[13.420597,52.487518],[13.420633,52.487641],[13.420823,52.487618],[13.423287,52.486896],[13.423362,52.488394],[13.423627,52.488651],[13.424716,52.488231],[13.424769,52.48826],[13.420274,52.495483],[13.419908,52.4959],[13.419534,52.495941],[13.419238,52.495946],[13.41831,52.49587],[13.418175,52.495844],[13.417924,52.495766],[13.416977,52.495407],[13.416482,52.495289],[13.415326,52.495146],[13.415013,52.49506],[13.414536,52.495015],[13.414345,52.495006],[13.413615,52.495036],[13.413452,52.495029],[13.411217,52.494733],[13.410967,52.494653],[13.410856,52.494601],[13.410717,52.494489],[13.410634,52.494364],[13.410621,52.494309],[13.410637,52.494169],[13.410735,52.494071],[13.410829,52.494035],[13.413518,52.493366],[13.412501,52.492003],[13.409808,52.492754],[13.408682,52.493007],[13.40644,52.489881],[13.408247,52.489411],[13.408073,52.489153],[13.408474,52.489101],[13.408485,52.489133],[13.408854,52.489051],[13.414329,52.488336],[13.415814,52.490266],[13.417247,52.490107],[13.417286,52.490207],[13.417556,52.490183],[13.417606,52.490409],[13.418298,52.490215],[13.418217,52.490108],[13.418181,52.489948],[13.418738,52.489902],[13.418569,52.487783],[13.420597,52.487518]]],[[[13.40795,52.487396],[13.407376,52.48863],[13.40693,52.488636],[13.40673,52.48764],[13.407083,52.487617],[13.407006,52.486328],[13.40659,52.486343],[13.406564,52.486247],[13.406554,52.486008],[13.407036,52.486189],[13.408067,52.487146],[13.40795,52.487396]]]]}},{"type":"Feature","id":15,"properties":{"schluessel":"EM0202","bezirk":"Friedrichshain-Kreuzberg","gebietsname":"Luisenstadt","f_gvbl_dat":"29.07.2023","f_in_kraft":"30.07.2023","ae_gvbldat":null,"ae_inkraft":null,"fl_ha":"246.9","erhaltungsziel":"Zusammensetzung der Wohnbevölkerung (Milieuschutz)"},"geometry":{"type":"MultiPolygon","coordinates":[[[[13.433202,52.505145],[13.428301,52.507242],[13.4272,52.505666],[13.427298,52.505478],[13.4273,52.505377],[13.427261,52.505278],[13.425007,52.501948],[13.420491,52.503196],[13.421811,52.505043],[13.421542,52.505076],[13.421234,52.50515],[13.419431,52.505649],[13.419121,52.505219],[13.418925,52.505081],[13.418943,52.505061],[13.418532,52.50497],[13.418519,52.504987],[13.418213,52.505018],[13.417601,52.50417],[13.415082,52.50487],[13.413481,52.502968],[13.413123,52.502518],[13.415284,52.500963],[13.41418,52.499436],[13.414343,52.499372],[13.414475,52.499255],[13.414665,52.498745],[13.41428,52.498267],[13.413944,52.497798],[13.4137,52.497862],[13.413523,52.497815],[13.413337,52.497787],[13.412981,52.497779],[13.411901,52.496297],[13.412004,52.496271],[13.411965,52.496212],[13.411967,52.496084],[13.412094,52.495883],[13.412204,52.4958],[13.412411,52.495724],[13.412878,52.49565],[13.413588,52.495576],[13.414168,52.495551],[13.414632,52.495551],[13.415475,52.495604],[13.416224,52.495688],[13.416584,52.495771],[13.416883,52.495859],[13.41761,52.496129],[13.417866,52.496203],[13.418115,52.496254],[13.418822,52.496332],[13.420252,52.496402],[13.422946,52.495837],[13.423177,52.495776],[13.42855,52.49401],[13.437366,52.491209],[13.437403,52.491114],[13.437946,52.490907],[13.438281,52.49091],[13.438431,52.490972],[13.438635,52.491013],[13.438799,52.491025],[13.438968,52.491012],[13.439109,52.491028],[13.440049,52.49127],[13.440492,52.49144],[13.440747,52.491609],[13.442908,52.493483],[13.443089,52.493682],[13.443084,52.493831],[13.445663,52.495822],[13.445721,52.495793],[13.446159,52.495941],[13.448184,52.497491],[13.448539,52.497612],[13.450333,52.499053],[13.450272,52.499133],[13.45017,52.499184],[13.450189,52.499198],[13.449638,52.499481],[13.448991,52.499698],[13.44891,52.499641],[13.448586,52.499803],[13.448396,52.499842],[13.448444,52.499875],[13.44782,52.500075],[13.445949,52.498804],[13.445317,52.499163],[13.446617,52.500484],[13.445973,52.500741],[13.445156,52.501133],[13.444206,52.501305],[13.44131,52.502703],[13.440139,52.501875],[13.437693,52.503137],[13.437169,52.503386],[13.434645,52.504466],[13.43467,52.504499],[13.434651,52.504525],[13.433202,52.505145]]]]}},{"type":"Feature","id":16,"properties":{"schluessel":"EM0203","bezirk":"Friedrichshain-Kreuzberg","gebietsname":"Bergmannstraße Nord","f_gvbl_dat":"18.03.2022","f_in_kraft":"19.03.2022","ae_gvbldat":null,"ae_inkraft":null,"fl_ha":"66.6","erhaltungsziel":"Zusammensetzung der Wohnbevölkerung (Milieuschutz)"},"geometry":{"type":"MultiPolygon","coordinates":[[[[13.397079,52.496598],[13.396325,52.495705],[13.395727,52.495898],[13.395412,52.495974],[13.395132,52.496018],[13.39541,52.494471],[13.393279,52.494328],[13.393264,52.494275],[13.388822,52.493999],[13.388277,52.493174],[13.387805,52.492369],[13.387304,52.491229],[13.386938,52.490203],[13.388159,52.490042],[13.393614,52.489262],[13.393732,52.489683],[13.397341,52.489302],[13.397711,52.490622],[13.396174,52.490936],[13.396326,52.491473],[13.397863,52.491161],[13.398313,52.492768],[13.398391,52.492961],[13.399472,52.493986],[13.399929,52.493979],[13.401915,52.49273],[13.401975,52.492707],[13.402094,52.492733],[13.402693,52.493524],[13.40285,52.493833],[13.402971,52.493932],[13.403418,52.493988],[13.405717,52.493607],[13.405804,52.493606],[13.406655,52.494799],[13.406678,52.494918],[13.406647,52.495035],[13.40542,52.496017],[13.405036,52.496412],[13.404847,52.496437],[13.402099,52.49665],[13.401232,52.496742],[13.400577,52.496834],[13.39985,52.49696],[13.399127,52.49711],[13.39889,52.497177],[13.398566,52.497059],[13.397929,52.497267],[13.397746,52.49731],[13.396174,52.497526],[13.395805,52.497498],[13.39561,52.497139],[13.395506,52.496891],[13.396363,52.496815],[13.397163,52.496701],[13.397079,52.496598]]],[[[13.402107,52.492322],[13.400752,52.490576],[13.402496,52.490225],[13.402489,52.490211],[13.402556,52.490198],[13.402562,52.490211],[13.402806,52.490162],[13.4028,52.490151],[13.402869,52.490137],[13.402874,52.490149],[13.40544,52.489632],[13.405735,52.49006],[13.402115,52.492331],[13.402107,52.492322]]],[[[13.399553,52.488974],[13.405253,52.488897],[13.405259,52.489099],[13.403718,52.489409],[13.403604,52.489445],[13.403504,52.489463],[13.403499,52.489453],[13.40287,52.48959],[13.402865,52.489581],[13.402794,52.489595],[13.402745,52.489617],[13.402728,52.489608],[13.402662,52.489622],[13.402668,52.489633],[13.402152,52.489738],[13.402145,52.489726],[13.401235,52.489909],[13.401241,52.48992],[13.401183,52.489932],[13.401177,52.489921],[13.400369,52.490084],[13.399528,52.488999],[13.399553,52.488974]]]]}},{"type":"Feature","id":17,"properties":{"schluessel":"EM0204","bezirk":"Friedrichshain-Kreuzberg","gebietsname":"Hornstraße","f_gvbl_dat":"20.02.2026","f_in_kraft":"21.02.2026","ae_gvbldat":null,"ae_inkraft":null,"fl_ha":"63.8","erhaltungsziel":"Zusammensetzung der Wohnbevölkerung (Milieuschutz)"},"geometry":{"type":"MultiPolygon","coordinates":[[[[13.382097,52.498522],[13.382008,52.498512],[13.382004,52.498527],[13.381933,52.498522],[13.381928,52.498506],[13.381542,52.498474],[13.381261,52.498468],[13.381262,52.498486],[13.381068,52.498493],[13.381066,52.498475],[13.380513,52.49853],[13.380347,52.498499],[13.380037,52.497477],[13.379632,52.491855],[13.378391,52.491925],[13.376582,52.491334],[13.376486,52.491417],[13.376406,52.491432],[13.375475,52.490456],[13.375399,52.489432],[13.374731,52.48938],[13.373536,52.487982],[13.373502,52.487746],[13.374164,52.487711],[13.374159,52.487158],[13.374021,52.48517],[13.376387,52.485156],[13.376526,52.489519],[13.38316,52.490032],[13.383106,52.489526],[13.383027,52.48943],[13.382954,52.489405],[13.382867,52.489203],[13.382954,52.48914],[13.38297,52.489071],[13.382921,52.488971],[13.382822,52.488843],[13.382829,52.488808],[13.383665,52.4885],[13.38478,52.488384],[13.38499,52.488341],[13.384326,52.487097],[13.38414,52.486837],[13.382546,52.48512],[13.385258,52.485104],[13.385597,52.485114],[13.385642,52.485143],[13.38568,52.48708],[13.38575,52.488138],[13.385901,52.488978],[13.38619,52.490196],[13.386556,52.491201],[13.386993,52.492237],[13.387226,52.492704],[13.387735,52.493522],[13.386801,52.493684],[13.386651,52.493389],[13.384766,52.493747],[13.384883,52.495083],[13.385322,52.495075],[13.385406,52.496069],[13.386956,52.496288],[13.386871,52.496535],[13.3881,52.497699],[13.384954,52.498442],[13.384933,52.498379],[13.384794,52.498406],[13.384801,52.49842],[13.384736,52.498433],[13.384729,52.498419],[13.384529,52.49846],[13.384519,52.498486],[13.384483,52.498493],[13.38445,52.498476],[13.384181,52.498518],[13.38417,52.498536],[13.384112,52.498528],[13.383876,52.498558],[13.383832,52.498576],[13.383808,52.498565],[13.383359,52.498594],[13.382567,52.498569],[13.382218,52.498535],[13.382213,52.498551],[13.382131,52.498543],[13.382136,52.498526],[13.382097,52.498522]]]]}},{"type":"Feature","id":18,"properties":{"schluessel":"EM0205","bezirk":"Friedrichshain-Kreuzberg","gebietsname":"Chamissoplatz","f_gvbl_dat":"12.06.2024","f_in_kraft":"13.06.2024","ae_gvbldat":null,"ae_inkraft":null,"fl_ha":"24.4","erhaltungsziel":"Zusammensetzung der Wohnbevölkerung (Milieuschutz)"},"geometry":{"type":"MultiPolygon","coordinates":[[[[13.387093,52.48717],[13.388293,52.487049],[13.388275,52.486705],[13.390058,52.486668],[13.390049,52.48645],[13.39055,52.486445],[13.390555,52.486524],[13.391003,52.486499],[13.390965,52.485966],[13.394256,52.485941],[13.39426,52.486614],[13.394583,52.486592],[13.397355,52.486503],[13.397767,52.488762],[13.397192,52.488774],[13.397314,52.48921],[13.395798,52.489371],[13.395727,52.489073],[13.395472,52.489075],[13.393614,52.489262],[13.388154,52.490043],[13.386938,52.490203],[13.386662,52.489142],[13.386463,52.487974],[13.386415,52.487408],[13.386374,52.485995],[13.387645,52.485987],[13.387648,52.48614],[13.387211,52.486496],[13.387214,52.486677],[13.386856,52.486679],[13.38686,52.487026],[13.386688,52.487027],[13.386693,52.487096],[13.386792,52.487115],[13.386879,52.487104],[13.386978,52.487113],[13.387093,52.48717]],[[13.388143,52.489109],[13.388379,52.48909],[13.388318,52.488509],[13.388852,52.488481],[13.388653,52.487184],[13.388225,52.487227],[13.388299,52.487521],[13.387129,52.48765],[13.387121,52.488126],[13.387203,52.489182],[13.388143,52.489109]]]]}},{"type":"Feature","id":19,"properties":{"schluessel":"EM0206","bezirk":"Friedrichshain-Kreuzberg","gebietsname":"Boxhagener Platz","f_gvbl_dat":"23.04.2021","f_in_kraft":"24.04.2021","ae_gvbldat":null,"ae_inkraft":null,"fl_ha":"142.0","erhaltungsziel":"Zusammensetzung der Wohnbevölkerung (Milieuschutz)"},"geometry":{"type":"MultiPolygon","coordinates":[[[[13.471042,52.505667],[13.471635,52.506175],[13.47234,52.506861],[13.473301,52.507882],[13.47363,52.508198],[13.474248,52.508871],[13.474245,52.508899],[13.47437,52.508993],[13.474487,52.509112],[13.474473,52.509136],[13.474538,52.509199],[13.474575,52.509197],[13.47506,52.509711],[13.475331,52.510109],[13.475459,52.510369],[13.47559,52.510796],[13.475629,52.51112],[13.47563,52.511412],[13.475587,52.511708],[13.475598,52.511755],[13.475463,52.512164],[13.47516,52.513465],[13.46536,52.514467],[13.465366,52.514487],[13.465113,52.514513],[13.465108,52.514493],[13.46025,52.514981],[13.454329,52.515548],[13.451238,52.508645],[13.455251,52.507921],[13.464095,52.50479],[13.464375,52.504703],[13.466844,52.504218],[13.467906,52.504289],[13.468272,52.504347],[13.469219,52.504597],[13.470076,52.504944],[13.470433,52.505175],[13.470606,52.505333],[13.470619,52.505328],[13.471042,52.505667]]]]}},{"type":"Feature","id":20,"properties":{"schluessel":"EM0207","bezirk":"Friedrichshain-Kreuzberg","gebietsname":"Petersburger Straße","f_gvbl_dat":"21.12.2013","f_in_kraft":"22.12.2013","ae_gvbldat":null,"ae_inkraft":null,"fl_ha":"86.4","erhaltungsziel":"Zusammensetzung der Wohnbevölkerung (Milieuschutz)"},"geometry":{"type":"MultiPolygon","coordinates":[[[[13.460607,52.516129],[13.461068,52.51711],[13.457226,52.517802],[13.457186,52.517858],[13.458215,52.519627],[13.458744,52.520413],[13.458823,52.5206],[13.45522,52.521259],[13.455933,52.522282],[13.452579,52.527244],[13.452418,52.527528],[13.447852,52.526305],[13.443658,52.525124],[13.445663,52.522331],[13.444907,52.522135],[13.445695,52.521124],[13.442876,52.518502],[13.442333,52.518023],[13.448048,52.517448],[13.452428,52.518338],[13.452601,52.518176],[13.452801,52.518103],[13.452948,52.517958],[13.4532,52.517974],[13.453965,52.515909],[13.455494,52.515773],[13.460211,52.515294],[13.460607,52.516129]]]]}},{"type":"Feature","id":21,"properties":{"schluessel":"EM0208","bezirk":"Friedrichshain-Kreuzberg","gebietsname":"Weberwiese","f_gvbl_dat":"18.03.2022","f_in_kraft":"19.03.2022","ae_gvbldat":null,"ae_inkraft":null,"fl_ha":"53.5","erhaltungsziel":"Zusammensetzung der Wohnbevölkerung (Milieuschutz)"},"geometry":{"type":"MultiPolygon","coordinates":[[[[13.448648,52.516231],[13.440695,52.517032],[13.439872,52.514032],[13.439895,52.513976],[13.442722,52.512331],[13.443125,52.51216],[13.443389,52.512029],[13.445284,52.512613],[13.447458,52.50994],[13.446818,52.509618],[13.446157,52.510107],[13.445598,52.509821],[13.446904,52.508854],[13.448188,52.508063],[13.450052,52.507367],[13.452978,52.513928],[13.452963,52.513989],[13.453451,52.515099],[13.45333,52.51512],[13.453359,52.515185],[13.452971,52.51525],[13.452986,52.515281],[13.45283,52.515306],[13.452815,52.515274],[13.45265,52.515301],[13.452724,52.515547],[13.452642,52.515556],[13.45265,52.515584],[13.452629,52.515586],[13.452692,52.515821],[13.448648,52.516231]]]]}},{"type":"Feature","id":22,"properties":{"schluessel":"EM0209","bezirk":"Friedrichshain-Kreuzberg","gebietsname":"Kreuzberg-Nord","f_gvbl_dat":"14.01.2026","f_in_kraft":"15.01.2026","ae_gvbldat":null,"ae_inkraft":null,"fl_ha":"217.1","erhaltungsziel":"Zusammensetzung der Wohnbevölkerung (Milieuschutz)"},"geometry":{"type":"MultiPolygon","coordinates":[[[[13.39855,52.508099],[13.392124,52.507698],[13.385559,52.507318],[13.386586,52.505341],[13.382304,52.504509],[13.38672,52.501016],[13.385912,52.500709],[13.385314,52.498971],[13.388928,52.498089],[13.389244,52.498027],[13.389946,52.497934],[13.390632,52.497885],[13.391587,52.497913],[13.394346,52.498172],[13.395901,52.498365],[13.395896,52.497977],[13.396511,52.497921],[13.397389,52.497794],[13.397919,52.497699],[13.3984,52.497583],[13.398995,52.497385],[13.399407,52.497291],[13.400233,52.497132],[13.400901,52.497026],[13.401664,52.496927],[13.402296,52.496863],[13.405042,52.496659],[13.405052,52.496633],[13.405421,52.496605],[13.405513,52.49663],[13.40751,52.496394],[13.408247,52.49628],[13.409085,52.49613],[13.409382,52.496095],[13.40982,52.496088],[13.410119,52.496108],[13.410554,52.496178],[13.410823,52.496252],[13.411034,52.496196],[13.411259,52.496507],[13.411318,52.496701],[13.41224,52.498012],[13.412214,52.498099],[13.412068,52.498198],[13.411953,52.498305],[13.411905,52.498382],[13.411896,52.498473],[13.412064,52.498566],[13.412694,52.499449],[13.412751,52.499491],[13.412912,52.49956],[13.413052,52.499585],[13.413263,52.499581],[13.41342,52.499545],[13.414665,52.501291],[13.411915,52.503294],[13.413308,52.502935],[13.414193,52.503998],[13.411521,52.504891],[13.409971,52.506926],[13.408029,52.50618],[13.40784,52.506305],[13.407844,52.506323],[13.407395,52.506664],[13.407361,52.506648],[13.40641,52.507382],[13.405285,52.508211],[13.404632,52.507922],[13.404434,52.507775],[13.404299,52.507862],[13.403914,52.508051],[13.402753,52.508536],[13.402097,52.50873],[13.401258,52.509041],[13.400909,52.509141],[13.400229,52.509381],[13.40019,52.509376],[13.399232,52.508077],[13.398795,52.508093],[13.398772,52.508114],[13.39855,52.508099]]],[[[13.377365,52.503306],[13.377606,52.503202],[13.378717,52.505174],[13.376394,52.505563],[13.375439,52.503915],[13.377365,52.503306]]]]}},{"type":"Feature","id":23,"properties":{"schluessel":"EM0210","bezirk":"Friedrichshain-Kreuzberg","gebietsname":"Stralauer Kiez","f_gvbl_dat":"09.07.2019","f_in_kraft":"10.07.2019","ae_gvbldat":null,"ae_inkraft":null,"fl_ha":"29.2","erhaltungsziel":"Zusammensetzung der Wohnbevölkerung (Milieuschutz)"},"geometry":{"type":"MultiPolygon","coordinates":[[[[13.462325,52.498234],[13.464333,52.497604],[13.465736,52.497116],[13.466211,52.497495],[13.466809,52.498026],[13.467121,52.498419],[13.467569,52.499291],[13.466012,52.499794],[13.4659,52.499929],[13.464002,52.500456],[13.459693,52.501215],[13.45947,52.501204],[13.459148,52.501106],[13.456972,52.502281],[13.45444,52.502892],[13.454881,52.503586],[13.454873,52.503603],[13.453519,52.504125],[13.452519,52.504405],[13.45082,52.501722],[13.453509,52.500982],[13.455286,52.500471],[13.458337,52.499514],[13.459659,52.499068],[13.462325,52.498234]]]]}},{"type":"Feature","id":24,"properties":{"schluessel":"EM0211","bezirk":"Friedrichshain-Kreuzberg","gebietsname":"Samariterviertel","f_gvbl_dat":"19.02.2021","f_in_kraft":"20.02.2021","ae_gvbldat":null,"ae_inkraft":null,"fl_ha":"55.1","erhaltungsziel":"Zusammensetzung der Wohnbevölkerung (Milieuschutz)"},"geometry":{"type":"MultiPolygon","coordinates":[[[[13.472148,52.518478],[13.471195,52.519813],[13.470805,52.520489],[13.462694,52.519833],[13.462513,52.519854],[13.461957,52.518812],[13.461895,52.518793],[13.458106,52.519482],[13.457115,52.517812],[13.461103,52.517109],[13.460166,52.515169],[13.473477,52.513827],[13.473378,52.514869],[13.474705,52.514499],[13.473621,52.516378],[13.472148,52.518478]]]]}},{"type":"Feature","id":25,"properties":{"schluessel":"EM0301","bezirk":"Pankow","gebietsname":"Falkplatz","f_gvbl_dat":"18.12.1997","f_in_kraft":"23.03.1997","ae_gvbldat":null,"ae_inkraft":null,"fl_ha":"28.2","erhaltungsziel":"Zusammensetzung der Wohnbevölkerung (Milieuschutz)"},"geometry":{"type":"MultiPolygon","coordinates":[[[[13.401095,52.547601],[13.401443,52.546732],[13.405561,52.547111],[13.406071,52.545792],[13.410253,52.546443],[13.411851,52.543226],[13.411949,52.543234],[13.411996,52.543757],[13.41205,52.544022],[13.413073,52.5478],[13.413334,52.549358],[13.413108,52.549374],[13.413089,52.54929],[13.412193,52.549297],[13.412185,52.549252],[13.409771,52.549261],[13.409722,52.549412],[13.408793,52.549427],[13.407979,52.549395],[13.407978,52.549418],[13.40364,52.549127],[13.403637,52.549164],[13.403088,52.549233],[13.402,52.549163],[13.400485,52.54909],[13.401095,52.547601]]]]}},{"type":"Feature","id":26,"properties":{"schluessel":"EM0308","bezirk":"Pankow","gebietsname":"Arnimplatz","f_gvbl_dat":"03.04.1999","f_in_kraft":"04.04.1999","ae_gvbldat":null,"ae_inkraft":null,"fl_ha":"50.6","erhaltungsziel":"Zusammensetzung der Wohnbevölkerung (Milieuschutz)"},"geometry":{"type":"MultiPolygon","coordinates":[[[[13.414309,52.554472],[13.41428,52.554775],[13.413917,52.557134],[13.413719,52.557426],[13.413665,52.557455],[13.412839,52.557459],[13.412754,52.556948],[13.412183,52.556359],[13.412482,52.556349],[13.41252,52.556067],[13.412574,52.556071],[13.412726,52.555166],[13.411403,52.555243],[13.411073,52.555227],[13.408714,52.555354],[13.40414,52.555558],[13.403913,52.554119],[13.403019,52.554172],[13.40284,52.55405],[13.403053,52.553512],[13.399357,52.553461],[13.399554,52.552787],[13.400192,52.551419],[13.400265,52.551307],[13.400337,52.551313],[13.400349,52.551257],[13.40336,52.551526],[13.403565,52.549791],[13.40884,52.550085],[13.409948,52.550072],[13.411917,52.549912],[13.413324,52.549766],[13.41337,52.549993],[13.413441,52.549994],[13.413838,52.55224],[13.414309,52.554472]]]]}},{"type":"Feature","id":27,"properties":{"schluessel":"EM0309","bezirk":"Pankow","gebietsname":"Humannplatz","f_gvbl_dat":"04.11.2000","f_in_kraft":"05.11.2000","ae_gvbldat":"30.11.2017","ae_inkraft":"01.12.2017","fl_ha":"57.2","erhaltungsziel":"Zusammensetzung der Wohnbevölkerung (Milieuschutz)"},"geometry":{"type":"MultiPolygon","coordinates":[[[[13.417376,52.549317],[13.418867,52.548854],[13.418753,52.548441],[13.419769,52.548053],[13.420018,52.54801],[13.420464,52.547836],[13.421227,52.5475],[13.421208,52.547481],[13.42153,52.54732],[13.421555,52.547292],[13.4223,52.54688],[13.424039,52.545927],[13.424801,52.545538],[13.425225,52.545328],[13.425813,52.545104],[13.426986,52.544624],[13.427869,52.54691],[13.428027,52.547261],[13.428984,52.549369],[13.429108,52.549341],[13.429861,52.550987],[13.427152,52.552054],[13.426674,52.552176],[13.41483,52.55348],[13.414553,52.552173],[13.414178,52.550048],[13.414839,52.550005],[13.414849,52.550022],[13.416388,52.549661],[13.417385,52.549329],[13.417376,52.549317]]]]}},{"type":"Feature","id":28,"properties":{"schluessel":"EM0310","bezirk":"Pankow","gebietsname":"Ostseestraße / Grellstraße","f_gvbl_dat":"02.04.2003","f_in_kraft":"03.04.2003","ae_gvbldat":null,"ae_inkraft":null,"fl_ha":"63.5","erhaltungsziel":"Zusammensetzung der Wohnbevölkerung (Milieuschutz)"},"geometry":{"type":"MultiPolygon","coordinates":[[[[13.429577,52.54902],[13.428566,52.546794],[13.428427,52.546815],[13.427902,52.545433],[13.42802,52.545383],[13.427625,52.54436],[13.429264,52.543686],[13.430269,52.543356],[13.431214,52.543075],[13.4319,52.542907],[13.432875,52.542644],[13.43337,52.542482],[13.433835,52.542308],[13.438032,52.540846],[13.442412,52.544606],[13.443302,52.545158],[13.443831,52.545402],[13.443821,52.545479],[13.441927,52.546225],[13.441441,52.546183],[13.439096,52.547111],[13.43886,52.547436],[13.430378,52.550781],[13.429577,52.54902]]]]}},{"type":"Feature","id":29,"properties":{"schluessel":"EM0312","bezirk":"Pankow","gebietsname":"Pankow Zentrum","f_gvbl_dat":"16.03.2000","f_in_kraft":"17.03.2000","ae_gvbldat":"09.10.2013","ae_inkraft":"10.10.2013","fl_ha":"121.1","erhaltungsziel":"Zusammensetzung der Wohnbevölkerung (Milieuschutz)"},"geometry":{"type":"MultiPolygon","coordinates":[[[[13.393657,52.564599],[13.394614,52.563822],[13.394969,52.563508],[13.396296,52.562172],[13.396564,52.561954],[13.396786,52.561801],[13.397385,52.561499],[13.397618,52.561403],[13.398174,52.56124],[13.398219,52.561276],[13.398183,52.561436],[13.398513,52.561324],[13.399523,52.561192],[13.39977,52.561192],[13.400279,52.56123],[13.401159,52.56135],[13.401445,52.561232],[13.401659,52.56136],[13.401694,52.561337],[13.403572,52.562416],[13.40456,52.563032],[13.40616,52.563987],[13.410989,52.566798],[13.410853,52.567104],[13.412066,52.567293],[13.412347,52.567435],[13.412395,52.56763],[13.414728,52.568942],[13.414938,52.56908],[13.416722,52.570075],[13.416626,52.570085],[13.416369,52.570509],[13.416484,52.570578],[13.416493,52.570633],[13.414884,52.572179],[13.414002,52.571954],[13.411494,52.571271],[13.410756,52.571048],[13.410219,52.570907],[13.408855,52.571084],[13.407912,52.572938],[13.404414,52.572221],[13.401874,52.571654],[13.40169,52.571662],[13.401333,52.571766],[13.40121,52.571773],[13.400549,52.571457],[13.399091,52.570691],[13.398678,52.570429],[13.398618,52.569371],[13.398587,52.569204],[13.397552,52.569234],[13.39754,52.569198],[13.396955,52.568726],[13.396877,52.568702],[13.392271,52.568183],[13.391055,52.567834],[13.389393,52.567332],[13.389242,52.567252],[13.389224,52.567198],[13.389741,52.566913],[13.38984,52.566966],[13.390825,52.566373],[13.39076,52.566334],[13.391266,52.566041],[13.391355,52.566089],[13.391865,52.565804],[13.391825,52.56578],[13.392507,52.565394],[13.392559,52.565421],[13.392702,52.565336],[13.393205,52.565019],[13.393147,52.564986],[13.393657,52.564599]]]]}},{"type":"Feature","id":30,"properties":{"schluessel":"EM0313","bezirk":"Pankow","gebietsname":"Teutoburger Platz","f_gvbl_dat":"01.07.2014","f_in_kraft":"02.07.2014","ae_gvbldat":null,"ae_inkraft":null,"fl_ha":"52.0","erhaltungsziel":"Zusammensetzung der Wohnbevölkerung (Milieuschutz)"},"geometry":{"type":"MultiPolygon","coordinates":[[[[13.408347,52.541219],[13.405011,52.540593],[13.404721,52.540195],[13.405783,52.537787],[13.405887,52.537808],[13.406924,52.535713],[13.407477,52.534698],[13.408306,52.534372],[13.408167,52.53418],[13.406416,52.532364],[13.406371,52.532065],[13.406096,52.531112],[13.405981,52.530814],[13.406075,52.530615],[13.405948,52.530423],[13.405821,52.530131],[13.405578,52.529675],[13.407258,52.52938],[13.408203,52.52924],[13.409254,52.528986],[13.409417,52.529],[13.409498,52.529064],[13.409637,52.529292],[13.410019,52.529783],[13.410262,52.530217],[13.410715,52.530538],[13.41176,52.531329],[13.411957,52.531543],[13.412265,52.532879],[13.412448,52.533541],[13.412388,52.534031],[13.412151,52.534763],[13.412056,52.535133],[13.412015,52.536249],[13.411916,52.537563],[13.411843,52.538061],[13.411797,52.54077],[13.411851,52.542421],[13.411743,52.542634],[13.408103,52.541949],[13.408333,52.541492],[13.408347,52.541219]]]]}},{"type":"Feature","id":31,"properties":{"schluessel":"EM0314","bezirk":"Pankow","gebietsname":"Kollwitzplatz","f_gvbl_dat":"01.07.2014","f_in_kraft":"02.07.2014","ae_gvbldat":null,"ae_inkraft":null,"fl_ha":"74.6","erhaltungsziel":"Zusammensetzung der Wohnbevölkerung (Milieuschutz)"},"geometry":{"type":"MultiPolygon","coordinates":[[[[13.42004,52.532767],[13.423745,52.539029],[13.422505,52.539237],[13.416443,52.540175],[13.416126,52.540208],[13.414803,52.540407],[13.414086,52.540641],[13.412543,52.540898],[13.412503,52.540722],[13.412535,52.539706],[13.412474,52.538212],[13.412613,52.537893],[13.412731,52.536248],[13.412677,52.535988],[13.412679,52.53556],[13.413111,52.533564],[13.413169,52.533382],[13.413001,52.532871],[13.413027,52.532844],[13.414081,52.532493],[13.412515,52.531225],[13.412208,52.531043],[13.410704,52.529995],[13.410397,52.529725],[13.409948,52.529135],[13.410078,52.528829],[13.411301,52.528624],[13.412237,52.528375],[13.415239,52.527517],[13.415465,52.527473],[13.415804,52.52753],[13.416835,52.528778],[13.417051,52.528785],[13.418032,52.52972],[13.41842,52.53019],[13.418858,52.530886],[13.419134,52.531212],[13.42004,52.532767]]]]}},{"type":"Feature","id":32,"properties":{"schluessel":"EM0315","bezirk":"Pankow","gebietsname":"Helmholtzplatz","f_gvbl_dat":"01.07.2014","f_in_kraft":"02.07.2014","ae_gvbldat":null,"ae_inkraft":null,"fl_ha":"67.9","erhaltungsziel":"Zusammensetzung der Wohnbevölkerung (Milieuschutz)"},"geometry":{"type":"MultiPolygon","coordinates":[[[[13.426273,52.543335],[13.426606,52.543921],[13.426796,52.5442],[13.425507,52.544676],[13.425195,52.544826],[13.423486,52.545731],[13.421312,52.546933],[13.420481,52.547367],[13.417388,52.548404],[13.416009,52.548798],[13.41537,52.54903],[13.414566,52.54913],[13.414565,52.549169],[13.414272,52.549184],[13.414259,52.549254],[13.414016,52.549308],[13.413878,52.548294],[13.413742,52.547503],[13.413095,52.5452],[13.412674,52.543485],[13.41252,52.541503],[13.41264,52.541108],[13.414175,52.540882],[13.414878,52.540867],[13.424015,52.539458],[13.424975,52.54114],[13.426273,52.543335]]]]}},{"type":"Feature","id":33,"properties":{"schluessel":"EM0316","bezirk":"Pankow","gebietsname":"Bötzowstraße","f_gvbl_dat":"01.07.2014","f_in_kraft":"02.07.2014","ae_gvbldat":"30.11.2017","ae_inkraft":"01.12.2017","fl_ha":"53.0","erhaltungsziel":"Zusammensetzung der Wohnbevölkerung (Milieuschutz)"},"geometry":{"type":"MultiPolygon","coordinates":[[[[13.439343,52.534009],[13.439439,52.534079],[13.43939,52.53412],[13.439375,52.53411],[13.439109,52.53424],[13.43901,52.534169],[13.437833,52.534737],[13.438763,52.535438],[13.434823,52.537326],[13.428419,52.531849],[13.427755,52.531253],[13.424418,52.52839],[13.424562,52.528253],[13.428441,52.528688],[13.429762,52.528879],[13.430357,52.52893],[13.437358,52.529758],[13.437453,52.529759],[13.438284,52.530304],[13.439127,52.530836],[13.439341,52.530952],[13.441011,52.532049],[13.440096,52.532471],[13.438393,52.533308],[13.439343,52.534009]]]]}},{"type":"Feature","id":34,"properties":{"schluessel":"EM0317","bezirk":"Pankow","gebietsname":"Winsstraße","f_gvbl_dat":"01.07.2014","f_in_kraft":"02.07.2014","ae_gvbldat":null,"ae_inkraft":null,"fl_ha":"63.8","erhaltungsziel":"Zusammensetzung der Wohnbevölkerung (Milieuschutz)"},"geometry":{"type":"MultiPolygon","coordinates":[[[[13.423952,52.52876],[13.424585,52.529291],[13.424623,52.52928],[13.424911,52.529537],[13.425079,52.529737],[13.425349,52.529937],[13.432479,52.536075],[13.424417,52.538853],[13.422483,52.535627],[13.422361,52.535376],[13.419764,52.531015],[13.418519,52.529516],[13.417548,52.52862],[13.417205,52.528344],[13.416294,52.527287],[13.416183,52.527111],[13.41771,52.526412],[13.419171,52.525788],[13.419761,52.525555],[13.419882,52.525572],[13.420935,52.526383],[13.421093,52.526589],[13.423179,52.52808],[13.423952,52.52876]]]]}},{"type":"Feature","id":35,"properties":{"schluessel":"EM0318","bezirk":"Pankow","gebietsname":"Pankow-Süd","f_gvbl_dat":"30.11.2017","f_in_kraft":"01.12.2017","ae_gvbldat":null,"ae_inkraft":null,"fl_ha":"30.3","erhaltungsziel":"Zusammensetzung der Wohnbevölkerung (Milieuschutz)"},"geometry":{"type":"MultiPolygon","coordinates":[[[[13.418238,52.559889],[13.418259,52.56026],[13.414049,52.560363],[13.414022,52.560606],[13.413445,52.560588],[13.413599,52.558767],[13.414439,52.557424],[13.414493,52.55744],[13.414624,52.557238],[13.415028,52.554632],[13.415032,52.554443],[13.414934,52.553951],[13.423893,52.552963],[13.423395,52.555021],[13.423262,52.5552],[13.423053,52.556056],[13.422945,52.556114],[13.418653,52.556093],[13.418273,52.556102],[13.418224,52.558675],[13.418155,52.558857],[13.418238,52.559889]]]]}},{"type":"Feature","id":36,"properties":{"schluessel":"EM0319","bezirk":"Pankow","gebietsname":"Langhansstraße","f_gvbl_dat":"30.11.2017","f_in_kraft":"01.12.2017","ae_gvbldat":null,"ae_inkraft":null,"fl_ha":"109.7","erhaltungsziel":"Zusammensetzung der Wohnbevölkerung (Milieuschutz)"},"geometry":{"type":"MultiPolygon","coordinates":[[[[13.430222,52.551707],[13.430731,52.551558],[13.432132,52.551208],[13.433995,52.550937],[13.43757,52.550011],[13.441003,52.549088],[13.44275,52.548661],[13.447554,52.546977],[13.450749,52.548409],[13.458481,52.550098],[13.458517,52.550201],[13.449567,52.552623],[13.449582,52.552805],[13.449497,52.553032],[13.44933,52.553164],[13.448915,52.553237],[13.448651,52.553186],[13.448488,52.553098],[13.448377,52.552946],[13.432906,52.557137],[13.432675,52.557252],[13.432514,52.557414],[13.432399,52.557438],[13.428826,52.55615],[13.426671,52.555392],[13.427921,52.554068],[13.427966,52.553908],[13.427528,52.55251],[13.429976,52.551545],[13.430071,52.551756],[13.430222,52.551707]]]]}},{"type":"Feature","id":37,"properties":{"schluessel":"EM0320","bezirk":"Pankow","gebietsname":"Komponistenviertel","f_gvbl_dat":"30.11.2017","f_in_kraft":"01.12.2017","ae_gvbldat":null,"ae_inkraft":null,"fl_ha":"41.3","erhaltungsziel":"Zusammensetzung der Wohnbevölkerung (Milieuschutz)"},"geometry":{"type":"MultiPolygon","coordinates":[[[[13.457511,52.549565],[13.451194,52.548187],[13.450858,52.548073],[13.450647,52.547983],[13.448316,52.546933],[13.448299,52.546869],[13.451973,52.545364],[13.452206,52.545415],[13.453604,52.544693],[13.45768,52.546093],[13.457966,52.545605],[13.459964,52.546943],[13.460206,52.547038],[13.461527,52.547331],[13.461649,52.547453],[13.462772,52.547703],[13.462684,52.547854],[13.466774,52.548742],[13.466663,52.549048],[13.466698,52.549056],[13.466077,52.55071],[13.466014,52.55095],[13.465829,52.551244],[13.465496,52.551643],[13.46529,52.551694],[13.463969,52.551094],[13.463557,52.550956],[13.463114,52.550832],[13.463106,52.550846],[13.458924,52.549945],[13.458963,52.549875],[13.457511,52.549565]]]]}},{"type":"Feature","id":38,"properties":{"schluessel":"EM0321","bezirk":"Pankow","gebietsname":"Danziger Straße Ost","f_gvbl_dat":"30.07.2021","f_in_kraft":"31.07.2021","ae_gvbldat":null,"ae_inkraft":null,"fl_ha":"20.0","erhaltungsziel":"Zusammensetzung der Wohnbevölkerung (Milieuschutz)"},"geometry":{"type":"MultiPolygon","coordinates":[[[[13.451295,52.528319],[13.449053,52.530513],[13.449021,52.530516],[13.44857,52.530954],[13.448509,52.530959],[13.447411,52.530558],[13.447223,52.53044],[13.443943,52.533454],[13.441835,52.532107],[13.443754,52.530348],[13.447788,52.526594],[13.450771,52.527484],[13.451913,52.527738],[13.451295,52.528319]]]]}},{"type":"Feature","id":39,"properties":{"schluessel":"EM0401","bezirk":"Charlottenburg-Wilmersdorf","gebietsname":"Mierendorff-Insel","f_gvbl_dat":"31.08.2018","f_in_kraft":"01.09.2018","ae_gvbldat":null,"ae_inkraft":null,"fl_ha":"56.8","erhaltungsziel":"Zusammensetzung der Wohnbevölkerung (Milieuschutz)"},"geometry":{"type":"MultiPolygon","coordinates":[[[[13.305255,52.528631],[13.305315,52.528658],[13.305787,52.528659],[13.306387,52.528702],[13.306123,52.530052],[13.306096,52.530873],[13.303397,52.530506],[13.303461,52.530333],[13.301305,52.530034],[13.301361,52.52976],[13.301299,52.529331],[13.301335,52.529085],[13.29995,52.529272],[13.299646,52.529346],[13.298595,52.529488],[13.296891,52.529277],[13.296764,52.52916],[13.297552,52.526637],[13.297997,52.525083],[13.298374,52.524424],[13.29861,52.52424],[13.297639,52.524],[13.297696,52.52363],[13.298106,52.522918],[13.298231,52.522783],[13.298356,52.52269],[13.298598,52.522582],[13.298912,52.522484],[13.299216,52.522418],[13.299596,52.522361],[13.30016,52.522291],[13.300943,52.522236],[13.302189,52.522181],[13.3022,52.522506],[13.302564,52.523265],[13.302109,52.523272],[13.303792,52.524593],[13.304995,52.524582],[13.304988,52.524339],[13.306312,52.524328],[13.306296,52.523829],[13.309621,52.523764],[13.309608,52.523378],[13.311451,52.523345],[13.31152,52.524098],[13.312549,52.524062],[13.31254,52.523951],[13.31352,52.523931],[13.313484,52.523308],[13.314123,52.523297],[13.314189,52.524492],[13.315041,52.52448],[13.314528,52.525927],[13.31369,52.525921],[13.31353,52.526112],[13.309942,52.526196],[13.309703,52.526151],[13.309138,52.526155],[13.309137,52.5262],[13.306928,52.526189],[13.306929,52.526136],[13.306365,52.526134],[13.306373,52.526394],[13.304459,52.526674],[13.305255,52.528631]]]]}},{"type":"Feature","id":40,"properties":{"schluessel":"EM0402","bezirk":"Charlottenburg-Wilmersdorf","gebietsname":"Gierkeplatz","f_gvbl_dat":"31.08.2018","f_in_kraft":"01.09.2018","ae_gvbldat":null,"ae_inkraft":null,"fl_ha":"28.5","erhaltungsziel":"Zusammensetzung der Wohnbevölkerung (Milieuschutz)"},"geometry":{"type":"MultiPolygon","coordinates":[[[[13.301064,52.51569],[13.300818,52.515675],[13.301545,52.511258],[13.303062,52.511359],[13.302824,52.512466],[13.303065,52.512475],[13.302978,52.51283],[13.305013,52.512952],[13.305232,52.511505],[13.307631,52.511666],[13.307437,52.512782],[13.307348,52.512983],[13.307111,52.513312],[13.307066,52.513421],[13.306537,52.517459],[13.304408,52.518077],[13.30128,52.519099],[13.299614,52.519605],[13.299734,52.518866],[13.299776,52.518752],[13.299881,52.518561],[13.300384,52.517851],[13.300466,52.517698],[13.300661,52.516597],[13.301722,52.516669],[13.301697,52.516835],[13.301901,52.516961],[13.302123,52.516824],[13.302127,52.516761],[13.302277,52.516689],[13.302374,52.516708],[13.302409,52.516694],[13.30244,52.516611],[13.302481,52.516613],[13.302551,52.516189],[13.302022,52.516166],[13.30209,52.51575],[13.301064,52.51569]]]]}},{"type":"Feature","id":41,"properties":{"schluessel":"EM0403","bezirk":"Charlottenburg-Wilmersdorf","gebietsname":"Klausenerplatz","f_gvbl_dat":"11.01.2020","f_in_kraft":"12.01.2020","ae_gvbldat":null,"ae_inkraft":null,"fl_ha":"54.6","erhaltungsziel":"Zusammensetzung der Wohnbevölkerung (Milieuschutz)"},"geometry":{"type":"MultiPolygon","coordinates":[[[[13.286242,52.515146],[13.28659,52.514367],[13.286775,52.513643],[13.286876,52.513022],[13.296589,52.513643],[13.295686,52.519242],[13.295547,52.519278],[13.291216,52.519006],[13.290848,52.521303],[13.289087,52.521206],[13.289034,52.52154],[13.286576,52.521401],[13.286516,52.521613],[13.285856,52.521546],[13.286541,52.519176],[13.284496,52.51908],[13.284701,52.518473],[13.284649,52.518345],[13.284828,52.517905],[13.285546,52.515923],[13.285951,52.515564],[13.286091,52.515389],[13.286131,52.515185],[13.286216,52.51519],[13.286242,52.515146]]]]}},{"type":"Feature","id":42,"properties":{"schluessel":"EM0404","bezirk":"Charlottenburg-Wilmersdorf","gebietsname":"Jungfernheide","f_gvbl_dat":"22.06.2021","f_in_kraft":"23.06.2021","ae_gvbldat":null,"ae_inkraft":null,"fl_ha":"49.2","erhaltungsziel":"Zusammensetzung der Wohnbevölkerung (Milieuschutz)"},"geometry":{"type":"MultiPolygon","coordinates":[[[[13.286817,52.534515],[13.286709,52.538222],[13.282599,52.53817],[13.282577,52.538753],[13.282638,52.539466],[13.282741,52.539983],[13.282955,52.540653],[13.2813,52.540853],[13.276136,52.54136],[13.275744,52.53991],[13.273788,52.540232],[13.272995,52.540345],[13.272416,52.538852],[13.27254,52.538835],[13.272528,52.538804],[13.272898,52.538743],[13.273251,52.538659],[13.273598,52.538554],[13.273929,52.53843],[13.274388,52.538227],[13.274532,52.538148],[13.274806,52.537985],[13.275228,52.53769],[13.275321,52.537605],[13.275593,52.537266],[13.275472,52.537241],[13.275756,52.536872],[13.275811,52.536839],[13.275815,52.536788],[13.27603,52.536446],[13.276208,52.536032],[13.276256,52.535856],[13.276214,52.535851],[13.27624,52.535724],[13.276325,52.5357],[13.276276,52.535639],[13.280279,52.534462],[13.281449,52.534186],[13.282463,52.534009],[13.282548,52.534216],[13.283506,52.534083],[13.283773,52.534067],[13.284557,52.534046],[13.285438,52.53407],[13.286817,52.534515]]]]}},{"type":"Feature","id":43,"properties":{"schluessel":"EM0405","bezirk":"Charlottenburg-Wilmersdorf","gebietsname":"Alt-Lietzow","f_gvbl_dat":"22.06.2021","f_in_kraft":"23.06.2021","ae_gvbldat":null,"ae_inkraft":null,"fl_ha":"46.0","erhaltungsziel":"Zusammensetzung der Wohnbevölkerung (Milieuschutz)"},"geometry":{"type":"MultiPolygon","coordinates":[[[[13.318314,52.5195],[13.318195,52.519537],[13.317906,52.519573],[13.317787,52.519577],[13.31749,52.519555],[13.317132,52.519486],[13.31698,52.519441],[13.316681,52.519296],[13.316554,52.519296],[13.316416,52.519594],[13.315841,52.519581],[13.315477,52.519588],[13.315206,52.519601],[13.314587,52.519688],[13.3145,52.51966],[13.314347,52.519684],[13.314384,52.51982],[13.313558,52.520042],[13.312561,52.520207],[13.312291,52.520243],[13.312013,52.520261],[13.311538,52.520249],[13.308377,52.520047],[13.308354,52.519939],[13.308331,52.519952],[13.307269,52.519981],[13.306926,52.520006],[13.306273,52.520015],[13.30626,52.520205],[13.305945,52.520283],[13.304994,52.520676],[13.304282,52.520942],[13.302561,52.521286],[13.30132,52.521295],[13.300269,52.521275],[13.299813,52.521368],[13.299469,52.520797],[13.299441,52.520706],[13.299427,52.520563],[13.299603,52.519613],[13.301288,52.519104],[13.304428,52.518074],[13.306521,52.517461],[13.315144,52.51468],[13.316454,52.516289],[13.31879,52.519285],[13.318314,52.5195]]]]}},{"type":"Feature","id":44,"properties":{"schluessel":"EM0406","bezirk":"Charlottenburg-Wilmersdorf","gebietsname":"Richard-Wagner-Straße","f_gvbl_dat":"22.06.2021","f_in_kraft":"23.06.2021","ae_gvbldat":null,"ae_inkraft":null,"fl_ha":"28.1","erhaltungsziel":"Zusammensetzung der Wohnbevölkerung (Milieuschutz)"},"geometry":{"type":"MultiPolygon","coordinates":[[[[13.319176,52.512842],[13.319129,52.51311],[13.319407,52.513129],[13.31931,52.51368],[13.318316,52.5138],[13.317798,52.513882],[13.317385,52.513992],[13.315138,52.514678],[13.313482,52.515207],[13.31049,52.516193],[13.307105,52.517241],[13.306528,52.517458],[13.306873,52.514868],[13.307034,52.513479],[13.309506,52.513562],[13.309552,52.512874],[13.309306,52.511781],[13.314763,52.512124],[13.319249,52.512431],[13.319176,52.512842]]]]}},{"type":"Feature","id":45,"properties":{"schluessel":"EM0407","bezirk":"Charlottenburg-Wilmersdorf","gebietsname":"Karl-August-Platz","f_gvbl_dat":"22.06.2021","f_in_kraft":"23.06.2021","ae_gvbldat":null,"ae_inkraft":null,"fl_ha":"55.8","erhaltungsziel":"Zusammensetzung der Wohnbevölkerung (Milieuschutz)"},"geometry":{"type":"MultiPolygon","coordinates":[[[[13.302969,52.50551],[13.303097,52.50555],[13.303308,52.50557],[13.306054,52.505695],[13.306656,52.505695],[13.306835,52.505674],[13.307196,52.505586],[13.308434,52.505741],[13.309,52.505777],[13.309354,52.505782],[13.310406,52.505738],[13.313785,52.505545],[13.314765,52.512125],[13.309311,52.511776],[13.30154,52.511255],[13.301803,52.509813],[13.302101,52.507942],[13.302342,52.506643],[13.302499,52.506276],[13.302969,52.50551]]]]}},{"type":"Feature","id":46,"properties":{"schluessel":"EM0408","bezirk":"Charlottenburg-Wilmersdorf","gebietsname":"Brabanter Platz","f_gvbl_dat":"18.03.2023","f_in_kraft":"19.03.2023","ae_gvbldat":null,"ae_inkraft":null,"fl_ha":"28.1","erhaltungsziel":"Zusammensetzung der Wohnbevölkerung (Milieuschutz)"},"geometry":{"type":"MultiPolygon","coordinates":[[[[13.312325,52.483223],[13.311568,52.48327],[13.31108,52.483271],[13.311033,52.48325],[13.311031,52.483202],[13.309137,52.483149],[13.308981,52.482923],[13.310935,52.481548],[13.312021,52.480859],[13.313255,52.48034],[13.313929,52.479955],[13.314772,52.479543],[13.31576,52.479142],[13.316224,52.478984],[13.31691,52.478809],[13.318233,52.478586],[13.318288,52.478536],[13.31851,52.478566],[13.319345,52.478393],[13.320305,52.478389],[13.320441,52.483201],[13.320084,52.483365],[13.31997,52.483389],[13.319915,52.483371],[13.319764,52.483734],[13.319368,52.483594],[13.319344,52.483606],[13.318463,52.483188],[13.318416,52.483223],[13.315583,52.483047],[13.315553,52.483103],[13.313599,52.483156],[13.312325,52.483223]]]]}},{"type":"Feature","id":47,"properties":{"schluessel":"EM0409","bezirk":"Charlottenburg-Wilmersdorf","gebietsname":"Hochmeisterplatz","f_gvbl_dat":"18.03.2023","f_in_kraft":"19.03.2023","ae_gvbldat":null,"ae_inkraft":null,"fl_ha":"50.1","erhaltungsziel":"Zusammensetzung der Wohnbevölkerung (Milieuschutz)"},"geometry":{"type":"MultiPolygon","coordinates":[[[[13.306883,52.49935],[13.306945,52.499799],[13.305707,52.499567],[13.305411,52.497335],[13.303597,52.495994],[13.3018,52.4951],[13.301172,52.495101],[13.30138,52.496575],[13.30133,52.496587],[13.301378,52.496932],[13.30139,52.497016],[13.301449,52.497013],[13.301624,52.498266],[13.301565,52.498269],[13.301635,52.498769],[13.301583,52.498794],[13.300338,52.498561],[13.300328,52.498489],[13.296828,52.497832],[13.29679,52.497759],[13.299366,52.495742],[13.299023,52.495571],[13.298861,52.495434],[13.298502,52.495222],[13.296146,52.495731],[13.29604,52.494896],[13.294958,52.494949],[13.294149,52.494548],[13.294837,52.494041],[13.294312,52.49373],[13.294889,52.493188],[13.29485,52.493168],[13.295744,52.492116],[13.296505,52.49151],[13.297485,52.490786],[13.298257,52.490235],[13.299286,52.489624],[13.300711,52.488565],[13.300591,52.488504],[13.300819,52.488329],[13.301493,52.488666],[13.300234,52.489603],[13.30059,52.489771],[13.300689,52.489789],[13.300856,52.490929],[13.305023,52.490784],[13.305659,52.490741],[13.306441,52.490655],[13.306504,52.492746],[13.304509,52.493344],[13.304619,52.493719],[13.30501,52.496858],[13.305483,52.49696],[13.307634,52.497235],[13.30718,52.498537],[13.306983,52.498999],[13.306883,52.49935]]]]}},{"type":"Feature","id":48,"properties":{"schluessel":"EM0501","bezirk":"Spandau","gebietsname":"Wilhelmstadt","f_gvbl_dat":"03.07.2020","f_in_kraft":"04.07.2020","ae_gvbldat":null,"ae_inkraft":null,"fl_ha":"118.7","erhaltungsziel":"Zusammensetzung der Wohnbevölkerung (Milieuschutz)"},"geometry":{"type":"MultiPolygon","coordinates":[[[[13.199909,52.532157],[13.199595,52.532255],[13.199618,52.532281],[13.199608,52.532299],[13.199545,52.532319],[13.199368,52.532106],[13.197799,52.532595],[13.197963,52.53278],[13.197927,52.532832],[13.192727,52.533879],[13.191847,52.532165],[13.18839,52.532368],[13.188307,52.532328],[13.188253,52.532124],[13.188087,52.53175],[13.187997,52.531477],[13.187765,52.530317],[13.190228,52.530133],[13.190401,52.53089],[13.192669,52.530726],[13.192463,52.529977],[13.192424,52.529623],[13.19243,52.529344],[13.192197,52.529315],[13.192199,52.529298],[13.190541,52.528999],[13.189592,52.528892],[13.188541,52.528716],[13.18881,52.52828],[13.188618,52.528237],[13.188664,52.528067],[13.188714,52.52797],[13.187907,52.527786],[13.18774,52.528001],[13.186614,52.527742],[13.186871,52.527368],[13.188773,52.527802],[13.188861,52.527659],[13.192256,52.526704],[13.19235,52.526727],[13.192461,52.52692],[13.192568,52.527181],[13.192631,52.527455],[13.192645,52.527733],[13.192622,52.527954],[13.19256,52.528197],[13.192452,52.528451],[13.19268,52.528489],[13.193857,52.528143],[13.194817,52.527898],[13.195399,52.527671],[13.194594,52.525998],[13.194185,52.525474],[13.193745,52.525048],[13.193389,52.524554],[13.193067,52.523979],[13.192706,52.524074],[13.192095,52.523542],[13.191858,52.523398],[13.191635,52.523232],[13.191157,52.52286],[13.191049,52.522745],[13.189838,52.521905],[13.18989,52.521592],[13.19043,52.521626],[13.190831,52.521525],[13.19086,52.52089],[13.189982,52.520883],[13.190012,52.519482],[13.192619,52.519507],[13.192621,52.519167],[13.193424,52.519175],[13.193425,52.519121],[13.193366,52.51912],[13.193358,52.51825],[13.192616,52.518248],[13.192619,52.518098],[13.193714,52.51811],[13.193712,52.516865],[13.194992,52.516787],[13.194914,52.516433],[13.194869,52.516329],[13.194449,52.516008],[13.194785,52.515817],[13.194768,52.515814],[13.195331,52.515225],[13.195693,52.5148],[13.196072,52.51425],[13.196188,52.514119],[13.196299,52.514033],[13.196452,52.513951],[13.196588,52.5139],[13.196758,52.51387],[13.19729,52.513925],[13.197375,52.513943],[13.197455,52.513985],[13.197853,52.514522],[13.198968,52.515608],[13.199192,52.515772],[13.199301,52.516299],[13.197779,52.516415],[13.197876,52.516861],[13.199392,52.516745],[13.199527,52.51742],[13.200034,52.517388],[13.200485,52.517414],[13.200716,52.517452],[13.200993,52.517522],[13.201376,52.517674],[13.201662,52.517849],[13.201657,52.518334],[13.202277,52.518336],[13.202674,52.518678],[13.202817,52.518836],[13.202953,52.519053],[13.203038,52.519321],[13.203168,52.521002],[13.202838,52.523813],[13.203861,52.524107],[13.202569,52.525508],[13.202417,52.525456],[13.202361,52.525336],[13.202282,52.525239],[13.202044,52.525044],[13.201735,52.524962],[13.201357,52.524942],[13.201188,52.524951],[13.200767,52.525024],[13.200348,52.525169],[13.199909,52.525398],[13.200038,52.525441],[13.198957,52.526031],[13.198207,52.526626],[13.198026,52.526791],[13.197773,52.527153],[13.197708,52.527486],[13.197465,52.527594],[13.1975,52.527964],[13.197557,52.528241],[13.197645,52.528514],[13.197702,52.528846],[13.197854,52.529158],[13.198204,52.529521],[13.199343,52.529439],[13.199207,52.529813],[13.19918,52.529961],[13.199174,52.530254],[13.199201,52.530429],[13.199327,52.530842],[13.199496,52.531155],[13.199456,52.531265],[13.19963,52.531525],[13.200022,52.531956],[13.199909,52.532157]]]]}},{"type":"Feature","id":49,"properties":{"schluessel":"EM0502","bezirk":"Spandau","gebietsname":"Spandauer Neustadt","f_gvbl_dat":"03.07.2020","f_in_kraft":"04.07.2020","ae_gvbldat":null,"ae_inkraft":null,"fl_ha":"86.7","erhaltungsziel":"Zusammensetzung der Wohnbevölkerung (Milieuschutz)"},"geometry":{"type":"MultiPolygon","coordinates":[[[[13.209035,52.546899],[13.209625,52.547911],[13.209974,52.548565],[13.210027,52.548554],[13.210081,52.548656],[13.210121,52.548818],[13.210081,52.549254],[13.208877,52.549252],[13.208852,52.549379],[13.207292,52.549282],[13.207365,52.548751],[13.205474,52.548646],[13.205584,52.547918],[13.204713,52.547874],[13.204499,52.547634],[13.203916,52.547833],[13.203671,52.54782],[13.203564,52.548539],[13.203702,52.54871],[13.20358,52.549854],[13.201728,52.549682],[13.201726,52.549699],[13.201681,52.549695],[13.201617,52.549971],[13.201661,52.549976],[13.201463,52.550822],[13.201756,52.550855],[13.201488,52.551597],[13.201059,52.551538],[13.200826,52.552194],[13.200231,52.552386],[13.199992,52.553054],[13.200152,52.553074],[13.200074,52.553384],[13.200023,52.553863],[13.198745,52.553909],[13.197429,52.553813],[13.197222,52.55376],[13.197106,52.553702],[13.197014,52.553629],[13.193738,52.55035],[13.193553,52.550098],[13.19352,52.549999],[13.193524,52.549864],[13.194294,52.546675],[13.194387,52.546374],[13.194618,52.545844],[13.194637,52.545838],[13.195914,52.546237],[13.196434,52.546128],[13.198672,52.54542],[13.198702,52.544818],[13.19836,52.544813],[13.198361,52.544744],[13.198197,52.544203],[13.198209,52.544094],[13.199501,52.543916],[13.199712,52.543726],[13.199736,52.543668],[13.201969,52.542962],[13.201173,52.542378],[13.201267,52.542353],[13.20092,52.542107],[13.200899,52.5421],[13.200822,52.54214],[13.200621,52.541999],[13.199663,52.541619],[13.198217,52.542499],[13.198113,52.5425],[13.197556,52.542165],[13.197436,52.542077],[13.197299,52.541924],[13.197224,52.541756],[13.197214,52.541599],[13.197256,52.541454],[13.197692,52.540885],[13.197771,52.540879],[13.198297,52.54127],[13.19958,52.540633],[13.200364,52.541192],[13.201085,52.541618],[13.201568,52.541372],[13.201996,52.541186],[13.204298,52.541406],[13.205116,52.541619],[13.20536,52.541784],[13.205519,52.54193],[13.20567,52.54212],[13.206065,52.542855],[13.206579,52.543133],[13.207049,52.543033],[13.207128,52.543154],[13.207481,52.543508],[13.207666,52.543728],[13.208623,52.544062],[13.209099,52.543565],[13.209539,52.543562],[13.209872,52.54367],[13.210055,52.543773],[13.210158,52.543886],[13.210105,52.544054],[13.210327,52.544325],[13.210399,52.544598],[13.208136,52.545168],[13.207844,52.545256],[13.208305,52.545679],[13.208437,52.545865],[13.209035,52.546899]]]]}},{"type":"Feature","id":50,"properties":{"schluessel":"EM0503","bezirk":"Spandau","gebietsname":"Stresow","f_gvbl_dat":"13.08.2025","f_in_kraft":"14.08.2025","ae_gvbldat":null,"ae_inkraft":null,"fl_ha":"22.1","erhaltungsziel":"Zusammensetzung der Wohnbevölkerung (Milieuschutz)"},"geometry":{"type":"MultiPolygon","coordinates":[[[[13.206361,52.531118],[13.205573,52.531097],[13.206743,52.531798],[13.207002,52.531915],[13.207566,52.532258],[13.207536,52.532402],[13.207275,52.532783],[13.207541,52.532847],[13.208624,52.532792],[13.209001,52.533724],[13.208326,52.533816],[13.208613,52.53459],[13.208609,52.534839],[13.208656,52.53496],[13.208256,52.535019],[13.208132,52.534737],[13.206821,52.534055],[13.206608,52.533961],[13.206516,52.534673],[13.206443,52.534776],[13.206343,52.534855],[13.206036,52.534675],[13.20514,52.534238],[13.204466,52.533936],[13.203683,52.533619],[13.203297,52.533424],[13.203372,52.533368],[13.202825,52.533035],[13.202782,52.533036],[13.201648,52.532078],[13.203792,52.531057],[13.203721,52.531026],[13.203868,52.530914],[13.204726,52.530412],[13.206736,52.52936],[13.207305,52.529083],[13.208319,52.528664],[13.207912,52.52832],[13.20783,52.527101],[13.208076,52.52682],[13.208181,52.526793],[13.209219,52.526974],[13.210124,52.527063],[13.210453,52.527119],[13.210937,52.527264],[13.211492,52.527579],[13.212574,52.527349],[13.213344,52.527226],[13.213557,52.527573],[13.213499,52.527574],[13.213417,52.527609],[13.213298,52.527632],[13.212853,52.527695],[13.212432,52.527777],[13.212049,52.527872],[13.211698,52.527989],[13.210141,52.528638],[13.208284,52.529361],[13.20875,52.529756],[13.208804,52.530743],[13.208769,52.530744],[13.208795,52.531067],[13.208295,52.531084],[13.208293,52.531066],[13.207842,52.531071],[13.206361,52.531118]]]]}},{"type":"Feature","id":51,"properties":{"schluessel":"EM0601","bezirk":"Steglitz-Zehlendorf","gebietsname":"Feuerbachstraße","f_gvbl_dat":"09.02.2024","f_in_kraft":"10.02.2024","ae_gvbldat":null,"ae_inkraft":null,"fl_ha":"63.4","erhaltungsziel":"Zusammensetzung der Wohnbevölkerung (Milieuschutz)"},"geometry":{"type":"MultiPolygon","coordinates":[[[[13.336253,52.458401],[13.337552,52.458468],[13.337749,52.458499],[13.338506,52.458539],[13.338503,52.458518],[13.339475,52.458568],[13.339571,52.459399],[13.33961,52.460197],[13.339579,52.461074],[13.339363,52.462735],[13.33943,52.462784],[13.339347,52.463266],[13.339286,52.463296],[13.339129,52.464415],[13.339037,52.464601],[13.338975,52.465079],[13.339348,52.465294],[13.338906,52.465564],[13.338773,52.466569],[13.338482,52.466383],[13.337906,52.466642],[13.337295,52.466992],[13.336762,52.467227],[13.336274,52.467417],[13.335857,52.467015],[13.334832,52.466201],[13.334666,52.466277],[13.331411,52.465857],[13.328644,52.46336],[13.327044,52.46168],[13.326908,52.461556],[13.326833,52.461521],[13.326746,52.461503],[13.326781,52.461376],[13.326538,52.461342],[13.326477,52.461302],[13.326453,52.461249],[13.326866,52.459783],[13.327524,52.460354],[13.328227,52.46006],[13.328568,52.459962],[13.328227,52.459686],[13.328564,52.459531],[13.328682,52.459623],[13.328968,52.459643],[13.328957,52.459703],[13.329124,52.459712],[13.329381,52.459595],[13.329439,52.459189],[13.32985,52.45921],[13.330501,52.459004],[13.331348,52.458677],[13.331683,52.45857],[13.331854,52.458493],[13.331871,52.45837],[13.33232,52.458159],[13.333308,52.458202],[13.333436,52.458223],[13.333607,52.458226],[13.333605,52.458246],[13.334067,52.458281],[13.336253,52.458401]]]]}},{"type":"Feature","id":52,"properties":{"schluessel":"EM0602","bezirk":"Steglitz-Zehlendorf","gebietsname":"Gritznerstraße Nord","f_gvbl_dat":"09.02.2024","f_in_kraft":"10.02.2024","ae_gvbldat":null,"ae_inkraft":null,"fl_ha":"23.7","erhaltungsziel":"Zusammensetzung der Wohnbevölkerung (Milieuschutz)"},"geometry":{"type":"MultiPolygon","coordinates":[[[[13.313435,52.462725],[13.317686,52.461235],[13.319233,52.462886],[13.319692,52.463426],[13.320544,52.464352],[13.320528,52.46439],[13.320586,52.464408],[13.321254,52.465121],[13.321285,52.465177],[13.32129,52.46525],[13.321433,52.46553],[13.321707,52.465611],[13.321818,52.465669],[13.32252,52.466416],[13.320993,52.466963],[13.316317,52.467042],[13.316287,52.467025],[13.316261,52.466762],[13.316183,52.466629],[13.312757,52.463012],[13.312785,52.462951],[13.313435,52.462725]]]]}},{"type":"Feature","id":53,"properties":{"schluessel":"EM0603","bezirk":"Steglitz-Zehlendorf","gebietsname":"Mittelstraße","f_gvbl_dat":"09.02.2024","f_in_kraft":"10.02.2024","ae_gvbldat":null,"ae_inkraft":null,"fl_ha":"34.0","erhaltungsziel":"Zusammensetzung der Wohnbevölkerung (Milieuschutz)"},"geometry":{"type":"MultiPolygon","coordinates":[[[[13.322457,52.45031],[13.323535,52.449487],[13.322499,52.449042],[13.322003,52.448676],[13.323648,52.447244],[13.322443,52.446654],[13.322713,52.446338],[13.323831,52.445484],[13.324213,52.445486],[13.3245,52.445644],[13.324793,52.445843],[13.325051,52.446059],[13.325437,52.446456],[13.325583,52.446518],[13.326369,52.447327],[13.326496,52.447548],[13.324665,52.448943],[13.325467,52.449332],[13.325452,52.449513],[13.324202,52.450438],[13.324197,52.450462],[13.327487,52.453483],[13.330421,52.452281],[13.330657,52.452207],[13.331156,52.452795],[13.331439,52.453189],[13.325811,52.45547],[13.325577,52.455512],[13.326589,52.45647],[13.32425,52.456506],[13.323613,52.455946],[13.322779,52.45528],[13.322046,52.454741],[13.321418,52.454309],[13.320009,52.453242],[13.320063,52.453084],[13.321451,52.452464],[13.320874,52.451993],[13.320753,52.451608],[13.322457,52.45031]]]]}},{"type":"Feature","id":54,"properties":{"schluessel":"EM0701","bezirk":"Tempelhof-Schöneberg","gebietsname":"Barbarossaplatz / Bayerischer Platz","f_gvbl_dat":"10.09.2014","f_in_kraft":"11.09.2014","ae_gvbldat":null,"ae_inkraft":null,"fl_ha":"72.8","erhaltungsziel":"Zusammensetzung der Wohnbevölkerung (Milieuschutz)"},"geometry":{"type":"MultiPolygon","coordinates":[[[[13.337151,52.492103],[13.337071,52.491013],[13.337552,52.490742],[13.337325,52.490482],[13.337043,52.490415],[13.33698,52.489989],[13.336973,52.489477],[13.337121,52.488461],[13.337252,52.488394],[13.338188,52.488496],[13.340473,52.488708],[13.340821,52.488769],[13.342029,52.488858],[13.342475,52.488932],[13.343585,52.489061],[13.343911,52.489135],[13.344771,52.489224],[13.345315,52.489278],[13.346131,52.489306],[13.346142,52.489273],[13.348232,52.489478],[13.348526,52.489525],[13.348525,52.489545],[13.348841,52.489572],[13.349287,52.48958],[13.35055,52.489716],[13.351551,52.489858],[13.352237,52.489879],[13.353042,52.489954],[13.354271,52.49009],[13.354271,52.490123],[13.354641,52.490171],[13.355131,52.490172],[13.356219,52.490287],[13.356521,52.494455],[13.355529,52.494533],[13.353786,52.494642],[13.352478,52.494752],[13.351999,52.494744],[13.349909,52.49458],[13.349463,52.494512],[13.347874,52.494369],[13.346144,52.494232],[13.345392,52.49419],[13.342321,52.494196],[13.341951,52.494209],[13.341429,52.494161],[13.340394,52.494125],[13.339469,52.494143],[13.33827,52.4942],[13.337649,52.494245],[13.337464,52.494198],[13.337411,52.493958],[13.337246,52.492642],[13.337151,52.492103]]]]}},{"type":"Feature","id":55,"properties":{"schluessel":"EM0702","bezirk":"Tempelhof-Schöneberg","gebietsname":"Bautzener Straße","f_gvbl_dat":"10.09.2014","f_in_kraft":"11.09.2014","ae_gvbldat":null,"ae_inkraft":null,"fl_ha":"18.5","erhaltungsziel":"Zusammensetzung der Wohnbevölkerung (Milieuschutz)"},"geometry":{"type":"MultiPolygon","coordinates":[[[[13.361005,52.491389],[13.361512,52.49139],[13.364513,52.491543],[13.366209,52.491607],[13.366513,52.49159],[13.366773,52.491538],[13.368578,52.491123],[13.368538,52.490887],[13.368492,52.489837],[13.368479,52.488376],[13.368923,52.488306],[13.370305,52.488154],[13.370442,52.488219],[13.37053,52.489475],[13.37059,52.489945],[13.370588,52.490389],[13.370533,52.490743],[13.37067,52.492598],[13.369149,52.492891],[13.367967,52.492979],[13.36689,52.493189],[13.362687,52.493875],[13.361293,52.494117],[13.361055,52.491476],[13.361005,52.491389]]]]}},{"type":"Feature","id":56,"properties":{"schluessel":"EM0703","bezirk":"Tempelhof-Schöneberg","gebietsname":"Kaiser-Wilhelm-Platz","f_gvbl_dat":"10.09.2014","f_in_kraft":"11.09.2014","ae_gvbldat":"08.07.2016","ae_inkraft":"09.07.2016","fl_ha":"19.8","erhaltungsziel":"Zusammensetzung der Wohnbevölkerung (Milieuschutz)"},"geometry":{"type":"MultiPolygon","coordinates":[[[[13.357611,52.490244],[13.355057,52.489988],[13.355059,52.489917],[13.353392,52.489749],[13.353517,52.489324],[13.354171,52.489391],[13.354372,52.489394],[13.354817,52.48938],[13.355174,52.489338],[13.358919,52.488614],[13.357349,52.486896],[13.357486,52.486831],[13.358205,52.486588],[13.358342,52.486556],[13.360663,52.486536],[13.36228,52.487885],[13.362353,52.488008],[13.362383,52.488163],[13.362707,52.488646],[13.362895,52.488982],[13.362768,52.489116],[13.364155,52.49004],[13.365279,52.490906],[13.366035,52.491397],[13.366165,52.491498],[13.366209,52.491607],[13.364513,52.491543],[13.361512,52.49139],[13.361005,52.491389],[13.360372,52.490293],[13.359713,52.490338],[13.359219,52.490319],[13.359207,52.490362],[13.358416,52.490324],[13.357611,52.490244]]]]}},{"type":"Feature","id":57,"properties":{"schluessel":"EM0704","bezirk":"Tempelhof-Schöneberg","gebietsname":"Schöneberger Insel","f_gvbl_dat":"30.06.2015","f_in_kraft":"01.07.2015","ae_gvbldat":"24.09.2021","ae_inkraft":"25.09.2021","fl_ha":"38.5","erhaltungsziel":"Zusammensetzung der Wohnbevölkerung (Milieuschutz)"},"geometry":{"type":"MultiPolygon","coordinates":[[[[13.36389,52.488129],[13.363574,52.487915],[13.361392,52.486176],[13.359557,52.484614],[13.358896,52.484007],[13.35874,52.483694],[13.358663,52.4834],[13.358331,52.480881],[13.359401,52.479992],[13.35951,52.479925],[13.360251,52.479757],[13.361383,52.47935],[13.362383,52.478961],[13.363375,52.478542],[13.363432,52.483942],[13.365406,52.483931],[13.365415,52.484522],[13.365962,52.48452],[13.366018,52.484519],[13.366013,52.483928],[13.367144,52.48392],[13.367149,52.484779],[13.367041,52.484779],[13.367041,52.485102],[13.367912,52.485095],[13.367951,52.486086],[13.367986,52.488306],[13.366003,52.488305],[13.365916,52.490192],[13.365164,52.489424],[13.364477,52.488811],[13.364119,52.488401],[13.364019,52.488228],[13.36389,52.488129]]]]}},{"type":"Feature","id":58,"properties":{"schluessel":"EM0705","bezirk":"Tempelhof-Schöneberg","gebietsname":"Schöneberger Norden","f_gvbl_dat":"10.03.2018","f_in_kraft":"11.03.2018","ae_gvbldat":"11.10.2018","ae_inkraft":"12.10.2018","fl_ha":"112.7","erhaltungsziel":"Zusammensetzung der Wohnbevölkerung (Milieuschutz)"},"geometry":{"type":"MultiPolygon","coordinates":[[[[13.353778,52.4969],[13.353774,52.496956],[13.354789,52.497062],[13.354961,52.496388],[13.355508,52.496268],[13.35543,52.496133],[13.357108,52.495763],[13.357038,52.494844],[13.356403,52.494879],[13.356363,52.494668],[13.359073,52.494468],[13.360808,52.494561],[13.361346,52.494527],[13.366793,52.493637],[13.368254,52.493383],[13.368509,52.493819],[13.367979,52.493916],[13.367824,52.494293],[13.368442,52.494391],[13.368413,52.494482],[13.368447,52.494852],[13.367644,52.494728],[13.367535,52.495162],[13.367473,52.495322],[13.367367,52.4954],[13.367264,52.495645],[13.367775,52.496836],[13.367157,52.496936],[13.367224,52.497092],[13.366853,52.497183],[13.366567,52.497236],[13.366724,52.49755],[13.366535,52.497644],[13.366342,52.49767],[13.366693,52.498622],[13.366637,52.498676],[13.366515,52.498693],[13.366533,52.498742],[13.367214,52.498649],[13.367231,52.498694],[13.368812,52.498479],[13.369277,52.498715],[13.363044,52.499562],[13.362538,52.499663],[13.358098,52.500932],[13.354751,52.499838],[13.354773,52.499397],[13.354539,52.498987],[13.354408,52.498802],[13.354379,52.49867],[13.353883,52.498619],[13.353821,52.49886],[13.352639,52.49911],[13.352281,52.499262],[13.352504,52.499337],[13.352547,52.49939],[13.352508,52.499454],[13.352355,52.499509],[13.351384,52.499821],[13.348262,52.500476],[13.348198,52.500447],[13.348269,52.499286],[13.346344,52.498904],[13.346015,52.498852],[13.345965,52.499964],[13.342495,52.499764],[13.341797,52.499759],[13.341189,52.499721],[13.340783,52.499195],[13.340438,52.499305],[13.339819,52.499554],[13.33899,52.499417],[13.338085,52.497871],[13.33788,52.497383],[13.33782,52.497392],[13.337307,52.495986],[13.337385,52.495982],[13.337378,52.495853],[13.337284,52.495857],[13.337343,52.494785],[13.337435,52.494787],[13.337447,52.494502],[13.33808,52.494374],[13.33858,52.494304],[13.339403,52.494255],[13.340069,52.494247],[13.340678,52.49426],[13.342813,52.494369],[13.345106,52.494375],[13.347617,52.494453],[13.347559,52.494693],[13.347398,52.49514],[13.347806,52.495195],[13.347479,52.496067],[13.349022,52.496292],[13.349139,52.495997],[13.349054,52.495984],[13.349238,52.495481],[13.348873,52.495435],[13.349063,52.494875],[13.349604,52.494888],[13.349611,52.49468],[13.353907,52.495056],[13.353778,52.4969]]]]}},{"type":"Feature","id":59,"properties":{"schluessel":"EM0706","bezirk":"Tempelhof-Schöneberg","gebietsname":"Schöneberger Süden","f_gvbl_dat":"10.03.2018","f_in_kraft":"11.03.2018","ae_gvbldat":null,"ae_inkraft":null,"fl_ha":"106.4","erhaltungsziel":"Zusammensetzung der Wohnbevölkerung (Milieuschutz)"},"geometry":{"type":"MultiPolygon","coordinates":[[[[13.353477,52.488714],[13.351438,52.48855],[13.351173,52.489525],[13.346759,52.489085],[13.347253,52.487159],[13.345404,52.486975],[13.344802,52.486955],[13.344762,52.488846],[13.344695,52.488881],[13.337331,52.488147],[13.33721,52.488051],[13.337151,52.488036],[13.337134,52.487904],[13.337053,52.485921],[13.337123,52.485917],[13.337174,52.485674],[13.338374,52.485593],[13.338318,52.485161],[13.33823,52.485166],[13.338162,52.484641],[13.337098,52.484692],[13.337119,52.482528],[13.337203,52.482529],[13.337067,52.482142],[13.337136,52.482191],[13.338395,52.482723],[13.339075,52.482985],[13.33982,52.483242],[13.340488,52.483443],[13.34111,52.483608],[13.342878,52.484001],[13.34272,52.484279],[13.342726,52.484552],[13.342549,52.484551],[13.342541,52.484955],[13.342467,52.484954],[13.342456,52.485442],[13.34088,52.485498],[13.340569,52.486359],[13.341034,52.486409],[13.345336,52.486752],[13.345352,52.486048],[13.345409,52.486019],[13.345296,52.485837],[13.345314,52.484944],[13.345591,52.484599],[13.345669,52.484409],[13.345638,52.4844],[13.345791,52.484208],[13.345705,52.484183],[13.345872,52.483973],[13.345958,52.483999],[13.346523,52.48329],[13.346441,52.483258],[13.346556,52.483115],[13.346641,52.483141],[13.346872,52.482851],[13.346884,52.482785],[13.347505,52.482464],[13.347493,52.482456],[13.347706,52.482345],[13.347668,52.482317],[13.348228,52.482026],[13.34937,52.482833],[13.348738,52.483163],[13.347702,52.483746],[13.347625,52.483754],[13.347479,52.483834],[13.34736,52.483877],[13.34641,52.485046],[13.347707,52.485404],[13.347295,52.486993],[13.348967,52.487159],[13.349251,52.486066],[13.349396,52.485869],[13.348622,52.485656],[13.34929,52.484867],[13.349729,52.484987],[13.349206,52.485594],[13.35098,52.486083],[13.351482,52.485689],[13.350678,52.485327],[13.351991,52.484306],[13.352756,52.484675],[13.353179,52.484289],[13.352759,52.484059],[13.352706,52.484096],[13.351432,52.483432],[13.35148,52.483398],[13.349996,52.482624],[13.349962,52.482605],[13.349976,52.482595],[13.349219,52.482184],[13.349248,52.482164],[13.348952,52.482004],[13.349012,52.481962],[13.348815,52.481804],[13.348386,52.481593],[13.348028,52.481777],[13.34801,52.481763],[13.347853,52.481844],[13.347872,52.481858],[13.34745,52.482077],[13.347432,52.482063],[13.346193,52.482695],[13.342377,52.482716],[13.338855,52.481509],[13.33929,52.481157],[13.339349,52.481184],[13.341932,52.479097],[13.341987,52.479024],[13.342943,52.478912],[13.343378,52.478917],[13.343466,52.478903],[13.344261,52.47903],[13.344703,52.479263],[13.345119,52.479101],[13.344885,52.478922],[13.344762,52.478788],[13.344856,52.478664],[13.344892,52.478505],[13.345396,52.47834],[13.345458,52.478214],[13.34564,52.478127],[13.346278,52.478151],[13.349092,52.478851],[13.350608,52.479203],[13.352146,52.479595],[13.352431,52.479848],[13.352384,52.479869],[13.352934,52.48032],[13.353013,52.480292],[13.353716,52.480828],[13.353762,52.480814],[13.354283,52.481213],[13.355461,52.482168],[13.355186,52.482305],[13.356705,52.483469],[13.357372,52.483903],[13.358084,52.484286],[13.359007,52.485065],[13.359009,52.485016],[13.359898,52.485764],[13.359894,52.485829],[13.360296,52.486194],[13.359827,52.486349],[13.359239,52.486349],[13.359239,52.486379],[13.358206,52.486378],[13.356726,52.486884],[13.358216,52.488517],[13.358181,52.48857],[13.355253,52.489137],[13.354856,52.489196],[13.354543,52.489214],[13.354168,52.489206],[13.353568,52.489147],[13.353615,52.488988],[13.353823,52.488742],[13.353477,52.488714]]]]}},{"type":"Feature","id":60,"properties":{"schluessel":"EM0707","bezirk":"Tempelhof-Schöneberg","gebietsname":"Tempelhof","f_gvbl_dat":"07.04.2018","f_in_kraft":"08.04.2018","ae_gvbldat":null,"ae_inkraft":null,"fl_ha":"154.6","erhaltungsziel":"Zusammensetzung der Wohnbevölkerung (Milieuschutz)"},"geometry":{"type":"MultiPolygon","coordinates":[[[[13.389327,52.464619],[13.389357,52.4655],[13.389536,52.465497],[13.389553,52.46546],[13.389636,52.465459],[13.389643,52.465473],[13.389727,52.465471],[13.389734,52.465457],[13.389772,52.465455],[13.389816,52.465456],[13.389835,52.465488],[13.389872,52.465503],[13.390421,52.46549],[13.390426,52.465609],[13.391969,52.465585],[13.392566,52.465532],[13.392304,52.4644],[13.393159,52.464335],[13.393841,52.464259],[13.394336,52.464187],[13.394402,52.464221],[13.394442,52.465305],[13.394353,52.465373],[13.394461,52.465698],[13.394468,52.465943],[13.394446,52.466029],[13.394397,52.466089],[13.394323,52.466139],[13.39408,52.466237],[13.393966,52.466135],[13.393928,52.465965],[13.392797,52.466064],[13.392334,52.466038],[13.392011,52.46604],[13.39204,52.466711],[13.3923,52.466702],[13.3923,52.466936],[13.392454,52.466933],[13.392631,52.466857],[13.392519,52.466761],[13.392928,52.466586],[13.393199,52.466829],[13.388945,52.468646],[13.38863,52.468648],[13.388645,52.468918],[13.387887,52.468924],[13.387895,52.469257],[13.386786,52.469396],[13.385959,52.469394],[13.385936,52.469384],[13.385934,52.469352],[13.385958,52.469351],[13.385956,52.469265],[13.385933,52.469264],[13.385932,52.46923],[13.385955,52.469229],[13.385941,52.468668],[13.381527,52.4687],[13.38151,52.467928],[13.381142,52.46793],[13.38114,52.467859],[13.378654,52.467878],[13.378655,52.467951],[13.378366,52.467917],[13.378301,52.467909],[13.378045,52.467494],[13.376955,52.467503],[13.376618,52.467379],[13.376232,52.467304],[13.374545,52.468275],[13.374411,52.468186],[13.374491,52.46814],[13.374394,52.468084],[13.374234,52.46793],[13.374187,52.467947],[13.374043,52.467754],[13.373954,52.467506],[13.373929,52.467148],[13.376162,52.4671],[13.376708,52.46703],[13.37769,52.466461],[13.377554,52.46585],[13.377295,52.465854],[13.377297,52.465869],[13.377254,52.465893],[13.377008,52.46591],[13.370351,52.466049],[13.369931,52.460717],[13.37268,52.460481],[13.372676,52.460429],[13.372798,52.460419],[13.372699,52.459333],[13.376023,52.459024],[13.375267,52.455643],[13.375548,52.455288],[13.376978,52.453669],[13.380635,52.454961],[13.384426,52.45469],[13.384231,52.455505],[13.384148,52.456131],[13.384126,52.456474],[13.384163,52.456926],[13.387053,52.45668],[13.387047,52.456655],[13.387119,52.456544],[13.390769,52.457424],[13.390819,52.457674],[13.387354,52.457997],[13.387961,52.460624],[13.386766,52.460741],[13.386893,52.461241],[13.387091,52.461224],[13.387172,52.461541],[13.386977,52.461565],[13.387025,52.461778],[13.386349,52.461845],[13.38628,52.461537],[13.385186,52.461649],[13.385601,52.463321],[13.385654,52.463758],[13.386386,52.463722],[13.386494,52.464287],[13.386628,52.464273],[13.386689,52.46445],[13.38675,52.464447],[13.386816,52.464794],[13.389325,52.464583],[13.389327,52.464619]]]]}},{"type":"Feature","id":61,"properties":{"schluessel":"EM0708","bezirk":"Tempelhof-Schöneberg","gebietsname":"Grazer Platz","f_gvbl_dat":"11.10.2018","f_in_kraft":"12.10.2018","ae_gvbldat":null,"ae_inkraft":null,"fl_ha":"48.1","erhaltungsziel":"Zusammensetzung der Wohnbevölkerung (Milieuschutz)"},"geometry":{"type":"MultiPolygon","coordinates":[[[[13.343902,52.471079],[13.343806,52.471092],[13.343433,52.471081],[13.343279,52.471043],[13.343097,52.470954],[13.342245,52.470283],[13.341236,52.469448],[13.339582,52.467992],[13.339277,52.467779],[13.338372,52.467035],[13.338406,52.466982],[13.338791,52.467002],[13.338986,52.465515],[13.342865,52.463139],[13.34311,52.462982],[13.344599,52.461912],[13.344956,52.461719],[13.344565,52.464794],[13.348186,52.464974],[13.348855,52.459671],[13.3503,52.459743],[13.348957,52.470299],[13.343902,52.471079]],[[13.344304,52.467544],[13.34398,52.470104],[13.344618,52.470134],[13.344576,52.470476],[13.345695,52.470303],[13.34579,52.46955],[13.345514,52.469538],[13.345529,52.469415],[13.345502,52.469394],[13.345814,52.466927],[13.344392,52.46685],[13.344304,52.467544]]]]}},{"type":"Feature","id":62,"properties":{"schluessel":"EM0709","bezirk":"Tempelhof-Schöneberg","gebietsname":"Mariendorf","f_gvbl_dat":"18.03.2023","f_in_kraft":"19.03.2023","ae_gvbldat":null,"ae_inkraft":null,"fl_ha":"141.7","erhaltungsziel":"Zusammensetzung der Wohnbevölkerung (Milieuschutz)"},"geometry":{"type":"MultiPolygon","coordinates":[[[[13.38431,52.453511],[13.384292,52.453594],[13.383675,52.453421],[13.378997,52.45229],[13.378236,52.45212],[13.377331,52.451854],[13.375835,52.451312],[13.375356,52.451113],[13.374318,52.450609],[13.37081,52.448676],[13.369825,52.448163],[13.366148,52.44613],[13.372239,52.444476],[13.373948,52.443998],[13.375748,52.443335],[13.378123,52.44237],[13.381251,52.44098],[13.381708,52.439284],[13.382571,52.439384],[13.387301,52.440189],[13.386625,52.441911],[13.386209,52.443265],[13.389681,52.443746],[13.389523,52.444328],[13.389471,52.444722],[13.389466,52.445288],[13.389534,52.445681],[13.392733,52.44549],[13.393133,52.447561],[13.387134,52.447979],[13.386462,52.451504],[13.388189,52.451606],[13.387919,52.45305],[13.384483,52.452698],[13.38431,52.453511]]]]}},{"type":"Feature","id":63,"properties":{"schluessel":"EM0710","bezirk":"Tempelhof-Schöneberg","gebietsname":"Wittenbergplatz","f_gvbl_dat":"18.03.2023","f_in_kraft":"19.03.2023","ae_gvbldat":null,"ae_inkraft":null,"fl_ha":"29.3","erhaltungsziel":"Zusammensetzung der Wohnbevölkerung (Milieuschutz)"},"geometry":{"type":"MultiPolygon","coordinates":[[[[13.353512,52.50028],[13.353033,52.502156],[13.34715,52.503577],[13.346113,52.5038],[13.34409,52.504276],[13.341476,52.504914],[13.33944,52.503033],[13.342116,52.501934],[13.341025,52.499994],[13.342843,52.500152],[13.343903,52.500215],[13.34452,52.500298],[13.345049,52.500417],[13.345346,52.5005],[13.345618,52.500627],[13.346091,52.500902],[13.346313,52.501064],[13.346417,52.50119],[13.351634,52.500102],[13.351969,52.50005],[13.353065,52.499999],[13.353512,52.50028]]]]}},{"type":"Feature","id":64,"properties":{"schluessel":"EM0801","bezirk":"Neukölln","gebietsname":"Schillerpromenade","f_gvbl_dat":"28.06.2016","f_in_kraft":"29.06.2016","ae_gvbldat":null,"ae_inkraft":null,"fl_ha":"92.5","erhaltungsziel":"Zusammensetzung der Wohnbevölkerung (Milieuschutz)"},"geometry":{"type":"MultiPolygon","coordinates":[[[[13.422352,52.480205],[13.419711,52.479906],[13.419716,52.47992],[13.41926,52.479905],[13.418819,52.479913],[13.418047,52.47998],[13.418239,52.479329],[13.417935,52.478492],[13.417916,52.478326],[13.417952,52.478115],[13.418953,52.477892],[13.418536,52.476776],[13.418754,52.476801],[13.42008,52.471986],[13.42027,52.471842],[13.420527,52.471064],[13.420316,52.470876],[13.420122,52.470777],[13.417537,52.470361],[13.41731,52.470212],[13.417251,52.470091],[13.416196,52.469435],[13.416039,52.469152],[13.416558,52.466833],[13.416973,52.46692],[13.418282,52.467036],[13.418354,52.466648],[13.418432,52.46663],[13.419295,52.466686],[13.421035,52.466734],[13.421305,52.466785],[13.427973,52.467518],[13.430809,52.467906],[13.42985,52.469666],[13.429226,52.470886],[13.428116,52.472967],[13.426867,52.475416],[13.425693,52.47816],[13.424949,52.480497],[13.422352,52.480205]]]]}},{"type":"Feature","id":65,"properties":{"schluessel":"EM0802","bezirk":"Neukölln","gebietsname":"Reuterplatz","f_gvbl_dat":"28.06.2016","f_in_kraft":"29.06.2016","ae_gvbldat":null,"ae_inkraft":null,"fl_ha":"66.0","erhaltungsziel":"Zusammensetzung der Wohnbevölkerung (Milieuschutz)"},"geometry":{"type":"MultiPolygon","coordinates":[[[[13.430535,52.486165],[13.433765,52.48502],[13.439129,52.489097],[13.438997,52.489462],[13.438167,52.490139],[13.42831,52.493301],[13.427928,52.493361],[13.427525,52.493569],[13.425435,52.494253],[13.425068,52.494346],[13.424591,52.494527],[13.422271,52.495282],[13.420857,52.495521],[13.420789,52.495476],[13.425494,52.487952],[13.430535,52.486165]]]]}},{"type":"Feature","id":66,"properties":{"schluessel":"EM0803","bezirk":"Neukölln","gebietsname":"Flughafenstraße / Donaustraße","f_gvbl_dat":"26.07.2016","f_in_kraft":"27.07.2016","ae_gvbldat":"27.03.2019","ae_inkraft":"28.03.2019","fl_ha":"89.4","erhaltungsziel":"Zusammensetzung der Wohnbevölkerung (Milieuschutz)"},"geometry":{"type":"MultiPolygon","coordinates":[[[[13.423367,52.486449],[13.42273,52.486637],[13.422605,52.486481],[13.422576,52.485172],[13.423297,52.48517],[13.423269,52.483919],[13.423294,52.483396],[13.422579,52.483342],[13.422672,52.481993],[13.421182,52.481828],[13.42121,52.480493],[13.421255,52.480471],[13.425234,52.480919],[13.425806,52.479173],[13.432051,52.479957],[13.432284,52.480118],[13.432934,52.480206],[13.433827,52.480299],[13.433991,52.479709],[13.435192,52.479853],[13.435031,52.480424],[13.435511,52.480474],[13.435522,52.480497],[13.434936,52.4809],[13.434294,52.481374],[13.435994,52.48229],[13.437828,52.481341],[13.439757,52.481623],[13.439772,52.481661],[13.440161,52.48186],[13.444024,52.484773],[13.43791,52.487901],[13.43367,52.484675],[13.43345,52.484779],[13.425647,52.487545],[13.425589,52.487534],[13.424419,52.486123],[13.423938,52.486283],[13.423367,52.486449]]],[[[13.409456,52.488656],[13.407886,52.488861],[13.40772,52.488752],[13.407843,52.488487],[13.411798,52.487969],[13.411761,52.487864],[13.41369,52.487613],[13.413668,52.487725],[13.41848,52.487094],[13.418514,52.487473],[13.409456,52.488656]]]]}},{"type":"Feature","id":67,"properties":{"schluessel":"EM0804","bezirk":"Neukölln","gebietsname":"Rixdorf","f_gvbl_dat":"26.07.2016","f_in_kraft":"27.07.2016","ae_gvbldat":null,"ae_inkraft":null,"fl_ha":"85.9","erhaltungsziel":"Zusammensetzung der Wohnbevölkerung (Milieuschutz)"},"geometry":{"type":"MultiPolygon","coordinates":[[[[13.454546,52.472435],[13.454755,52.472602],[13.455307,52.473222],[13.455684,52.473784],[13.440104,52.481498],[13.435662,52.480846],[13.435645,52.480814],[13.437244,52.479645],[13.437807,52.478827],[13.439046,52.477139],[13.439372,52.476666],[13.439682,52.47596],[13.439818,52.475826],[13.440004,52.475353],[13.439953,52.47524],[13.440129,52.474824],[13.44075,52.473823],[13.440832,52.473728],[13.440976,52.473467],[13.440993,52.473374],[13.441265,52.472797],[13.441363,52.472401],[13.441827,52.469797],[13.450122,52.470791],[13.451866,52.471115],[13.452333,52.471176],[13.453321,52.471607],[13.453831,52.471911],[13.454117,52.472105],[13.454546,52.472435]]]]}},{"type":"Feature","id":68,"properties":{"schluessel":"EM0805","bezirk":"Neukölln","gebietsname":"Körnerpark","f_gvbl_dat":"26.07.2016","f_in_kraft":"27.07.2016","ae_gvbldat":"27.03.2019","ae_inkraft":"28.03.2019","fl_ha":"91.3","erhaltungsziel":"Zusammensetzung der Wohnbevölkerung (Milieuschutz)"},"geometry":{"type":"MultiPolygon","coordinates":[[[[13.427271,52.475482],[13.428524,52.47303],[13.429174,52.471824],[13.430225,52.469792],[13.431316,52.467787],[13.43597,52.468475],[13.438522,52.468797],[13.440087,52.469079],[13.440938,52.46916],[13.441512,52.46925],[13.441177,52.471003],[13.441153,52.471294],[13.440924,52.472656],[13.440889,52.472812],[13.440823,52.472963],[13.439766,52.474878],[13.439427,52.475717],[13.438798,52.476921],[13.437391,52.478904],[13.437051,52.479372],[13.436956,52.47947],[13.436919,52.47948],[13.434618,52.479193],[13.434429,52.479762],[13.43378,52.479683],[13.433974,52.479113],[13.430906,52.47873],[13.431138,52.478078],[13.428758,52.47778],[13.428546,52.478387],[13.428458,52.478422],[13.42617,52.478137],[13.426149,52.478117],[13.426602,52.477012],[13.426683,52.476866],[13.427271,52.475482]]]]}},{"type":"Feature","id":69,"properties":{"schluessel":"EM0806","bezirk":"Neukölln","gebietsname":"Silbersteinstraße / Glasower Straße","f_gvbl_dat":"05.08.2017","f_in_kraft":"06.08.2017","ae_gvbldat":null,"ae_inkraft":null,"fl_ha":"73.0","erhaltungsziel":"Zusammensetzung der Wohnbevölkerung (Milieuschutz)"},"geometry":{"type":"MultiPolygon","coordinates":[[[[13.448397,52.464666],[13.448,52.464583],[13.447972,52.464549],[13.447606,52.464472],[13.444178,52.463849],[13.443965,52.464063],[13.445339,52.464288],[13.44519,52.464627],[13.443699,52.464383],[13.442564,52.465532],[13.442468,52.466077],[13.442515,52.466084],[13.442231,52.467226],[13.444171,52.467424],[13.444129,52.467575],[13.444508,52.467614],[13.444534,52.467523],[13.444655,52.467536],[13.444908,52.467628],[13.445132,52.467399],[13.445371,52.467487],[13.445607,52.467542],[13.445478,52.46779],[13.44542,52.467993],[13.44518,52.467969],[13.444988,52.468559],[13.443885,52.468425],[13.444001,52.468017],[13.44345,52.467959],[13.443338,52.468359],[13.442063,52.468205],[13.441656,52.468182],[13.438059,52.467744],[13.436541,52.467455],[13.436068,52.467499],[13.431698,52.46696],[13.431459,52.466905],[13.431366,52.467068],[13.425194,52.466366],[13.42525,52.466188],[13.421553,52.465762],[13.421621,52.465301],[13.421648,52.464668],[13.423958,52.464946],[13.423816,52.465395],[13.425668,52.465613],[13.425809,52.46517],[13.426274,52.465227],[13.426203,52.465448],[13.426666,52.465503],[13.426687,52.465435],[13.426645,52.465382],[13.426663,52.465324],[13.426736,52.465283],[13.428118,52.465449],[13.428167,52.46529],[13.430013,52.465513],[13.429965,52.465671],[13.430523,52.465739],[13.430659,52.465755],[13.430708,52.465596],[13.431497,52.46569],[13.43155,52.465523],[13.43151,52.465292],[13.431681,52.465311],[13.431843,52.465076],[13.431924,52.464908],[13.430769,52.464769],[13.430864,52.464469],[13.431545,52.464551],[13.431599,52.464383],[13.431658,52.4643],[13.431622,52.46429],[13.431636,52.46427],[13.431672,52.46428],[13.431783,52.464121],[13.431884,52.464134],[13.431972,52.463875],[13.432547,52.463946],[13.432755,52.463327],[13.433545,52.463429],[13.433733,52.463213],[13.43283,52.4631],[13.433019,52.462538],[13.433431,52.462615],[13.433498,52.462442],[13.434641,52.462638],[13.434822,52.462108],[13.434849,52.462097],[13.435106,52.461391],[13.435476,52.460265],[13.440771,52.460876],[13.440935,52.460758],[13.441153,52.460075],[13.441857,52.460156],[13.441778,52.460429],[13.445947,52.460907],[13.445556,52.46143],[13.445521,52.461426],[13.445556,52.461466],[13.445299,52.461833],[13.445316,52.461835],[13.445086,52.462122],[13.445056,52.462164],[13.445072,52.462169],[13.444928,52.462366],[13.444895,52.462376],[13.444454,52.463015],[13.444391,52.463057],[13.444287,52.46321],[13.44466,52.46326],[13.445378,52.463456],[13.44725,52.463797],[13.447279,52.463736],[13.447947,52.463895],[13.447897,52.46399],[13.449568,52.464341],[13.449622,52.464244],[13.450259,52.464375],[13.450205,52.464472],[13.451375,52.464713],[13.451243,52.464989],[13.450934,52.465193],[13.448397,52.464666]]]]}},{"type":"Feature","id":70,"properties":{"schluessel":"EM0807","bezirk":"Neukölln","gebietsname":"Hertzbergplatz / Treptower Straße","f_gvbl_dat":"05.08.2017","f_in_kraft":"06.08.2017","ae_gvbldat":null,"ae_inkraft":null,"fl_ha":"75.0","erhaltungsziel":"Zusammensetzung der Wohnbevölkerung (Milieuschutz)"},"geometry":{"type":"MultiPolygon","coordinates":[[[[13.451229,52.481882],[13.447418,52.483833],[13.448191,52.484419],[13.448601,52.484216],[13.448933,52.484466],[13.449011,52.484427],[13.449468,52.484766],[13.449799,52.484598],[13.451534,52.485846],[13.452131,52.485537],[13.452193,52.485582],[13.453213,52.485084],[13.45293,52.484869],[13.453773,52.484455],[13.45344,52.484214],[13.45401,52.483923],[13.452814,52.483059],[13.454024,52.482434],[13.452461,52.48125],[13.455218,52.47984],[13.455398,52.479885],[13.456061,52.4839],[13.456067,52.484254],[13.450445,52.487149],[13.450327,52.487086],[13.448727,52.488027],[13.44866,52.487983],[13.446763,52.488955],[13.444252,52.487333],[13.443407,52.487765],[13.443271,52.4878],[13.443299,52.48782],[13.440448,52.489281],[13.440108,52.489224],[13.440619,52.487831],[13.440859,52.487426],[13.44127,52.487039],[13.441788,52.486714],[13.444869,52.485139],[13.44038,52.481753],[13.454544,52.47474],[13.454852,52.476584],[13.450182,52.478894],[13.45072,52.479301],[13.450814,52.479255],[13.451517,52.479781],[13.451855,52.479608],[13.452149,52.479831],[13.451811,52.479996],[13.452439,52.480464],[13.451834,52.480774],[13.452447,52.481258],[13.451229,52.481882]]]]}},{"type":"Feature","id":71,"properties":{"schluessel":"EM0808","bezirk":"Neukölln","gebietsname":"Germaniapromenade","f_gvbl_dat":"03.03.2020","f_in_kraft":"04.03.2020","ae_gvbldat":null,"ae_inkraft":null,"fl_ha":"34.8","erhaltungsziel":"Zusammensetzung der Wohnbevölkerung (Milieuschutz)"},"geometry":{"type":"MultiPolygon","coordinates":[[[[13.430062,52.459704],[13.431847,52.459936],[13.432369,52.458332],[13.433069,52.458472],[13.43317,52.458283],[13.434219,52.458455],[13.435183,52.458575],[13.435685,52.45863],[13.436201,52.458639],[13.436611,52.458668],[13.436564,52.458916],[13.43665,52.458926],[13.436642,52.458971],[13.441329,52.45952],[13.440935,52.460758],[13.440771,52.460876],[13.435476,52.460265],[13.435106,52.461391],[13.434849,52.462097],[13.434822,52.462108],[13.434641,52.462638],[13.433498,52.462442],[13.433431,52.462615],[13.432939,52.462523],[13.431742,52.462335],[13.426357,52.461669],[13.424317,52.461456],[13.423513,52.461541],[13.423346,52.462055],[13.423636,52.462092],[13.423392,52.462828],[13.422696,52.462744],[13.42243,52.462598],[13.422427,52.462609],[13.422133,52.462461],[13.422031,52.461608],[13.421972,52.461516],[13.423009,52.461319],[13.423108,52.460914],[13.424447,52.461065],[13.425384,52.461057],[13.425457,52.461129],[13.425717,52.461145],[13.425865,52.461094],[13.42639,52.461132],[13.426397,52.461022],[13.426676,52.461061],[13.426811,52.459041],[13.426944,52.459002],[13.427047,52.458767],[13.425224,52.457912],[13.426721,52.456966],[13.427031,52.456984],[13.427675,52.457076],[13.428519,52.457231],[13.429932,52.457546],[13.429827,52.458629],[13.429687,52.459655],[13.430062,52.459704]]]]}},{"type":"Feature","id":72,"properties":{"schluessel":"EM0809","bezirk":"Neukölln","gebietsname":"Britz","f_gvbl_dat":"03.03.2020","f_in_kraft":"04.03.2020","ae_gvbldat":null,"ae_inkraft":null,"fl_ha":"71.8","erhaltungsziel":"Zusammensetzung der Wohnbevölkerung (Milieuschutz)"},"geometry":{"type":"MultiPolygon","coordinates":[[[[13.444414,52.440968],[13.443332,52.44044],[13.442973,52.440488],[13.442643,52.440508],[13.442614,52.440451],[13.442339,52.440533],[13.441543,52.440578],[13.44168,52.441117],[13.441151,52.441439],[13.439645,52.442531],[13.439429,52.44263],[13.439238,52.44269],[13.439064,52.442718],[13.438884,52.442719],[13.438675,52.442686],[13.438492,52.442617],[13.438276,52.442473],[13.437952,52.442216],[13.4375,52.441775],[13.437054,52.441201],[13.436893,52.441186],[13.436791,52.440936],[13.436596,52.440696],[13.436413,52.440545],[13.436004,52.440272],[13.436596,52.439932],[13.437256,52.439619],[13.442156,52.437693],[13.442677,52.437514],[13.443196,52.437367],[13.443722,52.437248],[13.444235,52.437157],[13.444778,52.437087],[13.445457,52.437035],[13.446173,52.437022],[13.447808,52.437052],[13.447784,52.437065],[13.448616,52.43708],[13.448985,52.437073],[13.448858,52.436873],[13.449122,52.436502],[13.449445,52.436149],[13.450383,52.435234],[13.450933,52.436691],[13.451285,52.437483],[13.452079,52.438767],[13.452377,52.439177],[13.45265,52.439488],[13.453905,52.440758],[13.454335,52.441141],[13.455961,52.4425],[13.454837,52.445286],[13.444156,52.445704],[13.44413,52.445441],[13.443205,52.444419],[13.444687,52.443732],[13.444875,52.443884],[13.444947,52.443852],[13.444329,52.443353],[13.446908,52.442208],[13.446685,52.441966],[13.446526,52.441692],[13.446456,52.441456],[13.446422,52.440979],[13.445015,52.441043],[13.444709,52.441021],[13.444414,52.440968]],[[13.447527,52.443051],[13.447353,52.442918],[13.445372,52.443796],[13.44617,52.444583],[13.446222,52.444686],[13.446436,52.445376],[13.446952,52.445319],[13.446967,52.445365],[13.447999,52.445249],[13.448015,52.4453],[13.448532,52.445241],[13.448547,52.445287],[13.44909,52.445223],[13.449026,52.444928],[13.44892,52.444614],[13.448774,52.444295],[13.448634,52.444068],[13.448372,52.443768],[13.448101,52.4435],[13.447527,52.443051]],[[13.453515,52.445056],[13.453798,52.445033],[13.45381,52.445085],[13.45437,52.445034],[13.454417,52.444918],[13.454317,52.444509],[13.455001,52.442852],[13.452232,52.44343],[13.452423,52.443784],[13.452615,52.444217],[13.45284,52.444941],[13.453439,52.444891],[13.453478,52.44506],[13.453515,52.445056]]]]}},{"type":"Feature","id":73,"properties":{"schluessel":"EM0810","bezirk":"Neukölln","gebietsname":"Gropiusstadt","f_gvbl_dat":"14.11.2020","f_in_kraft":"15.11.2020","ae_gvbldat":null,"ae_inkraft":null,"fl_ha":"160.8","erhaltungsziel":"Zusammensetzung der Wohnbevölkerung (Milieuschutz)"},"geometry":{"type":"MultiPolygon","coordinates":[[[[13.469452,52.426671],[13.467846,52.427722],[13.469701,52.428817],[13.470224,52.42917],[13.470742,52.42956],[13.470051,52.429981],[13.47005,52.430231],[13.470088,52.430231],[13.470086,52.430909],[13.470142,52.43101],[13.471375,52.431774],[13.471601,52.431643],[13.471803,52.431551],[13.472104,52.431454],[13.472477,52.431357],[13.472793,52.431833],[13.473065,52.432323],[13.472994,52.43241],[13.47293,52.43244],[13.472245,52.432026],[13.472046,52.432149],[13.47215,52.432213],[13.471929,52.432342],[13.471775,52.432245],[13.471561,52.432373],[13.471756,52.432495],[13.471719,52.432516],[13.47187,52.432614],[13.471816,52.432646],[13.472105,52.432832],[13.471955,52.432903],[13.471332,52.432501],[13.470608,52.43292],[13.470553,52.432883],[13.470355,52.43299],[13.470587,52.433146],[13.470386,52.433258],[13.470265,52.433174],[13.4696,52.433439],[13.468917,52.432946],[13.468715,52.43305],[13.467932,52.432484],[13.468568,52.432485],[13.46865,52.431986],[13.465856,52.430048],[13.465345,52.429659],[13.465003,52.429434],[13.464023,52.42986],[13.461593,52.430757],[13.461062,52.430981],[13.460687,52.431191],[13.460419,52.431379],[13.459768,52.43198],[13.460263,52.432188],[13.460811,52.432385],[13.46247,52.432872],[13.462394,52.432997],[13.462801,52.433346],[13.462242,52.433845],[13.461823,52.43406],[13.461632,52.434156],[13.460643,52.434544],[13.46062,52.434521],[13.459882,52.434794],[13.456719,52.431583],[13.456535,52.431443],[13.454445,52.43206],[13.456066,52.434144],[13.456653,52.434744],[13.455165,52.435189],[13.45493,52.434823],[13.454722,52.434545],[13.454067,52.434742],[13.453366,52.435008],[13.453048,52.435159],[13.452694,52.435355],[13.452201,52.435691],[13.451288,52.436436],[13.450886,52.435406],[13.45079,52.435098],[13.450518,52.433659],[13.450506,52.433368],[13.449623,52.433015],[13.449242,52.433016],[13.44919,52.432801],[13.448814,52.431765],[13.447644,52.429196],[13.44754,52.429021],[13.447353,52.428731],[13.447135,52.428449],[13.446888,52.428175],[13.446611,52.427908],[13.446395,52.427738],[13.446142,52.427583],[13.446043,52.427587],[13.445915,52.427541],[13.446537,52.427102],[13.446522,52.427043],[13.445545,52.426665],[13.446098,52.426083],[13.446308,52.425901],[13.446616,52.425684],[13.447104,52.425417],[13.447556,52.425223],[13.447926,52.425148],[13.449297,52.424734],[13.449382,52.424792],[13.449023,52.424987],[13.449022,52.425312],[13.449096,52.425322],[13.449583,52.425028],[13.450142,52.424784],[13.451222,52.424408],[13.452185,52.424132],[13.461967,52.421841],[13.463137,52.421512],[13.463544,52.421522],[13.464197,52.421593],[13.465352,52.421809],[13.465702,52.421853],[13.466353,52.421889],[13.466846,52.421874],[13.466575,52.422727],[13.466891,52.42279],[13.46717,52.42289],[13.467532,52.423069],[13.467596,52.423156],[13.467845,52.423912],[13.468034,52.4247],[13.468614,52.426006],[13.470081,52.425966],[13.470222,52.426251],[13.469821,52.426452],[13.469452,52.426671]],[[13.44675,52.427052],[13.446727,52.427069],[13.446781,52.427064],[13.44675,52.427052]]]]}},{"type":"Feature","id":74,"properties":{"schluessel":"EM0902","bezirk":"Treptow-Köpenick","gebietsname":"Alt-Treptow","f_gvbl_dat":"26.05.2020","f_in_kraft":"27.05.2020","ae_gvbldat":null,"ae_inkraft":null,"fl_ha":"42.7","erhaltungsziel":"Zusammensetzung der Wohnbevölkerung (Milieuschutz)"},"geometry":{"type":"MultiPolygon","coordinates":[[[[13.444685,52.493006],[13.444725,52.492982],[13.444521,52.492829],[13.444486,52.49285],[13.444145,52.492601],[13.443177,52.493037],[13.440729,52.491138],[13.440458,52.490973],[13.440228,52.490861],[13.440037,52.490733],[13.439893,52.490603],[13.439761,52.490353],[13.439657,52.489907],[13.444238,52.487572],[13.448061,52.490039],[13.450142,52.488824],[13.450243,52.488891],[13.450867,52.488924],[13.451611,52.488504],[13.450096,52.487553],[13.45298,52.486063],[13.453262,52.486266],[13.451474,52.48718],[13.452723,52.488121],[13.453555,52.487682],[13.454211,52.487996],[13.4547,52.488254],[13.45666,52.486865],[13.456252,52.486655],[13.456941,52.486166],[13.45748,52.486444],[13.456579,52.487117],[13.457634,52.487738],[13.457721,52.487817],[13.457564,52.487974],[13.457709,52.488059],[13.457005,52.488514],[13.457247,52.488725],[13.458043,52.48932],[13.456006,52.490331],[13.45496,52.489546],[13.454253,52.489851],[13.452818,52.490557],[13.452281,52.490274],[13.452096,52.490147],[13.449539,52.491954],[13.447777,52.492771],[13.445476,52.493597],[13.444685,52.493006]]]]}},{"type":"Feature","id":75,"properties":{"schluessel":"EM0903","bezirk":"Treptow-Köpenick","gebietsname":"Niederschöneweide","f_gvbl_dat":"25.02.2023","f_in_kraft":"26.02.2023","ae_gvbldat":null,"ae_inkraft":null,"fl_ha":"26.6","erhaltungsziel":"Zusammensetzung der Wohnbevölkerung (Milieuschutz)"},"geometry":{"type":"MultiPolygon","coordinates":[[[[13.521249,52.453766],[13.519339,52.454163],[13.520765,52.454981],[13.520651,52.455202],[13.520456,52.455714],[13.520446,52.455918],[13.520351,52.456102],[13.51967,52.456618],[13.518993,52.457025],[13.518869,52.457071],[13.517903,52.45616],[13.516087,52.455672],[13.515977,52.455832],[13.515978,52.455871],[13.515235,52.456142],[13.514992,52.455896],[13.514791,52.455786],[13.514349,52.455665],[13.514242,52.455795],[13.514145,52.455853],[13.514215,52.455885],[13.513882,52.456088],[13.51351,52.456258],[13.512839,52.456496],[13.512789,52.456444],[13.512166,52.456649],[13.512354,52.456847],[13.511745,52.45705],[13.512118,52.457446],[13.512721,52.457233],[13.513417,52.457967],[13.512802,52.458186],[13.513402,52.458811],[13.512763,52.459104],[13.512808,52.45927],[13.512154,52.459541],[13.511898,52.459374],[13.512003,52.459325],[13.510533,52.457783],[13.510597,52.457761],[13.510338,52.45752],[13.510408,52.457486],[13.509603,52.456825],[13.510787,52.455994],[13.512329,52.454967],[13.51235,52.454983],[13.513426,52.454251],[13.514176,52.455092],[13.515512,52.454649],[13.515839,52.454565],[13.515722,52.454298],[13.515108,52.453888],[13.514873,52.453921],[13.514348,52.45363],[13.515091,52.453125],[13.516906,52.452827],[13.518225,52.453562],[13.518598,52.453529],[13.527668,52.451651],[13.528388,52.451619],[13.528826,52.452139],[13.527927,52.452175],[13.525755,52.452621],[13.525986,52.453036],[13.524753,52.453327],[13.523995,52.453535],[13.522629,52.453983],[13.521716,52.454346],[13.521368,52.453985],[13.521249,52.453766]]]]}},{"type":"Feature","id":76,"properties":{"schluessel":"EM0904","bezirk":"Treptow-Köpenick","gebietsname":"Oberschöneweide","f_gvbl_dat":"25.02.2023","f_in_kraft":"26.02.2023","ae_gvbldat":null,"ae_inkraft":null,"fl_ha":"51.1","erhaltungsziel":"Zusammensetzung der Wohnbevölkerung (Milieuschutz)"},"geometry":{"type":"MultiPolygon","coordinates":[[[[13.513439,52.467365],[13.513357,52.467196],[13.512969,52.467481],[13.510832,52.469589],[13.510074,52.470264],[13.509663,52.470168],[13.509177,52.469991],[13.505051,52.468132],[13.505027,52.468066],[13.506376,52.466425],[13.506474,52.466408],[13.50769,52.466785],[13.508068,52.466872],[13.508718,52.466982],[13.508791,52.467037],[13.508998,52.466835],[13.509341,52.465995],[13.510197,52.465056],[13.507985,52.464101],[13.507,52.465281],[13.505804,52.464908],[13.506731,52.463817],[13.50543,52.463417],[13.505984,52.463136],[13.506783,52.462793],[13.507002,52.463028],[13.507285,52.46328],[13.507721,52.463541],[13.508228,52.463755],[13.508419,52.463816],[13.508842,52.463705],[13.517785,52.461698],[13.51842,52.461547],[13.517916,52.460713],[13.51817,52.460655],[13.518137,52.4606],[13.518551,52.460507],[13.518539,52.460487],[13.51883,52.460422],[13.51886,52.460473],[13.519751,52.46027],[13.520154,52.460201],[13.519905,52.459729],[13.520283,52.459655],[13.520535,52.460125],[13.520573,52.460118],[13.521011,52.460966],[13.521133,52.460939],[13.526697,52.45852],[13.527362,52.458026],[13.52807,52.458378],[13.530054,52.459515],[13.530255,52.45939],[13.530952,52.459805],[13.532067,52.460205],[13.532028,52.460244],[13.532473,52.460404],[13.532051,52.460848],[13.531524,52.460758],[13.531317,52.460972],[13.529411,52.459877],[13.529238,52.460013],[13.528729,52.460344],[13.528432,52.460169],[13.525162,52.46169],[13.524602,52.461242],[13.522791,52.462076],[13.52261,52.461973],[13.522359,52.461761],[13.521412,52.462189],[13.520853,52.461628],[13.518849,52.461911],[13.517452,52.462199],[13.51742,52.462256],[13.517036,52.462233],[13.516712,52.462306],[13.516732,52.462339],[13.515814,52.462525],[13.514953,52.463043],[13.514407,52.463561],[13.51426,52.463757],[13.51395,52.463734],[13.513807,52.464418],[13.513776,52.46485],[13.515186,52.464953],[13.514466,52.468288],[13.514422,52.468335],[13.514345,52.468361],[13.514267,52.468357],[13.514197,52.468316],[13.513557,52.467621],[13.513439,52.467365]]],[[[13.517091,52.461846],[13.516885,52.461894],[13.516807,52.461912],[13.516512,52.461978],[13.516433,52.461995],[13.516396,52.462004],[13.516268,52.462032],[13.516209,52.462045],[13.517091,52.461846]]],[[[13.517677,52.461717],[13.51767,52.461718],[13.517637,52.461725],[13.517717,52.461707],[13.517677,52.461717]]],[[[13.517315,52.461795],[13.517167,52.461829],[13.517164,52.46183],[13.517315,52.461795]]]]}},{"type":"Feature","id":77,"properties":{"schluessel":"EM1101","bezirk":"Lichtenberg","gebietsname":"Kaskelstraße","f_gvbl_dat":"21.07.2017","f_in_kraft":"22.07.2017","ae_gvbldat":null,"ae_inkraft":null,"fl_ha":"28.2","erhaltungsziel":"Zusammensetzung der Wohnbevölkerung (Milieuschutz)"},"geometry":{"type":"MultiPolygon","coordinates":[[[[13.475763,52.505064],[13.475526,52.504909],[13.475388,52.504795],[13.475171,52.504547],[13.475082,52.504258],[13.475075,52.503673],[13.475114,52.503435],[13.475019,52.503255],[13.474939,52.502899],[13.474881,52.502749],[13.475215,52.502692],[13.475408,52.502616],[13.475372,52.502256],[13.475227,52.501932],[13.477116,52.501591],[13.477754,52.501634],[13.477763,52.501579],[13.478392,52.501448],[13.478914,52.501309],[13.479401,52.501147],[13.479685,52.501028],[13.482245,52.500101],[13.4823,52.500116],[13.482284,52.500122],[13.483824,52.500885],[13.483312,52.502042],[13.483452,52.50208],[13.483396,52.502225],[13.483234,52.502238],[13.482949,52.502961],[13.483201,52.503029],[13.483038,52.503446],[13.482748,52.503509],[13.482358,52.504365],[13.482273,52.504514],[13.482034,52.504842],[13.481722,52.505157],[13.481515,52.505331],[13.481326,52.505472],[13.480874,52.505754],[13.48061,52.505879],[13.479272,52.506428],[13.478454,52.506733],[13.477483,52.506947],[13.477383,52.506809],[13.476392,52.505698],[13.476438,52.50567],[13.476287,52.505393],[13.475984,52.505184],[13.475763,52.505064]]]]}},{"type":"Feature","id":78,"properties":{"schluessel":"EM1102","bezirk":"Lichtenberg","gebietsname":"Weitlingstraße","f_gvbl_dat":"21.06.2018","f_in_kraft":"22.06.2018","ae_gvbldat":null,"ae_inkraft":null,"fl_ha":"88.0","erhaltungsziel":"Zusammensetzung der Wohnbevölkerung (Milieuschutz)"},"geometry":{"type":"MultiPolygon","coordinates":[[[[13.500208,52.505014],[13.500348,52.505169],[13.500662,52.505118],[13.503266,52.504603],[13.504232,52.506174],[13.504217,52.506197],[13.504333,52.506392],[13.504503,52.506546],[13.505888,52.50881],[13.505033,52.509082],[13.505247,52.509382],[13.505682,52.510471],[13.504452,52.510544],[13.504419,52.510544],[13.504397,52.510525],[13.504391,52.510545],[13.503729,52.51058],[13.501652,52.510778],[13.501502,52.510203],[13.500834,52.510419],[13.500772,52.510409],[13.500148,52.509673],[13.498424,52.509965],[13.497695,52.508829],[13.497098,52.508956],[13.496929,52.509075],[13.496258,52.508721],[13.495978,52.50823],[13.49569,52.508252],[13.495151,52.508338],[13.494738,52.508385],[13.493887,52.507989],[13.492475,52.507291],[13.491613,52.506904],[13.491153,52.506657],[13.490212,52.506191],[13.488299,52.505134],[13.488554,52.505077],[13.487492,52.504517],[13.486309,52.503942],[13.485333,52.503541],[13.484518,52.503251],[13.484502,52.502976],[13.487047,52.502385],[13.486862,52.502091],[13.487482,52.501382],[13.489209,52.499966],[13.490476,52.500541],[13.492724,52.499335],[13.49284,52.499108],[13.493354,52.498832],[13.494816,52.500586],[13.495445,52.500454],[13.49635,52.500649],[13.496696,52.500737],[13.49676,52.500772],[13.500208,52.505014]]]]}},{"type":"Feature","id":79,"properties":{"schluessel":"EM1103","bezirk":"Lichtenberg","gebietsname":"Fanningerstraße","f_gvbl_dat":"17.08.2021","f_in_kraft":"18.08.2021","ae_gvbldat":null,"ae_inkraft":null,"fl_ha":"30.7","erhaltungsziel":"Zusammensetzung der Wohnbevölkerung (Milieuschutz)"},"geometry":{"type":"MultiPolygon","coordinates":[[[[13.490903,52.512297],[13.493828,52.512001],[13.493859,52.512028],[13.494077,52.512006],[13.494526,52.512091],[13.495806,52.51199],[13.495807,52.511723],[13.496027,52.511728],[13.497776,52.511555],[13.498764,52.511762],[13.501889,52.512994],[13.502563,52.513221],[13.503135,52.513585],[13.493114,52.51458],[13.493516,52.516101],[13.496401,52.515812],[13.496582,52.516502],[13.496017,52.516561],[13.495969,52.516386],[13.495408,52.516443],[13.49538,52.516329],[13.492979,52.516565],[13.493021,52.516716],[13.487975,52.517215],[13.487577,52.515723],[13.487718,52.51571],[13.488754,52.51553],[13.488811,52.515312],[13.490271,52.515174],[13.489817,52.513434],[13.488674,52.513543],[13.48841,52.512525],[13.490854,52.512278],[13.490883,52.5123],[13.490903,52.512297]]]]}},{"type":"Feature","id":80,"properties":{"schluessel":"EM1201","bezirk":"Reinickendorf","gebietsname":"Letteplatz","f_gvbl_dat":"29.12.2018","f_in_kraft":"30.12.2018","ae_gvbldat":null,"ae_inkraft":null,"fl_ha":"89.8","erhaltungsziel":"Zusammensetzung der Wohnbevölkerung (Milieuschutz)"},"geometry":{"type":"MultiPolygon","coordinates":[[[[13.360293,52.560632],[13.36491,52.561371],[13.365518,52.558147],[13.366657,52.558228],[13.369558,52.559729],[13.36992,52.559941],[13.370831,52.560541],[13.371707,52.560731],[13.376914,52.560843],[13.378819,52.568137],[13.364097,52.566303],[13.363888,52.566318],[13.36291,52.566192],[13.362715,52.566563],[13.360378,52.566178],[13.360608,52.565637],[13.36068,52.565545],[13.360737,52.565528],[13.361048,52.565499],[13.361549,52.565428],[13.361844,52.565363],[13.3619,52.565362],[13.362138,52.565299],[13.362262,52.565221],[13.362379,52.565171],[13.362617,52.564986],[13.362865,52.564664],[13.362985,52.564548],[13.362848,52.564268],[13.362864,52.564035],[13.362755,52.563902],[13.362633,52.563668],[13.362481,52.563532],[13.362336,52.563462],[13.362104,52.563381],[13.361754,52.563289],[13.361461,52.563237],[13.360889,52.563188],[13.360408,52.563197],[13.359841,52.563261],[13.359388,52.56336],[13.358602,52.563458],[13.356819,52.563565],[13.356598,52.563485],[13.354994,52.563213],[13.355492,52.56219],[13.356119,52.562194],[13.360013,52.56198],[13.360293,52.560632]]]]}},{"type":"Feature","id":81,"properties":{"schluessel":"EM1202","bezirk":"Reinickendorf","gebietsname":"Scharnweberstraße/Klixstraße","f_gvbl_dat":"29.10.2021","f_in_kraft":"30.10.2021","ae_gvbldat":null,"ae_inkraft":null,"fl_ha":"60.0","erhaltungsziel":"Zusammensetzung der Wohnbevölkerung (Milieuschutz)"},"geometry":{"type":"MultiPolygon","coordinates":[[[[13.318092,52.570881],[13.313123,52.571548],[13.314244,52.5746],[13.31265,52.574817],[13.311672,52.573782],[13.311516,52.57358],[13.311472,52.573558],[13.310206,52.571939],[13.310194,52.571732],[13.309361,52.570566],[13.308176,52.569072],[13.307879,52.568671],[13.307611,52.568228],[13.307766,52.568167],[13.308554,52.56815],[13.309364,52.567876],[13.311259,52.567824],[13.312067,52.567737],[13.311652,52.567212],[13.312053,52.567124],[13.313895,52.566545],[13.314476,52.566376],[13.31703,52.565821],[13.318472,52.565535],[13.318957,52.565453],[13.320589,52.565048],[13.324154,52.56411],[13.324409,52.564799],[13.324292,52.565142],[13.323224,52.565399],[13.323396,52.565666],[13.323378,52.565686],[13.32276,52.56577],[13.32358,52.567996],[13.322825,52.568106],[13.323509,52.569946],[13.32322,52.570192],[13.318092,52.570881]]]]}},{"type":"Feature","id":82,"properties":{"schluessel":"ES0101","bezirk":"Mitte","gebietsname":"Poststadion","f_gvbl_dat":"30.12.1988","f_in_kraft":"31.12.1988","ae_gvbldat":null,"ae_inkraft":null,"fl_ha":"53.2","erhaltungsziel":"Städtebauliche Eigenart"},"geometry":{"type":"MultiPolygon","coordinates":[[[[13.351796,52.53097],[13.356353,52.525538],[13.364195,52.52797],[13.357463,52.535972],[13.351932,52.533186],[13.353385,52.531464],[13.351796,52.53097]]]]}},{"type":"Feature","id":83,"properties":{"schluessel":"ES0102","bezirk":"Mitte","gebietsname":"Spandauer Vorstadt","f_gvbl_dat":"25.06.1993","f_in_kraft":"26.06.1993","ae_gvbldat":null,"ae_inkraft":null,"fl_ha":"109.1","erhaltungsziel":"Städtebauliche Eigenart"},"geometry":{"type":"MultiPolygon","coordinates":[[[[13.396102,52.522259],[13.396944,52.522079],[13.397715,52.52227],[13.39824,52.522346],[13.398728,52.522387],[13.400145,52.522442],[13.40015,52.522432],[13.400427,52.522448],[13.400824,52.522494],[13.40126,52.522558],[13.402037,52.5227],[13.402978,52.522918],[13.403,52.522881],[13.403555,52.523009],[13.403565,52.523001],[13.404402,52.523229],[13.40479,52.523313],[13.405391,52.523396],[13.405801,52.523423],[13.406267,52.523424],[13.406827,52.523386],[13.407273,52.523321],[13.407689,52.523233],[13.408054,52.523132],[13.408432,52.523],[13.408909,52.522809],[13.408929,52.522813],[13.409524,52.522561],[13.409935,52.522803],[13.409414,52.523019],[13.411416,52.525693],[13.412214,52.525438],[13.412785,52.526212],[13.415108,52.526957],[13.414673,52.527249],[13.414416,52.527394],[13.414206,52.527484],[13.411472,52.528261],[13.411236,52.528316],[13.409543,52.528605],[13.40883,52.528779],[13.408021,52.528929],[13.403738,52.529655],[13.403498,52.529677],[13.402027,52.529601],[13.401775,52.529609],[13.400528,52.529495],[13.400242,52.52948],[13.400158,52.529503],[13.397722,52.529366],[13.397425,52.529329],[13.394186,52.528544],[13.393787,52.528434],[13.387279,52.527097],[13.387399,52.526402],[13.387494,52.526137],[13.387727,52.524874],[13.387792,52.524371],[13.38949,52.52437],[13.389749,52.523439],[13.388926,52.523409],[13.389002,52.523154],[13.389227,52.522589],[13.391116,52.522684],[13.391816,52.522683],[13.392513,52.522648],[13.393472,52.522575],[13.395499,52.522352],[13.396102,52.522259]]]]}},{"type":"Feature","id":84,"properties":{"schluessel":"ES0103","bezirk":"Mitte","gebietsname":"Südliche Brunnenstraße Teile der Rosenthaler Vorstadt","f_gvbl_dat":"09.12.1995","f_in_kraft":"10.12.1995","ae_gvbldat":null,"ae_inkraft":null,"fl_ha":"18.8","erhaltungsziel":"Städtebauliche Eigenart"},"geometry":{"type":"MultiPolygon","coordinates":[[[[13.393369,52.533855],[13.396154,52.532453],[13.394036,52.532199],[13.395724,52.528994],[13.397502,52.529423],[13.401359,52.529633],[13.398951,52.532448],[13.398022,52.534946],[13.396118,52.534551],[13.393369,52.533855]]]]}},{"type":"Feature","id":85,"properties":{"schluessel":"ES0104","bezirk":"Mitte","gebietsname":"Friedrich-Wilhelm-Stadt","f_gvbl_dat":"31.08.1996","f_in_kraft":"01.09.1996","ae_gvbldat":null,"ae_inkraft":null,"fl_ha":"69.5","erhaltungsziel":"Städtebauliche Eigenart"},"geometry":{"type":"MultiPolygon","coordinates":[[[[13.380482,52.521443],[13.381014,52.52144],[13.382005,52.521465],[13.382599,52.521442],[13.383644,52.521291],[13.384353,52.521126],[13.384977,52.52093],[13.385133,52.520899],[13.385933,52.521338],[13.387886,52.52254],[13.387065,52.527234],[13.386641,52.527658],[13.386007,52.528212],[13.38306,52.530564],[13.3795,52.529539],[13.379271,52.529438],[13.3744,52.528009],[13.37456,52.52774],[13.374626,52.527577],[13.374697,52.52725],[13.3747,52.526921],[13.374641,52.526723],[13.374519,52.526507],[13.374247,52.526222],[13.373987,52.526017],[13.373974,52.52526],[13.374267,52.525151],[13.374653,52.524979],[13.374917,52.52484],[13.375283,52.524617],[13.375786,52.524171],[13.377129,52.522832],[13.377314,52.522609],[13.377632,52.522349],[13.377591,52.522342],[13.37795,52.52211],[13.378214,52.521973],[13.378596,52.521821],[13.379214,52.521628],[13.379681,52.521526],[13.380027,52.521474],[13.380482,52.521443]]]]}},{"type":"Feature","id":86,"properties":{"schluessel":"ES0105","bezirk":"Mitte","gebietsname":"Dorotheenstadt, Friedrichstadt","f_gvbl_dat":"10.04.1997","f_in_kraft":"11.04.1997","ae_gvbldat":null,"ae_inkraft":null,"fl_ha":"98.7","erhaltungsziel":"Städtebauliche Eigenart"},"geometry":{"type":"MultiPolygon","coordinates":[[[[13.398157,52.51777],[13.397638,52.518841],[13.397372,52.519248],[13.397058,52.519536],[13.396225,52.519908],[13.393371,52.521923],[13.39247,52.522129],[13.39177,52.522164],[13.39087,52.522178],[13.389236,52.522109],[13.388616,52.52205],[13.388441,52.522015],[13.388304,52.521969],[13.387746,52.521716],[13.385324,52.520278],[13.385605,52.518606],[13.385658,52.518443],[13.385775,52.517769],[13.386141,52.515557],[13.389181,52.515757],[13.389503,52.513782],[13.386509,52.513597],[13.386769,52.512032],[13.386902,52.51115],[13.386911,52.510948],[13.388816,52.508915],[13.390434,52.507987],[13.390463,52.507799],[13.398962,52.508312],[13.399951,52.509665],[13.40052,52.510205],[13.400736,52.510191],[13.400871,52.510198],[13.400855,52.510311],[13.400946,52.510317],[13.400941,52.510377],[13.401543,52.51041],[13.401456,52.510945],[13.393611,52.510465],[13.39329,52.512426],[13.396302,52.512596],[13.396285,52.512717],[13.395836,52.512695],[13.395833,52.512786],[13.396096,52.513272],[13.397048,52.513413],[13.396678,52.515142],[13.395552,52.515067],[13.395296,52.516253],[13.395307,52.516381],[13.395188,52.517104],[13.395133,52.517666],[13.396109,52.517732],[13.396373,52.51765],[13.398157,52.51777]]]]}},{"type":"Feature","id":87,"properties":{"schluessel":"ES0106","bezirk":"Mitte","gebietsname":"Karl-Marx-Allee II. Bauabschnitt","f_gvbl_dat":"07.11.2015","f_in_kraft":"08.11.2015","ae_gvbldat":null,"ae_inkraft":null,"fl_ha":"58.7","erhaltungsziel":"Städtebauliche Eigenart"},"geometry":{"type":"MultiPolygon","coordinates":[[[[13.424411,52.514164],[13.425096,52.51507],[13.426754,52.517959],[13.426339,52.518045],[13.426332,52.518032],[13.426151,52.518069],[13.426305,52.518289],[13.425927,52.518392],[13.426917,52.519744],[13.42743,52.519612],[13.428401,52.519586],[13.42919,52.521204],[13.429181,52.521224],[13.425548,52.522791],[13.425908,52.522831],[13.426004,52.522925],[13.426154,52.52293],[13.42604,52.522964],[13.425619,52.523026],[13.425327,52.523098],[13.421314,52.52429],[13.420689,52.523504],[13.419699,52.522313],[13.419248,52.522455],[13.418436,52.522234],[13.418523,52.52209],[13.417669,52.521376],[13.416596,52.521701],[13.415592,52.520782],[13.416688,52.519854],[13.417141,52.519424],[13.417657,52.518841],[13.41794,52.51845],[13.418235,52.517883],[13.418407,52.517328],[13.418468,52.516858],[13.418463,52.516391],[13.418554,52.51639],[13.418532,52.516259],[13.418451,52.516166],[13.418443,52.515984],[13.418484,52.515848],[13.418594,52.515724],[13.41871,52.51565],[13.418948,52.515555],[13.418972,52.515586],[13.419653,52.515381],[13.419616,52.515327],[13.420261,52.5151],[13.420418,52.514998],[13.420683,52.514894],[13.424064,52.51374],[13.424411,52.514164]]]]}},{"type":"Feature","id":88,"properties":{"schluessel":"ES0107","bezirk":"Mitte","gebietsname":"erweitertes Gebiet südliche Brunnenstraße Teile der Rosenthaler Vorstadt","f_gvbl_dat":"14.12.2000","f_in_kraft":"15.12.2000","ae_gvbldat":null,"ae_inkraft":null,"fl_ha":"57.8","erhaltungsziel":"Städtebauliche Eigenart"},"geometry":{"type":"MultiPolygon","coordinates":[[[[13.390285,52.535418],[13.393369,52.533855],[13.396118,52.534551],[13.398022,52.534946],[13.398896,52.532595],[13.403183,52.533599],[13.404322,52.533131],[13.40685,52.535865],[13.406692,52.536211],[13.405178,52.539195],[13.404705,52.540188],[13.404195,52.540402],[13.396339,52.538185],[13.395859,52.538084],[13.393517,52.537419],[13.393229,52.537263],[13.390425,52.535481],[13.390285,52.535418]]],[[[13.395724,52.528994],[13.394719,52.530901],[13.391872,52.530049],[13.393822,52.528536],[13.395724,52.528994]]]]}},{"type":"Feature","id":89,"properties":{"schluessel":"ES0108","bezirk":"Mitte","gebietsname":"Heinrich-Heine-Siedlung","f_gvbl_dat":"25.01.2001","f_in_kraft":"26.01.2001","ae_gvbldat":null,"ae_inkraft":null,"fl_ha":"12.6","erhaltungsziel":"Städtebauliche Eigenart"},"geometry":{"type":"MultiPolygon","coordinates":[[[[13.413568,52.51079],[13.413496,52.510845],[13.413308,52.511068],[13.412207,52.510715],[13.411548,52.510474],[13.41047,52.510465],[13.409961,52.510539],[13.40861,52.510248],[13.408297,52.510123],[13.407677,52.509738],[13.40904,52.508407],[13.409638,52.507617],[13.410135,52.507933],[13.410156,52.507924],[13.410236,52.507946],[13.410289,52.507934],[13.41113,52.507457],[13.411659,52.507241],[13.412059,52.507254],[13.412091,52.507236],[13.412576,52.507525],[13.412688,52.507533],[13.413333,52.50834],[13.413516,52.508448],[13.415219,52.510526],[13.415202,52.510579],[13.415157,52.510613],[13.41413,52.510973],[13.413954,52.510973],[13.413568,52.51079]]]]}},{"type":"Feature","id":90,"properties":{"schluessel":"ES0109","bezirk":"Mitte","gebietsname":"westliches Ergänzungsgebiet südliche Brunnenstraße","f_gvbl_dat":"28.02.2004","f_in_kraft":"29.02.2004","ae_gvbldat":null,"ae_inkraft":null,"fl_ha":"16.8","erhaltungsziel":"Städtebauliche Eigenart"},"geometry":{"type":"MultiPolygon","coordinates":[[[[13.390285,52.535418],[13.390155,52.535484],[13.388245,52.533805],[13.387816,52.533211],[13.389972,52.531552],[13.391872,52.530049],[13.394719,52.530901],[13.394036,52.532199],[13.396154,52.532453],[13.390285,52.535418]]]]}},{"type":"Feature","id":91,"properties":{"schluessel":"ES0110","bezirk":"Mitte","gebietsname":"Köllnischer Park mit Umgebung","f_gvbl_dat":"28.10.2006","f_in_kraft":"29.10.2006","ae_gvbldat":null,"ae_inkraft":null,"fl_ha":"22.0","erhaltungsziel":"Städtebauliche Eigenart"},"geometry":{"type":"MultiPolygon","coordinates":[[[[13.413917,52.511008],[13.414023,52.511025],[13.414174,52.51101],[13.415096,52.510685],[13.415164,52.510709],[13.415196,52.510698],[13.41529,52.510809],[13.416121,52.510556],[13.416463,52.510999],[13.418142,52.510558],[13.418762,52.511534],[13.418536,52.511588],[13.418842,52.512032],[13.419149,52.511942],[13.419091,52.511859],[13.41988,52.511662],[13.42034,52.512308],[13.420945,52.512979],[13.417987,52.513951],[13.417466,52.514103],[13.417187,52.514134],[13.417121,52.514211],[13.416736,52.514292],[13.416371,52.514338],[13.414931,52.514428],[13.414509,52.514433],[13.414141,52.514388],[13.41136,52.513459],[13.411082,52.513361],[13.410845,52.513214],[13.408488,52.512414],[13.408169,52.512276],[13.407889,52.512128],[13.407425,52.511951],[13.407179,52.51184],[13.406762,52.511707],[13.4058,52.511489],[13.40585,52.511225],[13.40675,52.511357],[13.40866,52.511971],[13.409642,52.512176],[13.410559,52.512472],[13.410887,52.512091],[13.411374,52.512246],[13.411791,52.511899],[13.411513,52.511561],[13.411688,52.51146],[13.412287,52.510838],[13.41323,52.511161],[13.413517,52.510821],[13.413917,52.511008]]]]}},{"type":"Feature","id":92,"properties":{"schluessel":"ES0111","bezirk":"Mitte","gebietsname":"Luisenstädtischer Kanal mit Umfeld","f_gvbl_dat":"28.10.2006","f_in_kraft":"29.10.2006","ae_gvbldat":null,"ae_inkraft":null,"fl_ha":"26.3","erhaltungsziel":"Städtebauliche Eigenart"},"geometry":{"type":"MultiPolygon","coordinates":[[[[13.421811,52.505043],[13.422668,52.504987],[13.423098,52.504981],[13.423609,52.505001],[13.424104,52.505044],[13.424713,52.505133],[13.425498,52.505322],[13.425822,52.505425],[13.42671,52.505799],[13.4272,52.505666],[13.428816,52.50798],[13.429028,52.508035],[13.429402,52.508572],[13.42924,52.508671],[13.429185,52.508824],[13.429123,52.508867],[13.429129,52.508901],[13.428898,52.50897],[13.428858,52.508936],[13.428768,52.50895],[13.428505,52.508866],[13.4284,52.509029],[13.427903,52.508323],[13.427996,52.508197],[13.427675,52.507748],[13.427295,52.5076],[13.42702,52.507338],[13.426817,52.507406],[13.426581,52.50714],[13.426096,52.507308],[13.426242,52.507475],[13.42567,52.507714],[13.425709,52.507759],[13.425189,52.507928],[13.42534,52.508134],[13.425552,52.508333],[13.42569,52.508432],[13.42611,52.508923],[13.426944,52.509779],[13.425959,52.510331],[13.425936,52.5103],[13.425671,52.510371],[13.42527,52.510167],[13.424541,52.510362],[13.42365,52.509099],[13.424646,52.508819],[13.423275,52.50689],[13.421486,52.507376],[13.421765,52.507758],[13.4211,52.50794],[13.42082,52.507557],[13.420385,52.507675],[13.420595,52.507968],[13.419374,52.508307],[13.419195,52.508066],[13.419011,52.50811],[13.418854,52.508173],[13.418809,52.508012],[13.418766,52.507943],[13.418682,52.507938],[13.418153,52.507289],[13.417754,52.506734],[13.417672,52.506716],[13.417638,52.506724],[13.416018,52.507236],[13.416022,52.507255],[13.415603,52.50739],[13.415066,52.506789],[13.415226,52.506729],[13.415218,52.506719],[13.415386,52.50667],[13.415347,52.506626],[13.415551,52.506558],[13.415014,52.505967],[13.415813,52.505684],[13.415947,52.505856],[13.416348,52.50574],[13.416556,52.505736],[13.416905,52.505174],[13.416418,52.5045],[13.417601,52.50417],[13.418213,52.505018],[13.418519,52.504987],[13.418532,52.50497],[13.418943,52.505061],[13.418925,52.505081],[13.41912,52.505219],[13.419431,52.505649],[13.421234,52.50515],[13.421542,52.505076],[13.421811,52.505043]]]]}},{"type":"Feature","id":93,"properties":{"schluessel":"ES0112","bezirk":"Mitte","gebietsname":"Stephankiez","f_gvbl_dat":"07.11.1991","f_in_kraft":"08.11.1991","ae_gvbldat":null,"ae_inkraft":null,"fl_ha":"30.7","erhaltungsziel":"Städtebauliche Eigenart"},"geometry":{"type":"MultiPolygon","coordinates":[[[[13.343698,52.534301],[13.345838,52.533191],[13.343805,52.532212],[13.343689,52.531903],[13.343459,52.531519],[13.343463,52.531208],[13.343909,52.531209],[13.34391,52.531018],[13.34416,52.530949],[13.344199,52.530714],[13.344476,52.530711],[13.344474,52.530034],[13.343484,52.530036],[13.343484,52.529129],[13.343551,52.52911],[13.347128,52.530921],[13.352474,52.529518],[13.352644,52.529627],[13.351486,52.531006],[13.353172,52.531531],[13.351913,52.533022],[13.35169,52.533217],[13.356352,52.535566],[13.356245,52.53571],[13.343698,52.534301]]]]}},{"type":"Feature","id":94,"properties":{"schluessel":"ES0113","bezirk":"Mitte","gebietsname":"Huttenkiez","f_gvbl_dat":"10.12.1993","f_in_kraft":"11.12.1993","ae_gvbldat":null,"ae_inkraft":null,"fl_ha":"4.8","erhaltungsziel":"Städtebauliche Eigenart"},"geometry":{"type":"MultiPolygon","coordinates":[[[[13.317677,52.528838],[13.319249,52.528551],[13.319338,52.528589],[13.319376,52.529013],[13.317885,52.529447],[13.317654,52.530661],[13.317579,52.530812],[13.314604,52.530255],[13.315075,52.528924],[13.315387,52.528964],[13.315557,52.52882],[13.315807,52.528764],[13.315734,52.52858],[13.31623,52.528412],[13.316794,52.528325],[13.31693,52.528656],[13.317243,52.528918],[13.317677,52.528838]]]]}},{"type":"Feature","id":95,"properties":{"schluessel":"ES0115","bezirk":"Mitte","gebietsname":"Wilhelmstraße","f_gvbl_dat":"19.04.2018","f_in_kraft":"20.04.2018","ae_gvbldat":null,"ae_inkraft":null,"fl_ha":"7.6","erhaltungsziel":"Städtebauliche Eigenart"},"geometry":{"type":"MultiPolygon","coordinates":[[[[13.380772,52.513805],[13.380825,52.513705],[13.380199,52.513589],[13.380754,52.512517],[13.380771,52.512426],[13.379443,52.512346],[13.379669,52.510956],[13.38169,52.511108],[13.382848,52.511321],[13.384542,52.51166],[13.384109,52.512477],[13.382983,52.512266],[13.381492,52.515134],[13.380199,52.514888],[13.380389,52.51453],[13.380506,52.514493],[13.380702,52.514123],[13.380642,52.514052],[13.380772,52.513805]]]]}},{"type":"Feature","id":96,"properties":{"schluessel":"ES0116","bezirk":"Mitte","gebietsname":"Nikolaiviertel","f_gvbl_dat":"07.06.2018","f_in_kraft":"08.06.2018","ae_gvbldat":null,"ae_inkraft":null,"fl_ha":"5.1","erhaltungsziel":"Städtebauliche Eigenart"},"geometry":{"type":"MultiPolygon","coordinates":[[[[13.407978,52.516244],[13.408776,52.51697],[13.408791,52.517022],[13.407253,52.518198],[13.40716,52.518243],[13.407062,52.518252],[13.406951,52.518227],[13.405579,52.517645],[13.405546,52.517653],[13.404288,52.517139],[13.405095,52.516466],[13.405644,52.516061],[13.406953,52.515482],[13.406975,52.515502],[13.407114,52.51546],[13.407486,52.515778],[13.407978,52.516244]]]]}},{"type":"Feature","id":97,"properties":{"schluessel":"ES0117","bezirk":"Mitte","gebietsname":"Hansaviertel","f_gvbl_dat":"30.01.2020","f_in_kraft":"31.01.2020","ae_gvbldat":null,"ae_inkraft":null,"fl_ha":"54.3","erhaltungsziel":"Städtebauliche Eigenart"},"geometry":{"type":"MultiPolygon","coordinates":[[[[13.35003,52.51983],[13.348464,52.521147],[13.348239,52.521306],[13.348256,52.521331],[13.348011,52.521462],[13.347994,52.521467],[13.347983,52.521452],[13.347854,52.521506],[13.347394,52.521745],[13.34717,52.521816],[13.346393,52.522216],[13.346097,52.522328],[13.345694,52.522439],[13.345374,52.522504],[13.344961,52.522561],[13.343868,52.522652],[13.343076,52.522667],[13.342509,52.522618],[13.342235,52.522568],[13.342121,52.522519],[13.341701,52.522451],[13.341658,52.522463],[13.341645,52.522444],[13.341418,52.522413],[13.341145,52.522346],[13.340721,52.522192],[13.340467,52.522065],[13.340281,52.521942],[13.340113,52.521807],[13.339917,52.521607],[13.339746,52.521312],[13.339602,52.520852],[13.339587,52.520854],[13.339441,52.520543],[13.339071,52.520014],[13.338836,52.519735],[13.338691,52.5196],[13.338662,52.519576],[13.338594,52.519575],[13.338367,52.51938],[13.338396,52.519368],[13.338383,52.519357],[13.336188,52.517722],[13.33561,52.517315],[13.335226,52.517099],[13.33492,52.516969],[13.334572,52.516855],[13.334215,52.516773],[13.334793,52.515504],[13.335332,52.51504],[13.335379,52.51486],[13.336136,52.514377],[13.335923,52.513958],[13.336108,52.51397],[13.336014,52.513786],[13.338091,52.513927],[13.337983,52.51433],[13.337983,52.514514],[13.338027,52.514695],[13.339187,52.51456],[13.339363,52.514571],[13.339236,52.515313],[13.342225,52.515502],[13.342149,52.515283],[13.342206,52.515009],[13.343184,52.515083],[13.343104,52.515558],[13.343327,52.515588],[13.343422,52.515644],[13.34348,52.515717],[13.344079,52.515755],[13.344039,52.515991],[13.344227,52.516003],[13.344244,52.515901],[13.345245,52.515965],[13.345625,52.516196],[13.344632,52.516618],[13.345398,52.517679],[13.347223,52.517808],[13.347239,52.517987],[13.347427,52.51798],[13.347451,52.518227],[13.347383,52.518229],[13.347408,52.518479],[13.347292,52.518483],[13.347341,52.519099],[13.347529,52.519093],[13.348291,52.519712],[13.350374,52.519562],[13.35003,52.51983]]]]}},{"type":"Feature","id":98,"properties":{"schluessel":"ES0118","bezirk":"Mitte","gebietsname":"Leipziger Straße","f_gvbl_dat":"24.07.2020","f_in_kraft":"25.07.2020","ae_gvbldat":"26.01.2022","ae_inkraft":"27.01.2022","fl_ha":"10.4","erhaltungsziel":"Städtebauliche Eigenart"},"geometry":{"type":"MultiPolygon","coordinates":[[[[13.399819,52.510846],[13.39975,52.511352],[13.400018,52.511367],[13.400573,52.511787],[13.400124,52.511971],[13.399958,52.511852],[13.398272,52.51182],[13.398221,52.511836],[13.398271,52.511566],[13.397753,52.511536],[13.396843,52.511659],[13.391672,52.511334],[13.391797,52.51056],[13.392911,52.51063],[13.393085,52.509648],[13.400535,52.510113],[13.400406,52.510882],[13.399819,52.510846]]]]}},{"type":"Feature","id":99,"properties":{"schluessel":"ES0119","bezirk":"Mitte","gebietsname":"Erste Erweiterung Friedrichstadt","f_gvbl_dat":"07.12.2022","f_in_kraft":"08.12.2022","ae_gvbldat":null,"ae_inkraft":null,"fl_ha":"2.0","erhaltungsziel":"Städtebauliche Eigenart"},"geometry":{"type":"MultiPolygon","coordinates":[[[[13.386208,52.514571],[13.386355,52.513694],[13.389322,52.513863],[13.389171,52.514757],[13.386208,52.514571]]]]}},{"type":"Feature","id":100,"properties":{"schluessel":"ES0203","bezirk":"Friedrichshain-Kreuzberg","gebietsname":"Urbanhafen / Südstern","f_gvbl_dat":"10.02.2011","f_in_kraft":"11.02.2011","ae_gvbldat":null,"ae_inkraft":null,"fl_ha":"48.5","erhaltungsziel":"Städtebauliche Eigenart"},"geometry":{"type":"MultiPolygon","coordinates":[[[[13.408203,52.492339],[13.408678,52.493002],[13.40994,52.492715],[13.412502,52.492006],[13.413482,52.493317],[13.410758,52.494007],[13.410617,52.4941],[13.410559,52.494204],[13.41057,52.494334],[13.41066,52.49449],[13.410861,52.494648],[13.411074,52.494713],[13.413403,52.495025],[13.414542,52.495015],[13.415312,52.495091],[13.415446,52.495602],[13.414632,52.495551],[13.413848,52.495562],[13.413114,52.495622],[13.412414,52.495724],[13.412304,52.49551],[13.410061,52.495939],[13.410175,52.496114],[13.409279,52.49622],[13.407238,52.496537],[13.405998,52.496669],[13.405499,52.496707],[13.405299,52.496446],[13.404925,52.496473],[13.404497,52.496168],[13.403789,52.496205],[13.403757,52.495994],[13.403541,52.496007],[13.403433,52.495464],[13.403636,52.495449],[13.403469,52.495227],[13.403182,52.495248],[13.403065,52.495058],[13.402875,52.494995],[13.402474,52.49448],[13.402448,52.494479],[13.402404,52.494381],[13.402561,52.494335],[13.402496,52.494191],[13.402629,52.494169],[13.402498,52.493875],[13.402655,52.493633],[13.402079,52.492893],[13.401824,52.49251],[13.398881,52.488721],[13.406921,52.488583],[13.40693,52.488636],[13.407376,52.48863],[13.407886,52.488861],[13.408247,52.489411],[13.40644,52.48988],[13.408203,52.492339]]]]}},{"type":"Feature","id":101,"properties":{"schluessel":"ES0204","bezirk":"Friedrichshain-Kreuzberg","gebietsname":"Graefestraße","f_gvbl_dat":"18.03.2022","f_in_kraft":"19.03.2022","ae_gvbldat":null,"ae_inkraft":null,"fl_ha":"67.3","erhaltungsziel":"Städtebauliche Eigenart"},"geometry":{"type":"MultiPolygon","coordinates":[[[[13.420597,52.487518],[13.420633,52.487641],[13.420823,52.487618],[13.423287,52.486896],[13.423362,52.488394],[13.423627,52.488651],[13.424716,52.488231],[13.424769,52.48826],[13.420274,52.495483],[13.419908,52.4959],[13.419534,52.495941],[13.419238,52.495946],[13.41831,52.49587],[13.418175,52.495844],[13.417924,52.495766],[13.416977,52.495407],[13.416482,52.495289],[13.415326,52.495146],[13.415013,52.49506],[13.414536,52.495015],[13.414345,52.495006],[13.413615,52.495036],[13.413452,52.495029],[13.411217,52.494733],[13.410967,52.494653],[13.410856,52.494601],[13.410717,52.494489],[13.410634,52.494364],[13.410621,52.494309],[13.410637,52.494169],[13.410735,52.494071],[13.410829,52.494035],[13.413518,52.493366],[13.412501,52.492003],[13.409808,52.492754],[13.408682,52.493007],[13.40644,52.489881],[13.408247,52.489411],[13.408073,52.489153],[13.408474,52.489101],[13.408485,52.489133],[13.408854,52.489051],[13.414329,52.488336],[13.415814,52.490266],[13.417247,52.490107],[13.417286,52.490207],[13.417556,52.490183],[13.417606,52.490409],[13.418298,52.490215],[13.418217,52.490108],[13.418181,52.489948],[13.418738,52.489902],[13.418569,52.487783],[13.420597,52.487518]]],[[[13.40795,52.487396],[13.407376,52.48863],[13.40693,52.488636],[13.40673,52.48764],[13.407083,52.487617],[13.407006,52.486328],[13.40659,52.486343],[13.406564,52.486247],[13.406554,52.486008],[13.407036,52.486189],[13.408067,52.487146],[13.40795,52.487396]]]]}},{"type":"Feature","id":102,"properties":{"schluessel":"ES0205","bezirk":"Friedrichshain-Kreuzberg","gebietsname":"Luisenstadt","f_gvbl_dat":"29.07.2023","f_in_kraft":"30.07.2023","ae_gvbldat":null,"ae_inkraft":null,"fl_ha":"268.8","erhaltungsziel":"Städtebauliche Eigenart"},"geometry":{"type":"MultiPolygon","coordinates":[[[[13.428266,52.507192],[13.4272,52.505666],[13.42671,52.505799],[13.425822,52.505425],[13.425237,52.505253],[13.424713,52.505133],[13.423981,52.50503],[13.423171,52.504982],[13.422668,52.504987],[13.421811,52.505043],[13.421542,52.505076],[13.421234,52.50515],[13.419431,52.505649],[13.419121,52.505219],[13.418925,52.505081],[13.418943,52.505061],[13.418532,52.50497],[13.418519,52.504987],[13.418213,52.505018],[13.417601,52.50417],[13.415082,52.50487],[13.413481,52.502968],[13.413123,52.502518],[13.41433,52.501648],[13.413722,52.501333],[13.413543,52.501086],[13.412765,52.501297],[13.412319,52.500729],[13.413224,52.500462],[13.412908,52.500059],[13.412686,52.499897],[13.412111,52.499797],[13.411965,52.499836],[13.411781,52.499613],[13.411337,52.499731],[13.410984,52.499231],[13.411754,52.499027],[13.411797,52.498481],[13.410624,52.498422],[13.410662,52.498091],[13.410649,52.498013],[13.410786,52.49703],[13.410865,52.496872],[13.411014,52.496754],[13.410602,52.49619],[13.410175,52.496114],[13.410061,52.495939],[13.412304,52.49551],[13.412414,52.495724],[13.413114,52.495622],[13.413849,52.495562],[13.414632,52.495551],[13.415409,52.495602],[13.415455,52.49543],[13.416242,52.495503],[13.416627,52.495575],[13.416894,52.495657],[13.417743,52.495969],[13.418101,52.496063],[13.418693,52.496137],[13.419564,52.49619],[13.419538,52.496339],[13.420252,52.496402],[13.422946,52.495837],[13.423177,52.495776],[13.42855,52.49401],[13.437366,52.491209],[13.437403,52.491114],[13.437946,52.490907],[13.438281,52.49091],[13.438431,52.490972],[13.438635,52.491013],[13.438799,52.491025],[13.43892,52.491012],[13.439063,52.49102],[13.439837,52.491211],[13.440157,52.491305],[13.440492,52.49144],[13.440747,52.491609],[13.442908,52.493483],[13.443089,52.493682],[13.443084,52.493831],[13.445663,52.495822],[13.445721,52.495793],[13.446159,52.495941],[13.448184,52.497491],[13.448539,52.497612],[13.450333,52.499053],[13.450272,52.499133],[13.45017,52.499184],[13.450189,52.499198],[13.449638,52.499481],[13.448991,52.499698],[13.44891,52.499641],[13.448586,52.499803],[13.448396,52.499842],[13.448444,52.499875],[13.44782,52.500075],[13.445949,52.498804],[13.445317,52.499163],[13.446617,52.500484],[13.445973,52.500741],[13.445156,52.501133],[13.444206,52.501305],[13.44131,52.502703],[13.440139,52.501875],[13.437693,52.503137],[13.437169,52.503386],[13.434645,52.504466],[13.43467,52.504499],[13.434651,52.504525],[13.431803,52.505744],[13.431936,52.505929],[13.42843,52.507424],[13.428266,52.507192]]]]}},{"type":"Feature","id":103,"properties":{"schluessel":"ES0206","bezirk":"Friedrichshain-Kreuzberg","gebietsname":"Weberwiese","f_gvbl_dat":"18.03.2022","f_in_kraft":"19.03.2022","ae_gvbldat":null,"ae_inkraft":null,"fl_ha":"28.7","erhaltungsziel":"Städtebauliche Eigenart"},"geometry":{"type":"MultiPolygon","coordinates":[[[[13.441855,52.516801],[13.441712,52.516815],[13.441582,52.516328],[13.441514,52.516336],[13.441461,52.516143],[13.441625,52.516062],[13.441987,52.516172],[13.44221,52.515899],[13.441613,52.515716],[13.441467,52.515691],[13.440479,52.515789],[13.440421,52.515786],[13.440365,52.515763],[13.440338,52.515732],[13.439872,52.514032],[13.439895,52.513976],[13.442722,52.512331],[13.443125,52.51216],[13.443018,52.511929],[13.442928,52.511968],[13.442237,52.511548],[13.442355,52.5113],[13.44276,52.511055],[13.443121,52.510789],[13.443499,52.510565],[13.444087,52.511085],[13.443601,52.511292],[13.443945,52.511592],[13.444261,52.511459],[13.444417,52.511376],[13.444743,52.511446],[13.444804,52.511436],[13.445245,52.511445],[13.44559,52.511483],[13.44608,52.511493],[13.446145,52.511554],[13.445987,52.511749],[13.448048,52.512328],[13.44741,52.513173],[13.447819,52.513352],[13.449762,52.51303],[13.449987,52.513513],[13.449452,52.513607],[13.449376,52.513404],[13.448725,52.513676],[13.448567,52.513535],[13.448139,52.513714],[13.4502,52.515542],[13.450631,52.51563],[13.450575,52.515673],[13.450636,52.515898],[13.450156,52.515945],[13.450161,52.515962],[13.446061,52.516385],[13.442374,52.516759],[13.441858,52.51681],[13.441855,52.516801]]]]}},{"type":"Feature","id":104,"properties":{"schluessel":"ES0207","bezirk":"Friedrichshain-Kreuzberg","gebietsname":"Karl-Marx-Allee/Frankfurter Allee (ehemals Stalinallee) und deren flankierende Bereiche","f_gvbl_dat":"27.02.2021","f_in_kraft":"28.02.2021","ae_gvbldat":null,"ae_inkraft":null,"fl_ha":"121.8","erhaltungsziel":"Städtebauliche Eigenart"},"geometry":{"type":"MultiPolygon","coordinates":[[[[13.450691,52.516096],[13.450575,52.515673],[13.450631,52.51563],[13.450607,52.515564],[13.450009,52.515613],[13.448184,52.513902],[13.44895,52.513582],[13.449424,52.51353],[13.449452,52.513607],[13.450131,52.513488],[13.449855,52.512908],[13.453308,52.512325],[13.453457,52.512667],[13.453402,52.512676],[13.453469,52.512836],[13.453821,52.512776],[13.453832,52.512802],[13.454129,52.512751],[13.45452,52.513297],[13.454059,52.513417],[13.453833,52.513458],[13.453941,52.513604],[13.453775,52.51364],[13.453848,52.513805],[13.454011,52.514013],[13.454852,52.513774],[13.457779,52.512778],[13.459882,52.514843],[13.460446,52.514637],[13.460527,52.514721],[13.461595,52.514393],[13.461517,52.514282],[13.46187,52.514194],[13.462318,52.514852],[13.460771,52.515004],[13.461308,52.515549],[13.461357,52.515532],[13.461493,52.515666],[13.461199,52.515769],[13.461242,52.515817],[13.461175,52.515845],[13.460992,52.515669],[13.460891,52.515724],[13.460456,52.515805],[13.46111,52.517101],[13.457108,52.517817],[13.458301,52.519792],[13.457448,52.519981],[13.457515,52.5197],[13.456715,52.519634],[13.456704,52.519686],[13.456212,52.519813],[13.456129,52.519688],[13.455504,52.519841],[13.455398,52.5197],[13.455363,52.519575],[13.45436,52.519269],[13.454302,52.519335],[13.453772,52.519477],[13.453713,52.519398],[13.453198,52.519536],[13.452461,52.519352],[13.452439,52.519384],[13.45162,52.519176],[13.451818,52.518886],[13.451422,52.518785],[13.451442,52.518755],[13.450877,52.518612],[13.450853,52.518647],[13.44975,52.518417],[13.449732,52.518443],[13.448874,52.518215],[13.446388,52.521639],[13.4455,52.521395],[13.445713,52.521121],[13.444114,52.519635],[13.44409,52.519644],[13.443621,52.519234],[13.443661,52.519215],[13.442502,52.518142],[13.441174,52.518421],[13.440794,52.518665],[13.440426,52.518452],[13.440267,52.518394],[13.433951,52.519693],[13.433378,52.519853],[13.434106,52.520511],[13.433515,52.520754],[13.433573,52.520809],[13.431906,52.521453],[13.433478,52.522976],[13.433041,52.523253],[13.429777,52.523241],[13.42964,52.521646],[13.429576,52.521133],[13.428799,52.519479],[13.428401,52.519586],[13.42743,52.519612],[13.426917,52.519744],[13.425927,52.518392],[13.426305,52.518289],[13.426151,52.518069],[13.426332,52.518032],[13.426339,52.518045],[13.426754,52.517959],[13.425635,52.516005],[13.425924,52.515912],[13.435459,52.514713],[13.436173,52.515487],[13.439691,52.51398],[13.44055,52.517122],[13.450691,52.516096]]]]}},{"type":"Feature","id":105,"properties":{"schluessel":"ES0208","bezirk":"Friedrichshain-Kreuzberg","gebietsname":"IBA 87 - Südliche Friedrichstadt","f_gvbl_dat":"18.03.2022","f_in_kraft":"19.03.2022","ae_gvbldat":null,"ae_inkraft":null,"fl_ha":"69.4","erhaltungsziel":"Städtebauliche Eigenart"},"geometry":{"type":"MultiPolygon","coordinates":[[[[13.382655,52.504479],[13.382273,52.504402],[13.377823,52.507877],[13.376708,52.505958],[13.376136,52.504865],[13.375738,52.504182],[13.375714,52.504116],[13.375723,52.504031],[13.375783,52.503942],[13.375911,52.503863],[13.376812,52.503577],[13.37776,52.503214],[13.378483,52.502805],[13.379091,52.502508],[13.379392,52.502271],[13.380185,52.502061],[13.380272,52.502181],[13.380383,52.502189],[13.380483,52.502164],[13.381498,52.503662],[13.38286,52.504274],[13.386869,52.501119],[13.388435,52.501425],[13.388697,52.501672],[13.389142,52.500824],[13.389496,52.500894],[13.391584,52.500996],[13.394046,52.501151],[13.394347,52.501165],[13.39472,52.501094],[13.396832,52.501312],[13.397411,52.501162],[13.399405,52.504829],[13.401387,52.506093],[13.398429,52.506922],[13.398352,52.506904],[13.397108,52.505205],[13.396502,52.504333],[13.395653,52.504577],[13.394931,52.504535],[13.392781,52.504313],[13.3922,52.507709],[13.385815,52.507332],[13.386871,52.505296],[13.382655,52.504479]]]]}},{"type":"Feature","id":106,"properties":{"schluessel":"ES0301","bezirk":"Pankow","gebietsname":"Weißenseer Spitze","f_gvbl_dat":"16.11.1996","f_in_kraft":"17.11.1996","ae_gvbldat":null,"ae_inkraft":null,"fl_ha":"28.9","erhaltungsziel":"Städtebauliche Eigenart"},"geometry":{"type":"MultiPolygon","coordinates":[[[[13.433375,52.551569],[13.433912,52.552282],[13.43415,52.552212],[13.434442,52.552596],[13.434786,52.552495],[13.435133,52.55292],[13.436271,52.552567],[13.436297,52.552597],[13.436816,52.552429],[13.438438,52.554273],[13.4383,52.554313],[13.438827,52.554919],[13.438927,52.555197],[13.438767,52.555255],[13.43862,52.555367],[13.438552,52.555474],[13.438556,52.555604],[13.432882,52.557144],[13.432675,52.557252],[13.432414,52.557295],[13.430938,52.556167],[13.430619,52.556216],[13.429437,52.556323],[13.428967,52.5562],[13.430113,52.551848],[13.430071,52.551756],[13.430733,52.551563],[13.432086,52.551218],[13.432901,52.551094],[13.433277,52.551597],[13.433375,52.551569]]]]}},{"type":"Feature","id":107,"properties":{"schluessel":"ES0302","bezirk":"Pankow","gebietsname":"Weißensee Süd","f_gvbl_dat":"16.11.1996","f_in_kraft":"17.11.1996","ae_gvbldat":null,"ae_inkraft":null,"fl_ha":"85.1","erhaltungsziel":"Städtebauliche Eigenart"},"geometry":{"type":"MultiPolygon","coordinates":[[[[13.46353,52.54783],[13.464696,52.548087],[13.464777,52.54818],[13.466816,52.548626],[13.466663,52.549048],[13.466698,52.549056],[13.465978,52.551015],[13.465789,52.551297],[13.465501,52.551646],[13.46529,52.551694],[13.465017,52.551918],[13.463661,52.551313],[13.46323,52.551172],[13.462657,52.55101],[13.461937,52.550844],[13.462169,52.551314],[13.461526,52.551403],[13.461544,52.551501],[13.460433,52.551642],[13.46059,52.551953],[13.459698,52.552065],[13.459463,52.551519],[13.457613,52.551811],[13.45746,52.551555],[13.455954,52.552008],[13.455343,52.551245],[13.450938,52.552438],[13.451365,52.55304],[13.449844,52.554187],[13.44943,52.553978],[13.449594,52.553853],[13.449239,52.553677],[13.449377,52.553572],[13.449167,52.553531],[13.449205,52.553502],[13.449066,52.553211],[13.448915,52.553237],[13.448651,52.553186],[13.448488,52.553098],[13.448377,52.552946],[13.447956,52.55306],[13.447391,52.552338],[13.448086,52.552107],[13.447743,52.551734],[13.446443,52.552115],[13.445882,52.55144],[13.447091,52.551025],[13.444388,52.548088],[13.448032,52.546808],[13.451204,52.54551],[13.453118,52.54477],[13.453597,52.54453],[13.454481,52.544832],[13.454762,52.544537],[13.455072,52.544641],[13.455621,52.544044],[13.460178,52.547086],[13.459948,52.547487],[13.46073,52.547656],[13.46042,52.548197],[13.462987,52.548756],[13.46353,52.54783]]]]}},{"type":"Feature","id":108,"properties":{"schluessel":"ES0303","bezirk":"Pankow","gebietsname":"Dorf Blankenfelde","f_gvbl_dat":"25.02.1998","f_in_kraft":"26.02.1998","ae_gvbldat":null,"ae_inkraft":null,"fl_ha":"52.1","erhaltungsziel":"Städtebauliche Eigenart"},"geometry":{"type":"MultiPolygon","coordinates":[[[[13.391026,52.616819],[13.39178,52.616961],[13.392056,52.616729],[13.392364,52.616503],[13.394693,52.615141],[13.394433,52.615939],[13.395422,52.615952],[13.395529,52.615993],[13.39507,52.617445],[13.395158,52.617655],[13.395531,52.617739],[13.396647,52.618054],[13.397317,52.618302],[13.397753,52.618523],[13.398326,52.618861],[13.399112,52.619369],[13.398805,52.619701],[13.399251,52.619857],[13.400575,52.620363],[13.400304,52.620655],[13.401353,52.620873],[13.401625,52.621418],[13.401843,52.621789],[13.401908,52.621967],[13.401917,52.622112],[13.401329,52.622728],[13.400969,52.623007],[13.400311,52.623694],[13.398789,52.623357],[13.398695,52.622979],[13.398647,52.622905],[13.394921,52.621192],[13.394386,52.620963],[13.393795,52.620789],[13.392115,52.620415],[13.390544,52.620126],[13.390211,52.619999],[13.390137,52.620023],[13.389534,52.620749],[13.389419,52.620793],[13.388012,52.620418],[13.385174,52.619739],[13.385081,52.619673],[13.385071,52.619577],[13.38544,52.619015],[13.384537,52.618771],[13.384462,52.618686],[13.384448,52.618512],[13.384862,52.618017],[13.381179,52.617487],[13.381459,52.616855],[13.382708,52.617038],[13.382982,52.616394],[13.384391,52.61659],[13.385883,52.615981],[13.386022,52.615952],[13.386327,52.615992],[13.387974,52.616292],[13.388802,52.616409],[13.389005,52.616459],[13.391026,52.616819]]]]}},{"type":"Feature","id":109,"properties":{"schluessel":"ES0304","bezirk":"Pankow","gebietsname":"Stadtrandsiedlung Malchow","f_gvbl_dat":"29.07.1998","f_in_kraft":"30.07.1998","ae_gvbldat":null,"ae_inkraft":null,"fl_ha":"56.9","erhaltungsziel":"Städtebauliche Eigenart"},"geometry":{"type":"MultiPolygon","coordinates":[[[[13.472335,52.573299],[13.472208,52.573541],[13.471925,52.573486],[13.471633,52.574016],[13.465622,52.57284],[13.465306,52.573412],[13.46283,52.572946],[13.462779,52.573043],[13.45835,52.572123],[13.458502,52.570147],[13.459532,52.569654],[13.459762,52.56948],[13.460498,52.568425],[13.460759,52.567659],[13.464789,52.567177],[13.470727,52.567689],[13.470662,52.567964],[13.471863,52.568066],[13.473317,52.571106],[13.472783,52.572145],[13.472746,52.572297],[13.472552,52.572704],[13.472638,52.57272],[13.472335,52.573299]]]]}},{"type":"Feature","id":110,"properties":{"schluessel":"ES0305","bezirk":"Pankow","gebietsname":"Stadtrandsiedlung Karow / Am Kappgraben","f_gvbl_dat":"29.07.1998","f_in_kraft":"30.07.1998","ae_gvbldat":null,"ae_inkraft":null,"fl_ha":"38.7","erhaltungsziel":"Städtebauliche Eigenart"},"geometry":{"type":"MultiPolygon","coordinates":[[[[13.494248,52.6217],[13.493714,52.622045],[13.493091,52.622155],[13.492544,52.622125],[13.492261,52.622086],[13.49032,52.620099],[13.489528,52.619149],[13.493767,52.617346],[13.498384,52.618634],[13.499402,52.618341],[13.499649,52.6184],[13.50042,52.618528],[13.500489,52.618555],[13.50054,52.6186],[13.500882,52.618598],[13.501966,52.618659],[13.502792,52.618818],[13.503226,52.618962],[13.503297,52.618964],[13.503513,52.619168],[13.503701,52.619261],[13.503953,52.619797],[13.502482,52.620077],[13.501113,52.620384],[13.499679,52.620753],[13.496646,52.621582],[13.49543,52.62186],[13.49483,52.621355],[13.494248,52.6217]]],[[[13.49787,52.617451],[13.495246,52.61672],[13.500652,52.61442],[13.50121,52.615557],[13.501847,52.616668],[13.502259,52.617329],[13.500356,52.61814],[13.49787,52.617451]]]]}},{"type":"Feature","id":111,"properties":{"schluessel":"ES0306","bezirk":"Pankow","gebietsname":"Teutoburger Platz","f_gvbl_dat":"11.04.2007","f_in_kraft":"12.04.2007","ae_gvbldat":null,"ae_inkraft":null,"fl_ha":"52.7","erhaltungsziel":"Städtebauliche Eigenart"},"geometry":{"type":"MultiPolygon","coordinates":[[[[13.412119,52.531328],[13.412236,52.531518],[13.412362,52.531996],[13.412545,52.532515],[13.412654,52.532727],[13.412798,52.53315],[13.412849,52.533423],[13.412837,52.533566],[13.412466,52.535352],[13.412367,52.536326],[13.41221,52.538421],[13.412153,52.541026],[13.408336,52.541358],[13.404493,52.540632],[13.405357,52.538837],[13.405302,52.538826],[13.405363,52.538712],[13.405415,52.538721],[13.405519,52.538514],[13.405462,52.538503],[13.405814,52.537784],[13.405885,52.537797],[13.406748,52.536101],[13.406918,52.53571],[13.407486,52.53469],[13.40835,52.534348],[13.406424,52.532348],[13.406368,52.532085],[13.405991,52.530781],[13.406086,52.530605],[13.405928,52.530381],[13.405586,52.529665],[13.408189,52.529228],[13.409584,52.528913],[13.410238,52.529786],[13.410518,52.530097],[13.410859,52.530385],[13.411997,52.531201],[13.412119,52.531328]]]]}},{"type":"Feature","id":112,"properties":{"schluessel":"ES0307","bezirk":"Pankow","gebietsname":"Ostseestraße / Grellstraße","f_gvbl_dat":"08.10.2003","f_in_kraft":"09.10.2003","ae_gvbldat":null,"ae_inkraft":null,"fl_ha":"58.8","erhaltungsziel":"Städtebauliche Eigenart"},"geometry":{"type":"MultiPolygon","coordinates":[[[[13.443134,52.547585],[13.442072,52.548003],[13.441628,52.548155],[13.442546,52.549135],[13.441093,52.549591],[13.440701,52.549172],[13.437839,52.54994],[13.435316,52.550598],[13.434381,52.549538],[13.430118,52.551215],[13.42864,52.547875],[13.430565,52.547208],[13.4297,52.545906],[13.430547,52.545533],[13.429782,52.544749],[13.431988,52.543792],[13.438235,52.541445],[13.438453,52.54138],[13.438941,52.541195],[13.439454,52.541632],[13.438972,52.541838],[13.438649,52.542444],[13.437243,52.54297],[13.437678,52.543379],[13.436966,52.543649],[13.436828,52.54391],[13.436152,52.544144],[13.437418,52.545463],[13.438275,52.545131],[13.438609,52.545489],[13.440025,52.544947],[13.440429,52.545344],[13.4407,52.545243],[13.441362,52.545869],[13.441665,52.545752],[13.441847,52.545924],[13.442822,52.54554],[13.442566,52.545285],[13.443322,52.544817],[13.443624,52.544995],[13.444686,52.545481],[13.442025,52.546529],[13.443134,52.547585]]]]}},{"type":"Feature","id":113,"properties":{"schluessel":"ES0308","bezirk":"Pankow","gebietsname":"Humannplatz","f_gvbl_dat":"30.09.2009","f_in_kraft":"01.10.2009","ae_gvbldat":null,"ae_inkraft":null,"fl_ha":"85.0","erhaltungsziel":"Städtebauliche Eigenart"},"geometry":{"type":"MultiPolygon","coordinates":[[[[13.414389,52.552644],[13.414032,52.550763],[13.413501,52.547691],[13.415387,52.547536],[13.418189,52.546566],[13.426411,52.542996],[13.427141,52.544236],[13.42806,52.546695],[13.430146,52.551278],[13.4272,52.552435],[13.423928,52.552817],[13.414643,52.553838],[13.414389,52.552644]]]]}},{"type":"Feature","id":114,"properties":{"schluessel":"ES0401","bezirk":"Charlottenburg-Wilmersdorf","gebietsname":"Schmargendorf","f_gvbl_dat":"28.10.1989","f_in_kraft":"29.10.1989","ae_gvbldat":null,"ae_inkraft":null,"fl_ha":"0.4","erhaltungsziel":"Städtebauliche Eigenart"},"geometry":{"type":"MultiPolygon","coordinates":[[[[13.293715,52.471768],[13.293797,52.471732],[13.294554,52.471893],[13.294344,52.472243],[13.294136,52.472205],[13.294185,52.472558],[13.293886,52.472595],[13.293648,52.472675],[13.29335,52.47234],[13.293509,52.47212],[13.293715,52.471768]]]]}},{"type":"Feature","id":115,"properties":{"schluessel":"ES0402","bezirk":"Charlottenburg-Wilmersdorf","gebietsname":"Alt-Charlottenburg","f_gvbl_dat":"05.07.1990","f_in_kraft":"06.07.1990","ae_gvbldat":null,"ae_inkraft":null,"fl_ha":"22.9","erhaltungsziel":"Städtebauliche Eigenart"},"geometry":{"type":"MultiPolygon","coordinates":[[[[13.304589,52.517765],[13.304058,52.517746],[13.304064,52.517666],[13.303488,52.517676],[13.303482,52.51771],[13.30317,52.517698],[13.303148,52.517924],[13.302751,52.517909],[13.302704,52.518185],[13.302427,52.518164],[13.302399,52.518338],[13.301607,52.518291],[13.301679,52.517847],[13.301866,52.517755],[13.301465,52.517451],[13.300978,52.517483],[13.300772,52.517483],[13.300267,52.51745],[13.300245,52.517611],[13.300162,52.517777],[13.299683,52.518456],[13.29954,52.518709],[13.299479,52.51889],[13.299403,52.519336],[13.297985,52.519249],[13.297965,52.519367],[13.296358,52.519272],[13.296911,52.515811],[13.298326,52.5159],[13.29834,52.51581],[13.299248,52.515337],[13.299748,52.515698],[13.299401,52.515878],[13.299432,52.516345],[13.299815,52.516369],[13.299773,52.516639],[13.299958,52.516654],[13.299948,52.516712],[13.300011,52.516716],[13.300009,52.516728],[13.300385,52.516753],[13.300414,52.516581],[13.301722,52.516669],[13.301899,52.515535],[13.301843,52.515533],[13.301915,52.515026],[13.30182,52.515023],[13.301851,52.51484],[13.301949,52.514847],[13.301977,52.514659],[13.302206,52.514671],[13.302224,52.514552],[13.301754,52.514521],[13.301785,52.514323],[13.302009,52.514337],[13.302065,52.513992],[13.302248,52.514004],[13.302333,52.513533],[13.302971,52.513528],[13.302836,52.514391],[13.303904,52.514444],[13.303911,52.514271],[13.303847,52.514267],[13.303884,52.513987],[13.304029,52.513995],[13.304026,52.513686],[13.304792,52.513719],[13.304782,52.51381],[13.305932,52.513859],[13.305926,52.51391],[13.306714,52.513938],[13.306328,52.516981],[13.306301,52.517007],[13.305766,52.517241],[13.305759,52.517313],[13.305633,52.517498],[13.30557,52.517461],[13.30463,52.517419],[13.304589,52.517765]]]]}},{"type":"Feature","id":116,"properties":{"schluessel":"ES0403","bezirk":"Charlottenburg-Wilmersdorf","gebietsname":"Klausenerplatz","f_gvbl_dat":"31.07.1996","f_in_kraft":"01.08.1996","ae_gvbldat":null,"ae_inkraft":null,"fl_ha":"69.6","erhaltungsziel":"Städtebauliche Eigenart"},"geometry":{"type":"MultiPolygon","coordinates":[[[[13.298326,52.5159],[13.296911,52.515811],[13.296351,52.519325],[13.286758,52.518738],[13.289241,52.51062],[13.297564,52.511134],[13.30137,52.511392],[13.300502,52.516587],[13.300414,52.516581],[13.300385,52.516753],[13.300009,52.516728],[13.300011,52.516716],[13.299948,52.516712],[13.299958,52.516654],[13.299773,52.516639],[13.299815,52.516369],[13.299432,52.516345],[13.299401,52.515878],[13.299748,52.515698],[13.299248,52.515337],[13.29834,52.51581],[13.298326,52.5159]]]]}},{"type":"Feature","id":117,"properties":{"schluessel":"ES0404","bezirk":"Charlottenburg-Wilmersdorf","gebietsname":"Kurfürstendamm","f_gvbl_dat":"23.12.2000","f_in_kraft":"11.06.2000","ae_gvbldat":null,"ae_inkraft":null,"fl_ha":"77.7","erhaltungsziel":"Städtebauliche Eigenart"},"geometry":{"type":"MultiPolygon","coordinates":[[[[13.326969,52.50071],[13.327828,52.500657],[13.327843,52.500741],[13.328666,52.500693],[13.328898,52.502225],[13.330056,52.502167],[13.330057,52.502179],[13.330911,52.502125],[13.331032,52.502836],[13.331418,52.502818],[13.331557,52.502859],[13.331874,52.502732],[13.332471,52.50328],[13.33249,52.503272],[13.332634,52.503303],[13.332607,52.503351],[13.333642,52.503574],[13.333674,52.503516],[13.334275,52.503277],[13.335027,52.503991],[13.335066,52.504066],[13.335052,52.504144],[13.335003,52.504203],[13.334942,52.50424],[13.334833,52.504273],[13.334733,52.504279],[13.334059,52.50414],[13.333558,52.505001],[13.333335,52.505013],[13.33334,52.505047],[13.329956,52.505216],[13.32955,52.505059],[13.329157,52.504928],[13.328772,52.504824],[13.328416,52.504748],[13.328009,52.504682],[13.327559,52.504629],[13.326728,52.504592],[13.323556,52.504761],[13.323182,52.504689],[13.322941,52.504702],[13.322,52.504756],[13.322013,52.504847],[13.321252,52.50489],[13.321109,52.504779],[13.32069,52.504801],[13.320702,52.504854],[13.3201,52.504894],[13.319764,52.504886],[13.318778,52.50495],[13.316507,52.505057],[13.314594,52.50518],[13.314587,52.505142],[13.313924,52.505179],[13.31373,52.503905],[13.312626,52.503959],[13.312616,52.503894],[13.310165,52.504007],[13.310163,52.503986],[13.309499,52.504002],[13.309492,52.503939],[13.308309,52.504009],[13.308314,52.504039],[13.308335,52.504042],[13.308358,52.504191],[13.308136,52.504167],[13.308149,52.504315],[13.307603,52.504252],[13.307632,52.504155],[13.306611,52.504043],[13.306613,52.504077],[13.306552,52.504078],[13.306527,52.504146],[13.30641,52.504149],[13.306409,52.504182],[13.306289,52.504178],[13.306227,52.504159],[13.306256,52.504127],[13.306271,52.503487],[13.306452,52.50349],[13.306459,52.503237],[13.30667,52.50324],[13.306674,52.503081],[13.30673,52.503081],[13.306753,52.502437],[13.30692,52.502439],[13.306932,52.501929],[13.306671,52.501926],[13.306678,52.501698],[13.30665,52.501544],[13.306966,52.501547],[13.307134,52.501586],[13.307128,52.501565],[13.307834,52.501486],[13.307449,52.500282],[13.313364,52.500885],[13.313401,52.500084],[13.313624,52.499941],[13.31636,52.499633],[13.320792,52.49989],[13.320853,52.500308],[13.320407,52.500333],[13.320508,52.500977],[13.320873,52.50096],[13.320875,52.500994],[13.321934,52.50094],[13.321988,52.501304],[13.322915,52.501252],[13.322942,52.501429],[13.32416,52.501616],[13.324093,52.501159],[13.324889,52.501115],[13.324882,52.501071],[13.325214,52.501053],[13.325137,52.500545],[13.325822,52.500511],[13.325861,52.500758],[13.326272,52.500736],[13.326256,52.500626],[13.32695,52.500585],[13.326969,52.50071]]]]}},{"type":"Feature","id":118,"properties":{"schluessel":"ES0405","bezirk":"Charlottenburg-Wilmersdorf","gebietsname":"Westend","f_gvbl_dat":"23.12.2000","f_in_kraft":"24.12.2000","ae_gvbldat":null,"ae_inkraft":null,"fl_ha":"46.1","erhaltungsziel":"Städtebauliche Eigenart"},"geometry":{"type":"MultiPolygon","coordinates":[[[[13.263857,52.515626],[13.263724,52.515337],[13.264119,52.515265],[13.263873,52.514699],[13.264669,52.514543],[13.269783,52.513628],[13.269358,52.512724],[13.272349,52.512149],[13.272427,52.512061],[13.2723,52.511793],[13.274489,52.511404],[13.274555,52.511331],[13.27449,52.511195],[13.275496,52.511018],[13.275455,52.511286],[13.274867,52.511379],[13.275253,52.512194],[13.2758,52.512089],[13.27591,52.512321],[13.275363,52.512427],[13.275537,52.512887],[13.276859,52.515666],[13.277481,52.515555],[13.277627,52.515863],[13.277538,52.51588],[13.277901,52.516644],[13.277863,52.516651],[13.277956,52.516847],[13.277462,52.516934],[13.27759,52.517204],[13.277167,52.517279],[13.276939,52.51743],[13.276965,52.517484],[13.276678,52.517537],[13.276655,52.517481],[13.275325,52.517722],[13.275274,52.517615],[13.274553,52.517744],[13.274449,52.517527],[13.274231,52.517567],[13.274007,52.517095],[13.272485,52.517371],[13.272443,52.517284],[13.271803,52.5174],[13.271674,52.517128],[13.267744,52.517836],[13.267923,52.518189],[13.267765,52.518214],[13.267702,52.518081],[13.2673,52.518153],[13.26719,52.517935],[13.266053,52.518141],[13.266221,52.518496],[13.264975,52.518721],[13.265025,52.518833],[13.264571,52.518916],[13.263263,52.51606],[13.263336,52.515924],[13.263268,52.515729],[13.263857,52.515626]]]]}},{"type":"Feature","id":119,"properties":{"schluessel":"ES0406","bezirk":"Charlottenburg-Wilmersdorf","gebietsname":"B-Plan IX-153","f_gvbl_dat":"28.10.2000","f_in_kraft":"29.10.2000","ae_gvbldat":null,"ae_inkraft":null,"fl_ha":"0.6","erhaltungsziel":"Städtebauliche Eigenart"},"geometry":{"type":"MultiPolygon","coordinates":[[[[13.308116,52.490142],[13.307858,52.490206],[13.307643,52.489773],[13.30727,52.489842],[13.307161,52.489624],[13.307086,52.489112],[13.307731,52.489042],[13.308243,52.490065],[13.308201,52.49012],[13.308116,52.490142]]]]}},{"type":"Feature","id":120,"properties":{"schluessel":"ES0407","bezirk":"Charlottenburg-Wilmersdorf","gebietsname":"B-Plan IX-B10","f_gvbl_dat":"28.10.2000","f_in_kraft":"29.10.2000","ae_gvbldat":null,"ae_inkraft":null,"fl_ha":"2.8","erhaltungsziel":"Städtebauliche Eigenart"},"geometry":{"type":"MultiPolygon","coordinates":[[[[13.30551,52.495576],[13.305134,52.495503],[13.30501,52.494516],[13.305075,52.494489],[13.307563,52.495235],[13.307307,52.495554],[13.30713,52.495893],[13.30551,52.495576]]],[[[13.306809,52.494031],[13.306829,52.494007],[13.308367,52.494479],[13.30809,52.494882],[13.307857,52.495172],[13.305292,52.494404],[13.305527,52.494114],[13.306498,52.494405],[13.306809,52.494031]]]]}},{"type":"Feature","id":121,"properties":{"schluessel":"ES0408","bezirk":"Charlottenburg-Wilmersdorf","gebietsname":"B-Plan IX-B11","f_gvbl_dat":"28.10.2000","f_in_kraft":"29.10.2000","ae_gvbldat":null,"ae_inkraft":null,"fl_ha":"1.4","erhaltungsziel":"Städtebauliche Eigenart"},"geometry":{"type":"MultiPolygon","coordinates":[[[[13.307127,52.489393],[13.307161,52.489624],[13.30727,52.489842],[13.307643,52.489773],[13.307858,52.490206],[13.307205,52.490347],[13.306604,52.49045],[13.306536,52.490419],[13.306502,52.489158],[13.307086,52.489112],[13.307127,52.489393]]],[[[13.307584,52.49132],[13.30771,52.491375],[13.307738,52.492372],[13.307216,52.492529],[13.307038,52.492309],[13.307044,52.492168],[13.307083,52.492164],[13.307073,52.491793],[13.306941,52.491794],[13.306934,52.491555],[13.307212,52.491473],[13.307211,52.491429],[13.307584,52.49132]]]]}},{"type":"Feature","id":122,"properties":{"schluessel":"ES0409","bezirk":"Charlottenburg-Wilmersdorf","gebietsname":"B-Plan IX-B12","f_gvbl_dat":"28.10.2000","f_in_kraft":"29.10.2000","ae_gvbldat":null,"ae_inkraft":null,"fl_ha":"6.6","erhaltungsziel":"Städtebauliche Eigenart"},"geometry":{"type":"MultiPolygon","coordinates":[[[[13.310998,52.4874],[13.311651,52.487295],[13.311895,52.487798],[13.311873,52.487828],[13.311242,52.487963],[13.31077,52.488091],[13.310185,52.488288],[13.309661,52.488507],[13.309173,52.488189],[13.308725,52.488578],[13.308309,52.488458],[13.3083,52.488421],[13.308441,52.488154],[13.308528,52.487823],[13.30856,52.487794],[13.310998,52.4874]]],[[[13.315495,52.487732],[13.315514,52.48827],[13.315471,52.488297],[13.314195,52.488319],[13.314144,52.488288],[13.314046,52.486909],[13.315345,52.486699],[13.315463,52.486753],[13.315495,52.487732]]],[[[13.312185,52.487925],[13.311864,52.487261],[13.313554,52.486988],[13.313672,52.487041],[13.31376,52.488295],[13.313712,52.488327],[13.313125,52.488364],[13.312446,52.488465],[13.312185,52.487925]]],[[[13.309015,52.489876],[13.30873,52.489967],[13.308573,52.489926],[13.30809,52.488959],[13.308083,52.488851],[13.308157,52.488811],[13.310078,52.489368],[13.310095,52.489432],[13.309932,52.489515],[13.309569,52.489676],[13.309015,52.489876]]],[[[13.311227,52.488831],[13.310949,52.488956],[13.310032,52.488509],[13.310568,52.488306],[13.311091,52.488149],[13.311856,52.487978],[13.311921,52.487967],[13.31198,52.487982],[13.312238,52.488508],[13.311683,52.488662],[13.311227,52.488831]]]]}},{"type":"Feature","id":123,"properties":{"schluessel":"ES0502","bezirk":"Spandau","gebietsname":"Altstadt Spandau","f_gvbl_dat":"15.06.2016","f_in_kraft":"16.06.2016","ae_gvbldat":null,"ae_inkraft":null,"fl_ha":"57.7","erhaltungsziel":"Städtebauliche Eigenart"},"geometry":{"type":"MultiPolygon","coordinates":[[[[13.199162,52.53456],[13.199815,52.53441],[13.200137,52.534274],[13.200307,52.534231],[13.200586,52.534201],[13.201014,52.534081],[13.201215,52.534118],[13.201292,52.534091],[13.201863,52.533979],[13.202098,52.533913],[13.202165,52.533819],[13.202165,52.533767],[13.202143,52.533743],[13.203261,52.533404],[13.203741,52.533248],[13.203888,52.533186],[13.204703,52.532938],[13.205015,52.533101],[13.205472,52.533257],[13.206194,52.533287],[13.206927,52.533292],[13.207296,52.53325],[13.207165,52.533453],[13.207083,52.533525],[13.206965,52.53368],[13.206885,52.533832],[13.206821,52.534055],[13.208132,52.534737],[13.208843,52.534628],[13.208944,52.534904],[13.209674,52.534794],[13.20978,52.53506],[13.209269,52.535136],[13.209543,52.535813],[13.210219,52.535709],[13.210286,52.535874],[13.210553,52.536888],[13.209827,52.537063],[13.210215,52.537659],[13.210417,52.53784],[13.210595,52.538069],[13.211186,52.538117],[13.211656,52.538182],[13.211656,52.538206],[13.211819,52.538231],[13.212601,52.538303],[13.213339,52.538308],[13.213572,52.53826],[13.21389,52.5383],[13.214361,52.538232],[13.214668,52.538553],[13.214746,52.538844],[13.214974,52.539207],[13.215301,52.539315],[13.215519,52.539461],[13.215525,52.539657],[13.215631,52.539691],[13.215631,52.539771],[13.215569,52.539772],[13.215468,52.539737],[13.215367,52.539754],[13.21517,52.539759],[13.21403,52.539747],[13.213625,52.539733],[13.213408,52.539708],[13.212876,52.539592],[13.212008,52.539335],[13.211222,52.539082],[13.211131,52.539068],[13.210948,52.538993],[13.210728,52.538946],[13.210552,52.538972],[13.210461,52.539006],[13.210366,52.539067],[13.210304,52.539135],[13.210283,52.539225],[13.210364,52.539957],[13.210414,52.540104],[13.2104,52.540196],[13.21009,52.540328],[13.209728,52.540457],[13.209525,52.54056],[13.209075,52.540528],[13.208773,52.540344],[13.207857,52.540416],[13.20761,52.54035],[13.207101,52.540166],[13.207039,52.540248],[13.207173,52.540341],[13.207271,52.540462],[13.207773,52.540757],[13.207883,52.540982],[13.20795,52.54102],[13.207966,52.541073],[13.207893,52.541081],[13.207944,52.541258],[13.208044,52.54127],[13.20808,52.541424],[13.20807,52.5416],[13.20692,52.541693],[13.206787,52.54173],[13.206773,52.541711],[13.206533,52.541723],[13.206075,52.54184],[13.205808,52.541579],[13.20582,52.541573],[13.205667,52.541457],[13.205381,52.541266],[13.204651,52.54083],[13.204515,52.540729],[13.204381,52.54055],[13.204362,52.540434],[13.204007,52.540098],[13.203786,52.539964],[13.203423,52.539794],[13.202828,52.539923],[13.202838,52.539952],[13.202641,52.540066],[13.202597,52.540063],[13.202338,52.540372],[13.20229,52.540483],[13.202203,52.540583],[13.202075,52.540673],[13.201544,52.540935],[13.200162,52.539934],[13.200619,52.539701],[13.200821,52.539848],[13.201397,52.539562],[13.201,52.53927],[13.200698,52.538992],[13.200519,52.538781],[13.200319,52.538455],[13.2002,52.538166],[13.200123,52.53788],[13.200022,52.537032],[13.199898,52.536468],[13.199638,52.536492],[13.199564,52.536639],[13.198963,52.536541],[13.198549,52.535075],[13.197906,52.535141],[13.197752,52.534844],[13.199162,52.53456]]]]}},{"type":"Feature","id":124,"properties":{"schluessel":"ES0601","bezirk":"Steglitz-Zehlendorf","gebietsname":"Lichterfelde-West","f_gvbl_dat":"19.11.1991","f_in_kraft":"20.11.1991","ae_gvbldat":null,"ae_inkraft":null,"fl_ha":"204.9","erhaltungsziel":"Städtebauliche Eigenart"},"geometry":{"type":"MultiPolygon","coordinates":[[[[13.314997,52.443185],[13.31483,52.443178],[13.314778,52.44368],[13.314342,52.443661],[13.314266,52.444404],[13.313974,52.444393],[13.313801,52.444579],[13.314007,52.444648],[13.313769,52.444973],[13.314155,52.44508],[13.31395,52.446081],[13.314603,52.446285],[13.314179,52.446805],[13.314534,52.446916],[13.314197,52.447318],[13.314385,52.447377],[13.314189,52.44769],[13.314492,52.447759],[13.314176,52.448279],[13.311394,52.4477],[13.308527,52.446633],[13.308451,52.446719],[13.308153,52.446621],[13.308239,52.446524],[13.307944,52.446414],[13.307492,52.446935],[13.306708,52.446674],[13.306141,52.446428],[13.307848,52.444942],[13.30799,52.445001],[13.308358,52.444676],[13.307922,52.444127],[13.307774,52.444062],[13.307833,52.444013],[13.307629,52.443924],[13.307492,52.444041],[13.306373,52.443553],[13.306493,52.44344],[13.306235,52.443331],[13.306317,52.443259],[13.306241,52.443092],[13.304213,52.443439],[13.303001,52.444567],[13.302565,52.44439],[13.302625,52.444334],[13.302222,52.444164],[13.302164,52.444172],[13.301926,52.444068],[13.30167,52.443435],[13.301295,52.443279],[13.300862,52.443671],[13.300097,52.443351],[13.300076,52.443372],[13.299743,52.443233],[13.29985,52.443133],[13.299545,52.443009],[13.299782,52.442793],[13.299282,52.442591],[13.299051,52.442809],[13.297754,52.442287],[13.297344,52.442646],[13.29736,52.44267],[13.297669,52.44279],[13.297608,52.442848],[13.297709,52.442887],[13.297252,52.443317],[13.296484,52.443001],[13.295854,52.443564],[13.295887,52.443576],[13.295659,52.443783],[13.294199,52.443275],[13.294419,52.443043],[13.294651,52.443125],[13.294783,52.443007],[13.294856,52.442996],[13.294931,52.443012],[13.295387,52.442593],[13.295093,52.442491],[13.295202,52.442374],[13.292387,52.441381],[13.289551,52.435991],[13.288416,52.435397],[13.288233,52.435562],[13.287983,52.435462],[13.287911,52.435423],[13.288077,52.43531],[13.286942,52.434677],[13.286971,52.434658],[13.286427,52.434356],[13.286016,52.434634],[13.285403,52.434294],[13.285501,52.43404],[13.286336,52.432741],[13.288257,52.432904],[13.288871,52.432913],[13.292362,52.4328],[13.295096,52.432667],[13.302831,52.432405],[13.304589,52.432328],[13.304682,52.433319],[13.305153,52.433304],[13.305172,52.433529],[13.305413,52.433521],[13.30542,52.433583],[13.305647,52.433576],[13.305686,52.434029],[13.306396,52.434005],[13.306745,52.434106],[13.307479,52.433489],[13.308974,52.432126],[13.309319,52.431842],[13.309666,52.432068],[13.309647,52.43229],[13.309373,52.432383],[13.309662,52.432501],[13.309426,52.432811],[13.30948,52.432833],[13.309067,52.433198],[13.309386,52.433333],[13.309632,52.433112],[13.309912,52.433221],[13.309948,52.433179],[13.311274,52.434141],[13.311381,52.434101],[13.311525,52.434357],[13.31184,52.434611],[13.311247,52.434883],[13.311532,52.434993],[13.311293,52.435225],[13.31141,52.435273],[13.311478,52.435547],[13.311636,52.435827],[13.312209,52.436665],[13.313094,52.436437],[13.313432,52.436815],[13.313461,52.436951],[13.31359,52.437253],[13.313285,52.4373],[13.313358,52.437468],[13.312869,52.437564],[13.312965,52.4377],[13.313906,52.437517],[13.314032,52.437743],[13.314012,52.437749],[13.314501,52.438584],[13.313725,52.438775],[13.314456,52.439754],[13.314728,52.440085],[13.315014,52.440055],[13.315475,52.440594],[13.315035,52.440747],[13.314553,52.441084],[13.314372,52.441167],[13.315351,52.441606],[13.315282,52.441665],[13.31504,52.441786],[13.314681,52.441767],[13.314632,52.441747],[13.314291,52.442052],[13.314542,52.442062],[13.314486,52.442604],[13.315056,52.442627],[13.314997,52.443185]]]]}},{"type":"Feature","id":125,"properties":{"schluessel":"ES0602","bezirk":"Steglitz-Zehlendorf","gebietsname":"Fichtenberg","f_gvbl_dat":"19.11.1991","f_in_kraft":"20.11.1991","ae_gvbldat":null,"ae_inkraft":null,"fl_ha":"48.4","erhaltungsziel":"Städtebauliche Eigenart"},"geometry":{"type":"MultiPolygon","coordinates":[[[[13.312065,52.453292],[13.313538,52.45389],[13.314103,52.453192],[13.317436,52.454207],[13.317799,52.454346],[13.318039,52.454468],[13.318252,52.454622],[13.318666,52.455082],[13.318864,52.455169],[13.319452,52.455907],[13.319427,52.455918],[13.319676,52.45617],[13.319713,52.456157],[13.319961,52.456417],[13.320145,52.45664],[13.320089,52.456663],[13.320283,52.456854],[13.320158,52.456897],[13.320109,52.456939],[13.319456,52.457238],[13.315748,52.458585],[13.31541,52.458749],[13.315576,52.4589],[13.315923,52.459299],[13.313706,52.460077],[13.313537,52.459894],[13.313069,52.460013],[13.313128,52.460101],[13.312219,52.460327],[13.312298,52.460447],[13.310923,52.460794],[13.310894,52.460751],[13.309948,52.460986],[13.309658,52.460574],[13.309156,52.460602],[13.309196,52.460423],[13.308746,52.460388],[13.308431,52.460408],[13.308381,52.460098],[13.307182,52.460166],[13.307133,52.459779],[13.307232,52.459776],[13.307521,52.459532],[13.307211,52.459389],[13.306816,52.457756],[13.307876,52.456992],[13.30886,52.45601],[13.309138,52.455856],[13.308538,52.455554],[13.309642,52.454535],[13.310016,52.454251],[13.310065,52.454153],[13.310128,52.454085],[13.31031,52.453973],[13.311203,52.453601],[13.311668,52.453465],[13.312065,52.453292]]]]}},{"type":"Feature","id":126,"properties":{"schluessel":"ES0603","bezirk":"Steglitz-Zehlendorf","gebietsname":"Lichterfelde-Ost","f_gvbl_dat":"20.07.1996","f_in_kraft":"21.07.1996","ae_gvbldat":null,"ae_inkraft":null,"fl_ha":"162.0","erhaltungsziel":"Städtebauliche Eigenart"},"geometry":{"type":"MultiPolygon","coordinates":[[[[13.316058,52.426085],[13.316188,52.425973],[13.316336,52.425888],[13.316575,52.425803],[13.316899,52.425639],[13.317372,52.425467],[13.317719,52.425369],[13.318248,52.425255],[13.318629,52.425197],[13.318985,52.425163],[13.319397,52.425147],[13.319965,52.425154],[13.320284,52.425172],[13.320803,52.425226],[13.321203,52.425289],[13.321587,52.425371],[13.322007,52.42549],[13.322414,52.425636],[13.323038,52.425932],[13.322969,52.42603],[13.323941,52.426687],[13.324827,52.427247],[13.325373,52.427644],[13.325695,52.427906],[13.325699,52.42807],[13.326678,52.429076],[13.327609,52.429707],[13.327454,52.429889],[13.328306,52.430462],[13.329669,52.431309],[13.330181,52.431672],[13.330338,52.431757],[13.330629,52.432054],[13.330785,52.431997],[13.332101,52.432777],[13.330758,52.433514],[13.33064,52.433482],[13.330266,52.434016],[13.330391,52.434063],[13.328477,52.437307],[13.328226,52.437765],[13.327673,52.438965],[13.327292,52.439921],[13.32359,52.437646],[13.322373,52.436401],[13.321273,52.436653],[13.320729,52.436166],[13.319787,52.435615],[13.319048,52.43475],[13.318192,52.433803],[13.317584,52.434006],[13.317146,52.43352],[13.316543,52.432901],[13.316021,52.43267],[13.314705,52.432549],[13.313762,52.431884],[13.312843,52.430912],[13.312795,52.430765],[13.312862,52.430294],[13.312534,52.430264],[13.31249,52.430228],[13.312625,52.429901],[13.313115,52.429219],[13.313216,52.42904],[13.313508,52.428275],[13.313781,52.427395],[13.313833,52.427152],[13.314453,52.4273],[13.314702,52.427314],[13.314787,52.427119],[13.31495,52.426895],[13.315154,52.426656],[13.315491,52.426345],[13.315531,52.426313],[13.31592,52.426351],[13.315971,52.426205],[13.316058,52.426085]]],[[[13.325998,52.427652],[13.323158,52.425721],[13.321231,52.424387],[13.321745,52.424042],[13.32181,52.42409],[13.322159,52.424174],[13.322187,52.424168],[13.324489,52.421802],[13.325551,52.422066],[13.32598,52.421656],[13.326417,52.421337],[13.32712,52.422411],[13.327069,52.422444],[13.333278,52.423972],[13.333195,52.424096],[13.335004,52.424546],[13.334592,52.425016],[13.334421,52.425258],[13.33427,52.425525],[13.334053,52.426264],[13.333954,52.426744],[13.333793,52.426704],[13.333587,52.427013],[13.333856,52.427228],[13.333731,52.427818],[13.332037,52.430992],[13.329075,52.428989],[13.327777,52.428664],[13.326457,52.427796],[13.32638,52.42783],[13.326327,52.427878],[13.325998,52.427652]]]]}},{"type":"Feature","id":127,"properties":{"schluessel":"ES0604","bezirk":"Steglitz-Zehlendorf","gebietsname":"Siedlung Zinnowweg","f_gvbl_dat":"04.05.2005","f_in_kraft":"05.05.2005","ae_gvbldat":null,"ae_inkraft":null,"fl_ha":"9.8","erhaltungsziel":"Städtebauliche Eigenart"},"geometry":{"type":"MultiPolygon","coordinates":[[[[13.24792,52.442759],[13.247955,52.442795],[13.247938,52.442834],[13.246511,52.444001],[13.246112,52.443818],[13.24537,52.444422],[13.245773,52.444604],[13.245438,52.444871],[13.245925,52.445277],[13.245502,52.445463],[13.244375,52.444777],[13.243732,52.444583],[13.243794,52.444531],[13.243632,52.444467],[13.243461,52.44449],[13.243279,52.444424],[13.243164,52.444358],[13.243152,52.444334],[13.242581,52.444012],[13.242402,52.44389],[13.242444,52.443855],[13.241967,52.443566],[13.242634,52.443009],[13.242318,52.442869],[13.24426,52.441067],[13.245435,52.4416],[13.245657,52.441734],[13.24792,52.442759]]]]}},{"type":"Feature","id":128,"properties":{"schluessel":"ES0605","bezirk":"Steglitz-Zehlendorf","gebietsname":"B-Plan X-6-1","f_gvbl_dat":"16.06.1994","f_in_kraft":"17.06.1994","ae_gvbldat":null,"ae_inkraft":null,"fl_ha":"3.8","erhaltungsziel":"Städtebauliche Eigenart"},"geometry":{"type":"MultiPolygon","coordinates":[[[[13.257136,52.454861],[13.256821,52.455109],[13.254822,52.45473],[13.252203,52.454415],[13.252475,52.45382],[13.254982,52.454251],[13.256549,52.454576],[13.257181,52.454725],[13.257214,52.45475],[13.257219,52.454782],[13.257136,52.454861]]],[[[13.257763,52.454358],[13.25743,52.454626],[13.257338,52.454646],[13.256349,52.454416],[13.255178,52.454175],[13.252636,52.453735],[13.252808,52.453358],[13.253992,52.453545],[13.255144,52.453755],[13.256778,52.45411],[13.257763,52.454358]]]]}},{"type":"Feature","id":129,"properties":{"schluessel":"ES0606","bezirk":"Steglitz-Zehlendorf","gebietsname":"B-Plan X-B 1c","f_gvbl_dat":"10.11.2012","f_in_kraft":"11.11.2012","ae_gvbldat":null,"ae_inkraft":null,"fl_ha":"36.8","erhaltungsziel":"Städtebauliche Eigenart"},"geometry":{"type":"MultiPolygon","coordinates":[[[[13.137513,52.412509],[13.13763,52.412253],[13.138005,52.412338],[13.13841,52.412814],[13.139233,52.41347],[13.139627,52.413695],[13.139781,52.413831],[13.13988,52.413964],[13.139943,52.414105],[13.139802,52.41453],[13.139751,52.414548],[13.13923,52.414444],[13.138549,52.414276],[13.136673,52.413714],[13.137218,52.413057],[13.137361,52.412835],[13.137513,52.412509]]],[[[13.145846,52.414728],[13.145483,52.415182],[13.145428,52.415191],[13.144898,52.414647],[13.144649,52.414461],[13.144089,52.413924],[13.143807,52.413612],[13.143655,52.413374],[13.143571,52.413088],[13.143831,52.412943],[13.143871,52.41293],[13.144927,52.413135],[13.145331,52.413269],[13.145344,52.413251],[13.146779,52.413728],[13.146377,52.414228],[13.145976,52.414573],[13.145846,52.414728]]],[[[13.13425,52.414154],[13.134266,52.413556],[13.134296,52.41354],[13.134978,52.413571],[13.135609,52.413641],[13.136465,52.413783],[13.13704,52.41394],[13.138091,52.414262],[13.137759,52.415205],[13.137678,52.415228],[13.13425,52.414154]]],[[[13.13701,52.413078],[13.136506,52.413677],[13.135725,52.413547],[13.135189,52.413481],[13.134299,52.413432],[13.13427,52.413413],[13.134296,52.412464],[13.134325,52.412447],[13.134755,52.412443],[13.135495,52.412479],[13.135954,52.412528],[13.136497,52.412634],[13.136836,52.412725],[13.137175,52.412838],[13.13701,52.413078]]],[[[13.139287,52.411448],[13.140398,52.411501],[13.140778,52.411556],[13.141261,52.411688],[13.141283,52.411659],[13.141774,52.411816],[13.141785,52.41185],[13.141943,52.411898],[13.142038,52.411997],[13.14183,52.412185],[13.141721,52.412174],[13.141071,52.41195],[13.141046,52.411985],[13.141096,52.411996],[13.14116,52.412053],[13.141117,52.412148],[13.141466,52.412256],[13.141253,52.412518],[13.141092,52.412509],[13.139457,52.412048],[13.138561,52.411854],[13.137676,52.41169],[13.137135,52.411635],[13.137182,52.411424],[13.138554,52.411427],[13.139287,52.411448]]],[[[13.135842,52.411639],[13.137622,52.411822],[13.137245,52.412692],[13.137165,52.412709],[13.136635,52.412551],[13.13596,52.412417],[13.135326,52.412358],[13.134733,52.412335],[13.134329,52.412338],[13.134299,52.412321],[13.134316,52.411725],[13.13435,52.411667],[13.134406,52.411631],[13.1345,52.411607],[13.135224,52.411576],[13.135842,52.411639]]],[[[13.14722,52.41735],[13.14736,52.417612],[13.146097,52.417472],[13.146136,52.417378],[13.145621,52.417322],[13.14562,52.417238],[13.145566,52.417172],[13.144631,52.416625],[13.145861,52.415838],[13.146858,52.416756],[13.14722,52.41735]]],[[[13.143569,52.414789],[13.14378,52.414663],[13.143549,52.414521],[13.143759,52.414396],[13.143529,52.414252],[13.143461,52.414292],[13.143214,52.414138],[13.143074,52.414221],[13.142807,52.414047],[13.142435,52.414263],[13.141529,52.413864],[13.141996,52.413477],[13.141309,52.413169],[13.141647,52.412885],[13.142486,52.413269],[13.143271,52.413778],[13.143868,52.414011],[13.144101,52.414193],[13.144576,52.414641],[13.143955,52.415032],[13.143329,52.414932],[13.143569,52.414789]]],[[[13.139825,52.413113],[13.140189,52.413196],[13.140129,52.413438],[13.140653,52.412858],[13.140934,52.412612],[13.141169,52.412678],[13.141386,52.412769],[13.141231,52.413053],[13.141125,52.41314],[13.141151,52.413147],[13.141024,52.413255],[13.140996,52.413248],[13.140559,52.413614],[13.139642,52.413489],[13.139506,52.413457],[13.13937,52.413403],[13.138552,52.41275],[13.137994,52.4121],[13.138105,52.41191],[13.138576,52.412],[13.138517,52.412103],[13.138825,52.41248],[13.139989,52.412775],[13.139825,52.413113]]],[[[13.141704,52.411715],[13.141108,52.411535],[13.140695,52.411433],[13.140142,52.411343],[13.139843,52.411272],[13.139567,52.411106],[13.13934,52.410848],[13.139935,52.410556],[13.140197,52.410787],[13.140474,52.410935],[13.140942,52.411058],[13.141076,52.41108],[13.141451,52.411099],[13.141848,52.411081],[13.142343,52.410947],[13.142599,52.411142],[13.142843,52.41123],[13.142782,52.411282],[13.14283,52.411319],[13.142238,52.411813],[13.142043,52.411819],[13.141704,52.411715]]],[[[13.13909,52.41089],[13.139156,52.410865],[13.139448,52.411199],[13.139445,52.411271],[13.139355,52.411319],[13.137239,52.41131],[13.13655,52.411342],[13.135584,52.41141],[13.135599,52.410805],[13.135855,52.410809],[13.135853,52.410852],[13.137383,52.410882],[13.137348,52.410693],[13.137715,52.410701],[13.137706,52.410955],[13.138165,52.41096],[13.138441,52.410899],[13.138943,52.410726],[13.13909,52.41089]]],[[[13.145062,52.416193],[13.144505,52.41655],[13.143667,52.416063],[13.144678,52.415411],[13.144386,52.415238],[13.144345,52.415263],[13.144,52.415069],[13.144617,52.414679],[13.145762,52.415745],[13.145062,52.416193]]],[[[13.138487,52.414376],[13.138998,52.414507],[13.139713,52.414653],[13.139745,52.414688],[13.139369,52.415726],[13.139288,52.415748],[13.137904,52.415301],[13.138238,52.414358],[13.138322,52.41433],[13.138487,52.414376]]],[[[13.141467,52.412662],[13.141629,52.412507],[13.141949,52.412248],[13.142103,52.412284],[13.142449,52.412399],[13.14282,52.412604],[13.143455,52.413058],[13.143559,52.413487],[13.143665,52.413666],[13.14342,52.413711],[13.142585,52.413177],[13.141467,52.412662]]],[[[13.139915,52.414718],[13.139965,52.414702],[13.140476,52.414844],[13.140307,52.415313],[13.140393,52.415311],[13.140325,52.415478],[13.139764,52.4158],[13.139996,52.415831],[13.139909,52.416072],[13.139475,52.415932],[13.139915,52.414718]]],[[[13.14253,52.411759],[13.142509,52.411752],[13.142823,52.411476],[13.14343,52.411694],[13.143014,52.411988],[13.142487,52.411797],[13.14253,52.411759]]],[[[13.144933,52.416951],[13.144681,52.417114],[13.144205,52.416898],[13.144509,52.416702],[13.144933,52.416951]]]]}},{"type":"Feature","id":130,"properties":{"schluessel":"ES0607","bezirk":"Steglitz-Zehlendorf","gebietsname":"B-Plan X-B 2c","f_gvbl_dat":"27.09.2016","f_in_kraft":"28.09.2016","ae_gvbldat":null,"ae_inkraft":null,"fl_ha":"41.3","erhaltungsziel":"Städtebauliche Eigenart"},"geometry":{"type":"MultiPolygon","coordinates":[[[[13.200618,52.431327],[13.200491,52.431273],[13.200462,52.431234],[13.200319,52.430984],[13.200188,52.430672],[13.200464,52.430643],[13.200585,52.430615],[13.200698,52.430563],[13.200786,52.430481],[13.200833,52.43037],[13.200749,52.430179],[13.201212,52.430232],[13.201379,52.430539],[13.201636,52.430905],[13.201812,52.4311],[13.202237,52.431488],[13.202652,52.431783],[13.202925,52.431953],[13.203774,52.432347],[13.201585,52.433724],[13.201243,52.433514],[13.200731,52.433503],[13.200801,52.432462],[13.20077,52.432382],[13.200696,52.432311],[13.200554,52.432217],[13.200519,52.432082],[13.200745,52.431841],[13.200875,52.431741],[13.200916,52.431664],[13.200892,52.43153],[13.200773,52.431398],[13.200618,52.431327]]],[[[13.198867,52.432492],[13.198803,52.432544],[13.198727,52.43254],[13.198447,52.432377],[13.198262,52.432295],[13.19786,52.432187],[13.197548,52.432137],[13.197142,52.432107],[13.195966,52.432118],[13.195332,52.432087],[13.195197,52.432064],[13.195136,52.432047],[13.195004,52.431959],[13.194578,52.431593],[13.194629,52.431482],[13.194697,52.431398],[13.194801,52.431326],[13.195201,52.431149],[13.195477,52.431135],[13.196006,52.431072],[13.196309,52.430991],[13.196936,52.430765],[13.197343,52.430579],[13.197809,52.430232],[13.198074,52.430076],[13.198407,52.429951],[13.198495,52.42993],[13.198636,52.429931],[13.198666,52.429958],[13.198676,52.430086],[13.198639,52.43088],[13.19845,52.431383],[13.198445,52.431477],[13.198464,52.431547],[13.198588,52.431711],[13.198915,52.432062],[13.198867,52.432492]]],[[[13.198568,52.434024],[13.198281,52.433962],[13.198001,52.433873],[13.197712,52.433742],[13.197226,52.433489],[13.195935,52.432651],[13.19538,52.43225],[13.19538,52.432216],[13.19542,52.432206],[13.196208,52.432235],[13.197052,52.43222],[13.197422,52.432239],[13.197995,52.432335],[13.198177,52.43239],[13.198365,52.432482],[13.19872,52.432728],[13.198749,52.432774],[13.198712,52.432991],[13.198752,52.433633],[13.198792,52.433808],[13.198901,52.434004],[13.198883,52.434037],[13.198817,52.434056],[13.198568,52.434024]]],[[[13.204549,52.43347],[13.204367,52.433393],[13.204172,52.433355],[13.204191,52.434009],[13.201499,52.434039],[13.201455,52.434018],[13.201466,52.433994],[13.203955,52.432428],[13.204302,52.432588],[13.204835,52.43287],[13.205925,52.433574],[13.205511,52.433805],[13.205509,52.433741],[13.205176,52.433645],[13.204825,52.433587],[13.204549,52.43347]]],[[[13.204023,52.43511],[13.204009,52.434707],[13.206114,52.435363],[13.205418,52.437091],[13.204074,52.436554],[13.204023,52.43511]]],[[[13.202263,52.431316],[13.201967,52.43104],[13.201799,52.430852],[13.201555,52.430504],[13.201569,52.430466],[13.201623,52.430458],[13.202121,52.430506],[13.202552,52.430602],[13.205301,52.431384],[13.203903,52.432267],[13.203059,52.431873],[13.202574,52.431559],[13.202263,52.431316]]],[[[13.20145,52.429555],[13.201692,52.429622],[13.201713,52.429697],[13.201852,52.429793],[13.202452,52.429963],[13.202754,52.429562],[13.203334,52.429725],[13.203032,52.430126],[13.203636,52.430298],[13.203731,52.430226],[13.204226,52.430365],[13.204391,52.430412],[13.20433,52.430494],[13.204964,52.430671],[13.205041,52.430576],[13.205336,52.43066],[13.205259,52.430755],[13.205983,52.430958],[13.205453,52.431288],[13.202408,52.430429],[13.201952,52.430354],[13.201545,52.430315],[13.201455,52.430279],[13.201412,52.430205],[13.201335,52.429931],[13.201264,52.429789],[13.201154,52.429714],[13.201157,52.429668],[13.20145,52.429555]]],[[[13.203828,52.43544],[13.203865,52.436471],[13.202676,52.435993],[13.202631,52.434341],[13.202776,52.434322],[13.2038,52.434641],[13.203828,52.43544]]],[[[13.202257,52.434165],[13.202327,52.434252],[13.202424,52.434307],[13.202468,52.435911],[13.201167,52.435393],[13.20116,52.435272],[13.201088,52.435223],[13.20107,52.434591],[13.201104,52.434589],[13.201089,52.434178],[13.202257,52.434165]]],[[[13.207134,52.432445],[13.20661,52.433827],[13.206582,52.43385],[13.206525,52.433856],[13.206485,52.433841],[13.205999,52.433464],[13.205449,52.433096],[13.206246,52.432606],[13.206229,52.432539],[13.206447,52.432349],[13.206579,52.43217],[13.207204,52.432257],[13.207134,52.432445]]],[[[13.205262,52.434623],[13.205048,52.434879],[13.202945,52.434227],[13.20299,52.434157],[13.205323,52.434132],[13.205336,52.434535],[13.205262,52.434623]]],[[[13.205043,52.432269],[13.205321,52.432419],[13.204858,52.432733],[13.204413,52.432497],[13.204084,52.432347],[13.205169,52.431665],[13.205633,52.431939],[13.205492,52.432129],[13.205362,52.432053],[13.205043,52.432269]]],[[[13.207441,52.431614],[13.207367,52.431817],[13.205731,52.431367],[13.205703,52.431333],[13.206193,52.431022],[13.20752,52.431399],[13.207441,52.431614]]],[[[13.200078,52.430464],[13.199991,52.430314],[13.199956,52.430102],[13.199981,52.430024],[13.200498,52.43014],[13.200627,52.43035],[13.200601,52.430426],[13.200549,52.430475],[13.200484,52.430505],[13.200395,52.430523],[13.200245,52.430525],[13.200078,52.430464]]]]}},{"type":"Feature","id":131,"properties":{"schluessel":"ES0608","bezirk":"Steglitz-Zehlendorf","gebietsname":"B-Plan X-B 2e","f_gvbl_dat":"30.12.2011","f_in_kraft":"31.12.2011","ae_gvbldat":null,"ae_inkraft":null,"fl_ha":"45.8","erhaltungsziel":"Städtebauliche Eigenart"},"geometry":{"type":"MultiPolygon","coordinates":[[[[13.224093,52.437943],[13.222583,52.440427],[13.221745,52.440515],[13.221068,52.440534],[13.222479,52.437554],[13.224346,52.437527],[13.224093,52.437943]]],[[[13.223259,52.43543],[13.221765,52.435107],[13.22301,52.432548],[13.22308,52.432535],[13.223783,52.432709],[13.224477,52.43285],[13.223259,52.43543]]],[[[13.21991,52.436769],[13.218896,52.436368],[13.219614,52.435078],[13.21971,52.43505],[13.221321,52.435387],[13.22137,52.435445],[13.22059,52.437036],[13.21991,52.436769]]],[[[13.221654,52.438832],[13.221057,52.440109],[13.220347,52.439985],[13.221004,52.438589],[13.220023,52.438417],[13.219614,52.438406],[13.219576,52.438251],[13.219465,52.438056],[13.219553,52.43798],[13.21988,52.43789],[13.220019,52.437977],[13.220225,52.438035],[13.220444,52.438041],[13.220617,52.438009],[13.220766,52.437946],[13.220877,52.437858],[13.220944,52.437733],[13.220939,52.437619],[13.221429,52.437568],[13.222258,52.437557],[13.221654,52.438832]]],[[[13.224221,52.438087],[13.224561,52.437524],[13.225352,52.437511],[13.223868,52.439959],[13.224062,52.440148],[13.222816,52.44039],[13.224221,52.438087]]],[[[13.227254,52.433924],[13.227484,52.433999],[13.226231,52.436062],[13.225541,52.435913],[13.227077,52.433374],[13.227469,52.433453],[13.227221,52.433917],[13.227254,52.433924]]],[[[13.224003,52.43572],[13.22404,52.435832],[13.224162,52.435919],[13.223351,52.437404],[13.222538,52.437414],[13.223396,52.435593],[13.224003,52.43572]]],[[[13.225678,52.435328],[13.225347,52.435873],[13.22474,52.435744],[13.224699,52.435623],[13.224575,52.435544],[13.225291,52.434223],[13.226219,52.434421],[13.225678,52.435328]]],[[[13.224151,52.433992],[13.225093,52.434186],[13.224379,52.435507],[13.224208,52.435531],[13.224075,52.4356],[13.223453,52.435472],[13.224151,52.433992]]],[[[13.21816,52.433698],[13.219136,52.4339],[13.219204,52.433778],[13.220039,52.433951],[13.219653,52.434644],[13.21956,52.434672],[13.217886,52.434325],[13.21784,52.434268],[13.21816,52.433698]]],[[[13.223886,52.436829],[13.224357,52.435958],[13.224532,52.435937],[13.224667,52.435866],[13.225274,52.435992],[13.224423,52.437389],[13.223577,52.4374],[13.223886,52.436829]]],[[[13.217018,52.43759],[13.216847,52.437893],[13.217741,52.438077],[13.217602,52.438332],[13.217195,52.438368],[13.216732,52.43836],[13.216276,52.438298],[13.215755,52.438165],[13.215707,52.438098],[13.2161,52.437399],[13.217018,52.43759]]],[[[13.22535,52.433706],[13.225163,52.434057],[13.224212,52.433863],[13.224672,52.432887],[13.225677,52.433095],[13.22535,52.433706]]],[[[13.225341,52.436242],[13.225468,52.436032],[13.226162,52.436179],[13.22603,52.436397],[13.226002,52.436391],[13.225884,52.436585],[13.225912,52.436591],[13.225658,52.437009],[13.225745,52.437039],[13.225654,52.437188],[13.225606,52.437177],[13.225576,52.437228],[13.225529,52.437217],[13.225438,52.437374],[13.224646,52.437385],[13.225341,52.436242]]],[[[13.218075,52.434758],[13.217623,52.434664],[13.217735,52.434464],[13.217828,52.434436],[13.219504,52.434785],[13.219551,52.43484],[13.219385,52.435139],[13.218828,52.435021],[13.218883,52.434923],[13.218075,52.434758]]]]}},{"type":"Feature","id":132,"properties":{"schluessel":"ES0609","bezirk":"Steglitz-Zehlendorf","gebietsname":"B-Plan X-B 7","f_gvbl_dat":"07.07.2006","f_in_kraft":"08.07.2006","ae_gvbldat":null,"ae_inkraft":null,"fl_ha":"43.5","erhaltungsziel":"Städtebauliche Eigenart"},"geometry":{"type":"MultiPolygon","coordinates":[[[[13.235483,52.444809],[13.234672,52.4451],[13.23461,52.445101],[13.234569,52.445082],[13.233865,52.444301],[13.233771,52.444171],[13.233675,52.443966],[13.233586,52.443467],[13.233451,52.443228],[13.233206,52.442996],[13.233053,52.442897],[13.232838,52.442789],[13.233723,52.442012],[13.233796,52.442008],[13.233971,52.442122],[13.234188,52.442302],[13.234832,52.443051],[13.235231,52.443417],[13.23586,52.443903],[13.236079,52.444163],[13.236156,52.444372],[13.236171,52.444527],[13.236155,52.444553],[13.235483,52.444809]]],[[[13.231531,52.443954],[13.232144,52.443454],[13.2327,52.442925],[13.232771,52.442916],[13.233059,52.443086],[13.233251,52.443271],[13.233399,52.443536],[13.233441,52.443885],[13.233483,52.444027],[13.233575,52.444215],[13.233706,52.444387],[13.234394,52.445151],[13.234385,52.445201],[13.233628,52.445511],[13.23274,52.445914],[13.232679,52.445925],[13.232632,52.445913],[13.232367,52.445644],[13.232191,52.445381],[13.232074,52.445131],[13.231806,52.444385],[13.231695,52.44418],[13.231531,52.443954]]],[[[13.226844,52.441195],[13.226672,52.441445],[13.226152,52.441372],[13.225871,52.441372],[13.225512,52.441411],[13.224883,52.441544],[13.22471,52.441557],[13.224556,52.441549],[13.224292,52.441491],[13.224046,52.441373],[13.223652,52.440878],[13.22368,52.44081],[13.224333,52.440647],[13.224888,52.440488],[13.226651,52.439802],[13.226706,52.439796],[13.226763,52.439827],[13.22716,52.440738],[13.226844,52.441195]]],[[[13.225163,52.441627],[13.225647,52.441528],[13.225887,52.441499],[13.22614,52.441499],[13.226582,52.441557],[13.225796,52.442715],[13.223505,52.442913],[13.223296,52.442796],[13.223247,52.442482],[13.223832,52.441509],[13.224036,52.441527],[13.224248,52.441623],[13.224533,52.441684],[13.22483,52.441685],[13.225163,52.441627]]],[[[13.229902,52.440462],[13.23042,52.440603],[13.230754,52.440728],[13.23057,52.441305],[13.230371,52.441712],[13.230179,52.442007],[13.229867,52.44241],[13.229793,52.442419],[13.229163,52.44215],[13.228661,52.441982],[13.22832,52.441887],[13.228642,52.441418],[13.22881,52.441082],[13.228913,52.44064],[13.228921,52.440258],[13.228982,52.440233],[13.229902,52.440462]]],[[[13.233594,52.441909],[13.23267,52.442717],[13.232098,52.442457],[13.231619,52.442212],[13.230643,52.441645],[13.230762,52.441392],[13.230942,52.440859],[13.23101,52.440843],[13.231818,52.441173],[13.232541,52.441447],[13.233594,52.441909]]],[[[13.231049,52.442067],[13.231786,52.442463],[13.232559,52.442823],[13.231979,52.443378],[13.231471,52.443798],[13.231397,52.443795],[13.231124,52.443477],[13.230743,52.4431],[13.230283,52.442727],[13.230008,52.442541],[13.230375,52.442068],[13.230541,52.441821],[13.230613,52.441809],[13.231049,52.442067]]],[[[13.229761,52.444672],[13.230189,52.444574],[13.23057,52.444454],[13.230981,52.444282],[13.231346,52.444083],[13.231412,52.444091],[13.231558,52.444309],[13.231638,52.444481],[13.231889,52.4452],[13.231982,52.4454],[13.232209,52.445732],[13.232466,52.445994],[13.232445,52.44605],[13.23218,52.446172],[13.231907,52.445958],[13.231609,52.446073],[13.231373,52.445882],[13.230842,52.444944],[13.23004,52.445129],[13.229761,52.444672]]],[[[13.228625,52.440997],[13.228453,52.441367],[13.228128,52.441834],[13.227838,52.441754],[13.227048,52.439953],[13.227078,52.439898],[13.227347,52.439847],[13.22743,52.439846],[13.228719,52.440166],[13.228715,52.44061],[13.228625,52.440997]]],[[[13.22857,52.442096],[13.229192,52.442309],[13.229744,52.442563],[13.228844,52.443763],[13.228769,52.44376],[13.228487,52.443225],[13.228017,52.44216],[13.228144,52.441976],[13.22857,52.442096]]],[[[13.221804,52.441889],[13.221357,52.442618],[13.221267,52.442638],[13.221093,52.442589],[13.220908,52.44251],[13.220752,52.442413],[13.220609,52.442273],[13.220546,52.442174],[13.220494,52.441969],[13.220544,52.441476],[13.221045,52.441491],[13.222062,52.441448],[13.222197,52.441479],[13.222045,52.441733],[13.221895,52.441698],[13.2218,52.441849],[13.221804,52.441889]]],[[[13.220367,52.441475],[13.220323,52.442017],[13.220357,52.44218],[13.220417,52.442283],[13.220599,52.442471],[13.220752,52.442572],[13.220973,52.442672],[13.221276,52.442756],[13.221043,52.443138],[13.220564,52.442971],[13.220186,52.442773],[13.219941,52.442562],[13.219818,52.442404],[13.219748,52.442271],[13.219699,52.442055],[13.219718,52.441659],[13.21958,52.441634],[13.219668,52.441448],[13.220367,52.441475]]],[[[13.22352,52.443038],[13.225611,52.442858],[13.225666,52.442903],[13.225575,52.443035],[13.224906,52.443364],[13.22479,52.443379],[13.224793,52.443392],[13.224686,52.443459],[13.223347,52.443573],[13.223207,52.443064],[13.22352,52.443038]]],[[[13.223274,52.443447],[13.222672,52.443502],[13.222429,52.443505],[13.222236,52.44349],[13.2219,52.443424],[13.2212,52.44319],[13.221441,52.442794],[13.222061,52.442935],[13.222979,52.443085],[13.223168,52.443068],[13.223274,52.443447]]],[[[13.226223,52.442879],[13.225795,52.443487],[13.224988,52.443437],[13.224988,52.44341],[13.225672,52.443071],[13.225834,52.44284],[13.226032,52.442846],[13.226223,52.442879]]]]}},{"type":"Feature","id":133,"properties":{"schluessel":"ES0610","bezirk":"Steglitz-Zehlendorf","gebietsname":"B-Plan X-B 8","f_gvbl_dat":"05.07.2005","f_in_kraft":"06.07.2005","ae_gvbldat":null,"ae_inkraft":null,"fl_ha":"36.8","erhaltungsziel":"Städtebauliche Eigenart"},"geometry":{"type":"MultiPolygon","coordinates":[[[[13.237615,52.443919],[13.236787,52.444288],[13.236653,52.444274],[13.236386,52.444161],[13.236236,52.444056],[13.235981,52.443789],[13.235362,52.443317],[13.235154,52.443131],[13.234759,52.442712],[13.234394,52.442268],[13.234081,52.44201],[13.233882,52.441888],[13.234697,52.441303],[13.234848,52.441342],[13.234989,52.441353],[13.235167,52.441388],[13.235409,52.441485],[13.235491,52.441539],[13.2357,52.441738],[13.235805,52.441984],[13.235846,52.442244],[13.235938,52.442408],[13.236069,52.442516],[13.236206,52.442583],[13.236263,52.442645],[13.236296,52.442713],[13.236335,52.443096],[13.236407,52.443158],[13.236541,52.443207],[13.236672,52.443206],[13.236762,52.443188],[13.236876,52.443081],[13.23693,52.442965],[13.23705,52.442894],[13.237304,52.442807],[13.237315,52.442755],[13.237223,52.442583],[13.237057,52.442442],[13.237021,52.44238],[13.236997,52.442083],[13.236938,52.442004],[13.23654,52.441705],[13.236475,52.441637],[13.236409,52.441496],[13.236352,52.441425],[13.236254,52.441353],[13.23597,52.441253],[13.235792,52.441228],[13.235734,52.441194],[13.235686,52.441115],[13.235603,52.441068],[13.235526,52.441048],[13.23539,52.441042],[13.235218,52.441057],[13.234979,52.441115],[13.235733,52.440633],[13.236289,52.440305],[13.236858,52.440574],[13.237417,52.440866],[13.238015,52.441215],[13.238517,52.441541],[13.238892,52.44181],[13.239258,52.442106],[13.239547,52.442388],[13.239843,52.442739],[13.239814,52.44279],[13.237615,52.443919]]],[[[13.233989,52.441099],[13.234109,52.441152],[13.234132,52.441189],[13.234179,52.441192],[13.234213,52.44116],[13.234428,52.44115],[13.234551,52.441215],[13.233726,52.441811],[13.233017,52.441488],[13.231647,52.440957],[13.230986,52.440675],[13.231013,52.440433],[13.231033,52.439658],[13.23106,52.439521],[13.231243,52.439175],[13.231689,52.438517],[13.232041,52.438607],[13.2323,52.438513],[13.232697,52.438567],[13.232965,52.438451],[13.233691,52.438976],[13.234203,52.439297],[13.235038,52.439734],[13.236124,52.44023],[13.235278,52.440733],[13.234724,52.4411],[13.2346,52.441054],[13.234294,52.440873],[13.234078,52.440555],[13.233806,52.440313],[13.233681,52.440235],[13.23352,52.440222],[13.233313,52.440164],[13.23324,52.440171],[13.233066,52.440155],[13.232871,52.440099],[13.232778,52.439999],[13.232684,52.439797],[13.23266,52.43966],[13.232622,52.439592],[13.232444,52.439426],[13.232323,52.43937],[13.232284,52.439389],[13.232268,52.439422],[13.232309,52.439853],[13.232227,52.440097],[13.23224,52.440165],[13.232355,52.440288],[13.232642,52.440447],[13.233026,52.440552],[13.233158,52.440627],[13.233492,52.440929],[13.233546,52.44095],[13.233587,52.440949],[13.233642,52.440896],[13.233724,52.44088],[13.233826,52.440921],[13.233989,52.441099]]],[[[13.235951,52.438407],[13.236853,52.438325],[13.237111,52.438323],[13.237449,52.438345],[13.237794,52.4389],[13.238212,52.439407],[13.237805,52.43953],[13.237348,52.439691],[13.236576,52.440014],[13.236522,52.440026],[13.236438,52.440014],[13.235457,52.43957],[13.234825,52.439249],[13.235243,52.43894],[13.235092,52.43853],[13.235951,52.438407]]],[[[13.230804,52.440201],[13.230786,52.440538],[13.23071,52.440563],[13.230343,52.440436],[13.228942,52.440085],[13.229004,52.439802],[13.229089,52.439575],[13.22928,52.439243],[13.229846,52.438423],[13.230304,52.438232],[13.230748,52.438074],[13.230986,52.438342],[13.231028,52.438325],[13.231502,52.438444],[13.231045,52.439113],[13.230859,52.439449],[13.23081,52.439664],[13.230804,52.440201]]],[[[13.236433,52.437107],[13.236949,52.437049],[13.237117,52.437588],[13.237334,52.438106],[13.23729,52.438144],[13.236861,52.438138],[13.236154,52.438187],[13.234742,52.438382],[13.234056,52.438451],[13.233818,52.437605],[13.234445,52.437524],[13.236121,52.437161],[13.236433,52.437107]]],[[[13.23313,52.437176],[13.233574,52.436935],[13.234899,52.436327],[13.23565,52.43593],[13.236692,52.435883],[13.236907,52.43687],[13.236198,52.436956],[13.234622,52.437302],[13.234237,52.43737],[13.233702,52.437431],[13.233303,52.437448],[13.233235,52.437291],[13.23313,52.437176]]],[[[13.239342,52.441023],[13.239639,52.441208],[13.239318,52.441554],[13.239221,52.441603],[13.238815,52.441316],[13.238124,52.440878],[13.237517,52.440536],[13.236782,52.440171],[13.236756,52.440133],[13.236768,52.440093],[13.236917,52.440016],[13.237409,52.439816],[13.237828,52.439666],[13.238317,52.439516],[13.238619,52.439799],[13.238972,52.44009],[13.239363,52.44037],[13.239692,52.440579],[13.239149,52.440902],[13.239342,52.441023]]],[[[13.228712,52.438913],[13.229419,52.438609],[13.229465,52.438609],[13.229482,52.438631],[13.229064,52.439234],[13.228937,52.439453],[13.228823,52.439704],[13.228753,52.44],[13.228685,52.440019],[13.227151,52.439634],[13.227161,52.439602],[13.227651,52.439371],[13.228712,52.438913]]]]}},{"type":"Feature","id":134,"properties":{"schluessel":"ES0611","bezirk":"Steglitz-Zehlendorf","gebietsname":"B-Plan X-B 9","f_gvbl_dat":"02.12.2005","f_in_kraft":"03.12.2005","ae_gvbldat":null,"ae_inkraft":null,"fl_ha":"37.0","erhaltungsziel":"Städtebauliche Eigenart"},"geometry":{"type":"MultiPolygon","coordinates":[[[[13.228196,52.435308],[13.230227,52.435752],[13.230758,52.436479],[13.231066,52.436856],[13.231056,52.436898],[13.230896,52.436949],[13.227189,52.436261],[13.227443,52.435731],[13.227754,52.435213],[13.228196,52.435308]]],[[[13.234121,52.434437],[13.233901,52.434868],[13.233793,52.435227],[13.233741,52.435585],[13.233739,52.435762],[13.233784,52.43613],[13.232731,52.436557],[13.232351,52.436696],[13.232184,52.436638],[13.232001,52.436602],[13.232188,52.436111],[13.232471,52.434774],[13.232613,52.434428],[13.232744,52.434177],[13.233547,52.434116],[13.234334,52.434006],[13.234383,52.434039],[13.234121,52.434437]]],[[[13.231922,52.43624],[13.231782,52.436589],[13.231481,52.43663],[13.231126,52.436219],[13.230689,52.435614],[13.230334,52.434944],[13.230163,52.434491],[13.230091,52.43422],[13.23005,52.434031],[13.230098,52.433991],[13.23108,52.43412],[13.230894,52.434652],[13.231199,52.434757],[13.231301,52.435104],[13.232153,52.435166],[13.231981,52.436054],[13.231922,52.43624]]],[[[13.227798,52.436508],[13.230485,52.437004],[13.230511,52.437031],[13.230483,52.437051],[13.229668,52.437236],[13.229328,52.437298],[13.228909,52.43735],[13.228348,52.437375],[13.226497,52.437373],[13.226457,52.437334],[13.226808,52.436917],[13.227131,52.436384],[13.227798,52.436508]]],[[[13.229973,52.435286],[13.230117,52.435548],[13.230071,52.435577],[13.227832,52.435096],[13.228309,52.43437],[13.228601,52.434018],[13.228893,52.433738],[13.229415,52.433843],[13.229485,52.433885],[13.229691,52.434645],[13.229973,52.435286]]],[[[13.228188,52.433598],[13.228629,52.433686],[13.228653,52.433731],[13.228188,52.434228],[13.227907,52.434627],[13.2273,52.435599],[13.226989,52.436225],[13.226231,52.436062],[13.227484,52.433999],[13.227221,52.433917],[13.227469,52.433453],[13.228188,52.433598]]],[[[13.234737,52.435097],[13.234613,52.435274],[13.235197,52.43554],[13.234037,52.436026],[13.233964,52.436008],[13.233946,52.435749],[13.233967,52.435414],[13.234099,52.434903],[13.234261,52.434566],[13.234681,52.433935],[13.235198,52.433816],[13.23549,52.434217],[13.235199,52.434406],[13.235072,52.43462],[13.234737,52.435097]]],[[[13.233781,52.432578],[13.234526,52.432762],[13.234338,52.433045],[13.234287,52.433033],[13.234145,52.433229],[13.23418,52.433238],[13.234059,52.43342],[13.234,52.433461],[13.234668,52.433634],[13.234528,52.433837],[13.234034,52.433926],[13.233641,52.433977],[13.232898,52.434044],[13.232853,52.434007],[13.233781,52.432578]]],[[[13.230959,52.432256],[13.23085,52.432463],[13.230793,52.432462],[13.230759,52.43268],[13.230816,52.432681],[13.230779,52.432932],[13.230689,52.432931],[13.23066,52.433142],[13.230592,52.433353],[13.230611,52.433358],[13.230588,52.433442],[13.231082,52.433553],[13.230836,52.433963],[13.230177,52.433864],[13.23007,52.433839],[13.230017,52.433798],[13.229968,52.433361],[13.229969,52.432749],[13.230025,52.432219],[13.230959,52.432256]]],[[[13.232089,52.433573],[13.232601,52.432828],[13.232363,52.432774],[13.232494,52.432556],[13.232568,52.432573],[13.232814,52.432189],[13.233663,52.43239],[13.23271,52.43386],[13.232095,52.433713],[13.232089,52.433573]]],[[[13.226002,52.436391],[13.22603,52.436397],[13.226162,52.436179],[13.226934,52.436344],[13.226842,52.436522],[13.226618,52.436865],[13.226182,52.437371],[13.225493,52.437374],[13.225606,52.437177],[13.225654,52.437188],[13.225745,52.437039],[13.225658,52.437009],[13.225912,52.436591],[13.225884,52.436585],[13.226002,52.436391]]]]}},{"type":"Feature","id":135,"properties":{"schluessel":"ES0612","bezirk":"Steglitz-Zehlendorf","gebietsname":"B-Plan X-B 10","f_gvbl_dat":"02.12.2005","f_in_kraft":"03.12.2005","ae_gvbldat":null,"ae_inkraft":null,"fl_ha":"47.1","erhaltungsziel":"Städtebauliche Eigenart"},"geometry":{"type":"MultiPolygon","coordinates":[[[[13.243545,52.43794],[13.243794,52.438011],[13.243376,52.438306],[13.243534,52.438369],[13.243358,52.438526],[13.243998,52.438783],[13.243057,52.439656],[13.241637,52.439072],[13.24125,52.438468],[13.241694,52.438278],[13.242072,52.438095],[13.242394,52.437927],[13.242728,52.437725],[13.243323,52.43732],[13.243675,52.437033],[13.243952,52.43677],[13.244491,52.436997],[13.24421,52.437258],[13.24444,52.437353],[13.244282,52.4375],[13.244252,52.437487],[13.243892,52.437819],[13.243825,52.437804],[13.24373,52.437819],[13.243545,52.43794]]],[[[13.240288,52.434635],[13.24114,52.434555],[13.241209,52.434789],[13.241551,52.434906],[13.241351,52.435151],[13.241083,52.435546],[13.236872,52.435746],[13.236795,52.435426],[13.238585,52.434686],[13.238854,52.434629],[13.239036,52.434627],[13.239587,52.43467],[13.23993,52.434669],[13.240288,52.434635]]],[[[13.246349,52.439255],[13.248625,52.437145],[13.250458,52.4379],[13.250458,52.437954],[13.246338,52.439642],[13.246094,52.439492],[13.246349,52.439255]]],[[[13.241453,52.439228],[13.240145,52.440622],[13.240071,52.440626],[13.239815,52.440479],[13.239373,52.440189],[13.238955,52.43987],[13.238503,52.439459],[13.239499,52.43913],[13.240324,52.438834],[13.24078,52.438975],[13.241453,52.439228]]],[[[13.243333,52.437104],[13.242698,52.437565],[13.242161,52.437884],[13.24177,52.438083],[13.241238,52.438322],[13.241167,52.438308],[13.240998,52.437892],[13.240897,52.437538],[13.240836,52.437181],[13.240817,52.436816],[13.24345,52.43666],[13.243498,52.436962],[13.243333,52.437104]]],[[[13.239059,52.437214],[13.239006,52.436925],[13.240609,52.43683],[13.240629,52.437207],[13.240692,52.437559],[13.24083,52.438011],[13.241007,52.438415],[13.240412,52.43865],[13.23984,52.438501],[13.239268,52.438381],[13.239059,52.437214]]],[[[13.24278,52.43485],[13.242465,52.435216],[13.243126,52.435448],[13.242077,52.43656],[13.240839,52.436636],[13.240978,52.436173],[13.241263,52.435603],[13.241623,52.435091],[13.242064,52.434601],[13.24278,52.43485]]],[[[13.250355,52.437736],[13.248716,52.437061],[13.24951,52.436322],[13.249635,52.436316],[13.252038,52.437303],[13.250672,52.437866],[13.250355,52.437736]]],[[[13.237058,52.436589],[13.237005,52.436356],[13.237581,52.436306],[13.240044,52.436191],[13.239986,52.435726],[13.240938,52.435681],[13.240983,52.435717],[13.240768,52.436176],[13.240628,52.436646],[13.237112,52.436853],[13.237058,52.436589]]],[[[13.243522,52.435829],[13.244034,52.435281],[13.243943,52.435265],[13.244111,52.43508],[13.245139,52.435244],[13.24403,52.436446],[13.242412,52.43654],[13.242373,52.436503],[13.242985,52.435848],[13.243377,52.435986],[13.243522,52.435829]]],[[[13.245864,52.436178],[13.24571,52.436345],[13.24434,52.436428],[13.244307,52.436399],[13.245468,52.435149],[13.246494,52.435502],[13.245864,52.436178]]],[[[13.238074,52.43897],[13.237879,52.438702],[13.237698,52.438404],[13.237745,52.438369],[13.238278,52.438423],[13.238952,52.43852],[13.239477,52.438621],[13.240024,52.438751],[13.240028,52.438796],[13.238397,52.43935],[13.238074,52.43897]]],[[[13.247579,52.435353],[13.246754,52.436247],[13.246758,52.436282],[13.246003,52.436327],[13.245972,52.436297],[13.246923,52.435276],[13.247006,52.43526],[13.247066,52.435221],[13.247086,52.435148],[13.247579,52.435353]]],[[[13.246736,52.435169],[13.246756,52.435218],[13.246586,52.435401],[13.246085,52.435226],[13.246289,52.43501],[13.246736,52.435169]]]]}},{"type":"Feature","id":136,"properties":{"schluessel":"ES0613","bezirk":"Steglitz-Zehlendorf","gebietsname":"B-Plan X-B 11","f_gvbl_dat":"07.07.2006","f_in_kraft":"08.07.2006","ae_gvbldat":null,"ae_inkraft":null,"fl_ha":"44.7","erhaltungsziel":"Städtebauliche Eigenart"},"geometry":{"type":"MultiPolygon","coordinates":[[[[13.262369,52.439459],[13.262468,52.439399],[13.262658,52.439347],[13.262716,52.439348],[13.262751,52.439367],[13.264988,52.441987],[13.264899,52.442059],[13.263405,52.441898],[13.261832,52.441654],[13.26189,52.440992],[13.261986,52.440482],[13.262165,52.439905],[13.262369,52.439459]]],[[[13.261587,52.440949],[13.261536,52.441478],[13.261334,52.441567],[13.259771,52.441296],[13.259695,52.441188],[13.259909,52.440935],[13.260012,52.440776],[13.260113,52.440582],[13.260261,52.4402],[13.260331,52.439838],[13.260331,52.43933],[13.261943,52.439299],[13.262065,52.439396],[13.261902,52.439765],[13.261773,52.440126],[13.261685,52.440435],[13.261587,52.440949]]],[[[13.259179,52.439352],[13.260125,52.439334],[13.260138,52.439516],[13.260119,52.439867],[13.26007,52.44012],[13.259988,52.44038],[13.259919,52.440542],[13.259734,52.440866],[13.259423,52.441235],[13.257997,52.440988],[13.258083,52.440767],[13.258147,52.440397],[13.258148,52.440249],[13.258071,52.439764],[13.258104,52.439372],[13.259179,52.439352]]],[[[13.255405,52.440539],[13.255485,52.440158],[13.255543,52.43999],[13.255629,52.439835],[13.255942,52.439414],[13.257751,52.439379],[13.25788,52.439467],[13.257868,52.439771],[13.257946,52.440312],[13.257906,52.440652],[13.257798,52.440954],[13.255405,52.440539]]],[[[13.262263,52.438796],[13.262253,52.438969],[13.262174,52.439168],[13.260312,52.439205],[13.260239,52.438908],[13.260168,52.438731],[13.260079,52.438544],[13.259913,52.43829],[13.260028,52.438185],[13.262071,52.438349],[13.262217,52.438612],[13.262263,52.438796]]],[[[13.260662,52.437511],[13.260713,52.437696],[13.260948,52.437645],[13.261579,52.437947],[13.261539,52.43817],[13.25967,52.438016],[13.258622,52.437067],[13.259356,52.436761],[13.259465,52.43691],[13.259266,52.436994],[13.259414,52.437128],[13.259495,52.437095],[13.259689,52.437273],[13.259721,52.437261],[13.259822,52.437399],[13.260445,52.437222],[13.260662,52.437511]]],[[[13.260105,52.439208],[13.2582,52.439245],[13.258153,52.439211],[13.25835,52.438816],[13.258554,52.438578],[13.258795,52.438352],[13.259141,52.438114],[13.259565,52.438149],[13.259748,52.438374],[13.259887,52.438592],[13.260017,52.438878],[13.260105,52.439208]]],[[[13.259329,52.437989],[13.2572,52.437823],[13.25715,52.437768],[13.257913,52.436699],[13.257986,52.436695],[13.258457,52.43712],[13.259368,52.437953],[13.259329,52.437989]]],[[[13.2575,52.436803],[13.257332,52.437038],[13.256804,52.436898],[13.256938,52.436675],[13.25697,52.436682],[13.257167,52.436383],[13.257188,52.436279],[13.257242,52.436266],[13.257146,52.43599],[13.25683,52.436048],[13.256749,52.435903],[13.258076,52.435675],[13.258253,52.435733],[13.258284,52.435808],[13.258273,52.435848],[13.257549,52.436814],[13.2575,52.436803]]],[[[13.25764,52.438403],[13.257665,52.438368],[13.258318,52.43858],[13.258108,52.438857],[13.257931,52.43925],[13.256704,52.439274],[13.256694,52.439088],[13.256766,52.439065],[13.257076,52.43906],[13.257127,52.43893],[13.257225,52.438956],[13.25764,52.438403]]]]}},{"type":"Feature","id":137,"properties":{"schluessel":"ES0614","bezirk":"Steglitz-Zehlendorf","gebietsname":"B-Plan X-B 12","f_gvbl_dat":"07.07.2006","f_in_kraft":"08.07.2006","ae_gvbldat":null,"ae_inkraft":null,"fl_ha":"54.3","erhaltungsziel":"Städtebauliche Eigenart"},"geometry":{"type":"MultiPolygon","coordinates":[[[[13.256018,52.440841],[13.257652,52.441125],[13.257691,52.441169],[13.257404,52.441619],[13.256979,52.442084],[13.256546,52.44243],[13.256027,52.442757],[13.25496,52.442575],[13.255364,52.440728],[13.256018,52.440841]]],[[[13.259687,52.445542],[13.260116,52.445156],[13.260478,52.444778],[13.260677,52.444767],[13.260773,52.444744],[13.260896,52.444686],[13.261976,52.444962],[13.261522,52.445724],[13.261455,52.445876],[13.261411,52.446071],[13.261399,52.446314],[13.261438,52.446617],[13.261509,52.446801],[13.261714,52.447159],[13.260838,52.447449],[13.260127,52.446038],[13.25991,52.445814],[13.259718,52.445689],[13.259587,52.445625],[13.259687,52.445542]]],[[[13.266892,52.446183],[13.265824,52.447037],[13.26337,52.445961],[13.263774,52.445292],[13.265269,52.445521],[13.265768,52.445625],[13.266291,52.445765],[13.267088,52.446027],[13.266892,52.446183]]],[[[13.2644,52.444255],[13.26552,52.444504],[13.265709,52.444533],[13.266138,52.444557],[13.266421,52.444542],[13.266769,52.444494],[13.266857,52.444517],[13.267133,52.444962],[13.26749,52.445698],[13.267244,52.445894],[13.266418,52.445619],[13.265831,52.445468],[13.265291,52.445351],[13.263865,52.445139],[13.2644,52.444255]]],[[[13.267291,52.446097],[13.26763,52.446214],[13.267784,52.446493],[13.26672,52.447292],[13.263426,52.449923],[13.263318,52.4494],[13.263333,52.449302],[13.263393,52.449219],[13.267291,52.446097]]],[[[13.262472,52.443819],[13.264206,52.444211],[13.263664,52.44511],[13.263096,52.445016],[13.26231,52.444863],[13.261674,52.444717],[13.261007,52.44454],[13.261013,52.444465],[13.260988,52.444392],[13.260874,52.444282],[13.261145,52.443868],[13.261365,52.443466],[13.261562,52.443429],[13.262122,52.443703],[13.262251,52.443757],[13.262472,52.443819]]],[[[13.26471,52.442234],[13.265201,52.442273],[13.265233,52.442543],[13.265369,52.442788],[13.265063,52.442994],[13.264811,52.443241],[13.264275,52.444093],[13.262826,52.443767],[13.263665,52.442121],[13.26471,52.442234]]],[[[13.264104,52.447895],[13.264408,52.448169],[13.263262,52.449085],[13.263047,52.449064],[13.261949,52.447193],[13.26237,52.447006],[13.2627,52.446796],[13.262903,52.446802],[13.264104,52.447895]]],[[[13.262326,52.449875],[13.261914,52.449313],[13.260876,52.44751],[13.261747,52.447216],[13.262975,52.449314],[13.263126,52.449618],[13.263127,52.449792],[13.263065,52.449937],[13.262974,52.450045],[13.26269,52.450275],[13.262612,52.450268],[13.262326,52.449875]]],[[[13.258478,52.441266],[13.259131,52.441378],[13.25921,52.441483],[13.258609,52.44219],[13.25838,52.442492],[13.258193,52.442819],[13.258097,52.443171],[13.257877,52.443232],[13.257489,52.44308],[13.257198,52.442987],[13.256724,52.442877],[13.256375,52.442813],[13.256429,52.442693],[13.256895,52.442369],[13.257314,52.441992],[13.257528,52.441753],[13.257721,52.441496],[13.257907,52.441169],[13.258478,52.441266]]],[[[13.260815,52.442889],[13.260443,52.442722],[13.259925,52.442532],[13.259363,52.442373],[13.258798,52.442252],[13.259481,52.441442],[13.261512,52.441794],[13.261434,52.44238],[13.261261,52.442974],[13.261065,52.443013],[13.260815,52.442889]]],[[[13.263145,52.446797],[13.26293,52.4466],[13.263084,52.446418],[13.263273,52.446115],[13.26333,52.446098],[13.2657,52.447136],[13.264645,52.447979],[13.26444,52.447977],[13.263145,52.446797]]],[[[13.26217,52.445005],[13.26275,52.445122],[13.263572,52.445263],[13.262949,52.446289],[13.262794,52.44649],[13.262561,52.446699],[13.262376,52.446825],[13.262136,52.44696],[13.261879,52.447066],[13.261703,52.446779],[13.261647,52.446645],[13.261605,52.446345],[13.261617,52.446068],[13.261699,52.4458],[13.26217,52.445005]]],[[[13.261704,52.44255],[13.261807,52.441969],[13.262011,52.44188],[13.263465,52.442099],[13.262633,52.443723],[13.262357,52.443649],[13.262246,52.443602],[13.26148,52.443222],[13.261704,52.44255]]],[[[13.266622,52.444113],[13.266732,52.444297],[13.266712,52.444354],[13.266578,52.444394],[13.266165,52.444431],[13.265866,52.444421],[13.26561,52.444388],[13.264472,52.444137],[13.264877,52.443459],[13.265032,52.443247],[13.265126,52.443157],[13.265211,52.443116],[13.265485,52.44292],[13.265747,52.443119],[13.266135,52.443311],[13.266622,52.444113]]],[[[13.258302,52.444392],[13.258238,52.443799],[13.258462,52.443741],[13.259305,52.444146],[13.259765,52.444327],[13.260346,52.444521],[13.26006,52.444846],[13.259755,52.445149],[13.259431,52.445436],[13.259353,52.445442],[13.258798,52.445067],[13.258626,52.444923],[13.258402,52.444639],[13.258302,52.444392]]]]}},{"type":"Feature","id":138,"properties":{"schluessel":"ES0615","bezirk":"Steglitz-Zehlendorf","gebietsname":"B-Plan X-B 16","f_gvbl_dat":"10.03.2012","f_in_kraft":"11.03.2012","ae_gvbldat":null,"ae_inkraft":null,"fl_ha":"26.9","erhaltungsziel":"Städtebauliche Eigenart"},"geometry":{"type":"MultiPolygon","coordinates":[[[[13.291907,52.466731],[13.293847,52.465097],[13.294558,52.464437],[13.294668,52.4644],[13.294792,52.464395],[13.295207,52.464408],[13.295387,52.464428],[13.295844,52.464526],[13.296158,52.464646],[13.296161,52.464694],[13.292824,52.467458],[13.291661,52.466944],[13.291907,52.466731]]],[[[13.292557,52.467679],[13.289907,52.469874],[13.289833,52.469863],[13.289684,52.468654],[13.291618,52.46698],[13.292781,52.467494],[13.292557,52.467679]]],[[[13.292179,52.468446],[13.292477,52.4682],[13.29307,52.468466],[13.293092,52.468448],[13.293684,52.468715],[13.292189,52.469952],[13.290176,52.47033],[13.29015,52.470127],[13.292179,52.468446]]],[[[13.295576,52.46656],[13.295624,52.466582],[13.295232,52.466907],[13.295328,52.46695],[13.294935,52.467275],[13.294776,52.467204],[13.29447,52.467457],[13.294348,52.467402],[13.294086,52.467618],[13.294271,52.467701],[13.293963,52.467953],[13.293195,52.467607],[13.296422,52.464931],[13.29713,52.465254],[13.296873,52.465469],[13.296752,52.465415],[13.295837,52.466175],[13.295941,52.466222],[13.295773,52.466398],[13.295576,52.46656]]],[[[13.291496,52.466899],[13.289714,52.468439],[13.289656,52.468429],[13.289504,52.4672],[13.290171,52.466634],[13.290348,52.466535],[13.290796,52.466362],[13.290989,52.46626],[13.29182,52.46662],[13.291496,52.466899]]],[[[13.29119,52.466063],[13.291327,52.465701],[13.291391,52.465601],[13.291567,52.465463],[13.291862,52.465311],[13.292159,52.465214],[13.292476,52.465147],[13.29359,52.465043],[13.293636,52.46509],[13.291837,52.466606],[13.291009,52.466247],[13.291124,52.46615],[13.29119,52.466063]]],[[[13.28909,52.465533],[13.289524,52.465481],[13.289806,52.46543],[13.290232,52.466257],[13.28961,52.466746],[13.289537,52.466765],[13.289443,52.466764],[13.289353,52.466491],[13.288878,52.465578],[13.288913,52.465545],[13.28909,52.465533]]]]}},{"type":"Feature","id":139,"properties":{"schluessel":"ES0616","bezirk":"Steglitz-Zehlendorf","gebietsname":"B-Plan X-B 18","f_gvbl_dat":"23.11.2017","f_in_kraft":"24.11.2017","ae_gvbldat":null,"ae_inkraft":null,"fl_ha":"48.5","erhaltungsziel":"Städtebauliche Eigenart"},"geometry":{"type":"MultiPolygon","coordinates":[[[[13.277363,52.459841],[13.27517,52.460276],[13.275103,52.460252],[13.274617,52.458647],[13.276438,52.458452],[13.278284,52.458132],[13.278721,52.458951],[13.279053,52.459505],[13.277363,52.459841]]],[[[13.277829,52.452885],[13.277821,52.453808],[13.277792,52.453829],[13.273099,52.454399],[13.273058,52.454385],[13.272541,52.453503],[13.272559,52.453481],[13.273005,52.453397],[13.274234,52.453217],[13.277801,52.45287],[13.277829,52.452885]]],[[[13.277806,52.453947],[13.277812,52.454997],[13.277791,52.455016],[13.276878,52.455],[13.276606,52.455016],[13.276333,52.455065],[13.275759,52.455249],[13.275506,52.455305],[13.273601,52.455549],[13.273559,52.455538],[13.273134,52.454517],[13.27316,52.454497],[13.277806,52.453947]]],[[[13.27681,52.455652],[13.277686,52.455653],[13.277604,52.455975],[13.277561,52.456298],[13.277596,52.456669],[13.277735,52.457091],[13.278229,52.458028],[13.276605,52.458311],[13.27654,52.458289],[13.276397,52.457993],[13.276322,52.457782],[13.276158,52.456833],[13.276093,52.456622],[13.27582,52.455947],[13.275783,52.455787],[13.27681,52.455652]]],[[[13.279636,52.45775],[13.278397,52.457995],[13.277876,52.456997],[13.277769,52.456654],[13.277747,52.456508],[13.277774,52.456489],[13.279577,52.456447],[13.279923,52.45646],[13.280158,52.456486],[13.280384,52.456523],[13.280793,52.456629],[13.281102,52.456743],[13.281634,52.456983],[13.281626,52.457011],[13.280863,52.457467],[13.280674,52.457609],[13.280168,52.457662],[13.279636,52.45775]]],[[[13.279174,52.459699],[13.280181,52.45949],[13.280215,52.459501],[13.280664,52.460481],[13.280642,52.460504],[13.279692,52.460724],[13.279273,52.460847],[13.278575,52.461104],[13.277981,52.461398],[13.277622,52.461262],[13.277705,52.460997],[13.277725,52.460728],[13.277648,52.460412],[13.277481,52.460058],[13.277496,52.460032],[13.279174,52.459699]]],[[[13.282869,52.458762],[13.281144,52.459101],[13.280718,52.458309],[13.280688,52.458125],[13.280723,52.45795],[13.280786,52.457814],[13.280939,52.45766],[13.281797,52.457136],[13.281908,52.457049],[13.282197,52.457204],[13.282516,52.457446],[13.282756,52.457731],[13.282833,52.457866],[13.283265,52.458684],[13.282869,52.458762]]],[[[13.28347,52.460515],[13.28347,52.46075],[13.283421,52.461004],[13.283154,52.461755],[13.283018,52.461995],[13.282952,52.462073],[13.282776,52.462218],[13.282326,52.4625],[13.282158,52.462471],[13.281307,52.460616],[13.281324,52.460596],[13.283374,52.460192],[13.283407,52.460205],[13.283419,52.46024],[13.28347,52.460515]]],[[[13.281379,52.459253],[13.283214,52.458892],[13.283251,52.458903],[13.283468,52.459314],[13.283007,52.459407],[13.283372,52.460099],[13.281285,52.46051],[13.281251,52.460496],[13.280742,52.459395],[13.280766,52.459373],[13.281379,52.459253]]],[[[13.277493,52.452094],[13.277834,52.452288],[13.277831,52.452739],[13.277802,52.452761],[13.274278,52.453103],[13.273594,52.453191],[13.272988,52.453288],[13.272768,52.452905],[13.273254,52.452804],[13.273344,52.452813],[13.27341,52.452971],[13.273687,52.452928],[13.273578,52.452736],[13.274326,52.452603],[13.275308,52.452509],[13.275332,52.452552],[13.275841,52.452493],[13.276686,52.452308],[13.27695,52.452236],[13.276961,52.45228],[13.277493,52.452094]]],[[[13.28711,52.460137],[13.286462,52.460156],[13.285905,52.460141],[13.285735,52.459361],[13.286993,52.459294],[13.28711,52.460137]]],[[[13.283601,52.459098],[13.283476,52.458859],[13.283495,52.458836],[13.284842,52.458572],[13.285003,52.458912],[13.284159,52.459078],[13.284206,52.459167],[13.283692,52.45927],[13.283601,52.459098]]]]}},{"type":"Feature","id":140,"properties":{"schluessel":"ES0617","bezirk":"Steglitz-Zehlendorf","gebietsname":"B-Plan X-B 21","f_gvbl_dat":"30.10.2003","f_in_kraft":"31.10.2004","ae_gvbldat":null,"ae_inkraft":null,"fl_ha":"17.3","erhaltungsziel":"Städtebauliche Eigenart"},"geometry":{"type":"MultiPolygon","coordinates":[[[[13.265153,52.432791],[13.266544,52.430743],[13.267838,52.430776],[13.267776,52.431625],[13.26767,52.432089],[13.267457,52.43258],[13.266938,52.433448],[13.265153,52.432791]]],[[[13.26611,52.431035],[13.264957,52.432727],[13.264392,52.432581],[13.263732,52.432355],[13.264837,52.430652],[13.266224,52.430732],[13.266267,52.430761],[13.266271,52.4308],[13.26611,52.431035]]],[[[13.263558,52.432295],[13.262255,52.431848],[13.263081,52.430555],[13.264556,52.430634],[13.264596,52.430676],[13.263558,52.432295]]],[[[13.261786,52.430813],[13.26194,52.430492],[13.262866,52.430544],[13.262083,52.431788],[13.261426,52.431562],[13.261786,52.430813]]],[[[13.268837,52.431201],[13.26895,52.431244],[13.268708,52.431501],[13.268685,52.432099],[13.26822,52.432022],[13.268106,52.432143],[13.267846,52.432101],[13.267951,52.431634],[13.268014,52.430781],[13.268602,52.430795],[13.268581,52.431103],[13.268837,52.431201]]]]}},{"type":"Feature","id":141,"properties":{"schluessel":"ES0618","bezirk":"Steglitz-Zehlendorf","gebietsname":"B-Plan 6-34 B","f_gvbl_dat":"30.01.2020","f_in_kraft":"31.01.2020","ae_gvbldat":null,"ae_inkraft":null,"fl_ha":"27.5","erhaltungsziel":"Städtebauliche Eigenart"},"geometry":{"type":"MultiPolygon","coordinates":[[[[13.285827,52.460249],[13.28646,52.460264],[13.287096,52.460245],[13.287127,52.460261],[13.287545,52.463244],[13.287518,52.463263],[13.286697,52.463299],[13.286551,52.463289],[13.286211,52.463232],[13.285049,52.460316],[13.285071,52.460295],[13.285298,52.46027],[13.285827,52.460249]]],[[[13.285601,52.464654],[13.284181,52.464059],[13.282,52.463066],[13.282373,52.462718],[13.282874,52.462368],[13.282921,52.462366],[13.284051,52.462777],[13.285002,52.46306],[13.286019,52.463309],[13.286435,52.463385],[13.286651,52.463409],[13.286668,52.463426],[13.286565,52.4636],[13.286342,52.463926],[13.28564,52.464648],[13.285601,52.464654]]],[[[13.280103,52.463604],[13.279103,52.463499],[13.278627,52.463478],[13.278586,52.463463],[13.277657,52.462058],[13.277596,52.461929],[13.277552,52.461757],[13.277565,52.46146],[13.277607,52.46145],[13.279154,52.462011],[13.280838,52.462741],[13.281717,52.46314],[13.281583,52.463435],[13.281485,52.463749],[13.280103,52.463604]]],[[[13.280279,52.460704],[13.280686,52.460609],[13.28073,52.460625],[13.281667,52.462666],[13.281494,52.462837],[13.279297,52.461875],[13.278203,52.461478],[13.278195,52.461424],[13.278573,52.461237],[13.2789,52.461104],[13.279505,52.460897],[13.280279,52.460704]]],[[[13.286097,52.464853],[13.285801,52.464734],[13.285794,52.464709],[13.286107,52.464401],[13.286542,52.463927],[13.286858,52.463423],[13.286898,52.463404],[13.287534,52.463371],[13.287566,52.463387],[13.287658,52.464027],[13.287722,52.464239],[13.288249,52.465262],[13.288241,52.465289],[13.288198,52.4653],[13.287848,52.465264],[13.287283,52.465175],[13.286727,52.465048],[13.286097,52.464853]]],[[[13.283356,52.462407],[13.28305,52.462289],[13.283035,52.462263],[13.283258,52.46192],[13.283325,52.46178],[13.283637,52.461836],[13.283976,52.461842],[13.285264,52.461651],[13.285856,52.463134],[13.285824,52.463149],[13.285481,52.463068],[13.28448,52.462794],[13.283356,52.462407]]],[[[13.278222,52.463201],[13.278395,52.463465],[13.278378,52.463486],[13.277722,52.463532],[13.277562,52.463141],[13.277437,52.463153],[13.277165,52.462745],[13.276538,52.461539],[13.276131,52.461334],[13.276319,52.461063],[13.276817,52.46119],[13.277404,52.461377],[13.277369,52.461699],[13.277446,52.462008],[13.278222,52.463201]]]]}},{"type":"Feature","id":142,"properties":{"schluessel":"ES0701","bezirk":"Tempelhof-Schöneberg","gebietsname":"Friedenau","f_gvbl_dat":"24.07.1986","f_in_kraft":"25.07.1986","ae_gvbldat":"06.10.1988","ae_inkraft":"07.10.1988","fl_ha":"51.5","erhaltungsziel":"Städtebauliche Eigenart"},"geometry":{"type":"MultiPolygon","coordinates":[[[[13.327648,52.469036],[13.328119,52.468993],[13.328595,52.468995],[13.328618,52.470404],[13.329302,52.470401],[13.329363,52.470361],[13.329501,52.470153],[13.330205,52.470573],[13.331587,52.469712],[13.331796,52.469858],[13.332066,52.470087],[13.332561,52.469892],[13.333566,52.471024],[13.333568,52.471112],[13.333767,52.471074],[13.333768,52.471152],[13.333967,52.471124],[13.334391,52.470957],[13.334202,52.47078],[13.334891,52.470514],[13.334462,52.469672],[13.33479,52.469665],[13.334924,52.469305],[13.334687,52.469272],[13.334877,52.468731],[13.334545,52.46874],[13.334804,52.468517],[13.334598,52.468326],[13.33629,52.467662],[13.336486,52.46785],[13.337173,52.467585],[13.337678,52.468045],[13.338228,52.468482],[13.338995,52.469072],[13.339898,52.469729],[13.339879,52.469754],[13.339895,52.469988],[13.33999,52.469986],[13.340399,52.470248],[13.340449,52.471435],[13.341082,52.471427],[13.3411,52.472799],[13.341011,52.4728],[13.341018,52.473087],[13.341106,52.473085],[13.341128,52.474379],[13.340351,52.474375],[13.340353,52.474423],[13.339838,52.474432],[13.339727,52.471762],[13.3384,52.471789],[13.338401,52.471846],[13.338009,52.471855],[13.338007,52.471797],[13.337522,52.471806],[13.337528,52.471913],[13.33622,52.47194],[13.336214,52.471792],[13.336078,52.471806],[13.335941,52.47186],[13.335953,52.472409],[13.337391,52.473555],[13.337391,52.473628],[13.336288,52.47364],[13.336337,52.475176],[13.336072,52.47518],[13.336081,52.475718],[13.33596,52.475719],[13.335971,52.476063],[13.336001,52.476376],[13.336033,52.476376],[13.336052,52.476755],[13.33286,52.476848],[13.33284,52.475655],[13.329402,52.473593],[13.329008,52.473838],[13.328725,52.47384],[13.328122,52.473894],[13.32785,52.473896],[13.327785,52.473821],[13.327589,52.473704],[13.327857,52.473537],[13.327218,52.473166],[13.327114,52.473167],[13.327113,52.472997],[13.327154,52.472997],[13.327145,52.472142],[13.326845,52.472144],[13.326841,52.471929],[13.327194,52.471927],[13.327184,52.471422],[13.327137,52.471422],[13.327135,52.47123],[13.326721,52.471129],[13.327276,52.470781],[13.325486,52.469714],[13.325939,52.469481],[13.326475,52.469279],[13.327035,52.469133],[13.327648,52.469036]]]]}},{"type":"Feature","id":143,"properties":{"schluessel":"ES0702","bezirk":"Tempelhof-Schöneberg","gebietsname":"Neu-Tempelhof","f_gvbl_dat":"11.09.1991","f_in_kraft":"12.09.1991","ae_gvbldat":null,"ae_inkraft":null,"fl_ha":"99.1","erhaltungsziel":"Städtebauliche Eigenart"},"geometry":{"type":"MultiPolygon","coordinates":[[[[13.374633,52.479876],[13.374158,52.479947],[13.374024,52.479441],[13.372109,52.47944],[13.372108,52.480361],[13.372086,52.480626],[13.370616,52.480637],[13.370508,52.4742],[13.370819,52.473451],[13.370577,52.473198],[13.371906,52.472728],[13.371656,52.472039],[13.373482,52.472009],[13.376424,52.471988],[13.377705,52.472006],[13.379647,52.471965],[13.382366,52.471551],[13.38357,52.471543],[13.383656,52.471497],[13.385595,52.471485],[13.385813,52.480274],[13.384542,52.480285],[13.384072,52.48031],[13.382259,52.480462],[13.381222,52.480806],[13.379937,52.481188],[13.379416,52.481299],[13.379147,52.481333],[13.378277,52.481441],[13.378118,52.481408],[13.377971,52.481405],[13.37772,52.481464],[13.377331,52.481381],[13.376859,52.481304],[13.376515,52.481222],[13.376008,52.481054],[13.375605,52.480871],[13.375252,52.480661],[13.375014,52.480442],[13.374792,52.480167],[13.374633,52.479876]]]]}},{"type":"Feature","id":144,"properties":{"schluessel":"ES0703","bezirk":"Tempelhof-Schöneberg","gebietsname":"Alt-Lichtenrade","f_gvbl_dat":"15.07.1995","f_in_kraft":"16.07.1995","ae_gvbldat":null,"ae_inkraft":null,"fl_ha":"1.4","erhaltungsziel":"Städtebauliche Eigenart"},"geometry":{"type":"MultiPolygon","coordinates":[[[[13.409487,52.395367],[13.409561,52.394616],[13.409759,52.394631],[13.409922,52.394624],[13.409927,52.394574],[13.409974,52.394576],[13.409937,52.394464],[13.409958,52.394244],[13.410885,52.394366],[13.410954,52.394419],[13.4108,52.395915],[13.409801,52.395855],[13.40984,52.395522],[13.409473,52.3955],[13.409487,52.395367]]]]}},{"type":"Feature","id":145,"properties":{"schluessel":"ES0704","bezirk":"Tempelhof-Schöneberg","gebietsname":"Abendrotsiedlung","f_gvbl_dat":"13.11.1996","f_in_kraft":"14.11.1996","ae_gvbldat":null,"ae_inkraft":null,"fl_ha":"6.4","erhaltungsziel":"Städtebauliche Eigenart"},"geometry":{"type":"MultiPolygon","coordinates":[[[[13.387289,52.392202],[13.387215,52.391649],[13.387644,52.391651],[13.38765,52.391393],[13.390436,52.391408],[13.390471,52.391432],[13.390424,52.392188],[13.390291,52.392188],[13.39028,52.392678],[13.390327,52.392678],[13.39008,52.393738],[13.390069,52.393952],[13.390415,52.393955],[13.391233,52.394126],[13.391149,52.39428],[13.387578,52.394258],[13.387479,52.393605],[13.387502,52.393604],[13.387478,52.393433],[13.387455,52.393434],[13.38736,52.392772],[13.387382,52.392771],[13.387366,52.392648],[13.387354,52.392572],[13.387338,52.392572],[13.387289,52.392202]]]]}},{"type":"Feature","id":146,"properties":{"schluessel":"ES0705","bezirk":"Tempelhof-Schöneberg","gebietsname":"Wolframsiedlung","f_gvbl_dat":"16.09.2000","f_in_kraft":"17.09.2000","ae_gvbldat":null,"ae_inkraft":null,"fl_ha":"6.2","erhaltungsziel":"Städtebauliche Eigenart"},"geometry":{"type":"MultiPolygon","coordinates":[[[[13.372405,52.452599],[13.372115,52.452783],[13.371619,52.452404],[13.369496,52.450905],[13.368712,52.450504],[13.370384,52.449324],[13.373941,52.451244],[13.372405,52.452599]]]]}},{"type":"Feature","id":147,"properties":{"schluessel":"ES0706","bezirk":"Tempelhof-Schöneberg","gebietsname":"Stadtrandsiedlung Marienfelde I, II und III","f_gvbl_dat":"16.06.2001","f_in_kraft":"17.06.2001","ae_gvbldat":null,"ae_inkraft":null,"fl_ha":"37.4","erhaltungsziel":"Städtebauliche Eigenart"},"geometry":{"type":"MultiPolygon","coordinates":[[[[13.355349,52.403156],[13.354533,52.402385],[13.354249,52.402498],[13.353175,52.401712],[13.354425,52.400965],[13.356214,52.400137],[13.357359,52.399582],[13.35939,52.398463],[13.35956,52.398393],[13.360383,52.398422],[13.360365,52.398679],[13.360535,52.40019],[13.360461,52.400197],[13.360491,52.400492],[13.360506,52.400636],[13.360577,52.400629],[13.361025,52.404608],[13.358906,52.405342],[13.357912,52.405736],[13.355226,52.403205],[13.355349,52.403156]]],[[[13.346936,52.405299],[13.347908,52.404704],[13.349283,52.403824],[13.350408,52.403143],[13.350866,52.402886],[13.351984,52.402347],[13.353381,52.403648],[13.352269,52.404094],[13.354048,52.40575],[13.353655,52.405873],[13.35403,52.406057],[13.353483,52.406442],[13.353803,52.406599],[13.353468,52.407065],[13.351153,52.406481],[13.349134,52.405946],[13.346936,52.405299]]]]}},{"type":"Feature","id":148,"properties":{"schluessel":"ES0707","bezirk":"Tempelhof-Schöneberg","gebietsname":"Maaßenstraße","f_gvbl_dat":"06.11.2010","f_in_kraft":"07.11.2010","ae_gvbldat":null,"ae_inkraft":null,"fl_ha":"3.0","erhaltungsziel":"Städtebauliche Eigenart"},"geometry":{"type":"MultiPolygon","coordinates":[[[[13.354548,52.49741],[13.355155,52.497465],[13.355225,52.497593],[13.355648,52.497499],[13.355388,52.49701],[13.355165,52.497061],[13.35507,52.496879],[13.355128,52.496353],[13.355503,52.496267],[13.355418,52.496129],[13.356177,52.495972],[13.356243,52.496841],[13.355921,52.496902],[13.356289,52.497552],[13.356819,52.497449],[13.356729,52.497283],[13.356898,52.497249],[13.356945,52.497333],[13.357286,52.497427],[13.357399,52.497645],[13.357189,52.497689],[13.357393,52.498053],[13.357183,52.498101],[13.357305,52.498338],[13.356236,52.498572],[13.356138,52.498404],[13.356511,52.498327],[13.356421,52.498155],[13.356044,52.498237],[13.35613,52.498385],[13.355284,52.498562],[13.355254,52.498503],[13.355046,52.498543],[13.35507,52.498607],[13.354857,52.498651],[13.354682,52.498304],[13.354656,52.498203],[13.354347,52.498248],[13.354548,52.49741]]]]}},{"type":"Feature","id":149,"properties":{"schluessel":"ES0708","bezirk":"Tempelhof-Schöneberg","gebietsname":"Alt-Lichtenrade","f_gvbl_dat":"24.03.1981","f_in_kraft":"25.03.1981","ae_gvbldat":null,"ae_inkraft":null,"fl_ha":"3.5","erhaltungsziel":"Städtebauliche Eigenart"},"geometry":{"type":"MultiPolygon","coordinates":[[[[13.411865,52.391135],[13.412279,52.391111],[13.412336,52.392231],[13.411843,52.392253],[13.411742,52.391675],[13.410996,52.39168],[13.411013,52.391435],[13.411075,52.391279],[13.411125,52.391283],[13.411134,52.391227],[13.411167,52.391193],[13.411458,52.391184],[13.411865,52.391135]]],[[[13.412132,52.389601],[13.412209,52.389949],[13.411336,52.390054],[13.411111,52.390094],[13.410851,52.389937],[13.410643,52.389638],[13.410934,52.389571],[13.411108,52.389495],[13.41103,52.389361],[13.411981,52.389224],[13.412132,52.389601]]],[[[13.40865,52.391669],[13.409756,52.391562],[13.410095,52.392205],[13.409447,52.39225],[13.409353,52.391971],[13.408836,52.392001],[13.408646,52.39203],[13.408481,52.391971],[13.408378,52.391763],[13.40852,52.391701],[13.40865,52.391669]]],[[[13.409484,52.391065],[13.409683,52.3915],[13.408462,52.391621],[13.408309,52.391136],[13.409484,52.391065]]],[[[13.411574,52.39287],[13.41107,52.392895],[13.411076,52.392932],[13.410793,52.392996],[13.410675,52.392806],[13.411086,52.392714],[13.41106,52.392572],[13.411019,52.392583],[13.410999,52.3923],[13.411534,52.392267],[13.411576,52.392518],[13.411427,52.392527],[13.411445,52.392633],[13.412356,52.392622],[13.412362,52.392828],[13.411574,52.39287]]],[[[13.409482,52.390077],[13.409421,52.390578],[13.40945,52.39086],[13.408636,52.390929],[13.408718,52.390236],[13.40914,52.390251],[13.409155,52.390093],[13.409482,52.390077]]],[[[13.410227,52.392477],[13.410291,52.392611],[13.409594,52.392684],[13.409479,52.392344],[13.410132,52.392278],[13.410227,52.392477]]],[[[13.410303,52.391741],[13.410884,52.39171],[13.410868,52.391863],[13.410236,52.391991],[13.410102,52.39175],[13.410303,52.391741]]],[[[13.411513,52.390304],[13.411901,52.39026],[13.411938,52.39045],[13.411392,52.390491],[13.411389,52.390357],[13.411458,52.390308],[13.411513,52.390304]]]]}},{"type":"Feature","id":150,"properties":{"schluessel":"ES0801","bezirk":"Neukölln","gebietsname":"Rixdorf","f_gvbl_dat":"29.11.1986","f_in_kraft":"30.11.1986","ae_gvbldat":"15.06.1989","ae_inkraft":"16.06.1989","fl_ha":"8.4","erhaltungsziel":"Städtebauliche Eigenart"},"geometry":{"type":"MultiPolygon","coordinates":[[[[13.443488,52.475836],[13.442935,52.475759],[13.443052,52.475447],[13.442125,52.475322],[13.442203,52.475113],[13.443435,52.475279],[13.443608,52.474886],[13.443801,52.474906],[13.444134,52.47426],[13.444146,52.474184],[13.444788,52.473836],[13.444895,52.473672],[13.444913,52.473673],[13.445044,52.473415],[13.445599,52.473484],[13.445628,52.473399],[13.446011,52.473446],[13.44613,52.473156],[13.446697,52.473235],[13.446496,52.47353],[13.446637,52.473566],[13.446855,52.47365],[13.446917,52.473565],[13.44744,52.473872],[13.447606,52.473766],[13.447932,52.473958],[13.448165,52.474162],[13.448299,52.474545],[13.449295,52.474651],[13.449222,52.475003],[13.448752,52.474894],[13.44848,52.475169],[13.447469,52.4748],[13.447423,52.47486],[13.446983,52.474744],[13.447066,52.475014],[13.44658,52.475056],[13.44656,52.47486],[13.446613,52.474591],[13.44624,52.474492],[13.446149,52.474634],[13.446179,52.474662],[13.446269,52.476244],[13.445737,52.476355],[13.445709,52.47636],[13.44571,52.476308],[13.445326,52.475766],[13.44529,52.475776],[13.445097,52.475515],[13.444805,52.475691],[13.445042,52.475887],[13.444815,52.47603],[13.445172,52.476249],[13.445082,52.476296],[13.444966,52.476233],[13.444919,52.47629],[13.444758,52.476226],[13.444177,52.476578],[13.444099,52.476579],[13.443955,52.476608],[13.443369,52.476602],[13.443253,52.476561],[13.443167,52.476613],[13.442686,52.476323],[13.443488,52.475836]]],[[[13.441339,52.477062],[13.441099,52.476897],[13.440491,52.476826],[13.440557,52.476663],[13.440333,52.476632],[13.440385,52.476504],[13.440858,52.476567],[13.440918,52.476411],[13.441466,52.476487],[13.44144,52.476557],[13.44167,52.476593],[13.44192,52.47674],[13.442038,52.476675],[13.442103,52.476677],[13.442558,52.476985],[13.442267,52.477163],[13.442125,52.477217],[13.442003,52.477328],[13.441775,52.477284],[13.441717,52.477394],[13.441135,52.477315],[13.441019,52.477236],[13.441339,52.477062]]]]}},{"type":"Feature","id":151,"properties":{"schluessel":"ES0802","bezirk":"Neukölln","gebietsname":"Schillerpromenade","f_gvbl_dat":"09.07.1996","f_in_kraft":"10.07.1996","ae_gvbldat":"06.10.2001","ae_inkraft":"07.10.2001","fl_ha":"42.6","erhaltungsziel":"Städtebauliche Eigenart"},"geometry":{"type":"MultiPolygon","coordinates":[[[[13.423829,52.480372],[13.419711,52.479906],[13.41938,52.479025],[13.419698,52.478012],[13.418966,52.477926],[13.418762,52.477381],[13.419164,52.477427],[13.419212,52.477276],[13.419184,52.477272],[13.419311,52.476867],[13.418536,52.476776],[13.418503,52.476688],[13.419776,52.472087],[13.419808,52.472076],[13.419992,52.472088],[13.420055,52.472074],[13.428116,52.472967],[13.426867,52.475416],[13.426158,52.477043],[13.425693,52.47816],[13.424949,52.480497],[13.423829,52.480372]]]]}},{"type":"Feature","id":152,"properties":{"schluessel":"ES0803","bezirk":"Neukölln","gebietsname":"Krugpfuhlsiedlung","f_gvbl_dat":"01.11.2008","f_in_kraft":"02.11.2008","ae_gvbldat":null,"ae_inkraft":null,"fl_ha":"15.6","erhaltungsziel":"Städtebauliche Eigenart"},"geometry":{"type":"MultiPolygon","coordinates":[[[[13.453888,52.447636],[13.452135,52.451983],[13.449628,52.451605],[13.449591,52.451572],[13.449834,52.450768],[13.450015,52.450035],[13.450141,52.449305],[13.4502,52.448743],[13.450227,52.448166],[13.450217,52.44748],[13.450068,52.445843],[13.450181,52.445793],[13.454706,52.445616],[13.453888,52.447636]]]]}},{"type":"Feature","id":153,"properties":{"schluessel":"ES0804","bezirk":"Neukölln","gebietsname":"Ortskern Rudow","f_gvbl_dat":"01.11.2008","f_in_kraft":"02.11.2008","ae_gvbldat":null,"ae_inkraft":null,"fl_ha":"15.8","erhaltungsziel":"Städtebauliche Eigenart"},"geometry":{"type":"MultiPolygon","coordinates":[[[[13.499141,52.419448],[13.499316,52.419525],[13.499021,52.419779],[13.498848,52.419706],[13.498581,52.419915],[13.498396,52.419827],[13.498956,52.419367],[13.497972,52.418939],[13.497638,52.41914],[13.49722,52.419484],[13.497583,52.419672],[13.497379,52.419838],[13.49726,52.419785],[13.497058,52.41995],[13.49718,52.420005],[13.497022,52.420138],[13.497265,52.420255],[13.496329,52.420983],[13.496125,52.420874],[13.495251,52.421464],[13.495781,52.421721],[13.495437,52.421955],[13.495031,52.421729],[13.494445,52.421804],[13.494066,52.421632],[13.494187,52.421533],[13.493714,52.421318],[13.493654,52.42137],[13.493432,52.421494],[13.493336,52.421378],[13.492608,52.420971],[13.49243,52.420809],[13.492324,52.420853],[13.491739,52.420337],[13.491118,52.420039],[13.491433,52.419788],[13.491769,52.419948],[13.491919,52.419832],[13.491992,52.419867],[13.492135,52.419764],[13.492089,52.41974],[13.492413,52.419507],[13.492318,52.41946],[13.492489,52.419328],[13.492407,52.419294],[13.493001,52.418847],[13.493119,52.418904],[13.49381,52.418402],[13.493669,52.418329],[13.49381,52.418224],[13.493824,52.418231],[13.493932,52.418151],[13.494015,52.418194],[13.495061,52.417485],[13.494794,52.417346],[13.495019,52.417179],[13.495124,52.417232],[13.495254,52.417133],[13.494637,52.416823],[13.495304,52.416449],[13.495762,52.41622],[13.496214,52.416015],[13.496253,52.416053],[13.496513,52.415944],[13.497679,52.416378],[13.497689,52.416369],[13.498377,52.416695],[13.497957,52.417088],[13.497876,52.417052],[13.497373,52.417419],[13.497742,52.417579],[13.498168,52.417799],[13.498649,52.417428],[13.499137,52.417679],[13.499658,52.417918],[13.499366,52.418166],[13.499427,52.418189],[13.499258,52.418341],[13.499169,52.418303],[13.498947,52.418504],[13.499069,52.418554],[13.498863,52.418741],[13.498751,52.418894],[13.499513,52.419191],[13.499141,52.419448]],[[13.495986,52.419756],[13.496676,52.419178],[13.496746,52.41921],[13.496802,52.419162],[13.496556,52.41907],[13.496474,52.419022],[13.496642,52.418888],[13.496199,52.418691],[13.49606,52.418801],[13.495651,52.418634],[13.495578,52.418701],[13.495371,52.418815],[13.495061,52.418689],[13.494698,52.419019],[13.4948,52.419076],[13.494416,52.41935],[13.49447,52.419374],[13.494295,52.419506],[13.494321,52.419519],[13.494012,52.419755],[13.494172,52.419834],[13.493632,52.420255],[13.494055,52.420481],[13.494294,52.420286],[13.494532,52.420404],[13.494638,52.420322],[13.494666,52.420336],[13.494965,52.420097],[13.494977,52.420103],[13.49519,52.419948],[13.495468,52.420086],[13.495935,52.419732],[13.495986,52.419756]]]]}},{"type":"Feature","id":154,"properties":{"schluessel":"ES0901","bezirk":"Treptow-Köpenick","gebietsname":"Altstadt Köpenick","f_gvbl_dat":"12.03.1993","f_in_kraft":"13.03.1993","ae_gvbldat":null,"ae_inkraft":null,"fl_ha":"18.7","erhaltungsziel":"Städtebauliche Eigenart"},"geometry":{"type":"MultiPolygon","coordinates":[[[[13.575748,52.448036],[13.575687,52.448034],[13.57562,52.448059],[13.575215,52.44836],[13.575131,52.448392],[13.575037,52.448391],[13.574533,52.448282],[13.57442,52.448222],[13.574403,52.448137],[13.574667,52.447653],[13.574646,52.447566],[13.574662,52.447561],[13.573641,52.446292],[13.573207,52.445522],[13.572846,52.444768],[13.572817,52.444752],[13.572665,52.444789],[13.572527,52.444804],[13.572434,52.444805],[13.572434,52.444779],[13.571309,52.444793],[13.57131,52.444817],[13.571134,52.44482],[13.570963,52.444807],[13.570701,52.444729],[13.57028,52.444732],[13.570279,52.444661],[13.570191,52.444661],[13.570062,52.444708],[13.570074,52.444189],[13.570122,52.444192],[13.57012,52.444135],[13.570992,52.444112],[13.570992,52.444188],[13.570957,52.444191],[13.570989,52.444236],[13.570959,52.44433],[13.571335,52.444332],[13.57138,52.444355],[13.571393,52.444385],[13.572289,52.444371],[13.572297,52.444324],[13.57234,52.4443],[13.573312,52.444192],[13.574461,52.443954],[13.574693,52.443949],[13.574735,52.443897],[13.57501,52.44389],[13.575063,52.443939],[13.575877,52.443918],[13.577772,52.444499],[13.579137,52.445081],[13.579234,52.445157],[13.580322,52.445645],[13.58025,52.445998],[13.580214,52.446077],[13.580027,52.446382],[13.579807,52.446681],[13.57975,52.447038],[13.57981,52.447062],[13.579725,52.447566],[13.57959,52.447674],[13.57798,52.448168],[13.577376,52.448312],[13.575748,52.448036]]]]}},{"type":"Feature","id":155,"properties":{"schluessel":"ES0902","bezirk":"Treptow-Köpenick","gebietsname":"Kietz-Vorstadt","f_gvbl_dat":"12.03.1993","f_in_kraft":"13.03.1993","ae_gvbldat":null,"ae_inkraft":null,"fl_ha":"6.4","erhaltungsziel":"Städtebauliche Eigenart"},"geometry":{"type":"MultiPolygon","coordinates":[[[[13.578923,52.439323],[13.578514,52.439318],[13.578581,52.439453],[13.578556,52.439787],[13.578522,52.43988],[13.578353,52.440095],[13.577931,52.440473],[13.577803,52.440564],[13.577132,52.440231],[13.576517,52.439984],[13.576276,52.440275],[13.576089,52.440851],[13.576087,52.441147],[13.576113,52.441209],[13.57614,52.441211],[13.576267,52.441618],[13.576399,52.441909],[13.576937,52.441708],[13.577533,52.442443],[13.578408,52.442021],[13.578767,52.442041],[13.578531,52.442158],[13.579038,52.442543],[13.579253,52.442636],[13.578404,52.443107],[13.578552,52.443232],[13.578704,52.443444],[13.578906,52.443659],[13.578522,52.443809],[13.578384,52.443633],[13.578043,52.443732],[13.577754,52.443796],[13.577468,52.443713],[13.576704,52.443919],[13.576615,52.443967],[13.576392,52.443812],[13.576204,52.443616],[13.576084,52.443641],[13.57591,52.443426],[13.576336,52.443288],[13.5763,52.443217],[13.576182,52.443257],[13.576083,52.443146],[13.576119,52.443132],[13.575896,52.442941],[13.575918,52.442933],[13.575738,52.442712],[13.575778,52.442702],[13.575775,52.442676],[13.575755,52.442681],[13.575718,52.442614],[13.575586,52.44264],[13.575544,52.442593],[13.575547,52.442259],[13.57548,52.441954],[13.57542,52.441901],[13.575411,52.441808],[13.575448,52.44163],[13.575468,52.441618],[13.575474,52.44141],[13.575556,52.441206],[13.575633,52.441168],[13.575633,52.441143],[13.575727,52.441147],[13.575788,52.440894],[13.575797,52.440815],[13.575779,52.440813],[13.57585,52.44068],[13.575558,52.440642],[13.575816,52.440191],[13.57607,52.440245],[13.576144,52.440093],[13.576333,52.439902],[13.576264,52.439871],[13.576488,52.439741],[13.576554,52.439779],[13.57659,52.43976],[13.577971,52.438998],[13.578252,52.438831],[13.578384,52.438713],[13.578898,52.438744],[13.578923,52.439323]]]]}},{"type":"Feature","id":156,"properties":{"schluessel":"ES0903","bezirk":"Treptow-Köpenick","gebietsname":"Friedrichshagen","f_gvbl_dat":"12.03.1993","f_in_kraft":"13.03.1993","ae_gvbldat":null,"ae_inkraft":null,"fl_ha":"95.5","erhaltungsziel":"Städtebauliche Eigenart"},"geometry":{"type":"MultiPolygon","coordinates":[[[[13.630459,52.448024],[13.630068,52.448014],[13.630061,52.448144],[13.629356,52.448123],[13.629309,52.450121],[13.632386,52.450208],[13.632365,52.451167],[13.631545,52.451143],[13.631541,52.451199],[13.628923,52.451119],[13.628863,52.45229],[13.630129,52.452328],[13.630132,52.452855],[13.630206,52.452858],[13.630174,52.453265],[13.632583,52.453336],[13.632586,52.453206],[13.633527,52.45321],[13.633525,52.4534],[13.634063,52.453405],[13.634056,52.453601],[13.634244,52.453603],[13.634233,52.454225],[13.633219,52.454773],[13.632976,52.454607],[13.632283,52.454594],[13.632245,52.455393],[13.632563,52.455401],[13.632641,52.45666],[13.625897,52.456852],[13.625361,52.457089],[13.625149,52.4571],[13.624838,52.457087],[13.624818,52.457111],[13.623828,52.45713],[13.623027,52.45711],[13.622484,52.457062],[13.622053,52.45705],[13.621678,52.457003],[13.621639,52.456788],[13.621211,52.456783],[13.621369,52.456426],[13.621566,52.456105],[13.617536,52.455196],[13.617528,52.455091],[13.617651,52.455088],[13.6176,52.45402],[13.61739,52.451146],[13.617404,52.451111],[13.618302,52.451034],[13.620036,52.450782],[13.620037,52.44939],[13.620315,52.449388],[13.620416,52.450126],[13.621088,52.450106],[13.621098,52.450148],[13.62142,52.450139],[13.621426,52.450241],[13.621721,52.450231],[13.621714,52.450161],[13.623017,52.450102],[13.623031,52.45025],[13.623704,52.450218],[13.623584,52.449337],[13.623388,52.449195],[13.623157,52.447415],[13.623006,52.447423],[13.622955,52.447097],[13.623466,52.447053],[13.623448,52.446729],[13.622967,52.446693],[13.622737,52.446637],[13.621953,52.446386],[13.620103,52.446021],[13.619712,52.446062],[13.618616,52.446259],[13.616883,52.4466],[13.616851,52.446265],[13.616384,52.445636],[13.617303,52.445294],[13.617565,52.445146],[13.617623,52.445067],[13.617675,52.445063],[13.617824,52.444992],[13.617887,52.44499],[13.618908,52.445247],[13.619557,52.445355],[13.620698,52.445582],[13.623233,52.445672],[13.624329,52.445599],[13.625305,52.445391],[13.625684,52.445213],[13.625774,52.445144],[13.625711,52.445024],[13.625719,52.44496],[13.625758,52.444898],[13.625946,52.444739],[13.626494,52.444427],[13.626813,52.444322],[13.627664,52.44416],[13.627831,52.44415],[13.628198,52.44422],[13.628349,52.444327],[13.628328,52.444362],[13.62843,52.444425],[13.62868,52.444531],[13.628696,52.444567],[13.629361,52.444817],[13.62977,52.445064],[13.629844,52.445129],[13.630347,52.445368],[13.630695,52.445587],[13.63128,52.445871],[13.631872,52.44621],[13.632282,52.446348],[13.633112,52.446693],[13.633969,52.446843],[13.635023,52.447004],[13.635741,52.447081],[13.636971,52.447089],[13.638685,52.446857],[13.638708,52.447133],[13.638247,52.447417],[13.638258,52.447593],[13.638577,52.447713],[13.638575,52.448105],[13.638118,52.448104],[13.638117,52.448124],[13.637848,52.448132],[13.636731,52.448122],[13.63673,52.448182],[13.636454,52.448178],[13.636452,52.448141],[13.636145,52.448145],[13.636144,52.44818],[13.635591,52.448176],[13.635589,52.448217],[13.634893,52.448206],[13.634895,52.448115],[13.633594,52.448106],[13.633593,52.448223],[13.633268,52.448222],[13.633271,52.448089],[13.632721,52.448086],[13.630459,52.448024]],[[13.619191,52.453689],[13.61978,52.453669],[13.619833,52.45411],[13.620285,52.454093],[13.620304,52.454301],[13.619848,52.454316],[13.619874,52.454666],[13.619906,52.454798],[13.619935,52.454797],[13.619948,52.454936],[13.621293,52.454898],[13.621297,52.454927],[13.624037,52.454801],[13.623761,52.452541],[13.624066,52.452529],[13.624005,52.45202],[13.624041,52.452019],[13.623945,52.451225],[13.623711,52.451238],[13.623681,52.451008],[13.623265,52.45103],[13.623182,52.451014],[13.623116,52.450486],[13.620429,52.4506],[13.620477,52.451034],[13.620538,52.451034],[13.620566,52.451264],[13.62051,52.451266],[13.620549,52.451589],[13.620606,52.451591],[13.620782,52.452991],[13.618934,52.45305],[13.619109,52.453165],[13.619237,52.453159],[13.619249,52.453229],[13.619182,52.453231],[13.619207,52.453585],[13.619186,52.453586],[13.619191,52.453689]]]]}},{"type":"Feature","id":157,"properties":{"schluessel":"ES0904","bezirk":"Treptow-Köpenick","gebietsname":"Oberschöneweide","f_gvbl_dat":"22.12.2004","f_in_kraft":"23.12.2004","ae_gvbldat":null,"ae_inkraft":null,"fl_ha":"89.8","erhaltungsziel":"Städtebauliche Eigenart"},"geometry":{"type":"MultiPolygon","coordinates":[[[[13.508255,52.463703],[13.508554,52.463712],[13.508849,52.463677],[13.510006,52.463387],[13.518395,52.461499],[13.518095,52.461001],[13.518349,52.460942],[13.518438,52.461093],[13.519016,52.460965],[13.518741,52.4605],[13.519285,52.460376],[13.51968,52.461044],[13.520508,52.460858],[13.519905,52.459729],[13.520532,52.459606],[13.52061,52.459744],[13.520726,52.459722],[13.520708,52.459677],[13.521098,52.459609],[13.521361,52.459837],[13.521625,52.460331],[13.521874,52.460551],[13.526009,52.458768],[13.526553,52.45851],[13.526837,52.458334],[13.527966,52.457494],[13.528318,52.45767],[13.528095,52.457845],[13.528249,52.457926],[13.528097,52.458046],[13.527916,52.458144],[13.52779,52.458237],[13.52807,52.458378],[13.529984,52.459467],[13.531344,52.458613],[13.531409,52.458589],[13.53146,52.458599],[13.532766,52.459273],[13.531173,52.460917],[13.531123,52.460914],[13.529382,52.459919],[13.528729,52.460344],[13.528432,52.460169],[13.525162,52.46169],[13.525567,52.462013],[13.523891,52.462758],[13.524821,52.463588],[13.524391,52.463782],[13.525388,52.464608],[13.525375,52.464661],[13.520414,52.466792],[13.520071,52.4669],[13.519726,52.466984],[13.517545,52.467419],[13.517155,52.467522],[13.514545,52.46856],[13.514458,52.46855],[13.514243,52.468403],[13.513979,52.468162],[13.513471,52.467621],[13.510692,52.470373],[13.510654,52.47039],[13.510607,52.470394],[13.510038,52.470289],[13.509791,52.470237],[13.509455,52.470141],[13.509927,52.469663],[13.509289,52.469545],[13.509245,52.469517],[13.509271,52.46927],[13.508945,52.466904],[13.508339,52.466815],[13.507792,52.466698],[13.506487,52.466291],[13.506458,52.466254],[13.506468,52.466213],[13.507163,52.465372],[13.505788,52.464942],[13.505758,52.464919],[13.505756,52.464892],[13.506679,52.463805],[13.50543,52.463417],[13.505788,52.463227],[13.506853,52.462757],[13.507353,52.463241],[13.507502,52.463347],[13.507825,52.463529],[13.508255,52.463703]]]]}},{"type":"Feature","id":158,"properties":{"schluessel":"ES0905","bezirk":"Treptow-Köpenick","gebietsname":"Hirschgarten","f_gvbl_dat":"27.07.1999","f_in_kraft":"28.07.1999","ae_gvbldat":null,"ae_inkraft":null,"fl_ha":"14.6","erhaltungsziel":"Städtebauliche Eigenart"},"geometry":{"type":"MultiPolygon","coordinates":[[[[13.602971,52.449877],[13.603307,52.450227],[13.603789,52.450061],[13.604186,52.450476],[13.604142,52.45049],[13.596192,52.452955],[13.5958,52.452994],[13.595467,52.452974],[13.595108,52.452888],[13.595056,52.452914],[13.594925,52.452871],[13.594574,52.452859],[13.59376,52.452873],[13.593651,52.452842],[13.593615,52.452414],[13.593635,52.452071],[13.593551,52.451215],[13.593532,52.451196],[13.593495,52.451192],[13.59353,52.450705],[13.593645,52.450035],[13.594038,52.45012],[13.594323,52.450253],[13.594544,52.450315],[13.594808,52.450358],[13.595508,52.450384],[13.59691,52.450338],[13.597785,52.450258],[13.598028,52.450225],[13.598533,52.450127],[13.598953,52.450081],[13.599371,52.450146],[13.599883,52.45017],[13.600404,52.450108],[13.600623,52.450064],[13.601105,52.450088],[13.601798,52.450092],[13.602322,52.450029],[13.602971,52.449877]]]]}},{"type":"Feature","id":159,"properties":{"schluessel":"ES0906","bezirk":"Treptow-Köpenick","gebietsname":"Alter Dorfkern Rahnsdorf","f_gvbl_dat":"25.01.2001","f_in_kraft":"26.01.2001","ae_gvbldat":null,"ae_inkraft":null,"fl_ha":"5.8","erhaltungsziel":"Städtebauliche Eigenart"},"geometry":{"type":"MultiPolygon","coordinates":[[[[13.688171,52.42968],[13.688642,52.429866],[13.688843,52.430003],[13.689131,52.430044],[13.689323,52.430162],[13.689398,52.430266],[13.689809,52.430504],[13.689927,52.430548],[13.690072,52.430656],[13.690052,52.430671],[13.690344,52.430833],[13.690359,52.430823],[13.690432,52.430863],[13.690458,52.430854],[13.69044,52.43084],[13.690647,52.430811],[13.691128,52.430801],[13.69113,52.430827],[13.691411,52.430874],[13.691277,52.431038],[13.691136,52.431058],[13.691066,52.431174],[13.691159,52.431191],[13.690972,52.431403],[13.691052,52.43139],[13.692083,52.431621],[13.692307,52.431719],[13.692102,52.431963],[13.691923,52.432044],[13.690822,52.431582],[13.690735,52.431888],[13.69012,52.431923],[13.690108,52.43197],[13.689633,52.431914],[13.689603,52.431957],[13.689096,52.431825],[13.68872,52.431676],[13.688404,52.431493],[13.688452,52.431451],[13.688119,52.431348],[13.687797,52.431548],[13.687506,52.431316],[13.687519,52.431308],[13.687184,52.431064],[13.687033,52.430862],[13.686635,52.430816],[13.686136,52.430736],[13.686165,52.430676],[13.686009,52.430657],[13.6861,52.430394],[13.686287,52.430014],[13.686278,52.429835],[13.686578,52.429596],[13.686942,52.429431],[13.687058,52.429396],[13.68725,52.429384],[13.687692,52.429492],[13.688025,52.429655],[13.688171,52.42968]]]]}},{"type":"Feature","id":160,"properties":{"schluessel":"ES0907","bezirk":"Treptow-Köpenick","gebietsname":"Teilbereich Hessenwinkel","f_gvbl_dat":"21.04.2001","f_in_kraft":"22.04.2001","ae_gvbldat":null,"ae_inkraft":null,"fl_ha":"39.8","erhaltungsziel":"Städtebauliche Eigenart"},"geometry":{"type":"MultiPolygon","coordinates":[[[[13.724927,52.420636],[13.725186,52.420689],[13.725259,52.420729],[13.725273,52.420755],[13.725144,52.42084],[13.724903,52.421706],[13.7247,52.422247],[13.724706,52.422443],[13.724753,52.422649],[13.724882,52.422844],[13.724986,52.42306],[13.724949,52.423067],[13.725189,52.423487],[13.72535,52.423619],[13.725806,52.42407],[13.725767,52.424081],[13.726186,52.42448],[13.726268,52.424442],[13.726337,52.424505],[13.726288,52.424522],[13.726824,52.424983],[13.726784,52.425021],[13.727023,52.425216],[13.727488,52.425449],[13.72808,52.425682],[13.728237,52.425723],[13.728804,52.425818],[13.729426,52.425868],[13.730886,52.425936],[13.731764,52.425997],[13.733151,52.426191],[13.733722,52.426325],[13.733781,52.426307],[13.734204,52.426395],[13.734213,52.426425],[13.734186,52.426469],[13.734613,52.426615],[13.73432,52.426947],[13.734146,52.427475],[13.733671,52.427512],[13.733637,52.427608],[13.732223,52.42798],[13.73038,52.428606],[13.728709,52.427995],[13.727318,52.427449],[13.724521,52.426398],[13.723357,52.425977],[13.721438,52.425326],[13.720977,52.4251],[13.718518,52.423732],[13.717962,52.424424],[13.717291,52.425139],[13.71684,52.425523],[13.71647,52.425782],[13.71603,52.426035],[13.714209,52.426884],[13.714131,52.426845],[13.71382,52.426929],[13.71313,52.42616],[13.713568,52.426169],[13.713828,52.426121],[13.713813,52.426083],[13.713889,52.426071],[13.713951,52.426041],[13.714142,52.426059],[13.714363,52.425966],[13.714361,52.425923],[13.714386,52.425898],[13.714431,52.425883],[13.714497,52.425901],[13.715643,52.425279],[13.715922,52.425079],[13.717543,52.423438],[13.718116,52.422905],[13.718717,52.422462],[13.718899,52.42237],[13.718943,52.422327],[13.719496,52.42198],[13.719579,52.421954],[13.71977,52.421821],[13.719744,52.42178],[13.719753,52.421748],[13.720234,52.421464],[13.720711,52.421256],[13.721188,52.42107],[13.72156,52.420949],[13.722407,52.420755],[13.722856,52.420676],[13.723572,52.420611],[13.72409,52.420602],[13.724927,52.420636]]]]}},{"type":"Feature","id":161,"properties":{"schluessel":"ES0908","bezirk":"Treptow-Köpenick","gebietsname":"Wilhelmshagen","f_gvbl_dat":"21.04.2001","f_in_kraft":"22.04.2001","ae_gvbldat":null,"ae_inkraft":null,"fl_ha":"40.8","erhaltungsziel":"Städtebauliche Eigenart"},"geometry":{"type":"MultiPolygon","coordinates":[[[[13.722409,52.434954],[13.722363,52.43496],[13.722477,52.435353],[13.722523,52.43535],[13.722803,52.436278],[13.722807,52.437142],[13.722599,52.437242],[13.721803,52.438398],[13.721547,52.438631],[13.720978,52.439208],[13.720081,52.440298],[13.719544,52.440633],[13.719499,52.440636],[13.719431,52.441255],[13.719152,52.441705],[13.718667,52.441606],[13.717609,52.44107],[13.717144,52.441408],[13.713391,52.439511],[13.712977,52.438723],[13.713036,52.438755],[13.713465,52.438451],[13.714465,52.435957],[13.713944,52.435878],[13.713886,52.435925],[13.713623,52.435575],[13.713597,52.435453],[13.713425,52.435216],[13.713409,52.434959],[13.712657,52.434504],[13.712419,52.434653],[13.711946,52.434288],[13.712142,52.434162],[13.712036,52.433967],[13.711917,52.434038],[13.711722,52.433928],[13.712229,52.43361],[13.713072,52.433404],[13.713146,52.433531],[13.713353,52.433642],[13.713565,52.433653],[13.713606,52.433716],[13.713822,52.43358],[13.713945,52.433743],[13.714558,52.434357],[13.715073,52.434219],[13.715106,52.434297],[13.71561,52.43428],[13.715737,52.434497],[13.715937,52.434764],[13.718836,52.433941],[13.718913,52.434817],[13.722204,52.434493],[13.722409,52.434954]]]]}},{"type":"Feature","id":162,"properties":{"schluessel":"ES0909","bezirk":"Treptow-Köpenick","gebietsname":"Pflanzgartensiedlung","f_gvbl_dat":"16.11.2004","f_in_kraft":"17.11.2004","ae_gvbldat":null,"ae_inkraft":null,"fl_ha":"14.7","erhaltungsziel":"Städtebauliche Eigenart"},"geometry":{"type":"MultiPolygon","coordinates":[[[[13.58897,52.471159],[13.589159,52.47107],[13.589567,52.471397],[13.586043,52.473075],[13.585125,52.47235],[13.583658,52.47305],[13.583008,52.472543],[13.583597,52.472262],[13.582486,52.471395],[13.582373,52.471212],[13.58221,52.471053],[13.582045,52.470693],[13.581826,52.470097],[13.583225,52.469882],[13.583052,52.469415],[13.584408,52.469223],[13.584585,52.469671],[13.585779,52.469467],[13.587018,52.469204],[13.587009,52.469179],[13.587242,52.46915],[13.587501,52.469023],[13.588629,52.469869],[13.588841,52.470073],[13.588052,52.470447],[13.58897,52.471159]]]]}},{"type":"Feature","id":163,"properties":{"schluessel":"ES0910","bezirk":"Treptow-Köpenick","gebietsname":"Wohnanlage Dammweg","f_gvbl_dat":"20.09.2007","f_in_kraft":"21.09.2007","ae_gvbldat":null,"ae_inkraft":null,"fl_ha":"1.5","erhaltungsziel":"Städtebauliche Eigenart"},"geometry":{"type":"MultiPolygon","coordinates":[[[[13.482908,52.479591],[13.482882,52.479622],[13.479585,52.477893],[13.480128,52.477526],[13.483279,52.479179],[13.482908,52.479591]]]]}},{"type":"Feature","id":164,"properties":{"schluessel":"ES0911","bezirk":"Treptow-Köpenick","gebietsname":"Dorfkern Alt-Müggelheim","f_gvbl_dat":"06.03.2008","f_in_kraft":"07.03.2008","ae_gvbldat":null,"ae_inkraft":null,"fl_ha":"7.0","erhaltungsziel":"Städtebauliche Eigenart"},"geometry":{"type":"MultiPolygon","coordinates":[[[[13.661775,52.413321],[13.661046,52.412816],[13.660841,52.412697],[13.659866,52.412034],[13.660203,52.411846],[13.66055,52.4117],[13.660877,52.411516],[13.660928,52.41155],[13.661249,52.411371],[13.661207,52.411343],[13.662006,52.410887],[13.661831,52.410767],[13.662977,52.410351],[13.663067,52.410412],[13.66337,52.410239],[13.663884,52.410584],[13.664419,52.410196],[13.664559,52.410271],[13.664621,52.41024],[13.664769,52.410328],[13.664362,52.410786],[13.664466,52.410947],[13.665356,52.411544],[13.664821,52.411979],[13.664857,52.412002],[13.664531,52.412181],[13.664223,52.412375],[13.663733,52.412616],[13.663393,52.412828],[13.663452,52.412869],[13.662311,52.413289],[13.662103,52.413144],[13.661775,52.413321]]]]}},{"type":"Feature","id":165,"properties":{"schluessel":"ES0912","bezirk":"Treptow-Köpenick","gebietsname":"Mahlsdorfer Straße 54 bis 61 und Genovevastraße 2","f_gvbl_dat":"24.12.2020","f_in_kraft":"25.12.2020","ae_gvbldat":null,"ae_inkraft":null,"fl_ha":"0.9","erhaltungsziel":"Städtebauliche Eigenart"},"geometry":{"type":"MultiPolygon","coordinates":[[[[13.58917,52.468918],[13.58922,52.468957],[13.588992,52.469069],[13.589209,52.469194],[13.588989,52.469303],[13.589369,52.469524],[13.58902,52.469745],[13.58755,52.468632],[13.588349,52.468275],[13.58917,52.468918]]]]}},{"type":"Feature","id":166,"properties":{"schluessel":"ES1101","bezirk":"Lichtenberg","gebietsname":"Dorf Malchow","f_gvbl_dat":"09.11.1993","f_in_kraft":"10.11.1993","ae_gvbldat":"06.11.2018","ae_inkraft":"07.11.2018","fl_ha":"47.4","erhaltungsziel":"Städtebauliche Eigenart"},"geometry":{"type":"MultiPolygon","coordinates":[[[[13.486608,52.57662],[13.486705,52.576813],[13.486876,52.577657],[13.486627,52.577962],[13.486597,52.577975],[13.486412,52.578811],[13.486324,52.579014],[13.485901,52.579402],[13.485852,52.579488],[13.485806,52.579654],[13.485787,52.57984],[13.485798,52.580447],[13.485958,52.581281],[13.486593,52.582495],[13.486635,52.582616],[13.483958,52.582719],[13.483576,52.582753],[13.483389,52.582787],[13.483466,52.583049],[13.48166,52.583404],[13.480501,52.583649],[13.480441,52.583404],[13.480274,52.582909],[13.48001,52.58225],[13.479823,52.581587],[13.47972,52.581066],[13.479722,52.580782],[13.479771,52.580556],[13.47976,52.580345],[13.47969,52.580093],[13.479735,52.579604],[13.479943,52.579201],[13.480271,52.577836],[13.480402,52.577855],[13.480416,52.577799],[13.480513,52.577779],[13.480516,52.577703],[13.480453,52.577726],[13.480148,52.577742],[13.47999,52.577695],[13.479915,52.575422],[13.479818,52.575426],[13.479745,52.57515],[13.480081,52.575138],[13.480077,52.575022],[13.479791,52.574513],[13.479625,52.573778],[13.479668,52.573779],[13.479621,52.57353],[13.479888,52.573511],[13.479856,52.573325],[13.479575,52.573341],[13.479459,52.572694],[13.479917,52.57263],[13.480278,52.572607],[13.481054,52.572618],[13.481333,52.572603],[13.481544,52.572584],[13.482027,52.572494],[13.482188,52.572494],[13.482554,52.572558],[13.482743,52.572623],[13.483454,52.572746],[13.483654,52.572798],[13.483955,52.572837],[13.485121,52.572764],[13.48514,52.572856],[13.485061,52.573086],[13.485045,52.573242],[13.485101,52.574053],[13.485598,52.575131],[13.485421,52.575145],[13.485621,52.57613],[13.486329,52.576065],[13.486608,52.57662]]]]}},{"type":"Feature","id":167,"properties":{"schluessel":"ES1102","bezirk":"Lichtenberg","gebietsname":"Dorf Wartenberg","f_gvbl_dat":"09.11.1993","f_in_kraft":"10.11.1993","ae_gvbldat":null,"ae_inkraft":null,"fl_ha":"26.7","erhaltungsziel":"Städtebauliche Eigenart"},"geometry":{"type":"MultiPolygon","coordinates":[[[[13.513084,52.572837],[13.514259,52.572755],[13.514532,52.572705],[13.514797,52.572621],[13.515424,52.572464],[13.516386,52.57238],[13.516934,52.572358],[13.516985,52.572368],[13.517082,52.572669],[13.517905,52.572586],[13.518728,52.572469],[13.519504,52.57239],[13.520642,52.572417],[13.520851,52.572236],[13.520962,52.572108],[13.521645,52.57204],[13.52176,52.572117],[13.5215,52.572825],[13.521651,52.572884],[13.521919,52.572909],[13.522525,52.572924],[13.522332,52.573934],[13.522788,52.573965],[13.522746,52.574045],[13.522728,52.574186],[13.522843,52.574652],[13.521266,52.574969],[13.52095,52.574374],[13.52082,52.5744],[13.520534,52.574262],[13.520303,52.574414],[13.520518,52.574579],[13.519946,52.574861],[13.519768,52.574897],[13.520028,52.575392],[13.519291,52.575535],[13.519222,52.575412],[13.518998,52.575457],[13.519128,52.575706],[13.51864,52.575811],[13.518887,52.576275],[13.516799,52.576737],[13.51526,52.577116],[13.514889,52.577273],[13.514715,52.577321],[13.514493,52.577335],[13.514427,52.577184],[13.514429,52.577128],[13.514355,52.576977],[13.512476,52.577041],[13.512404,52.575965],[13.512345,52.575967],[13.512295,52.575412],[13.512176,52.575415],[13.512116,52.574715],[13.513426,52.574668],[13.513021,52.573835],[13.513076,52.573638],[13.513084,52.572837]]]]}},{"type":"Feature","id":168,"properties":{"schluessel":"ES1103","bezirk":"Lichtenberg","gebietsname":"Dorf Falkenberg","f_gvbl_dat":"09.11.1993","f_in_kraft":"10.11.1993","ae_gvbldat":null,"ae_inkraft":null,"fl_ha":"34.9","erhaltungsziel":"Städtebauliche Eigenart"},"geometry":{"type":"MultiPolygon","coordinates":[[[[13.544052,52.569934],[13.542741,52.570315],[13.539337,52.571154],[13.537902,52.571367],[13.535899,52.571575],[13.535739,52.571652],[13.535581,52.571424],[13.53466,52.571518],[13.534375,52.571575],[13.534027,52.57161],[13.533601,52.571689],[13.533584,52.57162],[13.533421,52.571633],[13.533259,52.571292],[13.53305,52.57131],[13.532889,52.570934],[13.53253,52.570979],[13.531736,52.571225],[13.531058,52.570298],[13.531427,52.570188],[13.531689,52.570045],[13.532853,52.570282],[13.532543,52.57006],[13.532473,52.569983],[13.532486,52.569942],[13.534303,52.568984],[13.534901,52.568764],[13.535461,52.568591],[13.536339,52.568215],[13.53645,52.568306],[13.537701,52.567837],[13.537762,52.567849],[13.53785,52.567839],[13.538093,52.567781],[13.538674,52.567522],[13.539827,52.567048],[13.540174,52.566948],[13.540509,52.566889],[13.542133,52.566122],[13.542433,52.566169],[13.543847,52.566595],[13.544583,52.566909],[13.545633,52.567773],[13.547448,52.568185],[13.547302,52.568411],[13.547481,52.568705],[13.54744,52.56882],[13.547618,52.5691],[13.546916,52.569251],[13.54691,52.569242],[13.5458,52.569495],[13.545022,52.569649],[13.544052,52.569934]]]]}},{"type":"Feature","id":169,"properties":{"schluessel":"ES1104","bezirk":"Lichtenberg","gebietsname":"Kaskelstraße / Viktoriastadt","f_gvbl_dat":"04.11.1997","f_in_kraft":"05.11.1997","ae_gvbldat":"22.12.2004","ae_inkraft":"23.12.2004","fl_ha":"28.1","erhaltungsziel":"Städtebauliche Eigenart"},"geometry":{"type":"MultiPolygon","coordinates":[[[[13.476016,52.505207],[13.475553,52.504927],[13.475392,52.504794],[13.475171,52.504547],[13.475082,52.504258],[13.475075,52.503673],[13.475114,52.503435],[13.475019,52.503255],[13.474939,52.502899],[13.474862,52.502704],[13.47535,52.502606],[13.475408,52.50256],[13.475368,52.502242],[13.475225,52.501934],[13.477123,52.501598],[13.477648,52.501554],[13.477648,52.501579],[13.477784,52.501586],[13.478836,52.501344],[13.479645,52.501063],[13.481055,52.500532],[13.482253,52.500111],[13.483805,52.500888],[13.483321,52.50202],[13.482949,52.502961],[13.482985,52.503177],[13.48289,52.503386],[13.482748,52.503509],[13.482433,52.504224],[13.482273,52.504514],[13.482034,52.504842],[13.481722,52.505157],[13.481326,52.505472],[13.480874,52.505754],[13.48061,52.505879],[13.479272,52.506428],[13.478454,52.506733],[13.477484,52.506947],[13.477418,52.506849],[13.476392,52.505698],[13.476438,52.50567],[13.476287,52.505393],[13.476016,52.505207]]]]}},{"type":"Feature","id":170,"properties":{"schluessel":"ES1105","bezirk":"Lichtenberg","gebietsname":"Seen- / Prinzenviertel","f_gvbl_dat":"26.03.1999","f_in_kraft":"27.03.1999","ae_gvbldat":null,"ae_inkraft":null,"fl_ha":"34.3","erhaltungsziel":"Städtebauliche Eigenart"},"geometry":{"type":"MultiPolygon","coordinates":[[[[13.513578,52.484751],[13.512998,52.483477],[13.514801,52.482677],[13.513821,52.481844],[13.523281,52.476713],[13.524379,52.477681],[13.524576,52.477898],[13.524677,52.478124],[13.525334,52.480196],[13.520737,52.482204],[13.519413,52.482797],[13.518326,52.483983],[13.515211,52.485354],[13.513578,52.484751]]]]}},{"type":"Feature","id":171,"properties":{"schluessel":"ES1106","bezirk":"Lichtenberg","gebietsname":"Siedlung Paul-Koenig-Straße / Titastraße","f_gvbl_dat":"01.06.2001","f_in_kraft":"02.06.2001","ae_gvbldat":null,"ae_inkraft":null,"fl_ha":"4.5","erhaltungsziel":"Städtebauliche Eigenart"},"geometry":{"type":"MultiPolygon","coordinates":[[[[13.506155,52.554098],[13.505592,52.553613],[13.505201,52.553242],[13.506079,52.552962],[13.505823,52.552531],[13.506553,52.552216],[13.506092,52.551822],[13.507706,52.551134],[13.507993,52.551386],[13.508052,52.551476],[13.508611,52.552051],[13.509534,52.552846],[13.508831,52.55315],[13.50855,52.552902],[13.507649,52.553297],[13.507645,52.553325],[13.50774,52.553406],[13.506155,52.554098]]]]}},{"type":"Feature","id":172,"properties":{"schluessel":"ES1201","bezirk":"Reinickendorf","gebietsname":"Frohnau","f_gvbl_dat":"17.05.1997","f_in_kraft":"18.05.1997","ae_gvbldat":null,"ae_inkraft":null,"fl_ha":"783.8","erhaltungsziel":"Städtebauliche Eigenart"},"geometry":{"type":"MultiPolygon","coordinates":[[[[13.307378,52.645088],[13.303437,52.649847],[13.30258,52.650923],[13.302054,52.651535],[13.300431,52.653505],[13.310102,52.657395],[13.309996,52.657484],[13.30967,52.657362],[13.309196,52.657741],[13.308883,52.657908],[13.30864,52.657999],[13.308839,52.658216],[13.30867,52.658356],[13.307676,52.658929],[13.307364,52.659275],[13.307122,52.659618],[13.304089,52.659388],[13.303333,52.659312],[13.302529,52.659204],[13.301431,52.659234],[13.30057,52.659293],[13.300008,52.659277],[13.299306,52.659278],[13.298548,52.659301],[13.29561,52.6593],[13.294494,52.659346],[13.293681,52.659359],[13.293132,52.659448],[13.290196,52.659859],[13.289032,52.659951],[13.288509,52.659976],[13.28826,52.659969],[13.287747,52.659836],[13.287665,52.659953],[13.287168,52.659939],[13.285435,52.660334],[13.284321,52.660464],[13.283881,52.660488],[13.283316,52.660581],[13.282775,52.66074],[13.282051,52.654053],[13.28195,52.652748],[13.285145,52.652624],[13.285026,52.65109],[13.284618,52.64833],[13.284506,52.648286],[13.284232,52.648457],[13.284579,52.647948],[13.284532,52.647499],[13.284484,52.646603],[13.284351,52.645708],[13.284281,52.644812],[13.284212,52.644372],[13.284093,52.643219],[13.283908,52.64209],[13.283839,52.641117],[13.283316,52.641038],[13.282474,52.641023],[13.280779,52.640849],[13.276847,52.640277],[13.276464,52.640206],[13.274251,52.640272],[13.271978,52.639866],[13.269603,52.639711],[13.266248,52.640113],[13.262157,52.640684],[13.262358,52.639948],[13.262233,52.639935],[13.262412,52.639061],[13.262662,52.63865],[13.263411,52.637762],[13.26378,52.637394],[13.264686,52.635975],[13.265207,52.634532],[13.264233,52.626857],[13.264963,52.626518],[13.265798,52.626307],[13.267225,52.626235],[13.267784,52.626023],[13.268262,52.626007],[13.270066,52.626128],[13.270797,52.626139],[13.271354,52.626137],[13.272043,52.626108],[13.272581,52.62603],[13.273891,52.625449],[13.274945,52.625084],[13.275652,52.62489],[13.276142,52.624807],[13.277284,52.624771],[13.278212,52.624836],[13.279159,52.624986],[13.280051,52.625086],[13.281233,52.625166],[13.282121,52.625425],[13.282817,52.625501],[13.283919,52.625673],[13.28588,52.625754],[13.286329,52.625851],[13.286931,52.625893],[13.287574,52.625973],[13.288396,52.626136],[13.289766,52.62621],[13.290891,52.626343],[13.291147,52.626385],[13.291731,52.626445],[13.293622,52.626569],[13.294311,52.626697],[13.295326,52.626817],[13.296504,52.626979],[13.297233,52.62704],[13.299108,52.627096],[13.300436,52.627005],[13.301625,52.627078],[13.302625,52.627197],[13.302547,52.627551],[13.30305,52.627768],[13.303956,52.627995],[13.304821,52.628173],[13.305232,52.628308],[13.305862,52.628569],[13.306454,52.628731],[13.307095,52.628824],[13.308812,52.62914],[13.309695,52.629479],[13.309999,52.629674],[13.310283,52.630012],[13.309686,52.630097],[13.309772,52.630608],[13.310191,52.630622],[13.310031,52.631151],[13.309818,52.631575],[13.309768,52.631992],[13.309716,52.632159],[13.309338,52.632802],[13.308989,52.633196],[13.30878,52.633371],[13.308578,52.633575],[13.308312,52.633962],[13.307826,52.63458],[13.30619,52.63648],[13.306074,52.636763],[13.305784,52.637351],[13.307057,52.637561],[13.307055,52.637788],[13.306928,52.638114],[13.306816,52.638685],[13.306279,52.63961],[13.307305,52.639688],[13.307274,52.640107],[13.307943,52.640094],[13.308231,52.640235],[13.308154,52.640769],[13.308946,52.641456],[13.308867,52.641939],[13.309182,52.641986],[13.309033,52.642675],[13.309415,52.642729],[13.309199,52.643945],[13.308434,52.643814],[13.307378,52.645088]]]]}},{"type":"Feature","id":173,"properties":{"schluessel":"ES1202","bezirk":"Reinickendorf","gebietsname":"B-Plan XX-187","f_gvbl_dat":"04.11.2000","f_in_kraft":"05.11.2000","ae_gvbldat":null,"ae_inkraft":null,"fl_ha":"1.1","erhaltungsziel":"Städtebauliche Eigenart"},"geometry":{"type":"MultiPolygon","coordinates":[[[[13.348862,52.611765],[13.34928,52.611438],[13.351671,52.61295],[13.351186,52.613235],[13.348862,52.611765]]]]}},{"type":"Feature","id":174,"properties":{"schluessel":"ES1203","bezirk":"Reinickendorf","gebietsname":"B-Plan XX-247","f_gvbl_dat":"31.03.2001","f_in_kraft":"01.04.2001","ae_gvbldat":null,"ae_inkraft":null,"fl_ha":"1.9","erhaltungsziel":"Städtebauliche Eigenart"},"geometry":{"type":"MultiPolygon","coordinates":[[[[13.320543,52.626035],[13.320378,52.625698],[13.320322,52.625457],[13.320324,52.625219],[13.320371,52.625012],[13.320432,52.62488],[13.320625,52.624625],[13.321151,52.62413],[13.322386,52.624567],[13.322433,52.624681],[13.322236,52.624876],[13.322024,52.625141],[13.321292,52.624939],[13.321138,52.625344],[13.321915,52.625349],[13.321879,52.62555],[13.321884,52.625647],[13.321943,52.625892],[13.321862,52.625963],[13.320543,52.626035]]]]}},{"type":"Feature","id":175,"properties":{"schluessel":"ES1204","bezirk":"Reinickendorf","gebietsname":"B-Plan XX-240a-g","f_gvbl_dat":"04.07.2002","f_in_kraft":"05.07.2002","ae_gvbldat":null,"ae_inkraft":null,"fl_ha":"26.8","erhaltungsziel":"Städtebauliche Eigenart"},"geometry":{"type":"MultiPolygon","coordinates":[[[[13.235853,52.623403],[13.236726,52.62284],[13.236361,52.622629],[13.236533,52.622445],[13.236211,52.622336],[13.236275,52.62227],[13.236164,52.622227],[13.236533,52.621886],[13.236822,52.621663],[13.237296,52.621357],[13.237817,52.621079],[13.23749,52.62082],[13.237888,52.620615],[13.237697,52.620491],[13.239438,52.619604],[13.240948,52.618624],[13.243767,52.620086],[13.243308,52.620415],[13.24531,52.621452],[13.244142,52.622294],[13.243429,52.622777],[13.24075,52.624427],[13.239919,52.624904],[13.239046,52.624388],[13.238804,52.624545],[13.238102,52.62417],[13.237991,52.624242],[13.236829,52.623581],[13.236825,52.623517],[13.236432,52.623773],[13.236214,52.623725],[13.236145,52.623685],[13.235936,52.623539],[13.235853,52.623403]]],[[[13.231416,52.624491],[13.231969,52.624149],[13.233186,52.623332],[13.233398,52.623452],[13.23378,52.623196],[13.235296,52.624063],[13.23385,52.625002],[13.233719,52.625027],[13.23331,52.624969],[13.231416,52.624491]]]]}}]}