{"type":"FeatureCollection","features":[{"type":"Feature","id":0,"properties":{"gisid":"S01","bez":"Blankenburger Süden","kat":"2027 - 2031"},"geometry":{"type":"MultiPolygon","coordinates":[[[[13.443026,52.584467],[13.443044,52.584226],[13.443073,52.583986],[13.443114,52.583747],[13.443166,52.583508],[13.443231,52.58327],[13.443306,52.583034],[13.443394,52.582799],[13.443492,52.582565],[13.443602,52.582334],[13.443724,52.582105],[13.443856,52.581878],[13.444,52.581653],[13.444154,52.581432],[13.44432,52.581213],[13.444495,52.580997],[13.444682,52.580784],[13.444878,52.580575],[13.445085,52.58037],[13.445302,52.580169],[13.445528,52.579971],[13.445764,52.579778],[13.446009,52.579589],[13.446264,52.579404],[13.446527,52.579225],[13.446799,52.57905],[13.44708,52.57888],[13.447368,52.578715],[13.447665,52.578556],[13.447969,52.578402],[13.448281,52.578254],[13.448599,52.578111],[13.448925,52.577974],[13.449257,52.577844],[13.449595,52.577719],[13.449939,52.5776],[13.450289,52.577488],[13.450644,52.577382],[13.451005,52.577283],[13.45137,52.57719],[13.451739,52.577104],[13.452112,52.577024],[13.452489,52.576952],[13.45287,52.576886],[13.453253,52.576827],[13.453639,52.576775],[13.454028,52.576731],[13.454418,52.576693],[13.454811,52.576662],[13.455204,52.576639],[13.455599,52.576622],[13.455994,52.576613],[13.456389,52.576611],[13.456784,52.576616],[13.457179,52.576629],[13.457574,52.576648],[13.457967,52.576675],[13.458358,52.576709],[13.458748,52.576749],[13.459135,52.576797],[13.45952,52.576852],[13.459902,52.576914],[13.460281,52.576983],[13.460657,52.577058],[13.461029,52.577141],[13.461396,52.57723],[13.461759,52.577325],[13.462117,52.577428],[13.46247,52.577536],[13.462817,52.577651],[13.463159,52.577773],[13.463495,52.5779],[13.463824,52.578033],[13.464146,52.578173],[13.464462,52.578318],[13.46477,52.578469],[13.465071,52.578625],[13.465364,52.578787],[13.465649,52.578954],[13.465926,52.579126],[13.466194,52.579303],[13.466454,52.579485],[13.466704,52.579671],[13.466946,52.579862],[13.467177,52.580057],[13.4674,52.580256],[13.467612,52.580459],[13.467814,52.580666],[13.468006,52.580877],[13.468188,52.581091],[13.468359,52.581308],[13.46852,52.581528],[13.46867,52.581751],[13.468808,52.581977],[13.468936,52.582205],[13.469053,52.582435],[13.469158,52.582667],[13.469251,52.582901],[13.469334,52.583137],[13.469404,52.583374],[13.469463,52.583612],[13.469511,52.583851],[13.469547,52.584091],[13.469571,52.584332],[13.469583,52.584572],[13.469583,52.584813],[13.469572,52.585054],[13.469549,52.585295],[13.469514,52.585535],[13.469467,52.585774],[13.469409,52.586012],[13.469339,52.586249],[13.469258,52.586485],[13.469165,52.586719],[13.469061,52.586951],[13.468945,52.587182],[13.468818,52.58741],[13.46868,52.587636],[13.468531,52.587859],[13.468372,52.588079],[13.468201,52.588297],[13.46802,52.588511],[13.467829,52.588722],[13.467627,52.588929],[13.467415,52.589132],[13.467194,52.589332],[13.466963,52.589527],[13.466722,52.589719],[13.466472,52.589905],[13.466213,52.590087],[13.465946,52.590265],[13.465669,52.590437],[13.465385,52.590604],[13.465092,52.590767],[13.464792,52.590923],[13.464484,52.591074],[13.464169,52.59122],[13.463846,52.59136],[13.463518,52.591494],[13.463182,52.591621],[13.462841,52.591743],[13.462494,52.591859],[13.462141,52.591968],[13.461783,52.59207],[13.461421,52.592166],[13.461053,52.592256],[13.460682,52.592339],[13.460306,52.592415],[13.459928,52.592484],[13.459545,52.592546],[13.45916,52.592602],[13.458773,52.59265],[13.458383,52.592691],[13.457992,52.592725],[13.457599,52.592752],[13.457204,52.592772],[13.456809,52.592785],[13.456414,52.592791],[13.456018,52.592789],[13.455623,52.59278],[13.455228,52.592765],[13.454835,52.592742],[13.454442,52.592711],[13.454051,52.592674],[13.453663,52.59263],[13.453276,52.592578],[13.452892,52.59252],[13.452512,52.592455],[13.452134,52.592382],[13.451761,52.592303],[13.451391,52.592218],[13.451026,52.592125],[13.450665,52.592026],[13.450309,52.591921],[13.449959,52.591809],[13.449614,52.591691],[13.449276,52.591566],[13.448943,52.591436],[13.448617,52.591299],[13.448298,52.591157],[13.447986,52.591009],[13.447681,52.590855],[13.447384,52.590696],[13.447095,52.590532],[13.446814,52.590362],[13.446542,52.590188],[13.446278,52.590008],[13.446023,52.589824],[13.445777,52.589635],[13.44554,52.589442],[13.445313,52.589245],[13.445096,52.589044],[13.444889,52.588839],[13.444692,52.58863],[13.444505,52.588417],[13.444328,52.588202],[13.444163,52.587983],[13.444008,52.587762],[13.443863,52.587537],[13.44373,52.58731],[13.443608,52.587081],[13.443498,52.58685],[13.443398,52.586617],[13.44331,52.586382],[13.443234,52.586146],[13.443169,52.585908],[13.443116,52.585669],[13.443075,52.58543],[13.443045,52.585189],[13.443027,52.584949],[13.443021,52.584708],[13.443026,52.584467]]]]}},{"type":"Feature","id":1,"properties":{"gisid":"S02","bez":"Buch – Am Sandhaus","kat":"Bis 2026"},"geometry":{"type":"MultiPolygon","coordinates":[[[[13.471331,52.636552],[13.471348,52.636311],[13.471377,52.636071],[13.471418,52.635831],[13.47147,52.635592],[13.471534,52.635355],[13.47161,52.635118],[13.471697,52.634883],[13.471796,52.63465],[13.471906,52.634418],[13.472027,52.634189],[13.47216,52.633962],[13.472304,52.633738],[13.472458,52.633516],[13.472623,52.633297],[13.472799,52.633081],[13.472986,52.632869],[13.473182,52.63266],[13.473389,52.632454],[13.473606,52.632253],[13.473833,52.632055],[13.474069,52.631862],[13.474314,52.631673],[13.474569,52.631488],[13.474832,52.631308],[13.475105,52.631134],[13.475385,52.630964],[13.475674,52.630799],[13.475971,52.630639],[13.476275,52.630485],[13.476587,52.630337],[13.476906,52.630194],[13.477232,52.630058],[13.477564,52.629927],[13.477903,52.629802],[13.478248,52.629683],[13.478598,52.629571],[13.478953,52.629465],[13.479314,52.629365],[13.479679,52.629273],[13.480049,52.629186],[13.480423,52.629107],[13.4808,52.629034],[13.481181,52.628968],[13.481565,52.62891],[13.481951,52.628858],[13.48234,52.628813],[13.482731,52.628775],[13.483124,52.628744],[13.483518,52.628721],[13.483913,52.628704],[13.484309,52.628695],[13.484704,52.628693],[13.4851,52.628698],[13.485496,52.62871],[13.48589,52.628729],[13.486284,52.628756],[13.486676,52.62879],[13.487066,52.62883],[13.487454,52.628878],[13.487839,52.628933],[13.488222,52.628995],[13.488602,52.629063],[13.488978,52.629139],[13.48935,52.629221],[13.489718,52.62931],[13.490081,52.629406],[13.49044,52.629508],[13.490793,52.629616],[13.491141,52.629731],[13.491483,52.629852],[13.491819,52.62998],[13.492149,52.630113],[13.492472,52.630252],[13.492788,52.630398],[13.493097,52.630548],[13.493398,52.630705],[13.493692,52.630866],[13.493977,52.631033],[13.494254,52.631205],[13.494523,52.631382],[13.494783,52.631564],[13.495034,52.63175],[13.495276,52.631941],[13.495508,52.632136],[13.49573,52.632335],[13.495943,52.632538],[13.496146,52.632745],[13.496338,52.632956],[13.49652,52.63317],[13.496692,52.633387],[13.496853,52.633607],[13.497003,52.63383],[13.497142,52.634055],[13.49727,52.634283],[13.497387,52.634514],[13.497492,52.634746],[13.497586,52.63498],[13.497668,52.635215],[13.497739,52.635452],[13.497799,52.635691],[13.497846,52.63593],[13.497882,52.63617],[13.497906,52.63641],[13.497919,52.636651],[13.497919,52.636892],[13.497908,52.637132],[13.497885,52.637373],[13.497851,52.637613],[13.497804,52.637852],[13.497746,52.63809],[13.497676,52.638328],[13.497595,52.638563],[13.497502,52.638798],[13.497398,52.63903],[13.497282,52.63926],[13.497155,52.639488],[13.497017,52.639714],[13.496868,52.639938],[13.496708,52.640158],[13.496538,52.640375],[13.496357,52.64059],[13.496165,52.6408],[13.495964,52.641008],[13.495752,52.641211],[13.49553,52.641411],[13.495299,52.641606],[13.495058,52.641798],[13.494808,52.641984],[13.494549,52.642167],[13.494281,52.642344],[13.494004,52.642516],[13.49372,52.642684],[13.493427,52.642846],[13.493126,52.643003],[13.492818,52.643154],[13.492502,52.6433],[13.49218,52.643439],[13.491851,52.643573],[13.491515,52.643701],[13.491173,52.643823],[13.490826,52.643939],[13.490473,52.644048],[13.490115,52.644151],[13.489752,52.644247],[13.489384,52.644336],[13.489012,52.644419],[13.488636,52.644495],[13.488257,52.644565],[13.487874,52.644627],[13.487489,52.644682],[13.487101,52.644731],[13.486711,52.644772],[13.486319,52.644806],[13.485925,52.644834],[13.485531,52.644854],[13.485135,52.644867],[13.484739,52.644872],[13.484343,52.644871],[13.483948,52.644862],[13.483552,52.644846],[13.483158,52.644823],[13.482765,52.644793],[13.482374,52.644756],[13.481985,52.644712],[13.481598,52.64466],[13.481213,52.644602],[13.480832,52.644537],[13.480454,52.644465],[13.48008,52.644386],[13.47971,52.6443],[13.479344,52.644208],[13.478983,52.644109],[13.478627,52.644004],[13.478276,52.643892],[13.477931,52.643774],[13.477592,52.643649],[13.477259,52.643519],[13.476932,52.643383],[13.476613,52.64324],[13.4763,52.643092],[13.475995,52.642939],[13.475698,52.64278],[13.475408,52.642615],[13.475127,52.642446],[13.474854,52.642271],[13.474589,52.642092],[13.474334,52.641908],[13.474088,52.641719],[13.473851,52.641526],[13.473623,52.641329],[13.473406,52.641128],[13.473198,52.640923],[13.473,52.640714],[13.472813,52.640502],[13.472636,52.640286],[13.47247,52.640067],[13.472315,52.639846],[13.472171,52.639622],[13.472037,52.639395],[13.471915,52.639166],[13.471804,52.638934],[13.471704,52.638701],[13.471616,52.638466],[13.47154,52.63823],[13.471475,52.637992],[13.471421,52.637754],[13.47138,52.637514],[13.47135,52.637274],[13.471332,52.637033],[13.471325,52.636792],[13.471331,52.636552]]]]}},{"type":"Feature","id":2,"properties":{"gisid":"S03","bez":"Buckower Felder","kat":"Im Bau"},"geometry":{"type":"MultiPolygon","coordinates":[[[[13.419265,52.415537],[13.419283,52.415296],[13.419312,52.415056],[13.419353,52.414816],[13.419405,52.414577],[13.419469,52.41434],[13.419545,52.414103],[13.419632,52.413868],[13.41973,52.413635],[13.41984,52.413404],[13.419961,52.413174],[13.420093,52.412947],[13.420236,52.412723],[13.42039,52.412501],[13.420555,52.412282],[13.42073,52.412067],[13.420916,52.411854],[13.421112,52.411645],[13.421318,52.41144],[13.421534,52.411238],[13.421759,52.411041],[13.421995,52.410848],[13.422239,52.410659],[13.422493,52.410474],[13.422755,52.410295],[13.423026,52.41012],[13.423306,52.40995],[13.423593,52.409785],[13.423889,52.409626],[13.424192,52.409472],[13.424502,52.409324],[13.42482,52.409181],[13.425144,52.409045],[13.425475,52.408914],[13.425812,52.408789],[13.426155,52.408671],[13.426503,52.408559],[13.426857,52.408453],[13.427216,52.408353],[13.42758,52.408261],[13.427948,52.408175],[13.42832,52.408095],[13.428695,52.408023],[13.429074,52.407957],[13.429456,52.407898],[13.429841,52.407847],[13.430228,52.407802],[13.430617,52.407764],[13.431008,52.407734],[13.4314,52.40771],[13.431793,52.407694],[13.432186,52.407685],[13.43258,52.407683],[13.432974,52.407688],[13.433368,52.4077],[13.43376,52.40772],[13.434152,52.407747],[13.434542,52.407781],[13.43493,52.407821],[13.435316,52.407869],[13.435699,52.407924],[13.43608,52.407986],[13.436458,52.408055],[13.436832,52.408131],[13.437202,52.408213],[13.437568,52.408302],[13.437929,52.408398],[13.438286,52.4085],[13.438637,52.408609],[13.438983,52.408724],[13.439324,52.408845],[13.439658,52.408973],[13.439986,52.409106],[13.440307,52.409246],[13.440621,52.409391],[13.440929,52.409542],[13.441228,52.409698],[13.44152,52.40986],[13.441804,52.410027],[13.44208,52.410199],[13.442347,52.410376],[13.442605,52.410558],[13.442855,52.410744],[13.443095,52.410935],[13.443326,52.41113],[13.443547,52.41133],[13.443758,52.411533],[13.44396,52.41174],[13.444151,52.411951],[13.444332,52.412165],[13.444503,52.412382],[13.444662,52.412602],[13.444812,52.412825],[13.44495,52.413051],[13.445077,52.413279],[13.445193,52.413509],[13.445297,52.413741],[13.44539,52.413975],[13.445472,52.414211],[13.445543,52.414448],[13.445601,52.414686],[13.445649,52.414925],[13.445684,52.415165],[13.445708,52.415406],[13.44572,52.415646],[13.44572,52.415887],[13.445709,52.416128],[13.445686,52.416369],[13.445651,52.416609],[13.445604,52.416848],[13.445546,52.417086],[13.445477,52.417323],[13.445395,52.417559],[13.445303,52.417793],[13.445199,52.418025],[13.445083,52.418256],[13.444957,52.418484],[13.444819,52.41871],[13.444671,52.418933],[13.444512,52.419153],[13.444342,52.41937],[13.444161,52.419585],[13.443971,52.419795],[13.44377,52.420003],[13.443559,52.420206],[13.443338,52.420406],[13.443108,52.420601],[13.442868,52.420792],[13.442619,52.420979],[13.442361,52.421161],[13.442094,52.421338],[13.441819,52.421511],[13.441535,52.421678],[13.441244,52.42184],[13.440944,52.421997],[13.440637,52.422148],[13.440323,52.422293],[13.440002,52.422433],[13.439675,52.422567],[13.439341,52.422695],[13.439001,52.422816],[13.438655,52.422932],[13.438303,52.423041],[13.437947,52.423143],[13.437585,52.423239],[13.437219,52.423329],[13.436849,52.423411],[13.436475,52.423487],[13.436098,52.423557],[13.435717,52.423619],[13.435334,52.423674],[13.434948,52.423722],[13.434559,52.423764],[13.434169,52.423798],[13.433778,52.423825],[13.433385,52.423845],[13.432992,52.423857],[13.432598,52.423863],[13.432204,52.423861],[13.43181,52.423852],[13.431417,52.423836],[13.431024,52.423813],[13.430633,52.423783],[13.430244,52.423746],[13.429857,52.423701],[13.429472,52.42365],[13.42909,52.423591],[13.42871,52.423526],[13.428335,52.423454],[13.427962,52.423375],[13.427594,52.423289],[13.42723,52.423196],[13.426871,52.423097],[13.426517,52.422992],[13.426168,52.42288],[13.425825,52.422761],[13.425487,52.422637],[13.425156,52.422506],[13.424831,52.42237],[13.424514,52.422228],[13.424203,52.422079],[13.423899,52.421926],[13.423604,52.421767],[13.423316,52.421602],[13.423036,52.421433],[13.422764,52.421258],[13.422502,52.421078],[13.422248,52.420894],[13.422003,52.420706],[13.421767,52.420512],[13.421541,52.420315],[13.421325,52.420114],[13.421118,52.419909],[13.420922,52.4197],[13.420736,52.419487],[13.42056,52.419272],[13.420395,52.419053],[13.420241,52.418831],[13.420098,52.418607],[13.419965,52.41838],[13.419844,52.418151],[13.419734,52.41792],[13.419635,52.417686],[13.419547,52.417451],[13.419471,52.417215],[13.419407,52.416977],[13.419354,52.416739],[13.419313,52.416499],[13.419283,52.416259],[13.419266,52.416018],[13.41926,52.415777],[13.419265,52.415537]]]]}},{"type":"Feature","id":3,"properties":{"gisid":"S04","bez":"Europacity","kat":"Größtenteils abgeschlossen"},"geometry":{"type":"MultiPolygon","coordinates":[[[[13.350782,52.53199],[13.3508,52.531749],[13.35083,52.531509],[13.350871,52.531269],[13.350924,52.531031],[13.350988,52.530793],[13.351065,52.530556],[13.351152,52.530322],[13.351251,52.530088],[13.351362,52.529857],[13.351484,52.529628],[13.351616,52.529401],[13.35176,52.529177],[13.351915,52.528955],[13.35208,52.528736],[13.352256,52.528521],[13.352443,52.528308],[13.35264,52.5281],[13.352847,52.527894],[13.353064,52.527693],[13.35329,52.527496],[13.353526,52.527303],[13.353772,52.527114],[13.354026,52.52693],[13.35429,52.52675],[13.354562,52.526575],[13.354842,52.526406],[13.355131,52.526241],[13.355427,52.526082],[13.355731,52.525929],[13.356043,52.52578],[13.356361,52.525638],[13.356687,52.525502],[13.357019,52.525371],[13.357357,52.525247],[13.357701,52.525128],[13.358051,52.525016],[13.358406,52.524911],[13.358766,52.524812],[13.35913,52.524719],[13.359499,52.524633],[13.359872,52.524554],[13.360249,52.524482],[13.360629,52.524416],[13.361012,52.524358],[13.361398,52.524306],[13.361786,52.524262],[13.362176,52.524224],[13.362568,52.524194],[13.362961,52.524171],[13.363355,52.524155],[13.36375,52.524146],[13.364145,52.524144],[13.36454,52.52415],[13.364934,52.524162],[13.365328,52.524182],[13.36572,52.524209],[13.366111,52.524243],[13.3665,52.524284],[13.366887,52.524332],[13.367272,52.524388],[13.367653,52.52445],[13.368032,52.524519],[13.368407,52.524595],[13.368778,52.524677],[13.369144,52.524767],[13.369507,52.524862],[13.369864,52.524965],[13.370216,52.525074],[13.370563,52.525189],[13.370904,52.525311],[13.371239,52.525438],[13.371568,52.525572],[13.37189,52.525712],[13.372204,52.525857],[13.372512,52.526008],[13.372812,52.526165],[13.373105,52.526327],[13.373389,52.526494],[13.373665,52.526666],[13.373933,52.526843],[13.374192,52.527025],[13.374441,52.527212],[13.374682,52.527403],[13.374913,52.527598],[13.375135,52.527798],[13.375346,52.528001],[13.375548,52.528208],[13.375739,52.528419],[13.37592,52.528633],[13.376091,52.52885],[13.376251,52.52907],[13.3764,52.529294],[13.376538,52.529519],[13.376665,52.529747],[13.376781,52.529978],[13.376885,52.53021],[13.376979,52.530444],[13.37706,52.53068],[13.37713,52.530917],[13.377189,52.531155],[13.377236,52.531394],[13.377271,52.531634],[13.377295,52.531875],[13.377306,52.532115],[13.377306,52.532356],[13.377294,52.532597],[13.377271,52.532838],[13.377235,52.533078],[13.377188,52.533317],[13.37713,52.533555],[13.37706,52.533792],[13.376978,52.534028],[13.376884,52.534262],[13.37678,52.534494],[13.376664,52.534724],[13.376537,52.534952],[13.376398,52.535178],[13.376249,52.535401],[13.376089,52.535621],[13.375919,52.535839],[13.375737,52.536053],[13.375546,52.536263],[13.375344,52.53647],[13.375132,52.536674],[13.37491,52.536873],[13.374679,52.537068],[13.374438,52.537259],[13.374188,52.537446],[13.373929,52.537628],[13.373662,52.537805],[13.373385,52.537977],[13.373101,52.538144],[13.372808,52.538306],[13.372508,52.538463],[13.3722,52.538614],[13.371885,52.538759],[13.371563,52.538898],[13.371234,52.539032],[13.370899,52.53916],[13.370558,52.539281],[13.370211,52.539396],[13.369858,52.539505],[13.369501,52.539607],[13.369138,52.539703],[13.368771,52.539792],[13.3684,52.539875],[13.368025,52.539951],[13.367646,52.54002],[13.367264,52.540082],[13.36688,52.540137],[13.366493,52.540185],[13.366103,52.540226],[13.365712,52.540259],[13.36532,52.540286],[13.364926,52.540306],[13.364531,52.540318],[13.364136,52.540324],[13.363741,52.540322],[13.363346,52.540313],[13.362952,52.540297],[13.362559,52.540273],[13.362167,52.540243],[13.361777,52.540205],[13.361389,52.54016],[13.361003,52.540109],[13.360619,52.54005],[13.360239,52.539984],[13.359863,52.539912],[13.359489,52.539833],[13.35912,52.539747],[13.358756,52.539654],[13.358396,52.539555],[13.358041,52.539449],[13.357691,52.539337],[13.357347,52.539218],[13.357009,52.539094],[13.356677,52.538963],[13.356352,52.538826],[13.356033,52.538684],[13.355722,52.538535],[13.355418,52.538382],[13.355122,52.538222],[13.354833,52.538058],[13.354553,52.537888],[13.354281,52.537713],[13.354018,52.537533],[13.353764,52.537349],[13.353519,52.53716],[13.353283,52.536967],[13.353056,52.536769],[13.35284,52.536568],[13.352633,52.536363],[13.352437,52.536154],[13.35225,52.535941],[13.352075,52.535725],[13.35191,52.535507],[13.351755,52.535285],[13.351612,52.53506],[13.351479,52.534834],[13.351358,52.534604],[13.351248,52.534373],[13.351149,52.53414],[13.351062,52.533905],[13.350986,52.533668],[13.350922,52.533431],[13.350869,52.533192],[13.350828,52.532952],[13.350799,52.532712],[13.350782,52.532471],[13.350776,52.532231],[13.350782,52.53199]]]]}},{"type":"Feature","id":4,"properties":{"gisid":"S05","bez":"Wasserstadt Berlin-Oberhavel","kat":"Im Bau"},"geometry":{"type":"MultiPolygon","coordinates":[[[[13.205506,52.555455],[13.205524,52.555215],[13.205555,52.554974],[13.205597,52.554735],[13.205651,52.554496],[13.205716,52.554259],[13.205793,52.554022],[13.205882,52.553788],[13.205982,52.553555],[13.206093,52.553323],[13.206215,52.553094],[13.206349,52.552868],[13.206494,52.552644],[13.206649,52.552422],[13.206815,52.552204],[13.206992,52.551988],[13.20718,52.551776],[13.207377,52.551567],[13.207585,52.551363],[13.207803,52.551161],[13.20803,52.550964],[13.208267,52.550772],[13.208513,52.550583],[13.208768,52.550399],[13.209032,52.55022],[13.209305,52.550046],[13.209586,52.549877],[13.209875,52.549712],[13.210173,52.549554],[13.210477,52.5494],[13.21079,52.549253],[13.211109,52.549111],[13.211435,52.548975],[13.211767,52.548844],[13.212106,52.54872],[13.212451,52.548602],[13.212801,52.548491],[13.213156,52.548386],[13.213517,52.548287],[13.213882,52.548195],[13.214252,52.54811],[13.214625,52.548031],[13.215002,52.547959],[13.215383,52.547894],[13.215766,52.547836],[13.216152,52.547785],[13.216541,52.547741],[13.216931,52.547704],[13.217323,52.547674],[13.217717,52.547652],[13.218111,52.547636],[13.218506,52.547628],[13.218901,52.547627],[13.219296,52.547632],[13.219691,52.547646],[13.220085,52.547666],[13.220477,52.547693],[13.220868,52.547728],[13.221257,52.547769],[13.221644,52.547818],[13.222029,52.547874],[13.22241,52.547936],[13.222789,52.548006],[13.223164,52.548082],[13.223534,52.548165],[13.223901,52.548255],[13.224263,52.548351],[13.224621,52.548454],[13.224973,52.548564],[13.225319,52.548679],[13.22566,52.548801],[13.225995,52.548929],[13.226323,52.549063],[13.226645,52.549203],[13.226959,52.549349],[13.227266,52.549501],[13.227566,52.549658],[13.227858,52.54982],[13.228142,52.549987],[13.228418,52.55016],[13.228685,52.550337],[13.228943,52.55052],[13.229193,52.550707],[13.229433,52.550898],[13.229663,52.551094],[13.229884,52.551293],[13.230095,52.551497],[13.230296,52.551704],[13.230487,52.551915],[13.230668,52.55213],[13.230838,52.552347],[13.230997,52.552567],[13.231145,52.552791],[13.231283,52.553017],[13.231409,52.553245],[13.231524,52.553475],[13.231628,52.553708],[13.23172,52.553942],[13.231801,52.554178],[13.231871,52.554415],[13.231929,52.554653],[13.231975,52.554892],[13.232009,52.555132],[13.232032,52.555373],[13.232043,52.555614],[13.232042,52.555855],[13.232029,52.556095],[13.232005,52.556336],[13.231969,52.556576],[13.231921,52.556815],[13.231861,52.557053],[13.23179,52.55729],[13.231708,52.557525],[13.231614,52.557759],[13.231508,52.557991],[13.231391,52.558222],[13.231263,52.55845],[13.231124,52.558675],[13.230974,52.558898],[13.230813,52.559118],[13.230642,52.559335],[13.23046,52.559549],[13.230268,52.559759],[13.230065,52.559966],[13.229852,52.560169],[13.22963,52.560368],[13.229398,52.560563],[13.229156,52.560754],[13.228906,52.56094],[13.228646,52.561122],[13.228377,52.561298],[13.2281,52.56147],[13.227815,52.561637],[13.227522,52.561799],[13.227221,52.561955],[13.226912,52.562105],[13.226596,52.56225],[13.226274,52.562389],[13.225944,52.562522],[13.225609,52.56265],[13.225267,52.562771],[13.224919,52.562885],[13.224566,52.562994],[13.224208,52.563096],[13.223845,52.563191],[13.223478,52.56328],[13.223106,52.563362],[13.222731,52.563437],[13.222352,52.563506],[13.221969,52.563567],[13.221584,52.563622],[13.221197,52.563669],[13.220807,52.56371],[13.220416,52.563743],[13.220023,52.563769],[13.219629,52.563789],[13.219234,52.5638],[13.218839,52.563805],[13.218444,52.563803],[13.218049,52.563793],[13.217654,52.563777],[13.217261,52.563753],[13.216869,52.563722],[13.216479,52.563684],[13.21609,52.563639],[13.215704,52.563587],[13.215321,52.563527],[13.214941,52.563461],[13.214564,52.563388],[13.214191,52.563309],[13.213822,52.563222],[13.213458,52.563129],[13.213098,52.563029],[13.212743,52.562923],[13.212394,52.562811],[13.21205,52.562692],[13.211712,52.562567],[13.211381,52.562435],[13.211056,52.562298],[13.210737,52.562155],[13.210426,52.562007],[13.210123,52.561853],[13.209827,52.561693],[13.209539,52.561528],[13.209259,52.561358],[13.208988,52.561183],[13.208725,52.561003],[13.208471,52.560818],[13.208226,52.560629],[13.207991,52.560435],[13.207765,52.560238],[13.207549,52.560036],[13.207343,52.55983],[13.207147,52.559621],[13.206962,52.559408],[13.206787,52.559192],[13.206622,52.558973],[13.206468,52.558751],[13.206326,52.558527],[13.206194,52.5583],[13.206073,52.55807],[13.205964,52.557839],[13.205866,52.557606],[13.205779,52.557371],[13.205704,52.557134],[13.205641,52.556896],[13.205589,52.556657],[13.205549,52.556418],[13.20552,52.556178],[13.205504,52.555937],[13.205499,52.555696],[13.205506,52.555455]]]]}},{"type":"Feature","id":5,"properties":{"gisid":"S06","bez":"Das Neue Gartenfeld","kat":"Bis 2026"},"geometry":{"type":"MultiPolygon","coordinates":[[[[13.228792,52.550908],[13.22881,52.550668],[13.228841,52.550427],[13.228883,52.550188],[13.228936,52.549949],[13.229002,52.549712],[13.229078,52.549475],[13.229167,52.549241],[13.229267,52.549007],[13.229378,52.548776],[13.2295,52.548547],[13.229634,52.548321],[13.229778,52.548096],[13.229933,52.547875],[13.2301,52.547656],[13.230276,52.547441],[13.230464,52.547229],[13.230661,52.54702],[13.230869,52.546815],[13.231086,52.546614],[13.231313,52.546417],[13.23155,52.546224],[13.231796,52.546036],[13.232051,52.545852],[13.232315,52.545672],[13.232588,52.545498],[13.232869,52.545329],[13.233158,52.545165],[13.233455,52.545006],[13.23376,52.544852],[13.234072,52.544705],[13.234391,52.544563],[13.234717,52.544426],[13.235049,52.544296],[13.235388,52.544172],[13.235732,52.544054],[13.236083,52.543942],[13.236438,52.543837],[13.236798,52.543739],[13.237163,52.543646],[13.237533,52.543561],[13.237906,52.543482],[13.238283,52.54341],[13.238664,52.543345],[13.239047,52.543287],[13.239433,52.543236],[13.239822,52.543192],[13.240212,52.543155],[13.240604,52.543125],[13.240998,52.543102],[13.241392,52.543087],[13.241787,52.543078],[13.242182,52.543077],[13.242577,52.543083],[13.242971,52.543096],[13.243365,52.543116],[13.243758,52.543143],[13.244149,52.543178],[13.244538,52.543219],[13.244925,52.543268],[13.245309,52.543323],[13.245691,52.543386],[13.246069,52.543455],[13.246444,52.543531],[13.246815,52.543615],[13.247182,52.543704],[13.247544,52.543801],[13.247901,52.543903],[13.248253,52.544013],[13.2486,52.544128],[13.248941,52.54425],[13.249275,52.544378],[13.249604,52.544512],[13.249925,52.544652],[13.25024,52.544798],[13.250547,52.544949],[13.250847,52.545106],[13.251139,52.545268],[13.251423,52.545436],[13.251699,52.545608],[13.251966,52.545786],[13.252224,52.545968],[13.252474,52.546155],[13.252714,52.546346],[13.252945,52.546542],[13.253166,52.546741],[13.253377,52.546945],[13.253578,52.547152],[13.253769,52.547363],[13.25395,52.547578],[13.25412,52.547795],[13.254279,52.548015],[13.254428,52.548239],[13.254565,52.548464],[13.254691,52.548693],[13.254807,52.548923],[13.254911,52.549156],[13.255003,52.54939],[13.255084,52.549625],[13.255154,52.549863],[13.255212,52.550101],[13.255258,52.55034],[13.255292,52.55058],[13.255315,52.550821],[13.255326,52.551061],[13.255326,52.551302],[13.255313,52.551543],[13.255289,52.551783],[13.255253,52.552023],[13.255205,52.552262],[13.255146,52.552501],[13.255075,52.552738],[13.254992,52.552973],[13.254898,52.553207],[13.254793,52.553439],[13.254676,52.553669],[13.254549,52.553897],[13.25441,52.554123],[13.25426,52.554346],[13.254099,52.554566],[13.253928,52.554783],[13.253746,52.554997],[13.253553,52.555207],[13.253351,52.555414],[13.253138,52.555617],[13.252916,52.555816],[13.252684,52.556011],[13.252443,52.556202],[13.252192,52.556388],[13.251933,52.55657],[13.251664,52.556747],[13.251387,52.556919],[13.251102,52.557086],[13.250809,52.557247],[13.250508,52.557403],[13.2502,52.557554],[13.249884,52.557699],[13.249562,52.557838],[13.249232,52.557971],[13.248897,52.558099],[13.248555,52.55822],[13.248207,52.558335],[13.247855,52.558443],[13.247497,52.558545],[13.247134,52.55864],[13.246766,52.558729],[13.246395,52.558811],[13.246019,52.558887],[13.24564,52.558955],[13.245258,52.559017],[13.244873,52.559072],[13.244486,52.559119],[13.244096,52.55916],[13.243705,52.559193],[13.243312,52.55922],[13.242918,52.559239],[13.242523,52.559251],[13.242128,52.559256],[13.241733,52.559253],[13.241338,52.559244],[13.240944,52.559227],[13.24055,52.559204],[13.240158,52.559173],[13.239768,52.559135],[13.23938,52.55909],[13.238994,52.559038],[13.238611,52.558978],[13.238231,52.558912],[13.237854,52.55884],[13.237481,52.55876],[13.237112,52.558674],[13.236747,52.55858],[13.236387,52.558481],[13.236033,52.558375],[13.235683,52.558262],[13.235339,52.558143],[13.235001,52.558018],[13.23467,52.557887],[13.234345,52.55775],[13.234027,52.557607],[13.233716,52.557459],[13.233412,52.557305],[13.233116,52.557145],[13.232828,52.55698],[13.232548,52.55681],[13.232276,52.556635],[13.232014,52.556455],[13.23176,52.55627],[13.231515,52.556081],[13.231279,52.555888],[13.231054,52.55569],[13.230838,52.555488],[13.230631,52.555283],[13.230435,52.555074],[13.23025,52.554861],[13.230074,52.554645],[13.22991,52.554426],[13.229756,52.554204],[13.229613,52.55398],[13.229481,52.553753],[13.229361,52.553523],[13.229251,52.553292],[13.229153,52.553058],[13.229066,52.552823],[13.228991,52.552587],[13.228928,52.552349],[13.228876,52.55211],[13.228835,52.551871],[13.228807,52.551631],[13.22879,52.55139],[13.228785,52.551149],[13.228792,52.550908]]]]}},{"type":"Feature","id":6,"properties":{"gisid":"S07","bez":"Johannisthal/Adlershof","kat":"Im Bau"},"geometry":{"type":"MultiPolygon","coordinates":[[[[13.504732,52.437272],[13.504749,52.437032],[13.504778,52.436791],[13.504818,52.436552],[13.50487,52.436313],[13.504934,52.436075],[13.505009,52.435839],[13.505096,52.435604],[13.505194,52.43537],[13.505303,52.435139],[13.505424,52.43491],[13.505556,52.434682],[13.505699,52.434458],[13.505852,52.434236],[13.506016,52.434017],[13.506191,52.433801],[13.506377,52.433589],[13.506572,52.43338],[13.506778,52.433174],[13.506994,52.432972],[13.507219,52.432775],[13.507454,52.432581],[13.507698,52.432392],[13.507952,52.432208],[13.508214,52.432028],[13.508485,52.431853],[13.508764,52.431683],[13.509051,52.431518],[13.509347,52.431358],[13.50965,52.431204],[13.50996,52.431056],[13.510277,52.430913],[13.510602,52.430776],[13.510932,52.430645],[13.511269,52.43052],[13.511612,52.430401],[13.511961,52.430289],[13.512315,52.430183],[13.512674,52.430083],[13.513037,52.42999],[13.513405,52.429904],[13.513777,52.429824],[13.514153,52.429752],[13.514532,52.429686],[13.514914,52.429627],[13.515299,52.429575],[13.515686,52.42953],[13.516075,52.429492],[13.516466,52.429461],[13.516858,52.429437],[13.517251,52.429421],[13.517645,52.429411],[13.518039,52.429409],[13.518433,52.429414],[13.518827,52.429426],[13.51922,52.429445],[13.519611,52.429472],[13.520002,52.429505],[13.52039,52.429546],[13.520776,52.429593],[13.52116,52.429648],[13.521541,52.42971],[13.521919,52.429778],[13.522293,52.429854],[13.522664,52.429936],[13.52303,52.430025],[13.523392,52.43012],[13.523749,52.430222],[13.524101,52.430331],[13.524447,52.430445],[13.524788,52.430567],[13.525123,52.430694],[13.525451,52.430827],[13.525773,52.430966],[13.526088,52.431111],[13.526395,52.431262],[13.526695,52.431418],[13.526988,52.43158],[13.527272,52.431746],[13.527548,52.431918],[13.527816,52.432095],[13.528075,52.432277],[13.528325,52.432463],[13.528565,52.432654],[13.528797,52.432849],[13.529018,52.433048],[13.52923,52.433251],[13.529432,52.433458],[13.529624,52.433668],[13.529806,52.433882],[13.529977,52.434099],[13.530137,52.434319],[13.530286,52.434542],[13.530425,52.434768],[13.530553,52.434996],[13.530669,52.435226],[13.530774,52.435458],[13.530868,52.435692],[13.53095,52.435928],[13.531021,52.436165],[13.53108,52.436403],[13.531128,52.436642],[13.531164,52.436882],[13.531188,52.437122],[13.531201,52.437363],[13.531201,52.437604],[13.531191,52.437845],[13.531168,52.438085],[13.531133,52.438325],[13.531087,52.438565],[13.53103,52.438803],[13.53096,52.43904],[13.53088,52.439276],[13.530787,52.43951],[13.530684,52.439742],[13.530569,52.439973],[13.530443,52.440201],[13.530306,52.440427],[13.530158,52.44065],[13.529999,52.440871],[13.529829,52.441088],[13.529649,52.441302],[13.529459,52.441513],[13.529258,52.441721],[13.529047,52.441924],[13.528827,52.442124],[13.528597,52.44232],[13.528357,52.442511],[13.528108,52.442698],[13.52785,52.44288],[13.527584,52.443058],[13.527309,52.44323],[13.527025,52.443398],[13.526734,52.44356],[13.526435,52.443717],[13.526128,52.443868],[13.525814,52.444014],[13.525493,52.444154],[13.525166,52.444288],[13.524832,52.444416],[13.524492,52.444538],[13.524146,52.444653],[13.523795,52.444763],[13.523438,52.444866],[13.523077,52.444962],[13.522711,52.445052],[13.522341,52.445135],[13.521967,52.445211],[13.521589,52.44528],[13.521208,52.445343],[13.520825,52.445398],[13.520439,52.445447],[13.52005,52.445488],[13.51966,52.445523],[13.519268,52.44555],[13.518875,52.44557],[13.518482,52.445583],[13.518088,52.445589],[13.517693,52.445588],[13.517299,52.445579],[13.516906,52.445563],[13.516514,52.445541],[13.516122,52.445511],[13.515733,52.445473],[13.515345,52.445429],[13.51496,52.445378],[13.514577,52.44532],[13.514198,52.445255],[13.513822,52.445183],[13.513449,52.445104],[13.51308,52.445019],[13.512716,52.444926],[13.512357,52.444828],[13.512002,52.444722],[13.511653,52.444611],[13.511309,52.444493],[13.510971,52.444368],[13.51064,52.444238],[13.510315,52.444102],[13.509996,52.44396],[13.509685,52.443812],[13.509381,52.443658],[13.509085,52.443499],[13.508796,52.443335],[13.508516,52.443166],[13.508244,52.442991],[13.507981,52.442812],[13.507727,52.442628],[13.507481,52.442439],[13.507245,52.442246],[13.507019,52.442049],[13.506802,52.441848],[13.506595,52.441643],[13.506398,52.441434],[13.506212,52.441222],[13.506035,52.441007],[13.50587,52.440788],[13.505715,52.440566],[13.505571,52.440342],[13.505438,52.440115],[13.505316,52.439886],[13.505206,52.439655],[13.505106,52.439422],[13.505018,52.439187],[13.504942,52.438951],[13.504877,52.438713],[13.504824,52.438474],[13.504782,52.438235],[13.504752,52.437995],[13.504734,52.437754],[13.504727,52.437513],[13.504732,52.437272]]]]}},{"type":"Feature","id":7,"properties":{"gisid":"S08","bez":"Ehem. Güterbahnhof Köpenick","kat":"2027 - 2031"},"geometry":{"type":"MultiPolygon","coordinates":[[[[13.578914,52.457409],[13.57893,52.457168],[13.578959,52.456928],[13.578999,52.456688],[13.57905,52.45645],[13.579114,52.456212],[13.579188,52.455975],[13.579275,52.45574],[13.579372,52.455507],[13.579481,52.455275],[13.579602,52.455046],[13.579733,52.454819],[13.579876,52.454594],[13.580029,52.454372],[13.580193,52.454153],[13.580368,52.453937],[13.580553,52.453724],[13.580748,52.453515],[13.580954,52.45331],[13.581169,52.453108],[13.581394,52.45291],[13.581629,52.452716],[13.581873,52.452527],[13.582126,52.452343],[13.582388,52.452163],[13.582659,52.451987],[13.582938,52.451817],[13.583225,52.451652],[13.58352,52.451492],[13.583823,52.451338],[13.584133,52.451189],[13.584451,52.451046],[13.584775,52.450909],[13.585106,52.450778],[13.585443,52.450653],[13.585785,52.450534],[13.586134,52.450421],[13.586488,52.450315],[13.586847,52.450215],[13.58721,52.450122],[13.587578,52.450035],[13.58795,52.449956],[13.588326,52.449883],[13.588705,52.449816],[13.589087,52.449757],[13.589472,52.449705],[13.589859,52.44966],[13.590249,52.449621],[13.59064,52.44959],[13.591032,52.449566],[13.591425,52.44955],[13.591819,52.44954],[13.592214,52.449537],[13.592608,52.449542],[13.593002,52.449554],[13.593395,52.449573],[13.593787,52.449599],[13.594177,52.449632],[13.594566,52.449673],[13.594952,52.44972],[13.595337,52.449775],[13.595718,52.449836],[13.596096,52.449904],[13.596471,52.449979],[13.596841,52.450061],[13.597208,52.45015],[13.59757,52.450245],[13.597928,52.450347],[13.59828,52.450455],[13.598627,52.45057],[13.598968,52.450691],[13.599303,52.450818],[13.599631,52.450951],[13.599954,52.45109],[13.600269,52.451235],[13.600577,52.451385],[13.600877,52.451541],[13.60117,52.451703],[13.601455,52.451869],[13.601731,52.452041],[13.601999,52.452218],[13.602259,52.452399],[13.602509,52.452585],[13.60275,52.452776],[13.602982,52.452971],[13.603204,52.45317],[13.603416,52.453373],[13.603619,52.453579],[13.603811,52.45379],[13.603993,52.454003],[13.604164,52.45422],[13.604325,52.45444],[13.604475,52.454663],[13.604614,52.454889],[13.604742,52.455117],[13.604859,52.455347],[13.604965,52.455579],[13.605059,52.455813],[13.605142,52.456048],[13.605213,52.456285],[13.605273,52.456523],[13.605321,52.456762],[13.605357,52.457002],[13.605382,52.457243],[13.605395,52.457483],[13.605396,52.457724],[13.605385,52.457965],[13.605363,52.458206],[13.605329,52.458446],[13.605283,52.458685],[13.605226,52.458923],[13.605157,52.459161],[13.605077,52.459396],[13.604985,52.459631],[13.604881,52.459863],[13.604767,52.460094],[13.604641,52.460322],[13.604504,52.460548],[13.604356,52.460771],[13.604198,52.460992],[13.604029,52.461209],[13.603849,52.461424],[13.603659,52.461635],[13.603458,52.461842],[13.603248,52.462046],[13.603027,52.462246],[13.602797,52.462442],[13.602558,52.462633],[13.60231,52.46282],[13.602052,52.463003],[13.601786,52.46318],[13.601511,52.463353],[13.601227,52.463521],[13.600936,52.463683],[13.600637,52.46384],[13.600331,52.463992],[13.600017,52.464138],[13.599696,52.464278],[13.599368,52.464412],[13.599034,52.46454],[13.598694,52.464662],[13.598349,52.464778],[13.597997,52.464888],[13.597641,52.464991],[13.597279,52.465087],[13.596914,52.465177],[13.596543,52.465261],[13.596169,52.465337],[13.595792,52.465407],[13.595411,52.465469],[13.595027,52.465525],[13.594641,52.465574],[13.594252,52.465616],[13.593862,52.46565],[13.59347,52.465678],[13.593077,52.465698],[13.592683,52.465712],[13.592289,52.465718],[13.591895,52.465716],[13.591501,52.465708],[13.591107,52.465693],[13.590714,52.46567],[13.590323,52.46564],[13.589933,52.465604],[13.589545,52.46556],[13.58916,52.465509],[13.588777,52.465451],[13.588397,52.465386],[13.58802,52.465314],[13.587648,52.465236],[13.587279,52.46515],[13.586914,52.465058],[13.586554,52.46496],[13.586199,52.464855],[13.58585,52.464743],[13.585506,52.464625],[13.585167,52.464501],[13.584835,52.464371],[13.58451,52.464235],[13.584191,52.464093],[13.58388,52.463946],[13.583575,52.463792],[13.583279,52.463634],[13.58299,52.46347],[13.582709,52.4633],[13.582437,52.463126],[13.582173,52.462947],[13.581918,52.462763],[13.581673,52.462575],[13.581436,52.462382],[13.581209,52.462185],[13.580992,52.461984],[13.580785,52.461779],[13.580587,52.46157],[13.5804,52.461358],[13.580224,52.461143],[13.580058,52.460924],[13.579902,52.460703],[13.579758,52.460478],[13.579625,52.460252],[13.579502,52.460023],[13.579391,52.459792],[13.579291,52.459559],[13.579203,52.459324],[13.579126,52.459087],[13.579061,52.45885],[13.579007,52.458611],[13.578965,52.458372],[13.578935,52.458132],[13.578916,52.457891],[13.578909,52.45765],[13.578914,52.457409]]]]}},{"type":"Feature","id":8,"properties":{"gisid":"S09","bez":"Lichterfelde Süd","kat":"Bis 2026"},"geometry":{"type":"MultiPolygon","coordinates":[[[[13.302104,52.40788],[13.302122,52.407639],[13.302152,52.407399],[13.302193,52.407159],[13.302247,52.406921],[13.302311,52.406683],[13.302387,52.406447],[13.302475,52.406212],[13.302574,52.405979],[13.302685,52.405747],[13.302806,52.405518],[13.302939,52.405291],[13.303083,52.405067],[13.303237,52.404846],[13.303402,52.404627],[13.303578,52.404411],[13.303764,52.404199],[13.303961,52.40399],[13.304167,52.403785],[13.304384,52.403584],[13.30461,52.403387],[13.304846,52.403194],[13.30509,52.403005],[13.305344,52.402821],[13.305607,52.402641],[13.305879,52.402467],[13.306159,52.402297],[13.306447,52.402133],[13.306742,52.401974],[13.307046,52.40182],[13.307357,52.401672],[13.307674,52.40153],[13.307999,52.401394],[13.30833,52.401263],[13.308667,52.401139],[13.309011,52.401021],[13.309359,52.400909],[13.309714,52.400804],[13.310073,52.400705],[13.310436,52.400612],[13.310804,52.400527],[13.311177,52.400448],[13.311552,52.400375],[13.311931,52.40031],[13.312313,52.400252],[13.312698,52.4002],[13.313085,52.400156],[13.313474,52.400119],[13.313865,52.400089],[13.314257,52.400066],[13.31465,52.40005],[13.315044,52.400041],[13.315438,52.400039],[13.315831,52.400045],[13.316225,52.400058],[13.316617,52.400078],[13.317008,52.400105],[13.317398,52.400139],[13.317786,52.40018],[13.318172,52.400229],[13.318555,52.400284],[13.318936,52.400346],[13.319313,52.400415],[13.319687,52.400491],[13.320057,52.400574],[13.320422,52.400664],[13.320783,52.40076],[13.32114,52.400862],[13.321491,52.400971],[13.321837,52.401087],[13.322177,52.401208],[13.32251,52.401336],[13.322838,52.40147],[13.323159,52.40161],[13.323473,52.401755],[13.323779,52.401906],[13.324078,52.402063],[13.32437,52.402225],[13.324653,52.402392],[13.324928,52.402565],[13.325195,52.402742],[13.325453,52.402924],[13.325702,52.403111],[13.325941,52.403302],[13.326172,52.403498],[13.326392,52.403697],[13.326603,52.403901],[13.326804,52.404108],[13.326995,52.404318],[13.327175,52.404533],[13.327345,52.40475],[13.327504,52.40497],[13.327653,52.405193],[13.32779,52.405419],[13.327917,52.405647],[13.328032,52.405878],[13.328136,52.40611],[13.328229,52.406344],[13.32831,52.40658],[13.328379,52.406817],[13.328438,52.407055],[13.328484,52.407294],[13.328519,52.407534],[13.328542,52.407775],[13.328553,52.408016],[13.328553,52.408257],[13.328541,52.408497],[13.328517,52.408738],[13.328482,52.408978],[13.328435,52.409217],[13.328376,52.409455],[13.328306,52.409692],[13.328224,52.409928],[13.328131,52.410162],[13.328026,52.410394],[13.32791,52.410624],[13.327783,52.410852],[13.327645,52.411078],[13.327496,52.411301],[13.327336,52.411521],[13.327166,52.411738],[13.326985,52.411952],[13.326794,52.412163],[13.326592,52.41237],[13.326381,52.412573],[13.326159,52.412773],[13.325928,52.412968],[13.325688,52.413159],[13.325439,52.413345],[13.32518,52.413527],[13.324913,52.413704],[13.324637,52.413876],[13.324354,52.414043],[13.324062,52.414205],[13.323762,52.414361],[13.323455,52.414512],[13.32314,52.414657],[13.322819,52.414796],[13.322491,52.41493],[13.322157,52.415057],[13.321816,52.415179],[13.32147,52.415294],[13.321119,52.415402],[13.320762,52.415505],[13.3204,52.4156],[13.320034,52.415689],[13.319664,52.415772],[13.31929,52.415847],[13.318912,52.415916],[13.318532,52.415978],[13.318148,52.416033],[13.317762,52.416081],[13.317374,52.416122],[13.316984,52.416155],[13.316592,52.416182],[13.316199,52.416201],[13.315806,52.416214],[13.315412,52.416219],[13.315018,52.416217],[13.314624,52.416208],[13.314231,52.416191],[13.313839,52.416168],[13.313448,52.416137],[13.313059,52.416099],[13.312672,52.416055],[13.312287,52.416003],[13.311905,52.415944],[13.311526,52.415878],[13.311151,52.415806],[13.310779,52.415726],[13.310411,52.41564],[13.310047,52.415547],[13.309689,52.415448],[13.309335,52.415342],[13.308986,52.41523],[13.308643,52.415111],[13.308306,52.414986],[13.307975,52.414855],[13.307651,52.414718],[13.307334,52.414576],[13.307023,52.414427],[13.306721,52.414273],[13.306425,52.414114],[13.306138,52.413949],[13.305858,52.413779],[13.305588,52.413604],[13.305325,52.413425],[13.305072,52.41324],[13.304828,52.413051],[13.304593,52.412858],[13.304367,52.41266],[13.304151,52.412459],[13.303946,52.412253],[13.30375,52.412044],[13.303564,52.411832],[13.303389,52.411616],[13.303225,52.411397],[13.303071,52.411175],[13.302928,52.410951],[13.302796,52.410724],[13.302676,52.410495],[13.302566,52.410263],[13.302468,52.41003],[13.302381,52.409795],[13.302306,52.409558],[13.302242,52.409321],[13.30219,52.409082],[13.302149,52.408842],[13.302121,52.408602],[13.302103,52.408361],[13.302098,52.408121],[13.302104,52.40788]]]]}},{"type":"Feature","id":9,"properties":{"gisid":"S10","bez":"Michelangelostraße","kat":"2032 - 2040"},"geometry":{"type":"MultiPolygon","coordinates":[[[[13.436872,52.542905],[13.436889,52.542665],[13.436919,52.542424],[13.436959,52.542185],[13.437012,52.541946],[13.437076,52.541708],[13.437152,52.541472],[13.437239,52.541237],[13.437338,52.541004],[13.437448,52.540772],[13.437569,52.540543],[13.437702,52.540316],[13.437845,52.540092],[13.437999,52.53987],[13.438164,52.539651],[13.43834,52.539435],[13.438526,52.539223],[13.438723,52.539014],[13.438929,52.538808],[13.439146,52.538607],[13.439372,52.538409],[13.439608,52.538216],[13.439853,52.538027],[13.440107,52.537843],[13.44037,52.537663],[13.440642,52.537488],[13.440922,52.537318],[13.441211,52.537154],[13.441507,52.536994],[13.441811,52.53684],[13.442122,52.536692],[13.44244,52.536549],[13.442766,52.536413],[13.443097,52.536282],[13.443435,52.536157],[13.443779,52.536039],[13.444129,52.535926],[13.444484,52.535821],[13.444844,52.535721],[13.445208,52.535628],[13.445577,52.535542],[13.44595,52.535463],[13.446327,52.53539],[13.446707,52.535325],[13.44709,52.535266],[13.447476,52.535214],[13.447864,52.535169],[13.448254,52.535132],[13.448646,52.535101],[13.449039,52.535078],[13.449433,52.535061],[13.449828,52.535052],[13.450223,52.53505],[13.450618,52.535055],[13.451013,52.535068],[13.451406,52.535087],[13.451799,52.535114],[13.45219,52.535147],[13.452579,52.535188],[13.452967,52.535236],[13.453351,52.535291],[13.453733,52.535353],[13.454112,52.535422],[13.454487,52.535497],[13.454858,52.53558],[13.455225,52.535669],[13.455588,52.535764],[13.455945,52.535867],[13.456298,52.535975],[13.456645,52.53609],[13.456986,52.536212],[13.457322,52.536339],[13.457651,52.536472],[13.457973,52.536612],[13.458288,52.536757],[13.458596,52.536908],[13.458897,52.537064],[13.45919,52.537226],[13.459474,52.537393],[13.459751,52.537565],[13.460019,52.537742],[13.460278,52.537924],[13.460528,52.53811],[13.460769,52.538301],[13.461001,52.538496],[13.461223,52.538695],[13.461435,52.538899],[13.461637,52.539106],[13.461829,52.539316],[13.46201,52.53953],[13.462182,52.539747],[13.462342,52.539968],[13.462491,52.54019],[13.46263,52.540416],[13.462757,52.540644],[13.462874,52.540874],[13.462979,52.541107],[13.463072,52.541341],[13.463155,52.541576],[13.463225,52.541813],[13.463284,52.542051],[13.463332,52.542291],[13.463367,52.54253],[13.463391,52.542771],[13.463403,52.543012],[13.463404,52.543253],[13.463392,52.543493],[13.463369,52.543734],[13.463335,52.543974],[13.463288,52.544213],[13.46323,52.544451],[13.46316,52.544688],[13.463079,52.544924],[13.462986,52.545158],[13.462881,52.545391],[13.462766,52.545621],[13.462639,52.545849],[13.462501,52.546075],[13.462353,52.546298],[13.462193,52.546519],[13.462023,52.546736],[13.461842,52.54695],[13.46165,52.547161],[13.461449,52.547368],[13.461238,52.547572],[13.461016,52.547771],[13.460785,52.547967],[13.460545,52.548158],[13.460295,52.548345],[13.460036,52.548527],[13.459769,52.548704],[13.459493,52.548876],[13.459209,52.549044],[13.458916,52.549206],[13.458616,52.549362],[13.458308,52.549514],[13.457993,52.549659],[13.457672,52.549799],[13.457343,52.549933],[13.457008,52.550061],[13.456667,52.550182],[13.45632,52.550298],[13.455968,52.550407],[13.45561,52.550509],[13.455248,52.550606],[13.454881,52.550695],[13.45451,52.550778],[13.454135,52.550854],[13.453756,52.550923],[13.453375,52.550985],[13.45299,52.551041],[13.452603,52.551089],[13.452213,52.55113],[13.451822,52.551164],[13.45143,52.551191],[13.451036,52.551211],[13.450641,52.551224],[13.450246,52.55123],[13.449851,52.551228],[13.449456,52.551219],[13.449062,52.551203],[13.448668,52.55118],[13.448276,52.55115],[13.447886,52.551113],[13.447497,52.551068],[13.447111,52.551017],[13.446728,52.550959],[13.446347,52.550893],[13.44597,52.550821],[13.445597,52.550742],[13.445228,52.550656],[13.444863,52.550564],[13.444503,52.550465],[13.444147,52.550359],[13.443797,52.550247],[13.443453,52.550129],[13.443115,52.550005],[13.442782,52.549874],[13.442457,52.549738],[13.442138,52.549595],[13.441826,52.549447],[13.441522,52.549294],[13.441225,52.549135],[13.440936,52.54897],[13.440656,52.548801],[13.440383,52.548626],[13.44012,52.548447],[13.439865,52.548262],[13.439619,52.548074],[13.439383,52.547881],[13.439156,52.547683],[13.438939,52.547482],[13.438732,52.547277],[13.438535,52.547068],[13.438349,52.546856],[13.438172,52.54664],[13.438007,52.546421],[13.437852,52.5462],[13.437708,52.545975],[13.437575,52.545749],[13.437453,52.545519],[13.437343,52.545288],[13.437243,52.545055],[13.437156,52.54482],[13.437079,52.544584],[13.437015,52.544346],[13.436962,52.544107],[13.43692,52.543868],[13.436891,52.543628],[13.436873,52.543387],[13.436867,52.543146],[13.436872,52.542905]]]]}},{"type":"Feature","id":10,"properties":{"gisid":"S11","bez":"Schumacher Quartier","kat":"Bis 2026"},"geometry":{"type":"MultiPolygon","coordinates":[[[[13.302752,52.56217],[13.30277,52.561929],[13.3028,52.561689],[13.302841,52.56145],[13.302894,52.561211],[13.302959,52.560973],[13.303036,52.560737],[13.303124,52.560502],[13.303223,52.560269],[13.303334,52.560038],[13.303456,52.559809],[13.303589,52.559582],[13.303733,52.559358],[13.303889,52.559136],[13.304054,52.558917],[13.304231,52.558702],[13.304418,52.558489],[13.304615,52.558281],[13.304822,52.558076],[13.305039,52.557874],[13.305266,52.557677],[13.305503,52.557484],[13.305749,52.557295],[13.306003,52.557111],[13.306267,52.556932],[13.30654,52.556757],[13.30682,52.556588],[13.307109,52.556424],[13.307406,52.556265],[13.307711,52.556111],[13.308023,52.555963],[13.308342,52.555821],[13.308667,52.555684],[13.309,52.555554],[13.309338,52.55543],[13.309683,52.555312],[13.310033,52.5552],[13.310388,52.555094],[13.310748,52.554995],[13.311113,52.554903],[13.311483,52.554817],[13.311856,52.554738],[13.312233,52.554666],[13.312614,52.554601],[13.312997,52.554543],[13.313383,52.554491],[13.313772,52.554447],[13.314162,52.55441],[13.314554,52.554379],[13.314948,52.554356],[13.315342,52.554341],[13.315737,52.554332],[13.316132,52.55433],[13.316527,52.554336],[13.316922,52.554349],[13.317316,52.554369],[13.317708,52.554396],[13.3181,52.55443],[13.318489,52.554471],[13.318876,52.554519],[13.319261,52.554575],[13.319643,52.554637],[13.320021,52.554706],[13.320396,52.554782],[13.320767,52.554865],[13.321134,52.554955],[13.321497,52.555051],[13.321854,52.555153],[13.322207,52.555262],[13.322554,52.555378],[13.322895,52.555499],[13.32323,52.555627],[13.323558,52.555761],[13.32388,52.555901],[13.324195,52.556046],[13.324503,52.556197],[13.324803,52.556354],[13.325096,52.556516],[13.32538,52.556684],[13.325656,52.556856],[13.325924,52.557033],[13.326182,52.557215],[13.326432,52.557402],[13.326673,52.557593],[13.326904,52.557789],[13.327125,52.557988],[13.327337,52.558192],[13.327538,52.558399],[13.32773,52.55861],[13.327911,52.558824],[13.328081,52.559041],[13.328241,52.559261],[13.32839,52.559485],[13.328528,52.55971],[13.328655,52.559938],[13.32877,52.560169],[13.328875,52.560401],[13.328968,52.560635],[13.329049,52.560871],[13.329119,52.561108],[13.329177,52.561346],[13.329224,52.561585],[13.329259,52.561825],[13.329282,52.562066],[13.329293,52.562307],[13.329293,52.562548],[13.329281,52.562788],[13.329257,52.563029],[13.329222,52.563269],[13.329174,52.563508],[13.329115,52.563746],[13.329045,52.563983],[13.328963,52.564219],[13.328869,52.564453],[13.328764,52.564685],[13.328648,52.564915],[13.32852,52.565143],[13.328382,52.565369],[13.328232,52.565592],[13.328072,52.565812],[13.327901,52.566029],[13.327719,52.566243],[13.327527,52.566454],[13.327325,52.566661],[13.327113,52.566864],[13.326891,52.567063],[13.326659,52.567258],[13.326418,52.567449],[13.326168,52.567636],[13.325908,52.567818],[13.32564,52.567995],[13.325363,52.568167],[13.325078,52.568334],[13.324786,52.568495],[13.324485,52.568652],[13.324177,52.568803],[13.323861,52.568948],[13.323539,52.569087],[13.323209,52.569221],[13.322874,52.569348],[13.322532,52.569469],[13.322185,52.569584],[13.321832,52.569693],[13.321474,52.569795],[13.321111,52.569891],[13.320744,52.56998],[13.320373,52.570062],[13.319997,52.570138],[13.319618,52.570207],[13.319236,52.570269],[13.318851,52.570323],[13.318464,52.570371],[13.318074,52.570412],[13.317683,52.570446],[13.31729,52.570472],[13.316896,52.570492],[13.316501,52.570504],[13.316105,52.570509],[13.31571,52.570507],[13.315315,52.570498],[13.314921,52.570482],[13.314527,52.570458],[13.314135,52.570428],[13.313745,52.57039],[13.313356,52.570345],[13.31297,52.570293],[13.312587,52.570234],[13.312206,52.570169],[13.311829,52.570096],[13.311456,52.570017],[13.311087,52.56993],[13.310722,52.569837],[13.310362,52.569738],[13.310007,52.569632],[13.309657,52.56952],[13.309313,52.569401],[13.308975,52.569276],[13.308643,52.569146],[13.308318,52.569009],[13.307999,52.568866],[13.307688,52.568718],[13.307384,52.568564],[13.307087,52.568404],[13.306799,52.56824],[13.306519,52.56807],[13.306247,52.567895],[13.305984,52.567715],[13.305729,52.567531],[13.305484,52.567342],[13.305248,52.567148],[13.305022,52.566951],[13.304806,52.566749],[13.304599,52.566544],[13.304403,52.566335],[13.304217,52.566122],[13.304041,52.565906],[13.303876,52.565687],[13.303722,52.565466],[13.303578,52.565241],[13.303446,52.565014],[13.303325,52.564785],[13.303215,52.564553],[13.303116,52.56432],[13.303029,52.564085],[13.302954,52.563849],[13.30289,52.563611],[13.302837,52.563372],[13.302797,52.563133],[13.302768,52.562892],[13.302751,52.562652],[13.302745,52.562411],[13.302752,52.56217]]]]}},{"type":"Feature","id":11,"properties":{"gisid":"S12","bez":"Ehem. Rangierbahnhof Pankow (Pankower Tor)","kat":"2027 - 2031"},"geometry":{"type":"MultiPolygon","coordinates":[[[[13.410359,52.572271],[13.410377,52.572031],[13.410406,52.57179],[13.410447,52.571551],[13.4105,52.571312],[13.410564,52.571074],[13.41064,52.570838],[13.410727,52.570603],[13.410826,52.57037],[13.410936,52.570138],[13.411058,52.569909],[13.411191,52.569682],[13.411334,52.569458],[13.411489,52.569236],[13.411654,52.569017],[13.41183,52.568802],[13.412016,52.568589],[13.412213,52.56838],[13.41242,52.568175],[13.412637,52.567973],[13.412863,52.567776],[13.413099,52.567583],[13.413345,52.567394],[13.413599,52.567209],[13.413863,52.56703],[13.414135,52.566855],[13.414415,52.566685],[13.414704,52.566521],[13.415,52.566361],[13.415305,52.566208],[13.415616,52.566059],[13.415935,52.565917],[13.41626,52.56578],[13.416593,52.565649],[13.416931,52.565525],[13.417275,52.565406],[13.417625,52.565294],[13.41798,52.565188],[13.41834,52.565089],[13.418705,52.564996],[13.419074,52.56491],[13.419448,52.564831],[13.419825,52.564759],[13.420205,52.564693],[13.420588,52.564634],[13.420974,52.564583],[13.421363,52.564538],[13.421753,52.5645],[13.422146,52.56447],[13.422539,52.564446],[13.422933,52.56443],[13.423328,52.564421],[13.423724,52.564419],[13.424119,52.564424],[13.424514,52.564437],[13.424908,52.564456],[13.425301,52.564483],[13.425692,52.564517],[13.426082,52.564558],[13.426469,52.564606],[13.426854,52.564661],[13.427236,52.564723],[13.427615,52.564792],[13.42799,52.564867],[13.428361,52.56495],[13.428729,52.565039],[13.429091,52.565135],[13.429449,52.565237],[13.429802,52.565346],[13.430149,52.565461],[13.430491,52.565582],[13.430826,52.56571],[13.431155,52.565843],[13.431478,52.565983],[13.431793,52.566128],[13.432101,52.566279],[13.432402,52.566435],[13.432695,52.566597],[13.43298,52.566764],[13.433256,52.566936],[13.433524,52.567113],[13.433783,52.567295],[13.434034,52.567482],[13.434275,52.567673],[13.434506,52.567868],[13.434728,52.568067],[13.434941,52.56827],[13.435143,52.568477],[13.435335,52.568688],[13.435516,52.568902],[13.435687,52.569119],[13.435847,52.569339],[13.435997,52.569562],[13.436135,52.569788],[13.436263,52.570016],[13.436379,52.570246],[13.436484,52.570479],[13.436578,52.570713],[13.43666,52.570948],[13.43673,52.571185],[13.436789,52.571423],[13.436836,52.571663],[13.436872,52.571903],[13.436896,52.572143],[13.436908,52.572384],[13.436908,52.572625],[13.436897,52.572865],[13.436873,52.573106],[13.436838,52.573346],[13.436792,52.573585],[13.436733,52.573823],[13.436663,52.57406],[13.436582,52.574296],[13.436489,52.57453],[13.436384,52.574763],[13.436268,52.574993],[13.436141,52.575221],[13.436003,52.575447],[13.435854,52.57567],[13.435694,52.57589],[13.435524,52.576108],[13.435343,52.576322],[13.435151,52.576533],[13.434949,52.57674],[13.434738,52.576943],[13.434516,52.577143],[13.434285,52.577338],[13.434044,52.577529],[13.433794,52.577716],[13.433535,52.577898],[13.433267,52.578075],[13.432991,52.578247],[13.432706,52.578415],[13.432414,52.578577],[13.432113,52.578733],[13.431805,52.578884],[13.43149,52.57903],[13.431168,52.57917],[13.430839,52.579303],[13.430504,52.579431],[13.430163,52.579553],[13.429815,52.579668],[13.429463,52.579777],[13.429105,52.57988],[13.428742,52.579976],[13.428375,52.580065],[13.428004,52.580148],[13.427628,52.580224],[13.427249,52.580293],[13.426867,52.580355],[13.426482,52.58041],[13.426095,52.580458],[13.425705,52.5805],[13.425314,52.580534],[13.424921,52.580561],[13.424527,52.58058],[13.424132,52.580593],[13.423737,52.580599],[13.423341,52.580597],[13.422946,52.580588],[13.422551,52.580572],[13.422158,52.580549],[13.421765,52.580519],[13.421375,52.580481],[13.420986,52.580437],[13.4206,52.580385],[13.420216,52.580327],[13.419836,52.580261],[13.419458,52.580189],[13.419085,52.58011],[13.418715,52.580024],[13.41835,52.579932],[13.41799,52.579832],[13.417634,52.579727],[13.417284,52.579615],[13.41694,52.579497],[13.416601,52.579372],[13.416269,52.579242],[13.415943,52.579105],[13.415624,52.578963],[13.415312,52.578814],[13.415008,52.578661],[13.414711,52.578502],[13.414422,52.578337],[13.414141,52.578168],[13.413869,52.577993],[13.413605,52.577813],[13.41335,52.577629],[13.413105,52.57744],[13.412869,52.577247],[13.412642,52.57705],[13.412425,52.576848],[13.412218,52.576643],[13.412021,52.576434],[13.411834,52.576222],[13.411658,52.576006],[13.411492,52.575788],[13.411337,52.575566],[13.411193,52.575342],[13.411061,52.575115],[13.410939,52.574886],[13.410828,52.574654],[13.410729,52.574421],[13.410641,52.574186],[13.410565,52.57395],[13.410501,52.573712],[13.410448,52.573473],[13.410407,52.573234],[13.410377,52.572994],[13.410359,52.572753],[13.410353,52.572512],[13.410359,52.572271]]]]}},{"type":"Feature","id":12,"properties":{"gisid":"S13","bez":"Neue Mitte Tempelhof","kat":"2027 - 2031"},"geometry":{"type":"MultiPolygon","coordinates":[[[[13.377628,52.462096],[13.377645,52.461855],[13.377675,52.461615],[13.377716,52.461375],[13.377768,52.461136],[13.377833,52.460899],[13.377909,52.460662],[13.377996,52.460427],[13.378095,52.460194],[13.378205,52.459963],[13.378326,52.459734],[13.378459,52.459507],[13.378602,52.459282],[13.378757,52.459061],[13.378922,52.458842],[13.379097,52.458626],[13.379283,52.458414],[13.37948,52.458205],[13.379686,52.458],[13.379903,52.457798],[13.380129,52.457601],[13.380364,52.457408],[13.380609,52.457219],[13.380863,52.457035],[13.381126,52.456855],[13.381398,52.45668],[13.381677,52.456511],[13.381965,52.456346],[13.382261,52.456187],[13.382565,52.456033],[13.382876,52.455885],[13.383194,52.455743],[13.383519,52.455606],[13.38385,52.455475],[13.384187,52.455351],[13.384531,52.455232],[13.38488,52.45512],[13.385234,52.455015],[13.385594,52.454915],[13.385958,52.454823],[13.386326,52.454737],[13.386699,52.454658],[13.387075,52.454585],[13.387454,52.45452],[13.387837,52.454461],[13.388222,52.45441],[13.388609,52.454365],[13.388999,52.454327],[13.38939,52.454297],[13.389782,52.454274],[13.390176,52.454258],[13.39057,52.454249],[13.390964,52.454247],[13.391358,52.454252],[13.391752,52.454265],[13.392145,52.454284],[13.392537,52.454311],[13.392927,52.454345],[13.393316,52.454386],[13.393702,52.454434],[13.394086,52.454489],[13.394467,52.454551],[13.394845,52.45462],[13.395219,52.454696],[13.39559,52.454779],[13.395956,52.454868],[13.396318,52.454964],[13.396675,52.455066],[13.397027,52.455175],[13.397373,52.45529],[13.397713,52.455412],[13.398048,52.455539],[13.398376,52.455673],[13.398698,52.455812],[13.399012,52.455958],[13.399319,52.456109],[13.399619,52.456265],[13.399911,52.456427],[13.400195,52.456594],[13.400471,52.456766],[13.400738,52.456943],[13.400997,52.457125],[13.401246,52.457312],[13.401487,52.457503],[13.401717,52.457698],[13.401939,52.457898],[13.40215,52.458101],[13.402352,52.458308],[13.402543,52.458519],[13.402724,52.458733],[13.402894,52.45895],[13.403054,52.45917],[13.403203,52.459393],[13.403341,52.459619],[13.403468,52.459847],[13.403584,52.460077],[13.403688,52.46031],[13.403782,52.460544],[13.403863,52.460779],[13.403934,52.461016],[13.403992,52.461255],[13.404039,52.461494],[13.404074,52.461734],[13.404098,52.461974],[13.40411,52.462215],[13.40411,52.462456],[13.404098,52.462697],[13.404075,52.462937],[13.40404,52.463177],[13.403993,52.463416],[13.403935,52.463655],[13.403865,52.463892],[13.403783,52.464127],[13.40369,52.464361],[13.403586,52.464594],[13.40347,52.464824],[13.403343,52.465052],[13.403205,52.465278],[13.403057,52.465501],[13.402897,52.465721],[13.402727,52.465938],[13.402546,52.466153],[13.402355,52.466363],[13.402153,52.46657],[13.401942,52.466774],[13.401721,52.466973],[13.40149,52.467169],[13.40125,52.46736],[13.401,52.467546],[13.400742,52.467728],[13.400475,52.467905],[13.400199,52.468078],[13.399915,52.468245],[13.399623,52.468407],[13.399323,52.468563],[13.399016,52.468714],[13.398701,52.46886],[13.39838,52.468999],[13.398052,52.469133],[13.397717,52.469261],[13.397376,52.469382],[13.39703,52.469497],[13.396678,52.469606],[13.396321,52.469709],[13.395959,52.469805],[13.395593,52.469894],[13.395222,52.469977],[13.394848,52.470053],[13.39447,52.470122],[13.394089,52.470184],[13.393705,52.470239],[13.393318,52.470287],[13.39293,52.470328],[13.392539,52.470362],[13.392147,52.470389],[13.391754,52.470408],[13.39136,52.470421],[13.390966,52.470426],[13.390571,52.470425],[13.390177,52.470416],[13.389784,52.4704],[13.389391,52.470376],[13.389,52.470346],[13.38861,52.470308],[13.388222,52.470264],[13.387837,52.470212],[13.387454,52.470154],[13.387075,52.470088],[13.386699,52.470016],[13.386326,52.469937],[13.385958,52.469851],[13.385593,52.469758],[13.385234,52.469659],[13.38488,52.469553],[13.38453,52.469441],[13.384187,52.469323],[13.383849,52.469198],[13.383518,52.469067],[13.383193,52.468931],[13.382875,52.468788],[13.382564,52.46864],[13.38226,52.468486],[13.381964,52.468327],[13.381676,52.468163],[13.381396,52.467993],[13.381125,52.467818],[13.380862,52.467639],[13.380608,52.467454],[13.380363,52.467265],[13.380127,52.467072],[13.379901,52.466875],[13.379685,52.466673],[13.379478,52.466468],[13.379282,52.466259],[13.379096,52.466047],[13.37892,52.465831],[13.378755,52.465612],[13.378601,52.465391],[13.378458,52.465166],[13.378325,52.464939],[13.378204,52.46471],[13.378094,52.464479],[13.377995,52.464245],[13.377908,52.464011],[13.377832,52.463774],[13.377768,52.463536],[13.377715,52.463298],[13.377674,52.463058],[13.377645,52.462818],[13.377627,52.462577],[13.377622,52.462336],[13.377628,52.462096]]]]}},{"type":"Feature","id":13,"properties":{"gisid":"S14","bez":"Schöneberger Linse","kat":"Im Bau"},"geometry":{"type":"MultiPolygon","coordinates":[[[[13.346065,52.477046],[13.346083,52.476805],[13.346112,52.476565],[13.346154,52.476325],[13.346207,52.476087],[13.346271,52.475849],[13.346347,52.475612],[13.346435,52.475378],[13.346534,52.475144],[13.346644,52.474913],[13.346766,52.474684],[13.346898,52.474457],[13.347042,52.474233],[13.347197,52.474011],[13.347362,52.473792],[13.347538,52.473577],[13.347724,52.473364],[13.347921,52.473156],[13.348127,52.47295],[13.348344,52.472749],[13.34857,52.472552],[13.348806,52.472359],[13.349051,52.47217],[13.349305,52.471986],[13.349569,52.471806],[13.34984,52.471632],[13.35012,52.471462],[13.350409,52.471297],[13.350705,52.471138],[13.351009,52.470985],[13.35132,52.470837],[13.351638,52.470694],[13.351963,52.470558],[13.352294,52.470427],[13.352632,52.470303],[13.352976,52.470184],[13.353325,52.470072],[13.35368,52.469967],[13.354039,52.469868],[13.354403,52.469775],[13.354772,52.469689],[13.355144,52.46961],[13.355521,52.469538],[13.3559,52.469473],[13.356283,52.469414],[13.356668,52.469363],[13.357056,52.469318],[13.357446,52.469281],[13.357837,52.46925],[13.35823,52.469227],[13.358623,52.469211],[13.359017,52.469202],[13.359412,52.469201],[13.359806,52.469206],[13.3602,52.469219],[13.360593,52.469239],[13.360985,52.469265],[13.361376,52.469299],[13.361764,52.469341],[13.362151,52.469389],[13.362535,52.469444],[13.362916,52.469506],[13.363294,52.469575],[13.363668,52.469651],[13.364039,52.469734],[13.364405,52.469823],[13.364767,52.469919],[13.365124,52.470022],[13.365476,52.47013],[13.365822,52.470246],[13.366163,52.470367],[13.366497,52.470495],[13.366825,52.470629],[13.367147,52.470768],[13.367461,52.470914],[13.367768,52.471065],[13.368068,52.471221],[13.36836,52.471383],[13.368644,52.47155],[13.36892,52.471723],[13.369187,52.4719],[13.369446,52.472082],[13.369695,52.472268],[13.369935,52.47246],[13.370166,52.472655],[13.370387,52.472854],[13.370599,52.473058],[13.3708,52.473265],[13.370991,52.473476],[13.371172,52.47369],[13.371343,52.473907],[13.371502,52.474127],[13.371651,52.47435],[13.371789,52.474576],[13.371916,52.474804],[13.372032,52.475034],[13.372136,52.475267],[13.372229,52.475501],[13.372311,52.475737],[13.372381,52.475974],[13.372439,52.476212],[13.372486,52.476451],[13.372521,52.476691],[13.372544,52.476931],[13.372556,52.477172],[13.372556,52.477413],[13.372544,52.477654],[13.372521,52.477894],[13.372485,52.478134],[13.372438,52.478374],[13.37238,52.478612],[13.37231,52.478849],[13.372228,52.479084],[13.372135,52.479319],[13.37203,52.479551],[13.371914,52.479781],[13.371787,52.480009],[13.371649,52.480235],[13.3715,52.480458],[13.37134,52.480678],[13.37117,52.480895],[13.370989,52.481109],[13.370797,52.48132],[13.370596,52.481527],[13.370384,52.48173],[13.370163,52.48193],[13.369932,52.482125],[13.369691,52.482316],[13.369442,52.482503],[13.369183,52.482685],[13.368915,52.482862],[13.36864,52.483034],[13.368355,52.483201],[13.368063,52.483363],[13.367763,52.483519],[13.367456,52.48367],[13.367141,52.483816],[13.366819,52.483955],[13.366491,52.484089],[13.366156,52.484216],[13.365815,52.484338],[13.365469,52.484453],[13.365117,52.484562],[13.364759,52.484664],[13.364397,52.48476],[13.364031,52.484849],[13.36366,52.484932],[13.363286,52.485007],[13.362907,52.485076],[13.362526,52.485138],[13.362142,52.485193],[13.361755,52.485241],[13.361366,52.485282],[13.360976,52.485316],[13.360584,52.485343],[13.36019,52.485362],[13.359796,52.485375],[13.359402,52.48538],[13.359007,52.485378],[13.358613,52.485369],[13.358219,52.485353],[13.357826,52.48533],[13.357435,52.485299],[13.357045,52.485261],[13.356658,52.485217],[13.356272,52.485165],[13.355889,52.485106],[13.35551,52.485041],[13.355133,52.484968],[13.354761,52.484889],[13.354392,52.484803],[13.354028,52.48471],[13.353669,52.484611],[13.353314,52.484505],[13.352965,52.484393],[13.352621,52.484275],[13.352284,52.48415],[13.351952,52.484019],[13.351627,52.483882],[13.351309,52.48374],[13.350998,52.483592],[13.350695,52.483438],[13.350399,52.483278],[13.350111,52.483114],[13.349831,52.482944],[13.349559,52.482769],[13.349296,52.48259],[13.349043,52.482405],[13.348798,52.482216],[13.348562,52.482023],[13.348336,52.481826],[13.34812,52.481624],[13.347913,52.481419],[13.347717,52.48121],[13.347531,52.480997],[13.347356,52.480782],[13.347191,52.480563],[13.347037,52.480341],[13.346893,52.480117],[13.346761,52.47989],[13.34664,52.47966],[13.34653,52.479429],[13.346431,52.479196],[13.346344,52.478961],[13.346269,52.478724],[13.346204,52.478487],[13.346152,52.478248],[13.346111,52.478008],[13.346082,52.477768],[13.346065,52.477527],[13.346059,52.477287],[13.346065,52.477046]]]]}},{"type":"Feature","id":14,"properties":{"gisid":"S15","bez":"Siemensstadt Square","kat":"2027 - 2031"},"geometry":{"type":"MultiPolygon","coordinates":[[[[13.241325,52.540025],[13.241343,52.539784],[13.241373,52.539544],[13.241415,52.539305],[13.241469,52.539066],[13.241534,52.538828],[13.241611,52.538592],[13.241699,52.538357],[13.241799,52.538124],[13.24191,52.537893],[13.242032,52.537664],[13.242166,52.537437],[13.24231,52.537213],[13.242465,52.536991],[13.242631,52.536773],[13.242808,52.536557],[13.242995,52.536345],[13.243193,52.536137],[13.2434,52.535932],[13.243617,52.53573],[13.243844,52.535533],[13.244081,52.53534],[13.244327,52.535152],[13.244582,52.534968],[13.244846,52.534789],[13.245118,52.534614],[13.245399,52.534445],[13.245688,52.534281],[13.245985,52.534122],[13.24629,52.533969],[13.246602,52.533821],[13.246921,52.533679],[13.247247,52.533542],[13.247579,52.533412],[13.247917,52.533288],[13.248262,52.53317],[13.248612,52.533058],[13.248967,52.532953],[13.249327,52.532854],[13.249692,52.532762],[13.250062,52.532677],[13.250435,52.532598],[13.250812,52.532526],[13.251192,52.532461],[13.251576,52.532403],[13.251962,52.532352],[13.25235,52.532307],[13.25274,52.53227],[13.253132,52.53224],[13.253525,52.532218],[13.25392,52.532202],[13.254314,52.532193],[13.254709,52.532192],[13.255104,52.532198],[13.255499,52.532211],[13.255892,52.532231],[13.256285,52.532258],[13.256676,52.532293],[13.257065,52.532334],[13.257452,52.532383],[13.257836,52.532438],[13.258218,52.532501],[13.258596,52.53257],[13.258971,52.532646],[13.259341,52.532729],[13.259708,52.532819],[13.26007,52.532915],[13.260427,52.533018],[13.260779,52.533127],[13.261126,52.533243],[13.261467,52.533365],[13.261801,52.533493],[13.26213,52.533627],[13.262451,52.533767],[13.262766,52.533912],[13.263073,52.534064],[13.263373,52.53422],[13.263665,52.534383],[13.263949,52.53455],[13.264225,52.534723],[13.264492,52.5349],[13.26475,52.535082],[13.265,52.535269],[13.26524,52.53546],[13.265471,52.535656],[13.265692,52.535856],[13.265903,52.536059],[13.266104,52.536266],[13.266295,52.536477],[13.266476,52.536692],[13.266646,52.536909],[13.266805,52.537129],[13.266954,52.537353],[13.267091,52.537578],[13.267218,52.537807],[13.267333,52.538037],[13.267437,52.538269],[13.267529,52.538504],[13.267611,52.538739],[13.26768,52.538976],[13.267738,52.539215],[13.267784,52.539454],[13.267819,52.539694],[13.267842,52.539934],[13.267853,52.540175],[13.267852,52.540416],[13.26784,52.540657],[13.267816,52.540897],[13.26778,52.541137],[13.267732,52.541376],[13.267673,52.541615],[13.267602,52.541851],[13.26752,52.542087],[13.267426,52.542321],[13.26732,52.542553],[13.267204,52.542783],[13.267076,52.543011],[13.266937,52.543237],[13.266788,52.54346],[13.266627,52.54368],[13.266456,52.543897],[13.266274,52.544111],[13.266082,52.544321],[13.265879,52.544528],[13.265667,52.544731],[13.265445,52.544931],[13.265213,52.545126],[13.264972,52.545316],[13.264721,52.545503],[13.264462,52.545684],[13.264193,52.545861],[13.263917,52.546033],[13.263632,52.5462],[13.263339,52.546362],[13.263038,52.546518],[13.26273,52.546668],[13.262414,52.546813],[13.262092,52.546953],[13.261762,52.547086],[13.261427,52.547213],[13.261085,52.547334],[13.260738,52.547449],[13.260385,52.547558],[13.260027,52.54766],[13.259664,52.547755],[13.259297,52.547844],[13.258926,52.547926],[13.25855,52.548002],[13.258172,52.54807],[13.25779,52.548132],[13.257405,52.548187],[13.257017,52.548234],[13.256628,52.548275],[13.256237,52.548308],[13.255844,52.548335],[13.25545,52.548354],[13.255055,52.548366],[13.25466,52.548371],[13.254265,52.548369],[13.25387,52.548359],[13.253476,52.548343],[13.253083,52.548319],[13.252691,52.548288],[13.252301,52.54825],[13.251913,52.548205],[13.251527,52.548153],[13.251144,52.548094],[13.250764,52.548028],[13.250387,52.547955],[13.250014,52.547876],[13.249645,52.547789],[13.249281,52.547696],[13.248921,52.547597],[13.248566,52.547491],[13.248217,52.547378],[13.247873,52.547259],[13.247535,52.547134],[13.247204,52.547003],[13.246879,52.546866],[13.24656,52.546724],[13.246249,52.546575],[13.245946,52.546421],[13.24565,52.546261],[13.245362,52.546096],[13.245082,52.545926],[13.24481,52.545751],[13.244547,52.545571],[13.244294,52.545387],[13.244049,52.545198],[13.243813,52.545004],[13.243588,52.544807],[13.243371,52.544605],[13.243165,52.544399],[13.242969,52.54419],[13.242784,52.543978],[13.242608,52.543762],[13.242444,52.543543],[13.24229,52.543321],[13.242147,52.543096],[13.242015,52.542869],[13.241894,52.54264],[13.241785,52.542409],[13.241687,52.542175],[13.2416,52.54194],[13.241525,52.541704],[13.241461,52.541466],[13.241409,52.541227],[13.241369,52.540988],[13.24134,52.540747],[13.241323,52.540507],[13.241318,52.540266],[13.241325,52.540025]]]]}},{"type":"Feature","id":15,"properties":{"gisid":"S16","bez":"Stadtgut Hellersdorf","kat":"Größtenteils abgeschlossen"},"geometry":{"type":"MultiPolygon","coordinates":[[[[13.580827,52.539549],[13.580843,52.539308],[13.580872,52.539068],[13.580912,52.538828],[13.580964,52.538589],[13.581027,52.538352],[13.581102,52.538115],[13.581188,52.53788],[13.581286,52.537647],[13.581395,52.537415],[13.581516,52.537186],[13.581648,52.536958],[13.58179,52.536734],[13.581944,52.536512],[13.582108,52.536293],[13.582283,52.536077],[13.582469,52.535864],[13.582665,52.535655],[13.58287,52.535449],[13.583086,52.535248],[13.583312,52.53505],[13.583547,52.534856],[13.583791,52.534667],[13.584045,52.534482],[13.584308,52.534302],[13.584579,52.534127],[13.584858,52.533957],[13.585146,52.533792],[13.585442,52.533632],[13.585745,52.533478],[13.586056,52.533329],[13.586374,52.533186],[13.586699,52.533049],[13.58703,52.532918],[13.587368,52.532793],[13.587711,52.532674],[13.58806,52.532561],[13.588415,52.532455],[13.588774,52.532355],[13.589139,52.532262],[13.589507,52.532175],[13.58988,52.532095],[13.590256,52.532022],[13.590636,52.531956],[13.591019,52.531897],[13.591405,52.531845],[13.591793,52.531799],[13.592183,52.531761],[13.592575,52.53173],[13.592968,52.531706],[13.593362,52.531689],[13.593756,52.53168],[13.594151,52.531677],[13.594546,52.531682],[13.594941,52.531694],[13.595335,52.531713],[13.595727,52.531739],[13.596119,52.531772],[13.596508,52.531813],[13.596895,52.53186],[13.59728,52.531914],[13.597662,52.531976],[13.598041,52.532044],[13.598416,52.532119],[13.598788,52.532201],[13.599155,52.53229],[13.599518,52.532385],[13.599876,52.532487],[13.600229,52.532595],[13.600576,52.53271],[13.600918,52.532831],[13.601254,52.532958],[13.601583,52.533091],[13.601906,52.53323],[13.602221,52.533374],[13.60253,52.533525],[13.602831,52.533681],[13.603124,52.533842],[13.60341,52.534009],[13.603687,52.53418],[13.603955,52.534357],[13.604215,52.534539],[13.604466,52.534725],[13.604708,52.534915],[13.60494,52.53511],[13.605162,52.535309],[13.605375,52.535512],[13.605578,52.535719],[13.605771,52.535929],[13.605953,52.536143],[13.606124,52.53636],[13.606286,52.53658],[13.606436,52.536803],[13.606575,52.537028],[13.606703,52.537256],[13.60682,52.537486],[13.606926,52.537718],[13.607021,52.537952],[13.607104,52.538188],[13.607175,52.538425],[13.607235,52.538663],[13.607283,52.538902],[13.607319,52.539142],[13.607344,52.539382],[13.607357,52.539623],[13.607358,52.539864],[13.607348,52.540105],[13.607325,52.540345],[13.607291,52.540585],[13.607245,52.540825],[13.607188,52.541063],[13.607119,52.5413],[13.607038,52.541536],[13.606946,52.54177],[13.606843,52.542003],[13.606728,52.542233],[13.606602,52.542462],[13.606465,52.542687],[13.606317,52.542911],[13.606158,52.543131],[13.605988,52.543349],[13.605808,52.543563],[13.605618,52.543774],[13.605417,52.543982],[13.605206,52.544186],[13.604985,52.544385],[13.604755,52.544581],[13.604515,52.544773],[13.604266,52.54496],[13.604008,52.545142],[13.603741,52.54532],[13.603466,52.545493],[13.603182,52.54566],[13.60289,52.545823],[13.602591,52.54598],[13.602284,52.546131],[13.601969,52.546277],[13.601648,52.546417],[13.60132,52.546552],[13.600985,52.54668],[13.600644,52.546802],[13.600298,52.546918],[13.599946,52.547027],[13.599589,52.54713],[13.599227,52.547227],[13.59886,52.547317],[13.598489,52.5474],[13.598115,52.547477],[13.597736,52.547546],[13.597355,52.547609],[13.59697,52.547665],[13.596583,52.547713],[13.596194,52.547755],[13.595803,52.54779],[13.595411,52.547817],[13.595017,52.547838],[13.594622,52.547851],[13.594227,52.547857],[13.593832,52.547856],[13.593437,52.547848],[13.593043,52.547832],[13.592649,52.54781],[13.592257,52.54778],[13.591867,52.547743],[13.591478,52.547699],[13.591092,52.547648],[13.590708,52.54759],[13.590328,52.547525],[13.58995,52.547454],[13.589577,52.547375],[13.589207,52.54729],[13.588842,52.547198],[13.588482,52.547099],[13.588126,52.546994],[13.587776,52.546883],[13.587431,52.546765],[13.587092,52.546641],[13.58676,52.546511],[13.586433,52.546375],[13.586114,52.546233],[13.585802,52.546085],[13.585497,52.545932],[13.5852,52.545773],[13.584911,52.545609],[13.584629,52.54544],[13.584356,52.545266],[13.584092,52.545086],[13.583837,52.544903],[13.583591,52.544714],[13.583354,52.544521],[13.583126,52.544324],[13.582909,52.544123],[13.582701,52.543918],[13.582503,52.54371],[13.582316,52.543498],[13.582139,52.543282],[13.581973,52.543064],[13.581817,52.542842],[13.581673,52.542618],[13.581539,52.542391],[13.581416,52.542162],[13.581305,52.541931],[13.581205,52.541698],[13.581117,52.541463],[13.581039,52.541227],[13.580974,52.54099],[13.58092,52.540751],[13.580878,52.540511],[13.580848,52.540271],[13.580829,52.540031],[13.580822,52.53979],[13.580827,52.539549]]]]}},{"type":"Feature","id":16,"properties":{"gisid":"S17","bez":"Elisabeth-Aue","kat":"Bis 2026"},"geometry":{"type":"MultiPolygon","coordinates":[[[[13.394192,52.608223],[13.39421,52.607982],[13.394239,52.607742],[13.39428,52.607503],[13.394333,52.607264],[13.394398,52.607026],[13.394474,52.60679],[13.394561,52.606555],[13.39466,52.606322],[13.394771,52.60609],[13.394892,52.605861],[13.395025,52.605634],[13.395169,52.60541],[13.395324,52.605188],[13.39549,52.604969],[13.395666,52.604754],[13.395852,52.604541],[13.396049,52.604332],[13.396256,52.604127],[13.396473,52.603926],[13.3967,52.603728],[13.396937,52.603535],[13.397182,52.603346],[13.397437,52.603162],[13.397701,52.602982],[13.397973,52.602808],[13.398254,52.602638],[13.398543,52.602473],[13.39884,52.602314],[13.399144,52.60216],[13.399456,52.602012],[13.399775,52.60187],[13.400101,52.601733],[13.400433,52.601602],[13.400772,52.601478],[13.401116,52.601359],[13.401467,52.601247],[13.401822,52.601141],[13.402183,52.601042],[13.402548,52.60095],[13.402917,52.600864],[13.403291,52.600784],[13.403668,52.600712],[13.404049,52.600646],[13.404433,52.600588],[13.404819,52.600536],[13.405208,52.600491],[13.405599,52.600454],[13.405991,52.600423],[13.406385,52.6004],[13.40678,52.600384],[13.407175,52.600375],[13.407571,52.600373],[13.407966,52.600378],[13.408361,52.600391],[13.408756,52.60041],[13.409149,52.600437],[13.409541,52.600471],[13.40993,52.600512],[13.410318,52.60056],[13.410703,52.600615],[13.411086,52.600677],[13.411465,52.600746],[13.41184,52.600822],[13.412212,52.600904],[13.412579,52.600993],[13.412942,52.601089],[13.413301,52.601192],[13.413654,52.6013],[13.414001,52.601416],[13.414343,52.601537],[13.414678,52.601665],[13.415008,52.601798],[13.41533,52.601938],[13.415646,52.602083],[13.415954,52.602234],[13.416255,52.60239],[13.416548,52.602552],[13.416833,52.602719],[13.41711,52.602891],[13.417378,52.603068],[13.417638,52.60325],[13.417888,52.603437],[13.418129,52.603628],[13.418361,52.603823],[13.418583,52.604022],[13.418795,52.604226],[13.418997,52.604433],[13.419189,52.604643],[13.419371,52.604857],[13.419542,52.605075],[13.419702,52.605295],[13.419852,52.605518],[13.419991,52.605744],[13.420118,52.605972],[13.420234,52.606202],[13.420339,52.606434],[13.420433,52.606668],[13.420515,52.606904],[13.420585,52.607141],[13.420644,52.607379],[13.420691,52.607618],[13.420727,52.607858],[13.420751,52.608099],[13.420763,52.608339],[13.420763,52.60858],[13.420751,52.608821],[13.420728,52.609062],[13.420693,52.609302],[13.420646,52.609541],[13.420587,52.609779],[13.420517,52.610016],[13.420435,52.610252],[13.420342,52.610486],[13.420237,52.610718],[13.420121,52.610949],[13.419994,52.611177],[13.419856,52.611402],[13.419707,52.611625],[13.419547,52.611846],[13.419376,52.612063],[13.419195,52.612277],[13.419003,52.612488],[13.418801,52.612695],[13.418589,52.612898],[13.418367,52.613098],[13.418135,52.613293],[13.417894,52.613484],[13.417644,52.613671],[13.417385,52.613853],[13.417117,52.61403],[13.41684,52.614203],[13.416555,52.61437],[13.416262,52.614532],[13.415962,52.614688],[13.415653,52.614839],[13.415338,52.614985],[13.415015,52.615124],[13.414686,52.615258],[13.414351,52.615386],[13.414009,52.615507],[13.413661,52.615623],[13.413308,52.615732],[13.41295,52.615834],[13.412587,52.61593],[13.41222,52.616019],[13.411848,52.616102],[13.411472,52.616178],[13.411093,52.616247],[13.410711,52.616309],[13.410326,52.616364],[13.409938,52.616412],[13.409548,52.616454],[13.409156,52.616488],[13.408763,52.616514],[13.408368,52.616534],[13.407973,52.616547],[13.407577,52.616552],[13.407182,52.616551],[13.406786,52.616542],[13.406391,52.616526],[13.405997,52.616502],[13.405605,52.616472],[13.405214,52.616435],[13.404825,52.61639],[13.404438,52.616338],[13.404054,52.61628],[13.403673,52.616214],[13.403296,52.616142],[13.402922,52.616063],[13.402552,52.615977],[13.402187,52.615884],[13.401826,52.615785],[13.40147,52.61568],[13.40112,52.615568],[13.400775,52.615449],[13.400437,52.615325],[13.400104,52.615194],[13.399778,52.615058],[13.399459,52.614915],[13.399147,52.614767],[13.398842,52.614613],[13.398545,52.614454],[13.398256,52.61429],[13.397975,52.61412],[13.397703,52.613945],[13.397439,52.613766],[13.397184,52.613581],[13.396938,52.613393],[13.396702,52.613199],[13.396475,52.613002],[13.396258,52.612801],[13.396051,52.612595],[13.395853,52.612386],[13.395667,52.612174],[13.39549,52.611958],[13.395325,52.61174],[13.39517,52.611518],[13.395026,52.611294],[13.394893,52.611067],[13.394771,52.610837],[13.394661,52.610606],[13.394562,52.610373],[13.394474,52.610138],[13.394398,52.609902],[13.394333,52.609664],[13.39428,52.609425],[13.394239,52.609186],[13.39421,52.608945],[13.394192,52.608705],[13.394186,52.608464],[13.394192,52.608223]]]]}},{"type":"Feature","id":17,"properties":{"gisid":"S18","bez":"Georg-Knorr-Park","kat":"Bis 2026"},"geometry":{"type":"MultiPolygon","coordinates":[[[[13.523863,52.542972],[13.52388,52.542732],[13.523908,52.542491],[13.523949,52.542252],[13.524001,52.542013],[13.524065,52.541775],[13.52414,52.541539],[13.524227,52.541304],[13.524325,52.54107],[13.524434,52.540839],[13.524555,52.54061],[13.524687,52.540383],[13.52483,52.540158],[13.524984,52.539936],[13.525149,52.539717],[13.525324,52.539501],[13.52551,52.539289],[13.525706,52.539079],[13.525912,52.538874],[13.526128,52.538672],[13.526354,52.538475],[13.526589,52.538281],[13.526834,52.538092],[13.527088,52.537907],[13.527351,52.537728],[13.527622,52.537553],[13.527902,52.537382],[13.52819,52.537218],[13.528486,52.537058],[13.52879,52.536904],[13.529101,52.536755],[13.529419,52.536612],[13.529744,52.536475],[13.530075,52.536344],[13.530413,52.536219],[13.530757,52.536101],[13.531106,52.535988],[13.531461,52.535882],[13.53182,52.535782],[13.532185,52.535689],[13.532554,52.535603],[13.532926,52.535523],[13.533303,52.53545],[13.533683,52.535384],[13.534066,52.535325],[13.534452,52.535273],[13.53484,52.535228],[13.53523,52.53519],[13.535622,52.535159],[13.536015,52.535136],[13.536409,52.535119],[13.536804,52.53511],[13.537199,52.535107],[13.537594,52.535112],[13.537988,52.535124],[13.538382,52.535143],[13.538775,52.53517],[13.539166,52.535203],[13.539555,52.535244],[13.539942,52.535291],[13.540327,52.535346],[13.540709,52.535408],[13.541088,52.535476],[13.541463,52.535551],[13.541835,52.535633],[13.542202,52.535722],[13.542565,52.535818],[13.542923,52.53592],[13.543275,52.536028],[13.543623,52.536143],[13.543964,52.536264],[13.5443,52.536391],[13.544629,52.536524],[13.544951,52.536663],[13.545267,52.536808],[13.545575,52.536959],[13.545876,52.537115],[13.546169,52.537277],[13.546454,52.537443],[13.546731,52.537615],[13.547,52.537792],[13.547259,52.537974],[13.54751,52.53816],[13.547751,52.538351],[13.547983,52.538546],[13.548206,52.538745],[13.548418,52.538948],[13.548621,52.539155],[13.548813,52.539365],[13.548995,52.539579],[13.549166,52.539796],[13.549327,52.540016],[13.549477,52.540239],[13.549616,52.540464],[13.549744,52.540692],[13.549861,52.540922],[13.549966,52.541154],[13.550061,52.541388],[13.550143,52.541624],[13.550214,52.541861],[13.550274,52.542099],[13.550322,52.542338],[13.550358,52.542578],[13.550382,52.542819],[13.550395,52.543059],[13.550396,52.5433],[13.550385,52.543541],[13.550362,52.543782],[13.550328,52.544022],[13.550282,52.544261],[13.550224,52.544499],[13.550155,52.544736],[13.550074,52.544972],[13.549981,52.545206],[13.549878,52.545439],[13.549762,52.545669],[13.549636,52.545898],[13.549499,52.546123],[13.54935,52.546347],[13.549191,52.546567],[13.549021,52.546785],[13.548841,52.546999],[13.54865,52.54721],[13.548449,52.547417],[13.548238,52.547621],[13.548017,52.547821],[13.547786,52.548016],[13.547546,52.548208],[13.547297,52.548395],[13.547039,52.548577],[13.546771,52.548754],[13.546496,52.548927],[13.546212,52.549095],[13.54592,52.549257],[13.54562,52.549414],[13.545313,52.549565],[13.544998,52.549711],[13.544676,52.549851],[13.544348,52.549985],[13.544013,52.550113],[13.543672,52.550235],[13.543326,52.550351],[13.542974,52.55046],[13.542616,52.550563],[13.542254,52.550659],[13.541887,52.550749],[13.541516,52.550832],[13.541142,52.550908],[13.540763,52.550978],[13.540382,52.55104],[13.539997,52.551096],[13.53961,52.551145],[13.539221,52.551186],[13.53883,52.551221],[13.538437,52.551248],[13.538043,52.551268],[13.537648,52.551281],[13.537253,52.551287],[13.536858,52.551286],[13.536463,52.551277],[13.536069,52.551262],[13.535675,52.551239],[13.535283,52.551209],[13.534893,52.551172],[13.534504,52.551128],[13.534118,52.551077],[13.533735,52.551019],[13.533354,52.550954],[13.532977,52.550882],[13.532603,52.550803],[13.532234,52.550717],[13.531869,52.550625],[13.531508,52.550526],[13.531153,52.550421],[13.530803,52.55031],[13.530458,52.550192],[13.530119,52.550067],[13.529787,52.549937],[13.529461,52.549801],[13.529142,52.549659],[13.52883,52.549511],[13.528525,52.549358],[13.528228,52.549199],[13.527939,52.549035],[13.527658,52.548865],[13.527385,52.548691],[13.527121,52.548512],[13.526866,52.548328],[13.52662,52.548139],[13.526384,52.547946],[13.526157,52.547749],[13.525939,52.547548],[13.525732,52.547343],[13.525534,52.547134],[13.525347,52.546922],[13.52517,52.546706],[13.525004,52.546488],[13.524849,52.546266],[13.524705,52.546042],[13.524571,52.545815],[13.524449,52.545586],[13.524338,52.545355],[13.524238,52.545122],[13.52415,52.544887],[13.524073,52.544651],[13.524008,52.544413],[13.523955,52.544174],[13.523913,52.543935],[13.523883,52.543695],[13.523864,52.543454],[13.523858,52.543213],[13.523863,52.542972]]]]}},{"type":"Feature","id":18,"properties":{"gisid":"S19","bez":"Dreieck Späthsfelde","kat":"2032 - 2040"},"geometry":{"type":"MultiPolygon","coordinates":[[[[13.453612,52.45608],[13.453629,52.455839],[13.453658,52.455599],[13.453699,52.455359],[13.453751,52.45512],[13.453815,52.454883],[13.45389,52.454646],[13.453977,52.454411],[13.454076,52.454178],[13.454185,52.453947],[13.454306,52.453717],[13.454438,52.45349],[13.454581,52.453266],[13.454735,52.453044],[13.4549,52.452825],[13.455075,52.452609],[13.455261,52.452397],[13.455457,52.452188],[13.455663,52.451982],[13.455879,52.451781],[13.456105,52.451583],[13.45634,52.45139],[13.456585,52.451201],[13.456838,52.451017],[13.457101,52.450837],[13.457372,52.450662],[13.457651,52.450492],[13.457939,52.450327],[13.458235,52.450168],[13.458538,52.450014],[13.458849,52.449866],[13.459166,52.449723],[13.459491,52.449586],[13.459822,52.449455],[13.460159,52.449331],[13.460502,52.449212],[13.460851,52.4491],[13.461205,52.448994],[13.461564,52.448894],[13.461928,52.448802],[13.462297,52.448715],[13.462669,52.448636],[13.463045,52.448563],[13.463424,52.448497],[13.463806,52.448439],[13.464191,52.448387],[13.464579,52.448342],[13.464968,52.448304],[13.465359,52.448274],[13.465752,52.44825],[13.466145,52.448234],[13.466539,52.448224],[13.466933,52.448222],[13.467327,52.448227],[13.467721,52.44824],[13.468114,52.448259],[13.468506,52.448286],[13.468896,52.448319],[13.469285,52.44836],[13.469671,52.448408],[13.470055,52.448463],[13.470436,52.448525],[13.470814,52.448593],[13.471189,52.448669],[13.471559,52.448751],[13.471926,52.44884],[13.472287,52.448936],[13.472644,52.449038],[13.472996,52.449147],[13.473343,52.449262],[13.473684,52.449383],[13.474018,52.44951],[13.474347,52.449644],[13.474668,52.449783],[13.474983,52.449928],[13.47529,52.450079],[13.47559,52.450235],[13.475883,52.450397],[13.476167,52.450564],[13.476443,52.450736],[13.476711,52.450913],[13.476969,52.451094],[13.477219,52.451281],[13.47746,52.451472],[13.477691,52.451667],[13.477913,52.451866],[13.478124,52.452069],[13.478326,52.452276],[13.478518,52.452487],[13.478699,52.452701],[13.47887,52.452918],[13.47903,52.453138],[13.479179,52.453361],[13.479318,52.453587],[13.479445,52.453815],[13.479561,52.454045],[13.479666,52.454277],[13.47976,52.454511],[13.479842,52.454747],[13.479913,52.454984],[13.479972,52.455222],[13.480019,52.455461],[13.480055,52.455701],[13.480079,52.455941],[13.480091,52.456182],[13.480091,52.456423],[13.48008,52.456664],[13.480057,52.456904],[13.480022,52.457144],[13.479976,52.457383],[13.479918,52.457622],[13.479849,52.457859],[13.479767,52.458095],[13.479675,52.458329],[13.479571,52.458561],[13.479456,52.458792],[13.479329,52.45902],[13.479192,52.459246],[13.479043,52.459469],[13.478884,52.459689],[13.478714,52.459907],[13.478534,52.460121],[13.478343,52.460332],[13.478142,52.460539],[13.477931,52.460742],[13.47771,52.460942],[13.47748,52.461137],[13.47724,52.461329],[13.476991,52.461515],[13.476733,52.461698],[13.476466,52.461875],[13.47619,52.462047],[13.475907,52.462215],[13.475615,52.462377],[13.475316,52.462534],[13.475009,52.462685],[13.474694,52.46283],[13.474373,52.46297],[13.474045,52.463104],[13.473711,52.463232],[13.473371,52.463354],[13.473025,52.463469],[13.472673,52.463578],[13.472316,52.463681],[13.471955,52.463777],[13.471588,52.463867],[13.471218,52.46395],[13.470844,52.464026],[13.470466,52.464095],[13.470085,52.464157],[13.469701,52.464213],[13.469315,52.464261],[13.468926,52.464302],[13.468536,52.464337],[13.468144,52.464364],[13.467751,52.464384],[13.467357,52.464396],[13.466963,52.464402],[13.466568,52.464401],[13.466174,52.464392],[13.465781,52.464376],[13.465388,52.464353],[13.464997,52.464323],[13.464607,52.464286],[13.464219,52.464241],[13.463834,52.46419],[13.463451,52.464132],[13.463072,52.464066],[13.462695,52.463994],[13.462323,52.463915],[13.461954,52.46383],[13.46159,52.463737],[13.46123,52.463638],[13.460876,52.463533],[13.460526,52.463421],[13.460183,52.463303],[13.459845,52.463178],[13.459513,52.463048],[13.459188,52.462912],[13.45887,52.462769],[13.458559,52.462621],[13.458255,52.462468],[13.457959,52.462309],[13.45767,52.462144],[13.45739,52.461975],[13.457118,52.4618],[13.456855,52.461621],[13.456601,52.461437],[13.456356,52.461248],[13.45612,52.461055],[13.455893,52.460858],[13.455677,52.460656],[13.45547,52.460451],[13.455273,52.460242],[13.455087,52.46003],[13.454911,52.459814],[13.454745,52.459596],[13.454591,52.459374],[13.454447,52.45915],[13.454314,52.458923],[13.454193,52.458694],[13.454082,52.458463],[13.453983,52.458229],[13.453895,52.457995],[13.453819,52.457758],[13.453755,52.457521],[13.453701,52.457282],[13.45366,52.457042],[13.45363,52.456802],[13.453612,52.456561],[13.453606,52.456321],[13.453612,52.45608]]]]}},{"type":"Feature","id":19,"properties":{"gisid":"S20","bez":"Alte Schäferei","kat":"2027 - 2031"},"geometry":{"type":"MultiPolygon","coordinates":[[[[13.411404,52.620522],[13.411422,52.620281],[13.411451,52.620041],[13.411492,52.619802],[13.411545,52.619563],[13.411609,52.619325],[13.411685,52.619089],[13.411773,52.618854],[13.411872,52.618621],[13.411982,52.618389],[13.412104,52.61816],[13.412237,52.617933],[13.412381,52.617709],[13.412535,52.617487],[13.412701,52.617268],[13.412877,52.617052],[13.413064,52.61684],[13.41326,52.616631],[13.413468,52.616426],[13.413685,52.616224],[13.413911,52.616027],[13.414148,52.615834],[13.414393,52.615645],[13.414648,52.61546],[13.414912,52.615281],[13.415184,52.615106],[13.415465,52.614936],[13.415754,52.614772],[13.416051,52.614612],[13.416355,52.614459],[13.416667,52.61431],[13.416986,52.614168],[13.417312,52.614031],[13.417645,52.6139],[13.417983,52.613776],[13.418328,52.613657],[13.418678,52.613545],[13.419034,52.613439],[13.419394,52.61334],[13.41976,52.613247],[13.420129,52.613161],[13.420503,52.613082],[13.42088,52.61301],[13.421261,52.612944],[13.421645,52.612885],[13.422031,52.612834],[13.42242,52.612789],[13.422811,52.612751],[13.423204,52.612721],[13.423598,52.612697],[13.423992,52.612681],[13.424388,52.612672],[13.424784,52.61267],[13.425179,52.612675],[13.425575,52.612688],[13.425969,52.612707],[13.426362,52.612734],[13.426754,52.612768],[13.427144,52.612809],[13.427532,52.612857],[13.427917,52.612912],[13.4283,52.612974],[13.428679,52.613043],[13.429055,52.613118],[13.429426,52.613201],[13.429794,52.61329],[13.430157,52.613386],[13.430515,52.613488],[13.430869,52.613597],[13.431216,52.613712],[13.431558,52.613833],[13.431894,52.613961],[13.432223,52.614094],[13.432546,52.614234],[13.432862,52.614379],[13.43317,52.61453],[13.433471,52.614686],[13.433765,52.614848],[13.43405,52.615015],[13.434327,52.615187],[13.434595,52.615364],[13.434854,52.615546],[13.435105,52.615732],[13.435346,52.615923],[13.435578,52.616119],[13.4358,52.616318],[13.436013,52.616521],[13.436215,52.616728],[13.436407,52.616939],[13.436589,52.617153],[13.43676,52.61737],[13.436921,52.61759],[13.43707,52.617813],[13.437209,52.618039],[13.437337,52.618267],[13.437453,52.618497],[13.437558,52.618729],[13.437652,52.618963],[13.437734,52.619199],[13.437805,52.619436],[13.437864,52.619674],[13.437911,52.619914],[13.437946,52.620153],[13.43797,52.620394],[13.437982,52.620635],[13.437983,52.620876],[13.437971,52.621116],[13.437948,52.621357],[13.437913,52.621597],[13.437866,52.621836],[13.437807,52.622074],[13.437737,52.622311],[13.437656,52.622547],[13.437563,52.622781],[13.437458,52.623013],[13.437342,52.623244],[13.437215,52.623472],[13.437077,52.623698],[13.436928,52.623921],[13.436767,52.624141],[13.436597,52.624358],[13.436415,52.624573],[13.436224,52.624783],[13.436022,52.624991],[13.43581,52.625194],[13.435588,52.625393],[13.435356,52.625589],[13.435115,52.62578],[13.434865,52.625967],[13.434606,52.626149],[13.434338,52.626326],[13.434061,52.626498],[13.433776,52.626666],[13.433483,52.626828],[13.433183,52.626984],[13.432874,52.627135],[13.432559,52.627281],[13.432236,52.62742],[13.431907,52.627554],[13.431571,52.627682],[13.43123,52.627803],[13.430882,52.627919],[13.430529,52.628028],[13.430171,52.62813],[13.429808,52.628226],[13.42944,52.628316],[13.429068,52.628399],[13.428693,52.628474],[13.428313,52.628544],[13.427931,52.628606],[13.427545,52.628661],[13.427158,52.628709],[13.426768,52.62875],[13.426376,52.628784],[13.425982,52.628811],[13.425588,52.628831],[13.425192,52.628844],[13.424797,52.628849],[13.424401,52.628848],[13.424005,52.628839],[13.42361,52.628823],[13.423216,52.6288],[13.422823,52.628769],[13.422432,52.628732],[13.422043,52.628687],[13.421656,52.628636],[13.421272,52.628578],[13.420891,52.628512],[13.420514,52.62844],[13.42014,52.628361],[13.41977,52.628275],[13.419404,52.628182],[13.419043,52.628083],[13.418688,52.627978],[13.418337,52.627866],[13.417992,52.627747],[13.417653,52.627623],[13.417321,52.627492],[13.416994,52.627356],[13.416675,52.627213],[13.416363,52.627065],[13.416058,52.626912],[13.415761,52.626752],[13.415472,52.626588],[13.415191,52.626418],[13.414918,52.626244],[13.414654,52.626064],[13.414399,52.62588],[13.414153,52.625691],[13.413917,52.625498],[13.41369,52.625301],[13.413472,52.625099],[13.413265,52.624894],[13.413068,52.624685],[13.412881,52.624473],[13.412704,52.624257],[13.412539,52.624038],[13.412384,52.623817],[13.41224,52.623592],[13.412107,52.623366],[13.411985,52.623136],[13.411874,52.622905],[13.411775,52.622672],[13.411687,52.622437],[13.411611,52.622201],[13.411546,52.621963],[13.411493,52.621724],[13.411452,52.621485],[13.411422,52.621244],[13.411404,52.621004],[13.411398,52.620763],[13.411404,52.620522]]]]}},{"type":"Feature","id":20,"properties":{"gisid":"S21","bez":"Projektverbund Karow Süd","kat":"2027 - 2031"},"geometry":{"type":"MultiPolygon","coordinates":[[[[13.463237,52.60511],[13.463254,52.604869],[13.463283,52.604629],[13.463324,52.604389],[13.463376,52.60415],[13.46344,52.603913],[13.463516,52.603676],[13.463603,52.603441],[13.463702,52.603208],[13.463812,52.602977],[13.463933,52.602747],[13.464066,52.60252],[13.464209,52.602296],[13.464364,52.602074],[13.464529,52.601855],[13.464705,52.601639],[13.464891,52.601427],[13.465088,52.601218],[13.465295,52.601012],[13.465511,52.600811],[13.465738,52.600613],[13.465974,52.60042],[13.466219,52.600231],[13.466474,52.600046],[13.466737,52.599867],[13.467009,52.599692],[13.467289,52.599522],[13.467578,52.599357],[13.467875,52.599198],[13.468179,52.599044],[13.468491,52.598895],[13.468809,52.598753],[13.469135,52.598616],[13.469467,52.598485],[13.469806,52.59836],[13.47015,52.598242],[13.4705,52.598129],[13.470855,52.598023],[13.471216,52.597924],[13.471581,52.597831],[13.47195,52.597745],[13.472323,52.597665],[13.472701,52.597593],[13.473081,52.597527],[13.473465,52.597468],[13.473851,52.597416],[13.47424,52.597371],[13.474631,52.597334],[13.475023,52.597303],[13.475417,52.597279],[13.475811,52.597263],[13.476207,52.597254],[13.476602,52.597252],[13.476998,52.597257],[13.477393,52.597269],[13.477787,52.597288],[13.47818,52.597315],[13.478572,52.597349],[13.478962,52.597389],[13.47935,52.597437],[13.479735,52.597492],[13.480117,52.597554],[13.480497,52.597622],[13.480872,52.597698],[13.481244,52.59778],[13.481612,52.597869],[13.481975,52.597965],[13.482333,52.598067],[13.482686,52.598176],[13.483034,52.598291],[13.483376,52.598412],[13.483712,52.598539],[13.484041,52.598673],[13.484364,52.598812],[13.48468,52.598957],[13.484988,52.599108],[13.485289,52.599264],[13.485583,52.599426],[13.485868,52.599592],[13.486145,52.599764],[13.486413,52.599941],[13.486673,52.600123],[13.486924,52.60031],[13.487165,52.6005],[13.487397,52.600695],[13.48762,52.600895],[13.487832,52.601098],[13.488035,52.601305],[13.488227,52.601515],[13.488409,52.601729],[13.48858,52.601946],[13.488741,52.602167],[13.488891,52.602389],[13.48903,52.602615],[13.489158,52.602843],[13.489274,52.603073],[13.48938,52.603305],[13.489473,52.603539],[13.489556,52.603775],[13.489627,52.604012],[13.489686,52.60425],[13.489734,52.604489],[13.489769,52.604729],[13.489793,52.60497],[13.489806,52.605211],[13.489806,52.605451],[13.489795,52.605692],[13.489772,52.605933],[13.489737,52.606173],[13.489691,52.606412],[13.489633,52.60665],[13.489563,52.606887],[13.489482,52.607123],[13.489389,52.607357],[13.489285,52.60759],[13.489169,52.60782],[13.489042,52.608048],[13.488904,52.608274],[13.488755,52.608497],[13.488596,52.608718],[13.488425,52.608935],[13.488244,52.609149],[13.488053,52.60936],[13.487851,52.609567],[13.487639,52.609771],[13.487418,52.60997],[13.487187,52.610166],[13.486946,52.610357],[13.486696,52.610544],[13.486437,52.610726],[13.486169,52.610903],[13.485893,52.611076],[13.485608,52.611243],[13.485316,52.611405],[13.485015,52.611562],[13.484707,52.611713],[13.484392,52.611859],[13.48407,52.611999],[13.483741,52.612133],[13.483405,52.612261],[13.483064,52.612382],[13.482717,52.612498],[13.482364,52.612607],[13.482006,52.61271],[13.481643,52.612806],[13.481276,52.612896],[13.480904,52.612978],[13.480529,52.613055],[13.48015,52.613124],[13.479767,52.613186],[13.479382,52.613242],[13.478994,52.61329],[13.478605,52.613331],[13.478213,52.613365],[13.47782,52.613393],[13.477425,52.613413],[13.47703,52.613425],[13.476634,52.613431],[13.476239,52.61343],[13.475843,52.613421],[13.475448,52.613405],[13.475054,52.613382],[13.474662,52.613352],[13.474271,52.613315],[13.473882,52.61327],[13.473495,52.613219],[13.473111,52.613161],[13.47273,52.613096],[13.472352,52.613023],[13.471979,52.612945],[13.471609,52.612859],[13.471243,52.612766],[13.470882,52.612668],[13.470527,52.612562],[13.470176,52.61245],[13.469831,52.612332],[13.469492,52.612208],[13.469159,52.612077],[13.468833,52.611941],[13.468514,52.611799],[13.468202,52.611651],[13.467897,52.611497],[13.467599,52.611338],[13.46731,52.611174],[13.467029,52.611004],[13.466756,52.61083],[13.466492,52.61065],[13.466237,52.610466],[13.465991,52.610278],[13.465754,52.610085],[13.465527,52.609887],[13.465309,52.609686],[13.465102,52.609481],[13.464905,52.609272],[13.464718,52.60906],[13.464541,52.608844],[13.464375,52.608626],[13.46422,52.608404],[13.464075,52.60818],[13.463942,52.607953],[13.46382,52.607724],[13.463709,52.607492],[13.46361,52.607259],[13.463522,52.607024],[13.463445,52.606788],[13.46338,52.60655],[13.463327,52.606312],[13.463285,52.606072],[13.463256,52.605832],[13.463238,52.605591],[13.463231,52.60535],[13.463237,52.60511]]]]}},{"type":"Feature","id":21,"properties":{"gisid":"S22","bez":"Karl-Bonhoeffer-Nervenklinik","kat":"Bis 2026"},"geometry":{"type":"MultiPolygon","coordinates":[[[[13.312909,52.581526],[13.312927,52.581286],[13.312957,52.581045],[13.312999,52.580806],[13.313052,52.580567],[13.313117,52.580329],[13.313193,52.580093],[13.313281,52.579858],[13.313381,52.579625],[13.313491,52.579394],[13.313613,52.579165],[13.313747,52.578938],[13.313891,52.578714],[13.314046,52.578492],[13.314212,52.578273],[13.314388,52.578058],[13.314575,52.577846],[13.314772,52.577637],[13.31498,52.577432],[13.315197,52.57723],[13.315424,52.577033],[13.31566,52.57684],[13.315906,52.576651],[13.316161,52.576467],[13.316425,52.576288],[13.316698,52.576113],[13.316979,52.575944],[13.317268,52.575779],[13.317565,52.57562],[13.317869,52.575467],[13.318181,52.575319],[13.3185,52.575177],[13.318826,52.57504],[13.319159,52.57491],[13.319497,52.574785],[13.319842,52.574667],[13.320192,52.574555],[13.320547,52.57445],[13.320908,52.574351],[13.321273,52.574258],[13.321643,52.574173],[13.322016,52.574094],[13.322393,52.574022],[13.322774,52.573956],[13.323157,52.573898],[13.323544,52.573847],[13.323932,52.573802],[13.324323,52.573765],[13.324715,52.573735],[13.325109,52.573712],[13.325503,52.573696],[13.325898,52.573687],[13.326294,52.573685],[13.326689,52.573691],[13.327084,52.573704],[13.327478,52.573724],[13.327871,52.573751],[13.328262,52.573785],[13.328652,52.573826],[13.329039,52.573874],[13.329424,52.57393],[13.329806,52.573992],[13.330185,52.574061],[13.33056,52.574137],[13.330931,52.57422],[13.331298,52.574309],[13.331661,52.574405],[13.332019,52.574508],[13.332371,52.574617],[13.332718,52.574732],[13.33306,52.574854],[13.333395,52.574982],[13.333724,52.575116],[13.334046,52.575255],[13.334361,52.575401],[13.334669,52.575552],[13.334969,52.575709],[13.335262,52.575871],[13.335546,52.576038],[13.335823,52.57621],[13.33609,52.576387],[13.336349,52.57657],[13.336599,52.576756],[13.33684,52.576947],[13.337071,52.577143],[13.337293,52.577342],[13.337504,52.577546],[13.337706,52.577753],[13.337897,52.577964],[13.338079,52.578178],[13.338249,52.578395],[13.338409,52.578615],[13.338558,52.578839],[13.338696,52.579064],[13.338823,52.579292],[13.338939,52.579523],[13.339043,52.579755],[13.339136,52.579989],[13.339218,52.580225],[13.339288,52.580462],[13.339346,52.5807],[13.339393,52.58094],[13.339428,52.581179],[13.339451,52.58142],[13.339463,52.581661],[13.339463,52.581902],[13.33945,52.582142],[13.339427,52.582383],[13.339391,52.582623],[13.339344,52.582862],[13.339285,52.5831],[13.339214,52.583337],[13.339132,52.583573],[13.339039,52.583807],[13.338934,52.584039],[13.338817,52.584269],[13.33869,52.584497],[13.338551,52.584723],[13.338402,52.584946],[13.338241,52.585166],[13.33807,52.585383],[13.337889,52.585597],[13.337697,52.585808],[13.337494,52.586015],[13.337282,52.586218],[13.33706,52.586418],[13.336828,52.586613],[13.336587,52.586804],[13.336337,52.58699],[13.336077,52.587172],[13.335809,52.587349],[13.335532,52.587521],[13.335247,52.587688],[13.334954,52.58785],[13.334653,52.588006],[13.334345,52.588157],[13.334029,52.588302],[13.333707,52.588442],[13.333378,52.588575],[13.333042,52.588703],[13.3327,52.588824],[13.332353,52.588939],[13.332,52.589048],[13.331642,52.58915],[13.331279,52.589246],[13.330911,52.589335],[13.33054,52.589417],[13.330164,52.589493],[13.329785,52.589562],[13.329403,52.589623],[13.329018,52.589678],[13.32863,52.589726],[13.32824,52.589767],[13.327849,52.589801],[13.327455,52.589827],[13.327061,52.589847],[13.326666,52.589859],[13.326271,52.589864],[13.325875,52.589862],[13.32548,52.589853],[13.325085,52.589837],[13.324692,52.589813],[13.324299,52.589783],[13.323909,52.589745],[13.32352,52.5897],[13.323134,52.589649],[13.32275,52.58959],[13.32237,52.589524],[13.321993,52.589451],[13.321619,52.589372],[13.32125,52.589286],[13.320885,52.589193],[13.320525,52.589094],[13.320169,52.588988],[13.319819,52.588875],[13.319475,52.588757],[13.319137,52.588632],[13.318805,52.588501],[13.318479,52.588364],[13.31816,52.588222],[13.317849,52.588073],[13.317545,52.58792],[13.317248,52.58776],[13.316959,52.587595],[13.316679,52.587426],[13.316407,52.587251],[13.316144,52.587071],[13.315889,52.586886],[13.315644,52.586698],[13.315408,52.586504],[13.315182,52.586307],[13.314965,52.586105],[13.314758,52.5859],[13.314562,52.585691],[13.314376,52.585478],[13.3142,52.585262],[13.314035,52.585044],[13.31388,52.584822],[13.313737,52.584597],[13.313604,52.58437],[13.313483,52.584141],[13.313373,52.58391],[13.313275,52.583676],[13.313187,52.583441],[13.313112,52.583205],[13.313048,52.582967],[13.312995,52.582728],[13.312955,52.582489],[13.312926,52.582249],[13.312908,52.582008],[13.312903,52.581767],[13.312909,52.581526]]]]}},{"type":"Feature","id":22,"properties":{"gisid":"S23","bez":"Stadteingang West","kat":"2032 - 2040 (in Vorbereitung)"},"geometry":{"type":"MultiPolygon","coordinates":[[[[13.259146,52.495383],[13.259164,52.495143],[13.259194,52.494902],[13.259236,52.494663],[13.259289,52.494424],[13.259354,52.494187],[13.259431,52.49395],[13.259519,52.493716],[13.259618,52.493482],[13.259729,52.493251],[13.259851,52.493022],[13.259984,52.492795],[13.260129,52.492571],[13.260284,52.49235],[13.260449,52.492131],[13.260626,52.491916],[13.260813,52.491703],[13.26101,52.491495],[13.261217,52.49129],[13.261434,52.491088],[13.261661,52.490891],[13.261897,52.490698],[13.262143,52.49051],[13.262397,52.490326],[13.262661,52.490147],[13.262933,52.489972],[13.263214,52.489803],[13.263502,52.489638],[13.263799,52.48948],[13.264103,52.489326],[13.264415,52.489178],[13.264733,52.489036],[13.265059,52.4889],[13.265391,52.488769],[13.265729,52.488645],[13.266073,52.488527],[13.266422,52.488416],[13.266777,52.48831],[13.267137,52.488211],[13.267502,52.488119],[13.26787,52.488034],[13.268243,52.487955],[13.26862,52.487883],[13.269,52.487818],[13.269383,52.487759],[13.269768,52.487708],[13.270156,52.487664],[13.270546,52.487627],[13.270938,52.487597],[13.27133,52.487574],[13.271724,52.487558],[13.272119,52.48755],[13.272513,52.487548],[13.272908,52.487554],[13.273302,52.487567],[13.273695,52.487587],[13.274087,52.487614],[13.274478,52.487649],[13.274866,52.48769],[13.275253,52.487738],[13.275637,52.487794],[13.276018,52.487856],[13.276396,52.487926],[13.27677,52.488002],[13.277141,52.488085],[13.277507,52.488174],[13.277869,52.488271],[13.278226,52.488373],[13.278578,52.488483],[13.278924,52.488598],[13.279264,52.48872],[13.279599,52.488848],[13.279927,52.488982],[13.280248,52.489122],[13.280562,52.489267],[13.280869,52.489418],[13.281169,52.489575],[13.281461,52.489737],[13.281745,52.489905],[13.28202,52.490077],[13.282287,52.490255],[13.282545,52.490437],[13.282795,52.490624],[13.283035,52.490815],[13.283265,52.49101],[13.283486,52.49121],[13.283697,52.491414],[13.283898,52.491621],[13.284089,52.491832],[13.28427,52.492046],[13.284439,52.492263],[13.284599,52.492484],[13.284747,52.492707],[13.284885,52.492933],[13.285011,52.493161],[13.285126,52.493391],[13.28523,52.493624],[13.285323,52.493858],[13.285404,52.494094],[13.285474,52.494331],[13.285532,52.494569],[13.285578,52.494808],[13.285613,52.495048],[13.285636,52.495289],[13.285647,52.495529],[13.285646,52.49577],[13.285634,52.496011],[13.28561,52.496252],[13.285574,52.496491],[13.285527,52.496731],[13.285468,52.496969],[13.285397,52.497206],[13.285315,52.497441],[13.285221,52.497675],[13.285116,52.497908],[13.285,52.498138],[13.284872,52.498366],[13.284734,52.498591],[13.284584,52.498814],[13.284424,52.499034],[13.284253,52.499251],[13.284071,52.499465],[13.283879,52.499676],[13.283677,52.499883],[13.283465,52.500086],[13.283243,52.500285],[13.283012,52.50048],[13.282771,52.500671],[13.282521,52.500857],[13.282261,52.501039],[13.281994,52.501216],[13.281717,52.501388],[13.281433,52.501555],[13.28114,52.501717],[13.280839,52.501873],[13.280531,52.502024],[13.280216,52.502169],[13.279894,52.502308],[13.279565,52.502441],[13.27923,52.502569],[13.278889,52.50269],[13.278542,52.502805],[13.27819,52.502913],[13.277832,52.503015],[13.27747,52.503111],[13.277103,52.5032],[13.276732,52.503282],[13.276357,52.503357],[13.275979,52.503426],[13.275597,52.503488],[13.275213,52.503542],[13.274826,52.50359],[13.274437,52.503631],[13.274046,52.503664],[13.273654,52.503691],[13.27326,52.50371],[13.272866,52.503722],[13.272471,52.503727],[13.272076,52.503725],[13.271682,52.503716],[13.271288,52.503699],[13.270895,52.503676],[13.270504,52.503645],[13.270114,52.503607],[13.269726,52.503562],[13.269341,52.50351],[13.268958,52.503451],[13.268578,52.503385],[13.268202,52.503312],[13.267829,52.503233],[13.267461,52.503147],[13.267097,52.503054],[13.266737,52.502954],[13.266383,52.502848],[13.266034,52.502736],[13.26569,52.502617],[13.265353,52.502492],[13.265021,52.502361],[13.264697,52.502224],[13.264379,52.502081],[13.264068,52.501933],[13.263764,52.501779],[13.263469,52.501619],[13.263181,52.501454],[13.262901,52.501284],[13.26263,52.501109],[13.262367,52.500929],[13.262114,52.500745],[13.261869,52.500556],[13.261634,52.500362],[13.261408,52.500165],[13.261192,52.499963],[13.260986,52.499758],[13.26079,52.499549],[13.260605,52.499336],[13.260429,52.49912],[13.260265,52.498901],[13.260111,52.498679],[13.259968,52.498455],[13.259836,52.498228],[13.259715,52.497998],[13.259606,52.497767],[13.259508,52.497534],[13.259421,52.497299],[13.259346,52.497062],[13.259282,52.496824],[13.25923,52.496586],[13.25919,52.496346],[13.259161,52.496106],[13.259144,52.495865],[13.259139,52.495624],[13.259146,52.495383]]]]}},{"type":"Feature","id":23,"properties":{"gisid":"S24","bez":"TXL Nord","kat":"2032 - 2040 (in Vorbereitung)"},"geometry":{"type":"MultiPolygon","coordinates":[[[[13.283335,52.567074],[13.283353,52.566834],[13.283383,52.566594],[13.283425,52.566354],[13.283478,52.566115],[13.283543,52.565878],[13.28362,52.565642],[13.283708,52.565407],[13.283807,52.565174],[13.283918,52.564942],[13.284041,52.564713],[13.284174,52.564486],[13.284318,52.564262],[13.284473,52.564041],[13.284639,52.563822],[13.284816,52.563606],[13.285003,52.563394],[13.2852,52.563186],[13.285407,52.56298],[13.285625,52.562779],[13.285852,52.562582],[13.286088,52.562389],[13.286334,52.5622],[13.286589,52.562016],[13.286853,52.561837],[13.287126,52.561663],[13.287407,52.561493],[13.287696,52.561329],[13.287993,52.56117],[13.288297,52.561016],[13.288609,52.560868],[13.288928,52.560726],[13.289254,52.56059],[13.289587,52.56046],[13.289925,52.560335],[13.29027,52.560217],[13.29062,52.560105],[13.290975,52.56],[13.291336,52.559901],[13.291701,52.559809],[13.29207,52.559723],[13.292444,52.559644],[13.292821,52.559572],[13.293201,52.559507],[13.293585,52.559449],[13.293971,52.559397],[13.29436,52.559353],[13.29475,52.559316],[13.295142,52.559286],[13.295536,52.559263],[13.29593,52.559247],[13.296325,52.559238],[13.29672,52.559237],[13.297116,52.559243],[13.29751,52.559256],[13.297904,52.559276],[13.298297,52.559303],[13.298688,52.559337],[13.299077,52.559378],[13.299465,52.559427],[13.299849,52.559482],[13.300231,52.559544],[13.30061,52.559614],[13.300985,52.55969],[13.301356,52.559773],[13.301723,52.559862],[13.302085,52.559958],[13.302443,52.560061],[13.302795,52.56017],[13.303142,52.560286],[13.303483,52.560407],[13.303818,52.560535],[13.304147,52.560669],[13.304469,52.560809],[13.304784,52.560954],[13.305091,52.561106],[13.305391,52.561262],[13.305684,52.561424],[13.305968,52.561592],[13.306244,52.561764],[13.306512,52.561942],[13.30677,52.562124],[13.30702,52.56231],[13.307261,52.562502],[13.307492,52.562697],[13.307713,52.562897],[13.307925,52.5631],[13.308126,52.563307],[13.308317,52.563518],[13.308498,52.563732],[13.308669,52.56395],[13.308828,52.56417],[13.308977,52.564393],[13.309115,52.564619],[13.309242,52.564847],[13.309357,52.565078],[13.309461,52.56531],[13.309554,52.565544],[13.309636,52.56578],[13.309706,52.566017],[13.309764,52.566255],[13.30981,52.566494],[13.309845,52.566734],[13.309868,52.566975],[13.30988,52.567216],[13.309879,52.567456],[13.309867,52.567697],[13.309843,52.567938],[13.309807,52.568178],[13.30976,52.568417],[13.309701,52.568655],[13.30963,52.568892],[13.309548,52.569128],[13.309454,52.569362],[13.309349,52.569594],[13.309233,52.569824],[13.309105,52.570052],[13.308966,52.570278],[13.308817,52.570501],[13.308656,52.570721],[13.308485,52.570938],[13.308303,52.571152],[13.308111,52.571362],[13.307909,52.571569],[13.307697,52.571772],[13.307474,52.571972],[13.307243,52.572167],[13.307001,52.572358],[13.306751,52.572544],[13.306491,52.572726],[13.306223,52.572903],[13.305947,52.573075],[13.305661,52.573242],[13.305368,52.573404],[13.305068,52.57356],[13.304759,52.573711],[13.304444,52.573856],[13.304121,52.573995],[13.303792,52.574128],[13.303456,52.574256],[13.303115,52.574377],[13.302767,52.574492],[13.302414,52.574601],[13.302056,52.574703],[13.301693,52.574798],[13.301326,52.574887],[13.300954,52.57497],[13.300579,52.575045],[13.3002,52.575114],[13.299818,52.575176],[13.299433,52.575231],[13.299045,52.575278],[13.298655,52.575319],[13.298264,52.575353],[13.297871,52.575379],[13.297477,52.575399],[13.297082,52.575411],[13.296687,52.575416],[13.296291,52.575414],[13.295896,52.575405],[13.295502,52.575388],[13.295108,52.575365],[13.294716,52.575334],[13.294325,52.575296],[13.293937,52.575251],[13.293551,52.575199],[13.293167,52.57514],[13.292787,52.575075],[13.29241,52.575002],[13.292037,52.574922],[13.291668,52.574836],[13.291303,52.574743],[13.290943,52.574644],[13.290588,52.574538],[13.290238,52.574425],[13.289894,52.574307],[13.289556,52.574182],[13.289224,52.574051],[13.288898,52.573914],[13.28858,52.573771],[13.288269,52.573623],[13.287965,52.573469],[13.287668,52.573309],[13.28738,52.573145],[13.2871,52.572975],[13.286828,52.5728],[13.286565,52.57262],[13.286311,52.572435],[13.286065,52.572246],[13.28583,52.572053],[13.285604,52.571855],[13.285387,52.571654],[13.285181,52.571448],[13.284984,52.571239],[13.284798,52.571027],[13.284623,52.570811],[13.284458,52.570592],[13.284304,52.57037],[13.28416,52.570146],[13.284028,52.569919],[13.283907,52.569689],[13.283797,52.569458],[13.283699,52.569225],[13.283612,52.56899],[13.283536,52.568753],[13.283472,52.568516],[13.28342,52.568277],[13.28338,52.568037],[13.283351,52.567797],[13.283334,52.567556],[13.283328,52.567315],[13.283335,52.567074]]]]}}]}